"month","date.time","weekend","hh","price","agile_stchg"
1,"2024-01-01 00:00:00+00:00",0,0,8.715,65.12
1,"2024-01-01 00:30:00+00:00",0,0.5,12.558,65.12
1,"2024-01-01 01:00:00+00:00",0,1,16.8525,65.12
1,"2024-01-01 01:30:00+00:00",0,1.5,8.4735,65.12
1,"2024-01-01 02:00:00+00:00",0,2,7.539,65.12
1,"2024-01-01 02:30:00+00:00",0,2.5,4.83,65.12
1,"2024-01-01 03:00:00+00:00",0,3,5.985,65.12
1,"2024-01-01 03:30:00+00:00",0,3.5,2.709,65.12
1,"2024-01-01 04:00:00+00:00",0,4,2.6565,65.12
1,"2024-01-01 04:30:00+00:00",0,4.5,-2.8035,65.12
1,"2024-01-01 05:00:00+00:00",0,5,2.415,65.12
1,"2024-01-01 05:30:00+00:00",0,5.5,0.2415,65.12
1,"2024-01-01 06:00:00+00:00",0,6,0.2415,65.12
1,"2024-01-01 06:30:00+00:00",0,6.5,2.1735,65.12
1,"2024-01-01 07:00:00+00:00",0,7,6.0375,65.12
1,"2024-01-01 07:30:00+00:00",0,7.5,6.951,65.12
1,"2024-01-01 08:00:00+00:00",0,8,6.762,65.12
1,"2024-01-01 08:30:00+00:00",0,8.5,12.558,65.12
1,"2024-01-01 09:00:00+00:00",0,9,11.592,65.12
1,"2024-01-01 09:30:00+00:00",0,9.5,16.422,65.12
1,"2024-01-01 10:00:00+00:00",0,10,11.592,65.12
1,"2024-01-01 10:30:00+00:00",0,10.5,14.49,65.12
1,"2024-01-01 11:00:00+00:00",0,11,17.1465,65.12
1,"2024-01-01 11:30:00+00:00",0,11.5,17.199,65.12
1,"2024-01-01 12:00:00+00:00",0,12,13.2825,65.12
1,"2024-01-01 12:30:00+00:00",0,12.5,14.973,65.12
1,"2024-01-01 13:00:00+00:00",0,13,18.186,65.12
1,"2024-01-01 13:30:00+00:00",0,13.5,19.32,65.12
1,"2024-01-01 14:00:00+00:00",0,14,16.611,65.12
1,"2024-01-01 14:30:00+00:00",0,14.5,17.871,65.12
1,"2024-01-01 15:00:00+00:00",0,15,14.49,65.12
1,"2024-01-01 15:30:00+00:00",0,15.5,19.32,65.12
1,"2024-01-01 16:00:00+00:00",0,16,32.025,65.12
1,"2024-01-01 16:30:00+00:00",0,16.5,34.734,65.12
1,"2024-01-01 17:00:00+00:00",0,17,34.734,65.12
1,"2024-01-01 17:30:00+00:00",0,17.5,32.319,65.12
1,"2024-01-01 18:00:00+00:00",0,18,32.802,65.12
1,"2024-01-01 18:30:00+00:00",0,18.5,26.376,65.12
1,"2024-01-01 19:00:00+00:00",0,19,17.388,65.12
1,"2024-01-01 19:30:00+00:00",0,19.5,11.3715,65.12
1,"2024-01-01 20:00:00+00:00",0,20,12.558,65.12
1,"2024-01-01 20:30:00+00:00",0,20.5,14.49,65.12
1,"2024-01-01 21:00:00+00:00",0,21,17.388,65.12
1,"2024-01-01 21:30:00+00:00",0,21.5,11.0565,65.12
1,"2024-01-01 22:00:00+00:00",0,22,12.369,65.12
1,"2024-01-01 22:30:00+00:00",0,22.5,2.3205,65.12
1,"2024-01-01 23:00:00+00:00",0,23,3.4755,65.12
1,"2024-01-01 23:30:00+00:00",0,23.5,1.6905,65.12
1,"2024-01-02 00:00:00+00:00",0,0,-2.226,65.12
1,"2024-01-02 00:30:00+00:00",0,0.5,4.7355,65.12
1,"2024-01-02 01:00:00+00:00",0,1,1.6905,65.12
1,"2024-01-02 01:30:00+00:00",0,1.5,-1.6695,65.12
1,"2024-01-02 02:00:00+00:00",0,2,2.751,65.12
1,"2024-01-02 02:30:00+00:00",0,2.5,0.966,65.12
1,"2024-01-02 03:00:00+00:00",0,3,2.919,65.12
1,"2024-01-02 03:30:00+00:00",0,3.5,-0.609,65.12
1,"2024-01-02 04:00:00+00:00",0,4,3.6225,65.12
1,"2024-01-02 04:30:00+00:00",0,4.5,4.5885,65.12
1,"2024-01-02 05:00:00+00:00",0,5,1.2075,65.12
1,"2024-01-02 05:30:00+00:00",0,5.5,6.762,65.12
1,"2024-01-02 06:00:00+00:00",0,6,8.4525,65.12
1,"2024-01-02 06:30:00+00:00",0,6.5,15.2145,65.12
1,"2024-01-02 07:00:00+00:00",0,7,13.2825,65.12
1,"2024-01-02 07:30:00+00:00",0,7.5,17.7765,65.12
1,"2024-01-02 08:00:00+00:00",0,8,15.456,65.12
1,"2024-01-02 08:30:00+00:00",0,8.5,20.5275,65.12
1,"2024-01-02 09:00:00+00:00",0,9,19.992,65.12
1,"2024-01-02 09:30:00+00:00",0,9.5,19.656,65.12
1,"2024-01-02 10:00:00+00:00",0,10,16.275,65.12
1,"2024-01-02 10:30:00+00:00",0,10.5,19.4985,65.12
1,"2024-01-02 11:00:00+00:00",0,11,20.097,65.12
1,"2024-01-02 11:30:00+00:00",0,11.5,22.6485,65.12
1,"2024-01-02 12:00:00+00:00",0,12,20.916,65.12
1,"2024-01-02 12:30:00+00:00",0,12.5,20.5275,65.12
1,"2024-01-02 13:00:00+00:00",0,13,22.218,65.12
1,"2024-01-02 13:30:00+00:00",0,13.5,20.601,65.12
1,"2024-01-02 14:00:00+00:00",0,14,20.5275,65.12
1,"2024-01-02 14:30:00+00:00",0,14.5,19.173,65.12
1,"2024-01-02 15:00:00+00:00",0,15,17.4825,65.12
1,"2024-01-02 15:30:00+00:00",0,15.5,18.1125,65.12
1,"2024-01-02 16:00:00+00:00",0,16,29.6625,65.12
1,"2024-01-02 16:30:00+00:00",0,16.5,33.5475,65.12
1,"2024-01-02 17:00:00+00:00",0,17,30.1455,65.12
1,"2024-01-02 17:30:00+00:00",0,17.5,28.938,65.12
1,"2024-01-02 18:00:00+00:00",0,18,29.6625,65.12
1,"2024-01-02 18:30:00+00:00",0,18.5,27.825,65.12
1,"2024-01-02 19:00:00+00:00",0,19,18.2805,65.12
1,"2024-01-02 19:30:00+00:00",0,19.5,15.6975,65.12
1,"2024-01-02 20:00:00+00:00",0,20,19.299,65.12
1,"2024-01-02 20:30:00+00:00",0,20.5,15.435,65.12
1,"2024-01-02 21:00:00+00:00",0,21,18.2805,65.12
1,"2024-01-02 21:30:00+00:00",0,21.5,13.2825,65.12
1,"2024-01-02 22:00:00+00:00",0,22,15.2145,65.12
1,"2024-01-02 22:30:00+00:00",0,22.5,11.3505,65.12
1,"2024-01-02 23:00:00+00:00",0,23,18.837,65.12
1,"2024-01-02 23:30:00+00:00",0,23.5,15.456,65.12
1,"2024-01-03 00:00:00+00:00",0,0,16.422,65.12
1,"2024-01-03 00:30:00+00:00",0,0.5,20.769,65.12
1,"2024-01-03 01:00:00+00:00",0,1,19.8765,65.12
1,"2024-01-03 01:30:00+00:00",0,1.5,17.1465,65.12
1,"2024-01-03 02:00:00+00:00",0,2,17.7975,65.12
1,"2024-01-03 02:30:00+00:00",0,2.5,16.8315,65.12
1,"2024-01-03 03:00:00+00:00",0,3,17.871,65.12
1,"2024-01-03 03:30:00+00:00",0,3.5,17.3355,65.12
1,"2024-01-03 04:00:00+00:00",0,4,16.065,65.12
1,"2024-01-03 04:30:00+00:00",0,4.5,15.939,65.12
1,"2024-01-03 05:00:00+00:00",0,5,17.724,65.12
1,"2024-01-03 05:30:00+00:00",0,5.5,18.1125,65.12
1,"2024-01-03 06:00:00+00:00",0,6,18.354,65.12
1,"2024-01-03 06:30:00+00:00",0,6.5,17.535,65.12
1,"2024-01-03 07:00:00+00:00",0,7,18.543,65.12
1,"2024-01-03 07:30:00+00:00",0,7.5,18.1125,65.12
1,"2024-01-03 08:00:00+00:00",0,8,18.3645,65.12
1,"2024-01-03 08:30:00+00:00",0,8.5,18.354,65.12
1,"2024-01-03 09:00:00+00:00",0,9,18.669,65.12
1,"2024-01-03 09:30:00+00:00",0,9.5,18.543,65.12
1,"2024-01-03 10:00:00+00:00",0,10,18.837,65.12
1,"2024-01-03 10:30:00+00:00",0,10.5,18.3015,65.12
1,"2024-01-03 11:00:00+00:00",0,11,18.837,65.12
1,"2024-01-03 11:30:00+00:00",0,11.5,19.32,65.12
1,"2024-01-03 12:00:00+00:00",0,12,19.299,65.12
1,"2024-01-03 12:30:00+00:00",0,12.5,19.236,65.12
1,"2024-01-03 13:00:00+00:00",0,13,20.286,65.12
1,"2024-01-03 13:30:00+00:00",0,13.5,17.871,65.12
1,"2024-01-03 14:00:00+00:00",0,14,18.1125,65.12
1,"2024-01-03 14:30:00+00:00",0,14.5,18.837,65.12
1,"2024-01-03 15:00:00+00:00",0,15,17.388,65.12
1,"2024-01-03 15:30:00+00:00",0,15.5,21.0105,65.12
1,"2024-01-03 16:00:00+00:00",0,16,32.025,65.12
1,"2024-01-03 16:30:00+00:00",0,16.5,37.0545,65.12
1,"2024-01-03 17:00:00+00:00",0,17,34.23,65.12
1,"2024-01-03 17:30:00+00:00",0,17.5,34.6395,65.12
1,"2024-01-03 18:00:00+00:00",0,18,32.802,65.12
1,"2024-01-03 18:30:00+00:00",0,18.5,31.227,65.12
1,"2024-01-03 19:00:00+00:00",0,19,20.475,65.12
1,"2024-01-03 19:30:00+00:00",0,19.5,18.963,65.12
1,"2024-01-03 20:00:00+00:00",0,20,18.354,65.12
1,"2024-01-03 20:30:00+00:00",0,20.5,18.039,65.12
1,"2024-01-03 21:00:00+00:00",0,21,18.4485,65.12
1,"2024-01-03 21:30:00+00:00",0,21.5,18.3645,65.12
1,"2024-01-03 22:00:00+00:00",0,22,18.375,65.12
1,"2024-01-03 22:30:00+00:00",0,22.5,16.401,65.12
1,"2024-01-03 23:00:00+00:00",0,23,16.884,65.12
1,"2024-01-03 23:30:00+00:00",0,23.5,16.6845,65.12
1,"2024-01-04 00:00:00+00:00",0,0,16.275,65.12
1,"2024-01-04 00:30:00+00:00",0,0.5,18.165,65.12
1,"2024-01-04 01:00:00+00:00",0,1,18.5955,65.12
1,"2024-01-04 01:30:00+00:00",0,1.5,16.3275,65.12
1,"2024-01-04 02:00:00+00:00",0,2,16.737,65.12
1,"2024-01-04 02:30:00+00:00",0,2.5,15.96,65.12
1,"2024-01-04 03:00:00+00:00",0,3,16.275,65.12
1,"2024-01-04 03:30:00+00:00",0,3.5,15.162,65.12
1,"2024-01-04 04:00:00+00:00",0,4,16.275,65.12
1,"2024-01-04 04:30:00+00:00",0,4.5,15.12,65.12
1,"2024-01-04 05:00:00+00:00",0,5,16.275,65.12
1,"2024-01-04 05:30:00+00:00",0,5.5,17.073,65.12
1,"2024-01-04 06:00:00+00:00",0,6,18.963,65.12
1,"2024-01-04 06:30:00+00:00",0,6.5,17.7765,65.12
1,"2024-01-04 07:00:00+00:00",0,7,18.5955,65.12
1,"2024-01-04 07:30:00+00:00",0,7.5,19.32,65.12
1,"2024-01-04 08:00:00+00:00",0,8,19.194,65.12
1,"2024-01-04 08:30:00+00:00",0,8.5,21.9765,65.12
1,"2024-01-04 09:00:00+00:00",0,9,21.9765,65.12
1,"2024-01-04 09:30:00+00:00",0,9.5,22.701,65.12
1,"2024-01-04 10:00:00+00:00",0,10,21.252,65.12
1,"2024-01-04 10:30:00+00:00",0,10.5,21.9555,65.12
1,"2024-01-04 11:00:00+00:00",0,11,18.669,65.12
1,"2024-01-04 11:30:00+00:00",0,11.5,19.4145,65.12
1,"2024-01-04 12:00:00+00:00",0,12,19.32,65.12
1,"2024-01-04 12:30:00+00:00",0,12.5,19.2465,65.12
1,"2024-01-04 13:00:00+00:00",0,13,21.3465,65.12
1,"2024-01-04 13:30:00+00:00",0,13.5,19.803,65.12
1,"2024-01-04 14:00:00+00:00",0,14,22.365,65.12
1,"2024-01-04 14:30:00+00:00",0,14.5,22.407,65.12
1,"2024-01-04 15:00:00+00:00",0,15,20.5275,65.12
1,"2024-01-04 15:30:00+00:00",0,15.5,24.2025,65.12
1,"2024-01-04 16:00:00+00:00",0,16,36.183,65.12
1,"2024-01-04 16:30:00+00:00",0,16.5,40.53,65.12
1,"2024-01-04 17:00:00+00:00",0,17,37.821,65.12
1,"2024-01-04 17:30:00+00:00",0,17.5,38.577,65.12
1,"2024-01-04 18:00:00+00:00",0,18,37.128,65.12
1,"2024-01-04 18:30:00+00:00",0,18.5,34.734,65.12
1,"2024-01-04 19:00:00+00:00",0,19,25.599,65.12
1,"2024-01-04 19:30:00+00:00",0,19.5,19.5615,65.12
1,"2024-01-04 20:00:00+00:00",0,20,23.184,65.12
1,"2024-01-04 20:30:00+00:00",0,20.5,19.7085,65.12
1,"2024-01-04 21:00:00+00:00",0,21,21.861,65.12
1,"2024-01-04 21:30:00+00:00",0,21.5,19.2675,65.12
1,"2024-01-04 22:00:00+00:00",0,22,17.7765,65.12
1,"2024-01-04 22:30:00+00:00",0,22.5,15.456,65.12
1,"2024-01-04 23:00:00+00:00",0,23,17.871,65.12
1,"2024-01-04 23:30:00+00:00",0,23.5,19.3935,65.12
1,"2024-01-05 00:00:00+00:00",0,0,18.5745,65.12
1,"2024-01-05 00:30:00+00:00",0,0.5,21.9765,65.12
1,"2024-01-05 01:00:00+00:00",0,1,19.5825,65.12
1,"2024-01-05 01:30:00+00:00",0,1.5,18.711,65.12
1,"2024-01-05 02:00:00+00:00",0,2,18.1125,65.12
1,"2024-01-05 02:30:00+00:00",0,2.5,18.1125,65.12
1,"2024-01-05 03:00:00+00:00",0,3,17.6295,65.12
1,"2024-01-05 03:30:00+00:00",0,3.5,16.9785,65.12
1,"2024-01-05 04:00:00+00:00",0,4,17.514,65.12
1,"2024-01-05 04:30:00+00:00",0,4.5,16.9995,65.12
1,"2024-01-05 05:00:00+00:00",0,5,17.997,65.12
1,"2024-01-05 05:30:00+00:00",0,5.5,17.262,65.12
1,"2024-01-05 06:00:00+00:00",0,6,20.2125,65.12
1,"2024-01-05 06:30:00+00:00",0,6.5,18.1335,65.12
1,"2024-01-05 07:00:00+00:00",0,7,17.661,65.12
1,"2024-01-05 07:30:00+00:00",0,7.5,22.386,65.12
1,"2024-01-05 08:00:00+00:00",0,8,21.084,65.12
1,"2024-01-05 08:30:00+00:00",0,8.5,24.0975,65.12
1,"2024-01-05 09:00:00+00:00",0,9,22.701,65.12
1,"2024-01-05 09:30:00+00:00",0,9.5,21.735,65.12
1,"2024-01-05 10:00:00+00:00",0,10,22.7955,65.12
1,"2024-01-05 10:30:00+00:00",0,10.5,21.483,65.12
1,"2024-01-05 11:00:00+00:00",0,11,20.0445,65.12
1,"2024-01-05 11:30:00+00:00",0,11.5,20.0445,65.12
1,"2024-01-05 12:00:00+00:00",0,12,19.8975,65.12
1,"2024-01-05 12:30:00+00:00",0,12.5,19.5405,65.12
1,"2024-01-05 13:00:00+00:00",0,13,20.097,65.12
1,"2024-01-05 13:30:00+00:00",0,13.5,20.0445,65.12
1,"2024-01-05 14:00:00+00:00",0,14,21.6825,65.12
1,"2024-01-05 14:30:00+00:00",0,14.5,21.0315,65.12
1,"2024-01-05 15:00:00+00:00",0,15,20.769,65.12
1,"2024-01-05 15:30:00+00:00",0,15.5,22.911,65.12
1,"2024-01-05 16:00:00+00:00",0,16,31.038,65.12
1,"2024-01-05 16:30:00+00:00",0,16.5,36.9075,65.12
1,"2024-01-05 17:00:00+00:00",0,17,34.923,65.12
1,"2024-01-05 17:30:00+00:00",0,17.5,36.2355,65.12
1,"2024-01-05 18:00:00+00:00",0,18,35.7,65.12
1,"2024-01-05 18:30:00+00:00",0,18.5,33.453,65.12
1,"2024-01-05 19:00:00+00:00",0,19,22.9215,65.12
1,"2024-01-05 19:30:00+00:00",0,19.5,20.0655,65.12
1,"2024-01-05 20:00:00+00:00",0,20,20.3595,65.12
1,"2024-01-05 20:30:00+00:00",0,20.5,20.412,65.12
1,"2024-01-05 21:00:00+00:00",0,21,20.5275,65.12
1,"2024-01-05 21:30:00+00:00",0,21.5,20.5275,65.12
1,"2024-01-05 22:00:00+00:00",0,22,20.5275,65.12
1,"2024-01-05 22:30:00+00:00",0,22.5,17.094,65.12
1,"2024-01-05 23:00:00+00:00",0,23,18.1125,65.12
1,"2024-01-05 23:30:00+00:00",0,23.5,20.0445,65.12
1,"2024-01-06 00:00:00+00:00",1,0,20.643,65.12
1,"2024-01-06 00:30:00+00:00",1,0.5,26.1765,65.12
1,"2024-01-06 01:00:00+00:00",1,1,22.9425,65.12
1,"2024-01-06 01:30:00+00:00",1,1.5,19.0785,65.12
1,"2024-01-06 02:00:00+00:00",1,2,18.69,65.12
1,"2024-01-06 02:30:00+00:00",1,2.5,18.6165,65.12
1,"2024-01-06 03:00:00+00:00",1,3,17.7765,65.12
1,"2024-01-06 03:30:00+00:00",1,3.5,17.7765,65.12
1,"2024-01-06 04:00:00+00:00",1,4,17.7765,65.12
1,"2024-01-06 04:30:00+00:00",1,4.5,17.7765,65.12
1,"2024-01-06 05:00:00+00:00",1,5,17.7765,65.12
1,"2024-01-06 05:30:00+00:00",1,5.5,17.703,65.12
1,"2024-01-06 06:00:00+00:00",1,6,18.0915,65.12
1,"2024-01-06 06:30:00+00:00",1,6.5,17.7765,65.12
1,"2024-01-06 07:00:00+00:00",1,7,19.0785,65.12
1,"2024-01-06 07:30:00+00:00",1,7.5,20.475,65.12
1,"2024-01-06 08:00:00+00:00",1,8,19.5615,65.12
1,"2024-01-06 08:30:00+00:00",1,8.5,20.643,65.12
1,"2024-01-06 09:00:00+00:00",1,9,19.488,65.12
1,"2024-01-06 09:30:00+00:00",1,9.5,21.588,65.12
1,"2024-01-06 10:00:00+00:00",1,10,21.252,65.12
1,"2024-01-06 10:30:00+00:00",1,10.5,21.0105,65.12
1,"2024-01-06 11:00:00+00:00",1,11,20.958,65.12
1,"2024-01-06 11:30:00+00:00",1,11.5,23.184,65.12
1,"2024-01-06 12:00:00+00:00",1,12,21.1575,65.12
1,"2024-01-06 12:30:00+00:00",1,12.5,21.3465,65.12
1,"2024-01-06 13:00:00+00:00",1,13,22.701,65.12
1,"2024-01-06 13:30:00+00:00",1,13.5,17.892,65.12
1,"2024-01-06 14:00:00+00:00",1,14,19.803,65.12
1,"2024-01-06 14:30:00+00:00",1,14.5,18.354,65.12
1,"2024-01-06 15:00:00+00:00",1,15,20.0445,65.12
1,"2024-01-06 15:30:00+00:00",1,15.5,23.5935,65.12
1,"2024-01-06 16:00:00+00:00",1,16,31.4895,65.12
1,"2024-01-06 16:30:00+00:00",1,16.5,39.3225,65.12
1,"2024-01-06 17:00:00+00:00",1,17,36.9075,65.12
1,"2024-01-06 17:30:00+00:00",1,17.5,36.666,65.12
1,"2024-01-06 18:00:00+00:00",1,18,39.3225,65.12
1,"2024-01-06 18:30:00+00:00",1,18.5,34.4925,65.12
1,"2024-01-06 19:00:00+00:00",1,19,24.822,65.12
1,"2024-01-06 19:30:00+00:00",1,19.5,19.3725,65.12
1,"2024-01-06 20:00:00+00:00",1,20,23.9085,65.12
1,"2024-01-06 20:30:00+00:00",1,20.5,19.803,65.12
1,"2024-01-06 21:00:00+00:00",1,21,23.4045,65.12
1,"2024-01-06 21:30:00+00:00",1,21.5,20.0445,65.12
1,"2024-01-06 22:00:00+00:00",1,22,22.9425,65.12
1,"2024-01-06 22:30:00+00:00",1,22.5,18.354,65.12
1,"2024-01-06 23:00:00+00:00",1,23,17.388,65.12
1,"2024-01-06 23:30:00+00:00",1,23.5,20.307,65.12
1,"2024-01-07 00:00:00+00:00",1,0,17.031,65.12
1,"2024-01-07 00:30:00+00:00",1,0.5,21.735,65.12
1,"2024-01-07 01:00:00+00:00",1,1,21.063,65.12
1,"2024-01-07 01:30:00+00:00",1,1.5,19.32,65.12
1,"2024-01-07 02:00:00+00:00",1,2,17.9655,65.12
1,"2024-01-07 02:30:00+00:00",1,2.5,16.905,65.12
1,"2024-01-07 03:00:00+00:00",1,3,17.6505,65.12
1,"2024-01-07 03:30:00+00:00",1,3.5,16.905,65.12
1,"2024-01-07 04:00:00+00:00",1,4,17.031,65.12
1,"2024-01-07 04:30:00+00:00",1,4.5,15.435,65.12
1,"2024-01-07 05:00:00+00:00",1,5,17.724,65.12
1,"2024-01-07 05:30:00+00:00",1,5.5,16.884,65.12
1,"2024-01-07 06:00:00+00:00",1,6,18.354,65.12
1,"2024-01-07 06:30:00+00:00",1,6.5,17.724,65.12
1,"2024-01-07 07:00:00+00:00",1,7,19.5825,65.12
1,"2024-01-07 07:30:00+00:00",1,7.5,19.8975,65.12
1,"2024-01-07 08:00:00+00:00",1,8,20.5275,65.12
1,"2024-01-07 08:30:00+00:00",1,8.5,21.735,65.12
1,"2024-01-07 09:00:00+00:00",1,9,19.2675,65.12
1,"2024-01-07 09:30:00+00:00",1,9.5,20.286,65.12
1,"2024-01-07 10:00:00+00:00",1,10,20.475,65.12
1,"2024-01-07 10:30:00+00:00",1,10.5,19.803,65.12
1,"2024-01-07 11:00:00+00:00",1,11,18.543,65.12
1,"2024-01-07 11:30:00+00:00",1,11.5,20.5485,65.12
1,"2024-01-07 12:00:00+00:00",1,12,22.7955,65.12
1,"2024-01-07 12:30:00+00:00",1,12.5,22.344,65.12
1,"2024-01-07 13:00:00+00:00",1,13,25.116,65.12
1,"2024-01-07 13:30:00+00:00",1,13.5,22.218,65.12
1,"2024-01-07 14:00:00+00:00",1,14,22.701,65.12
1,"2024-01-07 14:30:00+00:00",1,14.5,18.837,65.12
1,"2024-01-07 15:00:00+00:00",1,15,21.3255,65.12
1,"2024-01-07 15:30:00+00:00",1,15.5,23.541,65.12
1,"2024-01-07 16:00:00+00:00",1,16,35.7,65.12
1,"2024-01-07 16:30:00+00:00",1,16.5,37.632,65.12
1,"2024-01-07 17:00:00+00:00",1,17,37.443,65.12
1,"2024-01-07 17:30:00+00:00",1,17.5,36.5925,65.12
1,"2024-01-07 18:00:00+00:00",1,18,36.2565,65.12
1,"2024-01-07 18:30:00+00:00",1,18.5,34.9755,65.12
1,"2024-01-07 19:00:00+00:00",1,19,24.0555,65.12
1,"2024-01-07 19:30:00+00:00",1,19.5,20.5275,65.12
1,"2024-01-07 20:00:00+00:00",1,20,20.475,65.12
1,"2024-01-07 20:30:00+00:00",1,20.5,21.5145,65.12
1,"2024-01-07 21:00:00+00:00",1,21,22.092,65.12
1,"2024-01-07 21:30:00+00:00",1,21.5,19.341,65.12
1,"2024-01-07 22:00:00+00:00",1,22,18.6165,65.12
1,"2024-01-07 22:30:00+00:00",1,22.5,18.1335,65.12
1,"2024-01-07 23:00:00+00:00",1,23,20.286,65.12
1,"2024-01-07 23:30:00+00:00",1,23.5,19.0785,65.12
1,"2024-01-08 00:00:00+00:00",0,0,17.4825,65.12
1,"2024-01-08 00:30:00+00:00",0,0.5,21.8085,65.12
1,"2024-01-08 01:00:00+00:00",0,1,18.711,65.12
1,"2024-01-08 01:30:00+00:00",0,1.5,19.7085,65.12
1,"2024-01-08 02:00:00+00:00",0,2,19.635,65.12
1,"2024-01-08 02:30:00+00:00",0,2.5,18.1125,65.12
1,"2024-01-08 03:00:00+00:00",0,3,18.5955,65.12
1,"2024-01-08 03:30:00+00:00",0,3.5,17.556,65.12
1,"2024-01-08 04:00:00+00:00",0,4,19.341,65.12
1,"2024-01-08 04:30:00+00:00",0,4.5,17.094,65.12
1,"2024-01-08 05:00:00+00:00",0,5,19.32,65.12
1,"2024-01-08 05:30:00+00:00",0,5.5,17.388,65.12
1,"2024-01-08 06:00:00+00:00",0,6,21.8295,65.12
1,"2024-01-08 06:30:00+00:00",0,6.5,20.0655,65.12
1,"2024-01-08 07:00:00+00:00",0,7,20.8635,65.12
1,"2024-01-08 07:30:00+00:00",0,7.5,25.242,65.12
1,"2024-01-08 08:00:00+00:00",0,8,22.218,65.12
1,"2024-01-08 08:30:00+00:00",0,8.5,23.667,65.12
1,"2024-01-08 09:00:00+00:00",0,9,22.7535,65.12
1,"2024-01-08 09:30:00+00:00",0,9.5,22.218,65.12
1,"2024-01-08 10:00:00+00:00",0,10,21.735,65.12
1,"2024-01-08 10:30:00+00:00",0,10.5,21.126,65.12
1,"2024-01-08 11:00:00+00:00",0,11,19.383,65.12
1,"2024-01-08 11:30:00+00:00",0,11.5,19.4985,65.12
1,"2024-01-08 12:00:00+00:00",0,12,20.5275,65.12
1,"2024-01-08 12:30:00+00:00",0,12.5,19.929,65.12
1,"2024-01-08 13:00:00+00:00",0,13,21.546,65.12
1,"2024-01-08 13:30:00+00:00",0,13.5,20.475,65.12
1,"2024-01-08 14:00:00+00:00",0,14,22.239,65.12
1,"2024-01-08 14:30:00+00:00",0,14.5,21.273,65.12
1,"2024-01-08 15:00:00+00:00",0,15,24.15,65.12
1,"2024-01-08 15:30:00+00:00",0,15.5,25.3575,65.12
1,"2024-01-08 16:00:00+00:00",0,16,37.443,65.12
1,"2024-01-08 16:30:00+00:00",0,16.5,40.53,65.12
1,"2024-01-08 17:00:00+00:00",0,17,37.149,65.12
1,"2024-01-08 17:30:00+00:00",0,17.5,37.3905,65.12
1,"2024-01-08 18:00:00+00:00",0,18,37.632,65.12
1,"2024-01-08 18:30:00+00:00",0,18.5,35.1225,65.12
1,"2024-01-08 19:00:00+00:00",0,19,23.184,65.12
1,"2024-01-08 19:30:00+00:00",0,19.5,20.475,65.12
1,"2024-01-08 20:00:00+00:00",0,20,20.517,65.12
1,"2024-01-08 20:30:00+00:00",0,20.5,21.4935,65.12
1,"2024-01-08 21:00:00+00:00",0,21,20.895,65.12
1,"2024-01-08 21:30:00+00:00",0,21.5,18.858,65.12
1,"2024-01-08 22:00:00+00:00",0,22,19.0785,65.12
1,"2024-01-08 22:30:00+00:00",0,22.5,17.871,65.12
1,"2024-01-08 23:00:00+00:00",0,23,16.9785,65.12
1,"2024-01-08 23:30:00+00:00",0,23.5,16.6635,65.12
1,"2024-01-09 00:00:00+00:00",0,0,16.6635,65.12
1,"2024-01-09 00:30:00+00:00",0,0.5,17.4405,65.12
1,"2024-01-09 01:00:00+00:00",0,1,17.4825,65.12
1,"2024-01-09 01:30:00+00:00",0,1.5,16.6635,65.12
1,"2024-01-09 02:00:00+00:00",0,2,17.2935,65.12
1,"2024-01-09 02:30:00+00:00",0,2.5,16.6635,65.12
1,"2024-01-09 03:00:00+00:00",0,3,16.9575,65.12
1,"2024-01-09 03:30:00+00:00",0,3.5,16.317,65.12
1,"2024-01-09 04:00:00+00:00",0,4,17.8185,65.12
1,"2024-01-09 04:30:00+00:00",0,4.5,16.8315,65.12
1,"2024-01-09 05:00:00+00:00",0,5,17.1465,65.12
1,"2024-01-09 05:30:00+00:00",0,5.5,16.6635,65.12
1,"2024-01-09 06:00:00+00:00",0,6,16.6635,65.12
1,"2024-01-09 06:30:00+00:00",0,6.5,18.354,65.12
1,"2024-01-09 07:00:00+00:00",0,7,20.769,65.12
1,"2024-01-09 07:30:00+00:00",0,7.5,25.3575,65.12
1,"2024-01-09 08:00:00+00:00",0,8,23.1735,65.12
1,"2024-01-09 08:30:00+00:00",0,8.5,25.3575,65.12
1,"2024-01-09 09:00:00+00:00",0,9,21.903,65.12
1,"2024-01-09 09:30:00+00:00",0,9.5,21.756,65.12
1,"2024-01-09 10:00:00+00:00",0,10,21.4935,65.12
1,"2024-01-09 10:30:00+00:00",0,10.5,21.0105,65.12
1,"2024-01-09 11:00:00+00:00",0,11,20.265,65.12
1,"2024-01-09 11:30:00+00:00",0,11.5,20.643,65.12
1,"2024-01-09 12:00:00+00:00",0,12,20.139,65.12
1,"2024-01-09 12:30:00+00:00",0,12.5,20.139,65.12
1,"2024-01-09 13:00:00+00:00",0,13,21.3045,65.12
1,"2024-01-09 13:30:00+00:00",0,13.5,19.7295,65.12
1,"2024-01-09 14:00:00+00:00",0,14,22.407,65.12
1,"2024-01-09 14:30:00+00:00",0,14.5,22.197,65.12
1,"2024-01-09 15:00:00+00:00",0,15,21.0105,65.12
1,"2024-01-09 15:30:00+00:00",0,15.5,26.6595,65.12
1,"2024-01-09 16:00:00+00:00",0,16,38.5035,65.12
1,"2024-01-09 16:30:00+00:00",0,16.5,40.887,65.12
1,"2024-01-09 17:00:00+00:00",0,17,38.5245,65.12
1,"2024-01-09 17:30:00+00:00",0,17.5,36.645,65.12
1,"2024-01-09 18:00:00+00:00",0,18,39.081,65.12
1,"2024-01-09 18:30:00+00:00",0,18.5,38.619,65.12
1,"2024-01-09 19:00:00+00:00",0,19,25.8195,65.12
1,"2024-01-09 19:30:00+00:00",0,19.5,24.2235,65.12
1,"2024-01-09 20:00:00+00:00",0,20,23.4255,65.12
1,"2024-01-09 20:30:00+00:00",0,20.5,19.5615,65.12
1,"2024-01-09 21:00:00+00:00",0,21,21.0315,65.12
1,"2024-01-09 21:30:00+00:00",0,21.5,18.354,65.12
1,"2024-01-09 22:00:00+00:00",0,22,19.5615,65.12
1,"2024-01-09 22:30:00+00:00",0,22.5,16.8315,65.12
1,"2024-01-09 23:00:00+00:00",0,23,16.611,65.12
1,"2024-01-09 23:30:00+00:00",0,23.5,16.296,65.12
1,"2024-01-10 00:00:00+00:00",0,0,16.2015,65.12
1,"2024-01-10 00:30:00+00:00",0,0.5,18.837,65.12
1,"2024-01-10 01:00:00+00:00",0,1,17.073,65.12
1,"2024-01-10 01:30:00+00:00",0,1.5,16.4745,65.12
1,"2024-01-10 02:00:00+00:00",0,2,16.4745,65.12
1,"2024-01-10 02:30:00+00:00",0,2.5,16.4745,65.12
1,"2024-01-10 03:00:00+00:00",0,3,16.4745,65.12
1,"2024-01-10 03:30:00+00:00",0,3.5,16.296,65.12
1,"2024-01-10 04:00:00+00:00",0,4,17.052,65.12
1,"2024-01-10 04:30:00+00:00",0,4.5,16.3695,65.12
1,"2024-01-10 05:00:00+00:00",0,5,16.1805,65.12
1,"2024-01-10 05:30:00+00:00",0,5.5,16.4745,65.12
1,"2024-01-10 06:00:00+00:00",0,6,18.165,65.12
1,"2024-01-10 06:30:00+00:00",0,6.5,22.89,65.12
1,"2024-01-10 07:00:00+00:00",0,7,26.103,65.12
1,"2024-01-10 07:30:00+00:00",0,7.5,27.4575,65.12
1,"2024-01-10 08:00:00+00:00",0,8,26.3235,65.12
1,"2024-01-10 08:30:00+00:00",0,8.5,28.2555,65.12
1,"2024-01-10 09:00:00+00:00",0,9,24.3705,65.12
1,"2024-01-10 09:30:00+00:00",0,9.5,24.171,65.12
1,"2024-01-10 10:00:00+00:00",0,10,23.667,65.12
1,"2024-01-10 10:30:00+00:00",0,10.5,23.184,65.12
1,"2024-01-10 11:00:00+00:00",0,11,22.9425,65.12
1,"2024-01-10 11:30:00+00:00",0,11.5,23.667,65.12
1,"2024-01-10 12:00:00+00:00",0,12,23.184,65.12
1,"2024-01-10 12:30:00+00:00",0,12.5,21.735,65.12
1,"2024-01-10 13:00:00+00:00",0,13,22.218,65.12
1,"2024-01-10 13:30:00+00:00",0,13.5,19.173,65.12
1,"2024-01-10 14:00:00+00:00",0,14,24.15,65.12
1,"2024-01-10 14:30:00+00:00",0,14.5,24.15,65.12
1,"2024-01-10 15:00:00+00:00",0,15,25.893,65.12
1,"2024-01-10 15:30:00+00:00",0,15.5,28.371,65.12
1,"2024-01-10 16:00:00+00:00",0,16,39.081,65.12
1,"2024-01-10 16:30:00+00:00",0,16.5,41.349,65.12
1,"2024-01-10 17:00:00+00:00",0,17,39.3435,65.12
1,"2024-01-10 17:30:00+00:00",0,17.5,40.047,65.12
1,"2024-01-10 18:00:00+00:00",0,18,39.564,65.12
1,"2024-01-10 18:30:00+00:00",0,18.5,39.1545,65.12
1,"2024-01-10 19:00:00+00:00",0,19,26.271,65.12
1,"2024-01-10 19:30:00+00:00",0,19.5,25.3575,65.12
1,"2024-01-10 20:00:00+00:00",0,20,23.058,65.12
1,"2024-01-10 20:30:00+00:00",0,20.5,21.609,65.12
1,"2024-01-10 21:00:00+00:00",0,21,24.633,65.12
1,"2024-01-10 21:30:00+00:00",0,21.5,20.8425,65.12
1,"2024-01-10 22:00:00+00:00",0,22,19.341,65.12
1,"2024-01-10 22:30:00+00:00",0,22.5,17.7765,65.12
1,"2024-01-10 23:00:00+00:00",0,23,19.95,65.12
1,"2024-01-10 23:30:00+00:00",0,23.5,18.165,65.12
1,"2024-01-11 00:00:00+00:00",0,0,16.59,65.12
1,"2024-01-11 00:30:00+00:00",0,0.5,18.984,65.12
1,"2024-01-11 01:00:00+00:00",0,1,17.871,65.12
1,"2024-01-11 01:30:00+00:00",0,1.5,16.884,65.12
1,"2024-01-11 02:00:00+00:00",0,2,17.7975,65.12
1,"2024-01-11 02:30:00+00:00",0,2.5,16.6845,65.12
1,"2024-01-11 03:00:00+00:00",0,3,17.892,65.12
1,"2024-01-11 03:30:00+00:00",0,3.5,16.9575,65.12
1,"2024-01-11 04:00:00+00:00",0,4,17.892,65.12
1,"2024-01-11 04:30:00+00:00",0,4.5,16.905,65.12
1,"2024-01-11 05:00:00+00:00",0,5,17.871,65.12
1,"2024-01-11 05:30:00+00:00",0,5.5,18.1125,65.12
1,"2024-01-11 06:00:00+00:00",0,6,20.475,65.12
1,"2024-01-11 06:30:00+00:00",0,6.5,24.633,65.12
1,"2024-01-11 07:00:00+00:00",0,7,25.6935,65.12
1,"2024-01-11 07:30:00+00:00",0,7.5,28.4025,65.12
1,"2024-01-11 08:00:00+00:00",0,8,22.218,65.12
1,"2024-01-11 08:30:00+00:00",0,8.5,26.082,65.12
1,"2024-01-11 09:00:00+00:00",0,9,24.654,65.12
1,"2024-01-11 09:30:00+00:00",0,9.5,23.688,65.12
1,"2024-01-11 10:00:00+00:00",0,10,23.184,65.12
1,"2024-01-11 10:30:00+00:00",0,10.5,22.2705,65.12
1,"2024-01-11 11:00:00+00:00",0,11,20.748,65.12
1,"2024-01-11 11:30:00+00:00",0,11.5,20.8635,65.12
1,"2024-01-11 12:00:00+00:00",0,12,22.344,65.12
1,"2024-01-11 12:30:00+00:00",0,12.5,20.307,65.12
1,"2024-01-11 13:00:00+00:00",0,13,22.2915,65.12
1,"2024-01-11 13:30:00+00:00",0,13.5,20.769,65.12
1,"2024-01-11 14:00:00+00:00",0,14,23.961,65.12
1,"2024-01-11 14:30:00+00:00",0,14.5,23.331,65.12
1,"2024-01-11 15:00:00+00:00",0,15,22.197,65.12
1,"2024-01-11 15:30:00+00:00",0,15.5,25.8615,65.12
1,"2024-01-11 16:00:00+00:00",0,16,35.532,65.12
1,"2024-01-11 16:30:00+00:00",0,16.5,40.53,65.12
1,"2024-01-11 17:00:00+00:00",0,17,39.0285,65.12
1,"2024-01-11 17:30:00+00:00",0,17.5,39.921,65.12
1,"2024-01-11 18:00:00+00:00",0,18,38.9865,65.12
1,"2024-01-11 18:30:00+00:00",0,18.5,35.889,65.12
1,"2024-01-11 19:00:00+00:00",0,19,25.3575,65.12
1,"2024-01-11 19:30:00+00:00",0,19.5,24.2025,65.12
1,"2024-01-11 20:00:00+00:00",0,20,24.339,65.12
1,"2024-01-11 20:30:00+00:00",0,20.5,21.756,65.12
1,"2024-01-11 21:00:00+00:00",0,21,21.6405,65.12
1,"2024-01-11 21:30:00+00:00",0,21.5,20.3595,65.12
1,"2024-01-11 22:00:00+00:00",0,22,19.32,65.12
1,"2024-01-11 22:30:00+00:00",0,22.5,16.9785,65.12
1,"2024-01-11 23:00:00+00:00",0,23,16.905,65.12
1,"2024-01-11 23:30:00+00:00",0,23.5,16.737,65.12
1,"2024-01-12 00:00:00+00:00",0,0,16.065,65.12
1,"2024-01-12 00:30:00+00:00",0,0.5,16.884,65.12
1,"2024-01-12 01:00:00+00:00",0,1,16.737,65.12
1,"2024-01-12 01:30:00+00:00",0,1.5,16.569,65.12
1,"2024-01-12 02:00:00+00:00",0,2,16.6635,65.12
1,"2024-01-12 02:30:00+00:00",0,2.5,16.1805,65.12
1,"2024-01-12 03:00:00+00:00",0,3,16.737,65.12
1,"2024-01-12 03:30:00+00:00",0,3.5,16.107,65.12
1,"2024-01-12 04:00:00+00:00",0,4,16.737,65.12
1,"2024-01-12 04:30:00+00:00",0,4.5,16.737,65.12
1,"2024-01-12 05:00:00+00:00",0,5,16.4955,65.12
1,"2024-01-12 05:30:00+00:00",0,5.5,16.4955,65.12
1,"2024-01-12 06:00:00+00:00",0,6,20.433,65.12
1,"2024-01-12 06:30:00+00:00",0,6.5,22.89,65.12
1,"2024-01-12 07:00:00+00:00",0,7,26.3235,65.12
1,"2024-01-12 07:30:00+00:00",0,7.5,27.825,65.12
1,"2024-01-12 08:00:00+00:00",0,8,26.103,65.12
1,"2024-01-12 08:30:00+00:00",0,8.5,28.5915,65.12
1,"2024-01-12 09:00:00+00:00",0,9,25.41,65.12
1,"2024-01-12 09:30:00+00:00",0,9.5,26.103,65.12
1,"2024-01-12 10:00:00+00:00",0,10,23.961,65.12
1,"2024-01-12 10:30:00+00:00",0,10.5,24.2445,65.12
1,"2024-01-12 11:00:00+00:00",0,11,22.4595,65.12
1,"2024-01-12 11:30:00+00:00",0,11.5,23.0895,65.12
1,"2024-01-12 12:00:00+00:00",0,12,22.995,65.12
1,"2024-01-12 12:30:00+00:00",0,12.5,21.441,65.12
1,"2024-01-12 13:00:00+00:00",0,13,22.239,65.12
1,"2024-01-12 13:30:00+00:00",0,13.5,20.307,65.12
1,"2024-01-12 14:00:00+00:00",0,14,23.184,65.12
1,"2024-01-12 14:30:00+00:00",0,14.5,21.7875,65.12
1,"2024-01-12 15:00:00+00:00",0,15,23.184,65.12
1,"2024-01-12 15:30:00+00:00",0,15.5,24.6855,65.12
1,"2024-01-12 16:00:00+00:00",0,16,33.768,65.12
1,"2024-01-12 16:30:00+00:00",0,16.5,38.115,65.12
1,"2024-01-12 17:00:00+00:00",0,17,34.251,65.12
1,"2024-01-12 17:30:00+00:00",0,17.5,34.734,65.12
1,"2024-01-12 18:00:00+00:00",0,18,35.217,65.12
1,"2024-01-12 18:30:00+00:00",0,18.5,33.285,65.12
1,"2024-01-12 19:00:00+00:00",0,19,24.15,65.12
1,"2024-01-12 19:30:00+00:00",0,19.5,20.8635,65.12
1,"2024-01-12 20:00:00+00:00",0,20,21.252,65.12
1,"2024-01-12 20:30:00+00:00",0,20.5,20.3805,65.12
1,"2024-01-12 21:00:00+00:00",0,21,20.0655,65.12
1,"2024-01-12 21:30:00+00:00",0,21.5,18.1335,65.12
1,"2024-01-12 22:00:00+00:00",0,22,17.1465,65.12
1,"2024-01-12 22:30:00+00:00",0,22.5,17.1465,65.12
1,"2024-01-12 23:00:00+00:00",0,23,20.307,65.12
1,"2024-01-12 23:30:00+00:00",0,23.5,19.32,65.12
1,"2024-01-13 00:00:00+00:00",1,0,16.128,65.12
1,"2024-01-13 00:30:00+00:00",1,0.5,21.252,65.12
1,"2024-01-13 01:00:00+00:00",1,1,18.543,65.12
1,"2024-01-13 01:30:00+00:00",1,1.5,16.905,65.12
1,"2024-01-13 02:00:00+00:00",1,2,16.905,65.12
1,"2024-01-13 02:30:00+00:00",1,2.5,16.422,65.12
1,"2024-01-13 03:00:00+00:00",1,3,16.8315,65.12
1,"2024-01-13 03:30:00+00:00",1,3.5,15.6975,65.12
1,"2024-01-13 04:00:00+00:00",1,4,15.939,65.12
1,"2024-01-13 04:30:00+00:00",1,4.5,15.6975,65.12
1,"2024-01-13 05:00:00+00:00",1,5,16.8525,65.12
1,"2024-01-13 05:30:00+00:00",1,5.5,17.199,65.12
1,"2024-01-13 06:00:00+00:00",1,6,17.2935,65.12
1,"2024-01-13 06:30:00+00:00",1,6.5,16.905,65.12
1,"2024-01-13 07:00:00+00:00",1,7,17.997,65.12
1,"2024-01-13 07:30:00+00:00",1,7.5,19.32,65.12
1,"2024-01-13 08:00:00+00:00",1,8,18.4275,65.12
1,"2024-01-13 08:30:00+00:00",1,8.5,22.701,65.12
1,"2024-01-13 09:00:00+00:00",1,9,20.769,65.12
1,"2024-01-13 09:30:00+00:00",1,9.5,21.9975,65.12
1,"2024-01-13 10:00:00+00:00",1,10,20.3805,65.12
1,"2024-01-13 10:30:00+00:00",1,10.5,20.097,65.12
1,"2024-01-13 11:00:00+00:00",1,11,16.128,65.12
1,"2024-01-13 11:30:00+00:00",1,11.5,16.128,65.12
1,"2024-01-13 12:00:00+00:00",1,12,16.128,65.12
1,"2024-01-13 12:30:00+00:00",1,12.5,16.422,65.12
1,"2024-01-13 13:00:00+00:00",1,13,16.6635,65.12
1,"2024-01-13 13:30:00+00:00",1,13.5,16.128,65.12
1,"2024-01-13 14:00:00+00:00",1,14,16.905,65.12
1,"2024-01-13 14:30:00+00:00",1,14.5,16.905,65.12
1,"2024-01-13 15:00:00+00:00",1,15,17.514,65.12
1,"2024-01-13 15:30:00+00:00",1,15.5,20.286,65.12
1,"2024-01-13 16:00:00+00:00",1,16,33.0435,65.12
1,"2024-01-13 16:30:00+00:00",1,16.5,37.149,65.12
1,"2024-01-13 17:00:00+00:00",1,17,35.217,65.12
1,"2024-01-13 17:30:00+00:00",1,17.5,35.217,65.12
1,"2024-01-13 18:00:00+00:00",1,18,34.1775,65.12
1,"2024-01-13 18:30:00+00:00",1,18.5,31.836,65.12
1,"2024-01-13 19:00:00+00:00",1,19,25.242,65.12
1,"2024-01-13 19:30:00+00:00",1,19.5,20.2125,65.12
1,"2024-01-13 20:00:00+00:00",1,20,19.7085,65.12
1,"2024-01-13 20:30:00+00:00",1,20.5,18.9315,65.12
1,"2024-01-13 21:00:00+00:00",1,21,20.769,65.12
1,"2024-01-13 21:30:00+00:00",1,21.5,16.905,65.12
1,"2024-01-13 22:00:00+00:00",1,22,18.9315,65.12
1,"2024-01-13 22:30:00+00:00",1,22.5,16.128,65.12
1,"2024-01-13 23:00:00+00:00",1,23,16.8315,65.12
1,"2024-01-13 23:30:00+00:00",1,23.5,20.475,65.12
1,"2024-01-14 00:00:00+00:00",1,0,16.8315,65.12
1,"2024-01-14 00:30:00+00:00",1,0.5,20.286,65.12
1,"2024-01-14 01:00:00+00:00",1,1,21.546,65.12
1,"2024-01-14 01:30:00+00:00",1,1.5,17.1465,65.12
1,"2024-01-14 02:00:00+00:00",1,2,17.052,65.12
1,"2024-01-14 02:30:00+00:00",1,2.5,16.8525,65.12
1,"2024-01-14 03:00:00+00:00",1,3,17.7765,65.12
1,"2024-01-14 03:30:00+00:00",1,3.5,16.8315,65.12
1,"2024-01-14 04:00:00+00:00",1,4,16.8315,65.12
1,"2024-01-14 04:30:00+00:00",1,4.5,15.267,65.12
1,"2024-01-14 05:00:00+00:00",1,5,15.939,65.12
1,"2024-01-14 05:30:00+00:00",1,5.5,15.792,65.12
1,"2024-01-14 06:00:00+00:00",1,6,16.611,65.12
1,"2024-01-14 06:30:00+00:00",1,6.5,15.75,65.12
1,"2024-01-14 07:00:00+00:00",1,7,16.8315,65.12
1,"2024-01-14 07:30:00+00:00",1,7.5,16.8315,65.12
1,"2024-01-14 08:00:00+00:00",1,8,16.8315,65.12
1,"2024-01-14 08:30:00+00:00",1,8.5,19.5405,65.12
1,"2024-01-14 09:00:00+00:00",1,9,18.9315,65.12
1,"2024-01-14 09:30:00+00:00",1,9.5,21.9765,65.12
1,"2024-01-14 10:00:00+00:00",1,10,18.48,65.12
1,"2024-01-14 10:30:00+00:00",1,10.5,18.5955,65.12
1,"2024-01-14 11:00:00+00:00",1,11,16.8315,65.12
1,"2024-01-14 11:30:00+00:00",1,11.5,17.703,65.12
1,"2024-01-14 12:00:00+00:00",1,12,16.8315,65.12
1,"2024-01-14 12:30:00+00:00",1,12.5,16.8315,65.12
1,"2024-01-14 13:00:00+00:00",1,13,21.735,65.12
1,"2024-01-14 13:30:00+00:00",1,13.5,16.8315,65.12
1,"2024-01-14 14:00:00+00:00",1,14,18.9315,65.12
1,"2024-01-14 14:30:00+00:00",1,14.5,16.254,65.12
1,"2024-01-14 15:00:00+00:00",1,15,18.837,65.12
1,"2024-01-14 15:30:00+00:00",1,15.5,21.735,65.12
1,"2024-01-14 16:00:00+00:00",1,16,28.9905,65.12
1,"2024-01-14 16:30:00+00:00",1,16.5,34.734,65.12
1,"2024-01-14 17:00:00+00:00",1,17,34.1565,65.12
1,"2024-01-14 17:30:00+00:00",1,17.5,32.4135,65.12
1,"2024-01-14 18:00:00+00:00",1,18,33.8205,65.12
1,"2024-01-14 18:30:00+00:00",1,18.5,28.3815,65.12
1,"2024-01-14 19:00:00+00:00",1,19,19.32,65.12
1,"2024-01-14 19:30:00+00:00",1,19.5,17.262,65.12
1,"2024-01-14 20:00:00+00:00",1,20,17.535,65.12
1,"2024-01-14 20:30:00+00:00",1,20.5,17.3355,65.12
1,"2024-01-14 21:00:00+00:00",1,21,18.1125,65.12
1,"2024-01-14 21:30:00+00:00",1,21.5,17.262,65.12
1,"2024-01-14 22:00:00+00:00",1,22,16.1805,65.12
1,"2024-01-14 22:30:00+00:00",1,22.5,15.6975,65.12
1,"2024-01-14 23:00:00+00:00",1,23,15.8655,65.12
1,"2024-01-14 23:30:00+00:00",1,23.5,16.905,65.12
1,"2024-01-15 00:00:00+00:00",0,0,15.6975,65.12
1,"2024-01-15 00:30:00+00:00",0,0.5,17.1255,65.12
1,"2024-01-15 01:00:00+00:00",0,1,15.6975,65.12
1,"2024-01-15 01:30:00+00:00",0,1.5,14.343,65.12
1,"2024-01-15 02:00:00+00:00",0,2,15.6975,65.12
1,"2024-01-15 02:30:00+00:00",0,2.5,15.0255,65.12
1,"2024-01-15 03:00:00+00:00",0,3,16.275,65.12
1,"2024-01-15 03:30:00+00:00",0,3.5,15.8655,65.12
1,"2024-01-15 04:00:00+00:00",0,4,16.233,65.12
1,"2024-01-15 04:30:00+00:00",0,4.5,16.233,65.12
1,"2024-01-15 05:00:00+00:00",0,5,18.6165,65.12
1,"2024-01-15 05:30:00+00:00",0,5.5,16.9575,65.12
1,"2024-01-15 06:00:00+00:00",0,6,19.32,65.12
1,"2024-01-15 06:30:00+00:00",0,6.5,16.905,65.12
1,"2024-01-15 07:00:00+00:00",0,7,17.409,65.12
1,"2024-01-15 07:30:00+00:00",0,7.5,23.667,65.12
1,"2024-01-15 08:00:00+00:00",0,8,20.097,65.12
1,"2024-01-15 08:30:00+00:00",0,8.5,20.454,65.12
1,"2024-01-15 09:00:00+00:00",0,9,20.097,65.12
1,"2024-01-15 09:30:00+00:00",0,9.5,20.0445,65.12
1,"2024-01-15 10:00:00+00:00",0,10,19.7295,65.12
1,"2024-01-15 10:30:00+00:00",0,10.5,16.422,65.12
1,"2024-01-15 11:00:00+00:00",0,11,17.8185,65.12
1,"2024-01-15 11:30:00+00:00",0,11.5,18.837,65.12
1,"2024-01-15 12:00:00+00:00",0,12,19.0575,65.12
1,"2024-01-15 12:30:00+00:00",0,12.5,19.32,65.12
1,"2024-01-15 13:00:00+00:00",0,13,18.144,65.12
1,"2024-01-15 13:30:00+00:00",0,13.5,16.233,65.12
1,"2024-01-15 14:00:00+00:00",0,14,19.32,65.12
1,"2024-01-15 14:30:00+00:00",0,14.5,19.0575,65.12
1,"2024-01-15 15:00:00+00:00",0,15,16.233,65.12
1,"2024-01-15 15:30:00+00:00",0,15.5,23.394,65.12
1,"2024-01-15 16:00:00+00:00",0,16,30.093,65.12
1,"2024-01-15 16:30:00+00:00",0,16.5,37.317,65.12
1,"2024-01-15 17:00:00+00:00",0,17,35.364,65.12
1,"2024-01-15 17:30:00+00:00",0,17.5,36.33,65.12
1,"2024-01-15 18:00:00+00:00",0,18,36.4245,65.12
1,"2024-01-15 18:30:00+00:00",0,18.5,37.0545,65.12
1,"2024-01-15 19:00:00+00:00",0,19,24.7275,65.12
1,"2024-01-15 19:30:00+00:00",0,19.5,23.184,65.12
1,"2024-01-15 20:00:00+00:00",0,20,24.7275,65.12
1,"2024-01-15 20:30:00+00:00",0,20.5,20.3805,65.12
1,"2024-01-15 21:00:00+00:00",0,21,23.814,65.12
1,"2024-01-15 21:30:00+00:00",0,21.5,18.2595,65.12
1,"2024-01-15 22:00:00+00:00",0,22,18.1125,65.12
1,"2024-01-15 22:30:00+00:00",0,22.5,17.1465,65.12
1,"2024-01-15 23:00:00+00:00",0,23,16.716,65.12
1,"2024-01-15 23:30:00+00:00",0,23.5,15.4035,65.12
1,"2024-01-16 00:00:00+00:00",0,0,14.5425,65.12
1,"2024-01-16 00:30:00+00:00",0,0.5,16.401,65.12
1,"2024-01-16 01:00:00+00:00",0,1,16.6635,65.12
1,"2024-01-16 01:30:00+00:00",0,1.5,16.422,65.12
1,"2024-01-16 02:00:00+00:00",0,2,16.611,65.12
1,"2024-01-16 02:30:00+00:00",0,2.5,16.128,65.12
1,"2024-01-16 03:00:00+00:00",0,3,17.6295,65.12
1,"2024-01-16 03:30:00+00:00",0,3.5,16.1805,65.12
1,"2024-01-16 04:00:00+00:00",0,4,17.052,65.12
1,"2024-01-16 04:30:00+00:00",0,4.5,14.7315,65.12
1,"2024-01-16 05:00:00+00:00",0,5,18.1335,65.12
1,"2024-01-16 05:30:00+00:00",0,5.5,17.871,65.12
1,"2024-01-16 06:00:00+00:00",0,6,20.3595,65.12
1,"2024-01-16 06:30:00+00:00",0,6.5,23.961,65.12
1,"2024-01-16 07:00:00+00:00",0,7,26.3445,65.12
1,"2024-01-16 07:30:00+00:00",0,7.5,27.048,65.12
1,"2024-01-16 08:00:00+00:00",0,8,26.6595,65.12
1,"2024-01-16 08:30:00+00:00",0,8.5,27.4365,65.12
1,"2024-01-16 09:00:00+00:00",0,9,26.1765,65.12
1,"2024-01-16 09:30:00+00:00",0,9.5,25.5045,65.12
1,"2024-01-16 10:00:00+00:00",0,10,24.3915,65.12
1,"2024-01-16 10:30:00+00:00",0,10.5,22.9425,65.12
1,"2024-01-16 11:00:00+00:00",0,11,21.0105,65.12
1,"2024-01-16 11:30:00+00:00",0,11.5,20.412,65.12
1,"2024-01-16 12:00:00+00:00",0,12,20.0445,65.12
1,"2024-01-16 12:30:00+00:00",0,12.5,19.509,65.12
1,"2024-01-16 13:00:00+00:00",0,13,20.5275,65.12
1,"2024-01-16 13:30:00+00:00",0,13.5,19.803,65.12
1,"2024-01-16 14:00:00+00:00",0,14,21.735,65.12
1,"2024-01-16 14:30:00+00:00",0,14.5,21.399,65.12
1,"2024-01-16 15:00:00+00:00",0,15,21.6405,65.12
1,"2024-01-16 15:30:00+00:00",0,15.5,23.4255,65.12
1,"2024-01-16 16:00:00+00:00",0,16,36.183,65.12
1,"2024-01-16 16:30:00+00:00",0,16.5,37.632,65.12
1,"2024-01-16 17:00:00+00:00",0,17,36.477,65.12
1,"2024-01-16 17:30:00+00:00",0,17.5,36.351,65.12
1,"2024-01-16 18:00:00+00:00",0,18,35.2695,65.12
1,"2024-01-16 18:30:00+00:00",0,18.5,34.3035,65.12
1,"2024-01-16 19:00:00+00:00",0,19,21.735,65.12
1,"2024-01-16 19:30:00+00:00",0,19.5,19.803,65.12
1,"2024-01-16 20:00:00+00:00",0,20,19.341,65.12
1,"2024-01-16 20:30:00+00:00",0,20.5,18.4275,65.12
1,"2024-01-16 21:00:00+00:00",0,21,18.438,65.12
1,"2024-01-16 21:30:00+00:00",0,21.5,15.456,65.12
1,"2024-01-16 22:00:00+00:00",0,22,16.3275,65.12
1,"2024-01-16 22:30:00+00:00",0,22.5,14.7315,65.12
1,"2024-01-16 23:00:00+00:00",0,23,15.2145,65.12
1,"2024-01-16 23:30:00+00:00",0,23.5,14.49,65.12
1,"2024-01-17 00:00:00+00:00",0,0,14.847,65.12
1,"2024-01-17 00:30:00+00:00",0,0.5,16.422,65.12
1,"2024-01-17 01:00:00+00:00",0,1,15.813,65.12
1,"2024-01-17 01:30:00+00:00",0,1.5,15.7185,65.12
1,"2024-01-17 02:00:00+00:00",0,2,14.8995,65.12
1,"2024-01-17 02:30:00+00:00",0,2.5,15.12,65.12
1,"2024-01-17 03:00:00+00:00",0,3,15.7185,65.12
1,"2024-01-17 03:30:00+00:00",0,3.5,15.7185,65.12
1,"2024-01-17 04:00:00+00:00",0,4,16.9995,65.12
1,"2024-01-17 04:30:00+00:00",0,4.5,15.309,65.12
1,"2024-01-17 05:00:00+00:00",0,5,15.6975,65.12
1,"2024-01-17 05:30:00+00:00",0,5.5,15.7185,65.12
1,"2024-01-17 06:00:00+00:00",0,6,17.0835,65.12
1,"2024-01-17 06:30:00+00:00",0,6.5,20.475,65.12
1,"2024-01-17 07:00:00+00:00",0,7,17.409,65.12
1,"2024-01-17 07:30:00+00:00",0,7.5,23.184,65.12
1,"2024-01-17 08:00:00+00:00",0,8,18.7635,65.12
1,"2024-01-17 08:30:00+00:00",0,8.5,21.861,65.12
1,"2024-01-17 09:00:00+00:00",0,9,23.0895,65.12
1,"2024-01-17 09:30:00+00:00",0,9.5,23.184,65.12
1,"2024-01-17 10:00:00+00:00",0,10,24.2445,65.12
1,"2024-01-17 10:30:00+00:00",0,10.5,23.184,65.12
1,"2024-01-17 11:00:00+00:00",0,11,23.751,65.12
1,"2024-01-17 11:30:00+00:00",0,11.5,23.961,65.12
1,"2024-01-17 12:00:00+00:00",0,12,24.339,65.12
1,"2024-01-17 12:30:00+00:00",0,12.5,23.184,65.12
1,"2024-01-17 13:00:00+00:00",0,13,24.339,65.12
1,"2024-01-17 13:30:00+00:00",0,13.5,21.735,65.12
1,"2024-01-17 14:00:00+00:00",0,14,23.898,65.12
1,"2024-01-17 14:30:00+00:00",0,14.5,24.3915,65.12
1,"2024-01-17 15:00:00+00:00",0,15,22.68,65.12
1,"2024-01-17 15:30:00+00:00",0,15.5,25.599,65.12
1,"2024-01-17 16:00:00+00:00",0,16,34.734,65.12
1,"2024-01-17 16:30:00+00:00",0,16.5,37.758,65.12
1,"2024-01-17 17:00:00+00:00",0,17,35.1225,65.12
1,"2024-01-17 17:30:00+00:00",0,17.5,37.149,65.12
1,"2024-01-17 18:00:00+00:00",0,18,35.7,65.12
1,"2024-01-17 18:30:00+00:00",0,18.5,35.9415,65.12
1,"2024-01-17 19:00:00+00:00",0,19,24.8955,65.12
1,"2024-01-17 19:30:00+00:00",0,19.5,22.1445,65.12
1,"2024-01-17 20:00:00+00:00",0,20,22.7955,65.12
1,"2024-01-17 20:30:00+00:00",0,20.5,18.837,65.12
1,"2024-01-17 21:00:00+00:00",0,21,19.257,65.12
1,"2024-01-17 21:30:00+00:00",0,21.5,18.837,65.12
1,"2024-01-17 22:00:00+00:00",0,22,18.816,65.12
1,"2024-01-17 22:30:00+00:00",0,22.5,16.3485,65.12
1,"2024-01-17 23:00:00+00:00",0,23,15.6975,65.12
1,"2024-01-17 23:30:00+00:00",0,23.5,16.296,65.12
1,"2024-01-18 00:00:00+00:00",0,0,15.477,65.12
1,"2024-01-18 00:30:00+00:00",0,0.5,21.0315,65.12
1,"2024-01-18 01:00:00+00:00",0,1,19.32,65.12
1,"2024-01-18 01:30:00+00:00",0,1.5,16.0125,65.12
1,"2024-01-18 02:00:00+00:00",0,2,14.973,65.12
1,"2024-01-18 02:30:00+00:00",0,2.5,14.847,65.12
1,"2024-01-18 03:00:00+00:00",0,3,14.847,65.12
1,"2024-01-18 03:30:00+00:00",0,3.5,14.49,65.12
1,"2024-01-18 04:00:00+00:00",0,4,15.2145,65.12
1,"2024-01-18 04:30:00+00:00",0,4.5,14.5845,65.12
1,"2024-01-18 05:00:00+00:00",0,5,16.548,65.12
1,"2024-01-18 05:30:00+00:00",0,5.5,14.973,65.12
1,"2024-01-18 06:00:00+00:00",0,6,15.96,65.12
1,"2024-01-18 06:30:00+00:00",0,6.5,17.871,65.12
1,"2024-01-18 07:00:00+00:00",0,7,21.4935,65.12
1,"2024-01-18 07:30:00+00:00",0,7.5,22.9425,65.12
1,"2024-01-18 08:00:00+00:00",0,8,23.184,65.12
1,"2024-01-18 08:30:00+00:00",0,8.5,23.184,65.12
1,"2024-01-18 09:00:00+00:00",0,9,23.0895,65.12
1,"2024-01-18 09:30:00+00:00",0,9.5,22.7955,65.12
1,"2024-01-18 10:00:00+00:00",0,10,20.3385,65.12
1,"2024-01-18 10:30:00+00:00",0,10.5,18.165,65.12
1,"2024-01-18 11:00:00+00:00",0,11,18.543,65.12
1,"2024-01-18 11:30:00+00:00",0,11.5,18.354,65.12
1,"2024-01-18 12:00:00+00:00",0,12,17.6295,65.12
1,"2024-01-18 12:30:00+00:00",0,12.5,15.6975,65.12
1,"2024-01-18 13:00:00+00:00",0,13,18.354,65.12
1,"2024-01-18 13:30:00+00:00",0,13.5,15.75,65.12
1,"2024-01-18 14:00:00+00:00",0,14,16.9995,65.12
1,"2024-01-18 14:30:00+00:00",0,14.5,17.388,65.12
1,"2024-01-18 15:00:00+00:00",0,15,16.905,65.12
1,"2024-01-18 15:30:00+00:00",0,15.5,21.0105,65.12
1,"2024-01-18 16:00:00+00:00",0,16,29.6625,65.12
1,"2024-01-18 16:30:00+00:00",0,16.5,33.285,65.12
1,"2024-01-18 17:00:00+00:00",0,17,30.6285,65.12
1,"2024-01-18 17:30:00+00:00",0,17.5,31.8465,65.12
1,"2024-01-18 18:00:00+00:00",0,18,31.752,65.12
1,"2024-01-18 18:30:00+00:00",0,18.5,29.715,65.12
1,"2024-01-18 19:00:00+00:00",0,19,18.837,65.12
1,"2024-01-18 19:30:00+00:00",0,19.5,15.939,65.12
1,"2024-01-18 20:00:00+00:00",0,20,18.354,65.12
1,"2024-01-18 20:30:00+00:00",0,20.5,18.48,65.12
1,"2024-01-18 21:00:00+00:00",0,21,22.134,65.12
1,"2024-01-18 21:30:00+00:00",0,21.5,17.367,65.12
1,"2024-01-18 22:00:00+00:00",0,22,16.6635,65.12
1,"2024-01-18 22:30:00+00:00",0,22.5,15.4035,65.12
1,"2024-01-18 23:00:00+00:00",0,23,14.9835,65.12
1,"2024-01-18 23:30:00+00:00",0,23.5,14.49,65.12
1,"2024-01-19 00:00:00+00:00",0,0,14.49,65.12
1,"2024-01-19 00:30:00+00:00",0,0.5,18.8475,65.12
1,"2024-01-19 01:00:00+00:00",0,1,15.309,65.12
1,"2024-01-19 01:30:00+00:00",0,1.5,14.49,65.12
1,"2024-01-19 02:00:00+00:00",0,2,14.343,65.12
1,"2024-01-19 02:30:00+00:00",0,2.5,13.7655,65.12
1,"2024-01-19 03:00:00+00:00",0,3,14.5425,65.12
1,"2024-01-19 03:30:00+00:00",0,3.5,14.301,65.12
1,"2024-01-19 04:00:00+00:00",0,4,15.6975,65.12
1,"2024-01-19 04:30:00+00:00",0,4.5,14.7315,65.12
1,"2024-01-19 05:00:00+00:00",0,5,15.6975,65.12
1,"2024-01-19 05:30:00+00:00",0,5.5,14.679,65.12
1,"2024-01-19 06:00:00+00:00",0,6,18.1125,65.12
1,"2024-01-19 06:30:00+00:00",0,6.5,21.1155,65.12
1,"2024-01-19 07:00:00+00:00",0,7,18.081,65.12
1,"2024-01-19 07:30:00+00:00",0,7.5,22.722,65.12
1,"2024-01-19 08:00:00+00:00",0,8,21.252,65.12
1,"2024-01-19 08:30:00+00:00",0,8.5,21.252,65.12
1,"2024-01-19 09:00:00+00:00",0,9,20.5275,65.12
1,"2024-01-19 09:30:00+00:00",0,9.5,19.32,65.12
1,"2024-01-19 10:00:00+00:00",0,10,18.1125,65.12
1,"2024-01-19 10:30:00+00:00",0,10.5,16.9995,65.12
1,"2024-01-19 11:00:00+00:00",0,11,16.233,65.12
1,"2024-01-19 11:30:00+00:00",0,11.5,15.4035,65.12
1,"2024-01-19 12:00:00+00:00",0,12,15.6975,65.12
1,"2024-01-19 12:30:00+00:00",0,12.5,15.309,65.12
1,"2024-01-19 13:00:00+00:00",0,13,15.2145,65.12
1,"2024-01-19 13:30:00+00:00",0,13.5,14.175,65.12
1,"2024-01-19 14:00:00+00:00",0,14,15.309,65.12
1,"2024-01-19 14:30:00+00:00",0,14.5,16.296,65.12
1,"2024-01-19 15:00:00+00:00",0,15,16.1595,65.12
1,"2024-01-19 15:30:00+00:00",0,15.5,18.1125,65.12
1,"2024-01-19 16:00:00+00:00",0,16,30.1245,65.12
1,"2024-01-19 16:30:00+00:00",0,16.5,32.0775,65.12
1,"2024-01-19 17:00:00+00:00",0,17,31.5,65.12
1,"2024-01-19 17:30:00+00:00",0,17.5,31.647,65.12
1,"2024-01-19 18:00:00+00:00",0,18,30.261,65.12
1,"2024-01-19 18:30:00+00:00",0,18.5,29.1795,65.12
1,"2024-01-19 19:00:00+00:00",0,19,18.1125,65.12
1,"2024-01-19 19:30:00+00:00",0,19.5,15.7185,65.12
1,"2024-01-19 20:00:00+00:00",0,20,16.9995,65.12
1,"2024-01-19 20:30:00+00:00",0,20.5,17.514,65.12
1,"2024-01-19 21:00:00+00:00",0,21,17.388,65.12
1,"2024-01-19 21:30:00+00:00",0,21.5,16.9995,65.12
1,"2024-01-19 22:00:00+00:00",0,22,16.1805,65.12
1,"2024-01-19 22:30:00+00:00",0,22.5,15.0255,65.12
1,"2024-01-19 23:00:00+00:00",0,23,14.7315,65.12
1,"2024-01-19 23:30:00+00:00",0,23.5,16.59,65.12
1,"2024-01-20 00:00:00+00:00",1,0,14.2485,65.12
1,"2024-01-20 00:30:00+00:00",1,0.5,15.8865,65.12
1,"2024-01-20 01:00:00+00:00",1,1,14.49,65.12
1,"2024-01-20 01:30:00+00:00",1,1.5,13.2825,65.12
1,"2024-01-20 02:00:00+00:00",1,2,13.713,65.12
1,"2024-01-20 02:30:00+00:00",1,2.5,13.2825,65.12
1,"2024-01-20 03:00:00+00:00",1,3,14.385,65.12
1,"2024-01-20 03:30:00+00:00",1,3.5,13.1355,65.12
1,"2024-01-20 04:00:00+00:00",1,4,14.49,65.12
1,"2024-01-20 04:30:00+00:00",1,4.5,13.524,65.12
1,"2024-01-20 05:00:00+00:00",1,5,14.973,65.12
1,"2024-01-20 05:30:00+00:00",1,5.5,14.49,65.12
1,"2024-01-20 06:00:00+00:00",1,6,15.33,65.12
1,"2024-01-20 06:30:00+00:00",1,6.5,15.2145,65.12
1,"2024-01-20 07:00:00+00:00",1,7,16.422,65.12
1,"2024-01-20 07:30:00+00:00",1,7.5,15.939,65.12
1,"2024-01-20 08:00:00+00:00",1,8,14.49,65.12
1,"2024-01-20 08:30:00+00:00",1,8.5,19.131,65.12
1,"2024-01-20 09:00:00+00:00",1,9,16.6635,65.12
1,"2024-01-20 09:30:00+00:00",1,9.5,18.354,65.12
1,"2024-01-20 10:00:00+00:00",1,10,15.456,65.12
1,"2024-01-20 10:30:00+00:00",1,10.5,15.771,65.12
1,"2024-01-20 11:00:00+00:00",1,11,15.8445,65.12
1,"2024-01-20 11:30:00+00:00",1,11.5,16.3275,65.12
1,"2024-01-20 12:00:00+00:00",1,12,13.9125,65.12
1,"2024-01-20 12:30:00+00:00",1,12.5,14.49,65.12
1,"2024-01-20 13:00:00+00:00",1,13,15.8445,65.12
1,"2024-01-20 13:30:00+00:00",1,13.5,15.2145,65.12
1,"2024-01-20 14:00:00+00:00",1,14,18.2175,65.12
1,"2024-01-20 14:30:00+00:00",1,14.5,14.658,65.12
1,"2024-01-20 15:00:00+00:00",1,15,16.905,65.12
1,"2024-01-20 15:30:00+00:00",1,15.5,19.32,65.12
1,"2024-01-20 16:00:00+00:00",1,16,29.715,65.12
1,"2024-01-20 16:30:00+00:00",1,16.5,32.949,65.12
1,"2024-01-20 17:00:00+00:00",1,17,32.0775,65.12
1,"2024-01-20 17:30:00+00:00",1,17.5,32.4135,65.12
1,"2024-01-20 18:00:00+00:00",1,18,31.227,65.12
1,"2024-01-20 18:30:00+00:00",1,18.5,29.8305,65.12
1,"2024-01-20 19:00:00+00:00",1,19,19.2255,65.12
1,"2024-01-20 19:30:00+00:00",1,19.5,16.611,65.12
1,"2024-01-20 20:00:00+00:00",1,20,16.758,65.12
1,"2024-01-20 20:30:00+00:00",1,20.5,16.4745,65.12
1,"2024-01-20 21:00:00+00:00",1,21,16.233,65.12
1,"2024-01-20 21:30:00+00:00",1,21.5,15.918,65.12
1,"2024-01-20 22:00:00+00:00",1,22,16.6845,65.12
1,"2024-01-20 22:30:00+00:00",1,22.5,14.49,65.12
1,"2024-01-20 23:00:00+00:00",1,23,13.7655,65.12
1,"2024-01-20 23:30:00+00:00",1,23.5,13.713,65.12
1,"2024-01-21 00:00:00+00:00",1,0,11.592,65.12
1,"2024-01-21 00:30:00+00:00",1,0.5,14.0595,65.12
1,"2024-01-21 01:00:00+00:00",1,1,12.7995,65.12
1,"2024-01-21 01:30:00+00:00",1,1.5,12.4845,65.12
1,"2024-01-21 02:00:00+00:00",1,2,12.3165,65.12
1,"2024-01-21 02:30:00+00:00",1,2.5,11.277,65.12
1,"2024-01-21 03:00:00+00:00",1,3,10.626,65.12
1,"2024-01-21 03:30:00+00:00",1,3.5,9.534,65.12
1,"2024-01-21 04:00:00+00:00",1,4,12.4845,65.12
1,"2024-01-21 04:30:00+00:00",1,4.5,10.143,65.12
1,"2024-01-21 05:00:00+00:00",1,5,10.8675,65.12
1,"2024-01-21 05:30:00+00:00",1,5.5,9.9015,65.12
1,"2024-01-21 06:00:00+00:00",1,6,9.4185,65.12
1,"2024-01-21 06:30:00+00:00",1,6.5,12.4845,65.12
1,"2024-01-21 07:00:00+00:00",1,7,11.592,65.12
1,"2024-01-21 07:30:00+00:00",1,7.5,12.4845,65.12
1,"2024-01-21 08:00:00+00:00",1,8,10.626,65.12
1,"2024-01-21 08:30:00+00:00",1,8.5,14.8995,65.12
1,"2024-01-21 09:00:00+00:00",1,9,11.6445,65.12
1,"2024-01-21 09:30:00+00:00",1,9.5,14.007,65.12
1,"2024-01-21 10:00:00+00:00",1,10,14.8995,65.12
1,"2024-01-21 10:30:00+00:00",1,10.5,15.162,65.12
1,"2024-01-21 11:00:00+00:00",1,11,17.2515,65.12
1,"2024-01-21 11:30:00+00:00",1,11.5,16.6635,65.12
1,"2024-01-21 12:00:00+00:00",1,12,16.905,65.12
1,"2024-01-21 12:30:00+00:00",1,12.5,16.905,65.12
1,"2024-01-21 13:00:00+00:00",1,13,18.1125,65.12
1,"2024-01-21 13:30:00+00:00",1,13.5,16.905,65.12
1,"2024-01-21 14:00:00+00:00",1,14,15.939,65.12
1,"2024-01-21 14:30:00+00:00",1,14.5,15.267,65.12
1,"2024-01-21 15:00:00+00:00",1,15,14.7525,65.12
1,"2024-01-21 15:30:00+00:00",1,15.5,15.456,65.12
1,"2024-01-21 16:00:00+00:00",1,16,25.7775,65.12
1,"2024-01-21 16:30:00+00:00",1,16.5,30.6285,65.12
1,"2024-01-21 17:00:00+00:00",1,17,31.647,65.12
1,"2024-01-21 17:30:00+00:00",1,17.5,31.5735,65.12
1,"2024-01-21 18:00:00+00:00",1,18,33.1905,65.12
1,"2024-01-21 18:30:00+00:00",1,18.5,31.7835,65.12
1,"2024-01-21 19:00:00+00:00",1,19,19.32,65.12
1,"2024-01-21 19:30:00+00:00",1,19.5,17.22,65.12
1,"2024-01-21 20:00:00+00:00",1,20,16.8,65.12
1,"2024-01-21 20:30:00+00:00",1,20.5,16.422,65.12
1,"2024-01-21 21:00:00+00:00",1,21,16.8525,65.12
1,"2024-01-21 21:30:00+00:00",1,21.5,17.3565,65.12
1,"2024-01-21 22:00:00+00:00",1,22,14.8995,65.12
1,"2024-01-21 22:30:00+00:00",1,22.5,12.4845,65.12
1,"2024-01-21 23:00:00+00:00",1,23,12.4635,65.12
1,"2024-01-21 23:30:00+00:00",1,23.5,9.996,65.12
1,"2024-01-22 00:00:00+00:00",0,0,9.66,65.12
1,"2024-01-22 00:30:00+00:00",0,0.5,11.5185,65.12
1,"2024-01-22 01:00:00+00:00",0,1,8.505,65.12
1,"2024-01-22 01:30:00+00:00",0,1.5,4.158,65.12
1,"2024-01-22 02:00:00+00:00",0,2,5.313,65.12
1,"2024-01-22 02:30:00+00:00",0,2.5,1.6905,65.12
1,"2024-01-22 03:00:00+00:00",0,3,4.9245,65.12
1,"2024-01-22 03:30:00+00:00",0,3.5,1.0605,65.12
1,"2024-01-22 04:00:00+00:00",0,4,3.864,65.12
1,"2024-01-22 04:30:00+00:00",0,4.5,2.1735,65.12
1,"2024-01-22 05:00:00+00:00",0,5,6.951,65.12
1,"2024-01-22 05:30:00+00:00",0,5.5,10.752,65.12
1,"2024-01-22 06:00:00+00:00",0,6,13.041,65.12
1,"2024-01-22 06:30:00+00:00",0,6.5,16.9365,65.12
1,"2024-01-22 07:00:00+00:00",0,7,16.905,65.12
1,"2024-01-22 07:30:00+00:00",0,7.5,21.252,65.12
1,"2024-01-22 08:00:00+00:00",0,8,17.955,65.12
1,"2024-01-22 08:30:00+00:00",0,8.5,18.543,65.12
1,"2024-01-22 09:00:00+00:00",0,9,18.5745,65.12
1,"2024-01-22 09:30:00+00:00",0,9.5,18.7425,65.12
1,"2024-01-22 10:00:00+00:00",0,10,19.026,65.12
1,"2024-01-22 10:30:00+00:00",0,10.5,16.9785,65.12
1,"2024-01-22 11:00:00+00:00",0,11,17.4405,65.12
1,"2024-01-22 11:30:00+00:00",0,11.5,17.3355,65.12
1,"2024-01-22 12:00:00+00:00",0,12,13.041,65.12
1,"2024-01-22 12:30:00+00:00",0,12.5,13.2825,65.12
1,"2024-01-22 13:00:00+00:00",0,13,12.852,65.12
1,"2024-01-22 13:30:00+00:00",0,13.5,12.3165,65.12
1,"2024-01-22 14:00:00+00:00",0,14,14.196,65.12
1,"2024-01-22 14:30:00+00:00",0,14.5,13.797,65.12
1,"2024-01-22 15:00:00+00:00",0,15,14.007,65.12
1,"2024-01-22 15:30:00+00:00",0,15.5,14.7315,65.12
1,"2024-01-22 16:00:00+00:00",0,16,29.253,65.12
1,"2024-01-22 16:30:00+00:00",0,16.5,31.7415,65.12
1,"2024-01-22 17:00:00+00:00",0,17,32.823,65.12
1,"2024-01-22 17:30:00+00:00",0,17.5,32.823,65.12
1,"2024-01-22 18:00:00+00:00",0,18,31.7415,65.12
1,"2024-01-22 18:30:00+00:00",0,18.5,31.2795,65.12
1,"2024-01-22 19:00:00+00:00",0,19,18.48,65.12
1,"2024-01-22 19:30:00+00:00",0,19.5,16.905,65.12
1,"2024-01-22 20:00:00+00:00",0,20,16.905,65.12
1,"2024-01-22 20:30:00+00:00",0,20.5,16.779,65.12
1,"2024-01-22 21:00:00+00:00",0,21,15.5295,65.12
1,"2024-01-22 21:30:00+00:00",0,21.5,14.4375,65.12
1,"2024-01-22 22:00:00+00:00",0,22,14.196,65.12
1,"2024-01-22 22:30:00+00:00",0,22.5,10.143,65.12
1,"2024-01-22 23:00:00+00:00",0,23,10.647,65.12
1,"2024-01-22 23:30:00+00:00",0,23.5,6.615,65.12
1,"2024-01-23 00:00:00+00:00",0,0,5.8905,65.12
1,"2024-01-23 00:30:00+00:00",0,0.5,9.2715,65.12
1,"2024-01-23 01:00:00+00:00",0,1,9.009,65.12
1,"2024-01-23 01:30:00+00:00",0,1.5,7.4865,65.12
1,"2024-01-23 02:00:00+00:00",0,2,7.266,65.12
1,"2024-01-23 02:30:00+00:00",0,2.5,7.224,65.12
1,"2024-01-23 03:00:00+00:00",0,3,7.602,65.12
1,"2024-01-23 03:30:00+00:00",0,3.5,7.602,65.12
1,"2024-01-23 04:00:00+00:00",0,4,7.539,65.12
1,"2024-01-23 04:30:00+00:00",0,4.5,8.9145,65.12
1,"2024-01-23 05:00:00+00:00",0,5,9.66,65.12
1,"2024-01-23 05:30:00+00:00",0,5.5,14.007,65.12
1,"2024-01-23 06:00:00+00:00",0,6,18.1125,65.12
1,"2024-01-23 06:30:00+00:00",0,6.5,18.1125,65.12
1,"2024-01-23 07:00:00+00:00",0,7,18.1125,65.12
1,"2024-01-23 07:30:00+00:00",0,7.5,19.677,65.12
1,"2024-01-23 08:00:00+00:00",0,8,18.543,65.12
1,"2024-01-23 08:30:00+00:00",0,8.5,19.782,65.12
1,"2024-01-23 09:00:00+00:00",0,9,18.69,65.12
1,"2024-01-23 09:30:00+00:00",0,9.5,17.997,65.12
1,"2024-01-23 10:00:00+00:00",0,10,16.9995,65.12
1,"2024-01-23 10:30:00+00:00",0,10.5,15.6975,65.12
1,"2024-01-23 11:00:00+00:00",0,11,14.973,65.12
1,"2024-01-23 11:30:00+00:00",0,11.5,15.6975,65.12
1,"2024-01-23 12:00:00+00:00",0,12,15.456,65.12
1,"2024-01-23 12:30:00+00:00",0,12.5,16.1805,65.12
1,"2024-01-23 13:00:00+00:00",0,13,15.1935,65.12
1,"2024-01-23 13:30:00+00:00",0,13.5,14.469,65.12
1,"2024-01-23 14:00:00+00:00",0,14,15.456,65.12
1,"2024-01-23 14:30:00+00:00",0,14.5,14.469,65.12
1,"2024-01-23 15:00:00+00:00",0,15,14.8785,65.12
1,"2024-01-23 15:30:00+00:00",0,15.5,14.973,65.12
1,"2024-01-23 16:00:00+00:00",0,16,26.649,65.12
1,"2024-01-23 16:30:00+00:00",0,16.5,30.6285,65.12
1,"2024-01-23 17:00:00+00:00",0,17,30.093,65.12
1,"2024-01-23 17:30:00+00:00",0,17.5,30.198,65.12
1,"2024-01-23 18:00:00+00:00",0,18,28.161,65.12
1,"2024-01-23 18:30:00+00:00",0,18.5,27.678,65.12
1,"2024-01-23 19:00:00+00:00",0,19,15.6975,65.12
1,"2024-01-23 19:30:00+00:00",0,19.5,15.2145,65.12
1,"2024-01-23 20:00:00+00:00",0,20,15.645,65.12
1,"2024-01-23 20:30:00+00:00",0,20.5,14.49,65.12
1,"2024-01-23 21:00:00+00:00",0,21,14.973,65.12
1,"2024-01-23 21:30:00+00:00",0,21.5,14.4375,65.12
1,"2024-01-23 22:00:00+00:00",0,22,10.3635,65.12
1,"2024-01-23 22:30:00+00:00",0,22.5,5.313,65.12
1,"2024-01-23 23:00:00+00:00",0,23,4.83,65.12
1,"2024-01-23 23:30:00+00:00",0,23.5,0.609,65.12
1,"2024-01-24 00:00:00+00:00",0,0,0.966,65.12
1,"2024-01-24 00:30:00+00:00",0,0.5,4.326,65.12
1,"2024-01-24 01:00:00+00:00",0,1,2.415,65.12
1,"2024-01-24 01:30:00+00:00",0,1.5,0.021,65.12
1,"2024-01-24 02:00:00+00:00",0,2,1.9845,65.12
1,"2024-01-24 02:30:00+00:00",0,2.5,0.777,65.12
1,"2024-01-24 03:00:00+00:00",0,3,0.2415,65.12
1,"2024-01-24 03:30:00+00:00",0,3.5,-2.1525,65.12
1,"2024-01-24 04:00:00+00:00",0,4,-1.9635,65.12
1,"2024-01-24 04:30:00+00:00",0,4.5,0,65.12
1,"2024-01-24 05:00:00+00:00",0,5,2.898,65.12
1,"2024-01-24 05:30:00+00:00",0,5.5,7.245,65.12
1,"2024-01-24 06:00:00+00:00",0,6,11.277,65.12
1,"2024-01-24 06:30:00+00:00",0,6.5,14.637,65.12
1,"2024-01-24 07:00:00+00:00",0,7,16.086,65.12
1,"2024-01-24 07:30:00+00:00",0,7.5,15.7815,65.12
1,"2024-01-24 08:00:00+00:00",0,8,15.099,65.12
1,"2024-01-24 08:30:00+00:00",0,8.5,15.33,65.12
1,"2024-01-24 09:00:00+00:00",0,9,15.8445,65.12
1,"2024-01-24 09:30:00+00:00",0,9.5,15.2145,65.12
1,"2024-01-24 10:00:00+00:00",0,10,15.12,65.12
1,"2024-01-24 10:30:00+00:00",0,10.5,13.23,65.12
1,"2024-01-24 11:00:00+00:00",0,11,12.3375,65.12
1,"2024-01-24 11:30:00+00:00",0,11.5,13.2825,65.12
1,"2024-01-24 12:00:00+00:00",0,12,13.524,65.12
1,"2024-01-24 12:30:00+00:00",0,12.5,13.818,65.12
1,"2024-01-24 13:00:00+00:00",0,13,14.7105,65.12
1,"2024-01-24 13:30:00+00:00",0,13.5,14.4375,65.12
1,"2024-01-24 14:00:00+00:00",0,14,16.905,65.12
1,"2024-01-24 14:30:00+00:00",0,14.5,16.905,65.12
1,"2024-01-24 15:00:00+00:00",0,15,15.939,65.12
1,"2024-01-24 15:30:00+00:00",0,15.5,15.246,65.12
1,"2024-01-24 16:00:00+00:00",0,16,25.9665,65.12
1,"2024-01-24 16:30:00+00:00",0,16.5,30.1455,65.12
1,"2024-01-24 17:00:00+00:00",0,17,30.366,65.12
1,"2024-01-24 17:30:00+00:00",0,17.5,30.744,65.12
1,"2024-01-24 18:00:00+00:00",0,18,30.681,65.12
1,"2024-01-24 18:30:00+00:00",0,18.5,30.3135,65.12
1,"2024-01-24 19:00:00+00:00",0,19,19.32,65.12
1,"2024-01-24 19:30:00+00:00",0,19.5,18.4275,65.12
1,"2024-01-24 20:00:00+00:00",0,20,19.32,65.12
1,"2024-01-24 20:30:00+00:00",0,20.5,16.9575,65.12
1,"2024-01-24 21:00:00+00:00",0,21,17.2305,65.12
1,"2024-01-24 21:30:00+00:00",0,21.5,15.8865,65.12
1,"2024-01-24 22:00:00+00:00",0,22,17.1465,65.12
1,"2024-01-24 22:30:00+00:00",0,22.5,16.1805,65.12
1,"2024-01-24 23:00:00+00:00",0,23,14.9205,65.12
1,"2024-01-24 23:30:00+00:00",0,23.5,14.9205,65.12
1,"2024-01-25 00:00:00+00:00",0,0,14.49,65.12
1,"2024-01-25 00:30:00+00:00",0,0.5,15.9915,65.12
1,"2024-01-25 01:00:00+00:00",0,1,18.9105,65.12
1,"2024-01-25 01:30:00+00:00",0,1.5,17.1465,65.12
1,"2024-01-25 02:00:00+00:00",0,2,16.6635,65.12
1,"2024-01-25 02:30:00+00:00",0,2.5,14.8995,65.12
1,"2024-01-25 03:00:00+00:00",0,3,14.007,65.12
1,"2024-01-25 03:30:00+00:00",0,3.5,12.873,65.12
1,"2024-01-25 04:00:00+00:00",0,4,14.658,65.12
1,"2024-01-25 04:30:00+00:00",0,4.5,12.075,65.12
1,"2024-01-25 05:00:00+00:00",0,5,16.128,65.12
1,"2024-01-25 05:30:00+00:00",0,5.5,14.826,65.12
1,"2024-01-25 06:00:00+00:00",0,6,18.354,65.12
1,"2024-01-25 06:30:00+00:00",0,6.5,20.286,65.12
1,"2024-01-25 07:00:00+00:00",0,7,20.769,65.12
1,"2024-01-25 07:30:00+00:00",0,7.5,21.1995,65.12
1,"2024-01-25 08:00:00+00:00",0,8,19.8975,65.12
1,"2024-01-25 08:30:00+00:00",0,8.5,19.803,65.12
1,"2024-01-25 09:00:00+00:00",0,9,18.018,65.12
1,"2024-01-25 09:30:00+00:00",0,9.5,16.611,65.12
1,"2024-01-25 10:00:00+00:00",0,10,17.7765,65.12
1,"2024-01-25 10:30:00+00:00",0,10.5,16.254,65.12
1,"2024-01-25 11:00:00+00:00",0,11,15.1935,65.12
1,"2024-01-25 11:30:00+00:00",0,11.5,16.3485,65.12
1,"2024-01-25 12:00:00+00:00",0,12,15.918,65.12
1,"2024-01-25 12:30:00+00:00",0,12.5,15.9915,65.12
1,"2024-01-25 13:00:00+00:00",0,13,16.884,65.12
1,"2024-01-25 13:30:00+00:00",0,13.5,15.6975,65.12
1,"2024-01-25 14:00:00+00:00",0,14,18.1125,65.12
1,"2024-01-25 14:30:00+00:00",0,14.5,15.939,65.12
1,"2024-01-25 15:00:00+00:00",0,15,16.212,65.12
1,"2024-01-25 15:30:00+00:00",0,15.5,17.388,65.12
1,"2024-01-25 16:00:00+00:00",0,16,27.636,65.12
1,"2024-01-25 16:30:00+00:00",0,16.5,30.4815,65.12
1,"2024-01-25 17:00:00+00:00",0,17,32.0775,65.12
1,"2024-01-25 17:30:00+00:00",0,17.5,31.8885,65.12
1,"2024-01-25 18:00:00+00:00",0,18,31.2165,65.12
1,"2024-01-25 18:30:00+00:00",0,18.5,30.87,65.12
1,"2024-01-25 19:00:00+00:00",0,19,17.4825,65.12
1,"2024-01-25 19:30:00+00:00",0,19.5,16.422,65.12
1,"2024-01-25 20:00:00+00:00",0,20,16.1805,65.12
1,"2024-01-25 20:30:00+00:00",0,20.5,16.422,65.12
1,"2024-01-25 21:00:00+00:00",0,21,15.2355,65.12
1,"2024-01-25 21:30:00+00:00",0,21.5,14.49,65.12
1,"2024-01-25 22:00:00+00:00",0,22,14.7315,65.12
1,"2024-01-25 22:30:00+00:00",0,22.5,9.975,65.12
1,"2024-01-25 23:00:00+00:00",0,23,12.6315,65.12
1,"2024-01-25 23:30:00+00:00",0,23.5,11.886,65.12
1,"2024-01-26 00:00:00+00:00",0,0,9.66,65.12
1,"2024-01-26 00:30:00+00:00",0,0.5,12.558,65.12
1,"2024-01-26 01:00:00+00:00",0,1,11.8335,65.12
1,"2024-01-26 01:30:00+00:00",0,1.5,7.56,65.12
1,"2024-01-26 02:00:00+00:00",0,2,9.807,65.12
1,"2024-01-26 02:30:00+00:00",0,2.5,8.694,65.12
1,"2024-01-26 03:00:00+00:00",0,3,9.177,65.12
1,"2024-01-26 03:30:00+00:00",0,3.5,7.707,65.12
1,"2024-01-26 04:00:00+00:00",0,4,9.639,65.12
1,"2024-01-26 04:30:00+00:00",0,4.5,9.639,65.12
1,"2024-01-26 05:00:00+00:00",0,5,11.256,65.12
1,"2024-01-26 05:30:00+00:00",0,5.5,12.705,65.12
1,"2024-01-26 06:00:00+00:00",0,6,13.2825,65.12
1,"2024-01-26 06:30:00+00:00",0,6.5,17.2935,65.12
1,"2024-01-26 07:00:00+00:00",0,7,14.7315,65.12
1,"2024-01-26 07:30:00+00:00",0,7.5,18.816,65.12
1,"2024-01-26 08:00:00+00:00",0,8,17.9235,65.12
1,"2024-01-26 08:30:00+00:00",0,8.5,18.837,65.12
1,"2024-01-26 09:00:00+00:00",0,9,18.1125,65.12
1,"2024-01-26 09:30:00+00:00",0,9.5,17.199,65.12
1,"2024-01-26 10:00:00+00:00",0,10,14.8995,65.12
1,"2024-01-26 10:30:00+00:00",0,10.5,12.7995,65.12
1,"2024-01-26 11:00:00+00:00",0,11,13.041,65.12
1,"2024-01-26 11:30:00+00:00",0,11.5,12.6105,65.12
1,"2024-01-26 12:00:00+00:00",0,12,12.243,65.12
1,"2024-01-26 12:30:00+00:00",0,12.5,12.0015,65.12
1,"2024-01-26 13:00:00+00:00",0,13,11.3505,65.12
1,"2024-01-26 13:30:00+00:00",0,13.5,12.0015,65.12
1,"2024-01-26 14:00:00+00:00",0,14,12.0015,65.12
1,"2024-01-26 14:30:00+00:00",0,14.5,13.2825,65.12
1,"2024-01-26 15:00:00+00:00",0,15,15.2145,65.12
1,"2024-01-26 15:30:00+00:00",0,15.5,13.5765,65.12
1,"2024-01-26 16:00:00+00:00",0,16,25.074,65.12
1,"2024-01-26 16:30:00+00:00",0,16.5,29.4945,65.12
1,"2024-01-26 17:00:00+00:00",0,17,31.7415,65.12
1,"2024-01-26 17:30:00+00:00",0,17.5,31.4265,65.12
1,"2024-01-26 18:00:00+00:00",0,18,31.5945,65.12
1,"2024-01-26 18:30:00+00:00",0,18.5,31.059,65.12
1,"2024-01-26 19:00:00+00:00",0,19,18.837,65.12
1,"2024-01-26 19:30:00+00:00",0,19.5,17.745,65.12
1,"2024-01-26 20:00:00+00:00",0,20,16.0335,65.12
1,"2024-01-26 20:30:00+00:00",0,20.5,14.49,65.12
1,"2024-01-26 21:00:00+00:00",0,21,15.9915,65.12
1,"2024-01-26 21:30:00+00:00",0,21.5,15.918,65.12
1,"2024-01-26 22:00:00+00:00",0,22,15.8865,65.12
1,"2024-01-26 22:30:00+00:00",0,22.5,14.5425,65.12
1,"2024-01-26 23:00:00+00:00",0,23,13.9545,65.12
1,"2024-01-26 23:30:00+00:00",0,23.5,12.579,65.12
1,"2024-01-27 00:00:00+00:00",1,0,11.718,65.12
1,"2024-01-27 00:30:00+00:00",1,0.5,15.0465,65.12
1,"2024-01-27 01:00:00+00:00",1,1,14.0595,65.12
1,"2024-01-27 01:30:00+00:00",1,1.5,12.075,65.12
1,"2024-01-27 02:00:00+00:00",1,2,13.041,65.12
1,"2024-01-27 02:30:00+00:00",1,2.5,12.075,65.12
1,"2024-01-27 03:00:00+00:00",1,3,12.558,65.12
1,"2024-01-27 03:30:00+00:00",1,3.5,12.243,65.12
1,"2024-01-27 04:00:00+00:00",1,4,12.558,65.12
1,"2024-01-27 04:30:00+00:00",1,4.5,12.369,65.12
1,"2024-01-27 05:00:00+00:00",1,5,12.3165,65.12
1,"2024-01-27 05:30:00+00:00",1,5.5,12.873,65.12
1,"2024-01-27 06:00:00+00:00",1,6,14.301,65.12
1,"2024-01-27 06:30:00+00:00",1,6.5,14.805,65.12
1,"2024-01-27 07:00:00+00:00",1,7,14.49,65.12
1,"2024-01-27 07:30:00+00:00",1,7.5,16.254,65.12
1,"2024-01-27 08:00:00+00:00",1,8,14.973,65.12
1,"2024-01-27 08:30:00+00:00",1,8.5,19.32,65.12
1,"2024-01-27 09:00:00+00:00",1,9,16.905,65.12
1,"2024-01-27 09:30:00+00:00",1,9.5,17.871,65.12
1,"2024-01-27 10:00:00+00:00",1,10,14.4375,65.12
1,"2024-01-27 10:30:00+00:00",1,10.5,13.9965,65.12
1,"2024-01-27 11:00:00+00:00",1,11,12.075,65.12
1,"2024-01-27 11:30:00+00:00",1,11.5,12.075,65.12
1,"2024-01-27 12:00:00+00:00",1,12,11.298,65.12
1,"2024-01-27 12:30:00+00:00",1,12.5,12.0225,65.12
1,"2024-01-27 13:00:00+00:00",1,13,12.075,65.12
1,"2024-01-27 13:30:00+00:00",1,13.5,11.109,65.12
1,"2024-01-27 14:00:00+00:00",1,14,14.805,65.12
1,"2024-01-27 14:30:00+00:00",1,14.5,14.805,65.12
1,"2024-01-27 15:00:00+00:00",1,15,16.905,65.12
1,"2024-01-27 15:30:00+00:00",1,15.5,16.905,65.12
1,"2024-01-27 16:00:00+00:00",1,16,27.2475,65.12
1,"2024-01-27 16:30:00+00:00",1,16.5,31.5945,65.12
1,"2024-01-27 17:00:00+00:00",1,17,32.0775,65.12
1,"2024-01-27 17:30:00+00:00",1,17.5,32.0775,65.12
1,"2024-01-27 18:00:00+00:00",1,18,32.2665,65.12
1,"2024-01-27 18:30:00+00:00",1,18.5,28.938,65.12
1,"2024-01-27 19:00:00+00:00",1,19,19.8975,65.12
1,"2024-01-27 19:30:00+00:00",1,19.5,14.49,65.12
1,"2024-01-27 20:00:00+00:00",1,20,16.086,65.12
1,"2024-01-27 20:30:00+00:00",1,20.5,14.49,65.12
1,"2024-01-27 21:00:00+00:00",1,21,15.9915,65.12
1,"2024-01-27 21:30:00+00:00",1,21.5,13.524,65.12
1,"2024-01-27 22:00:00+00:00",1,22,14.49,65.12
1,"2024-01-27 22:30:00+00:00",1,22.5,13.9545,65.12
1,"2024-01-27 23:00:00+00:00",1,23,13.7655,65.12
1,"2024-01-27 23:30:00+00:00",1,23.5,10.626,65.12
1,"2024-01-28 00:00:00+00:00",1,0,9.009,65.12
1,"2024-01-28 00:30:00+00:00",1,0.5,13.5765,65.12
1,"2024-01-28 01:00:00+00:00",1,1,12.054,65.12
1,"2024-01-28 01:30:00+00:00",1,1.5,8.2845,65.12
1,"2024-01-28 02:00:00+00:00",1,2,11.592,65.12
1,"2024-01-28 02:30:00+00:00",1,2.5,8.694,65.12
1,"2024-01-28 03:00:00+00:00",1,3,9.66,65.12
1,"2024-01-28 03:30:00+00:00",1,3.5,7.581,65.12
1,"2024-01-28 04:00:00+00:00",1,4,7.581,65.12
1,"2024-01-28 04:30:00+00:00",1,4.5,7.224,65.12
1,"2024-01-28 05:00:00+00:00",1,5,10.3845,65.12
1,"2024-01-28 05:30:00+00:00",1,5.5,10.794,65.12
1,"2024-01-28 06:00:00+00:00",1,6,11.886,65.12
1,"2024-01-28 06:30:00+00:00",1,6.5,12.684,65.12
1,"2024-01-28 07:00:00+00:00",1,7,11.8545,65.12
1,"2024-01-28 07:30:00+00:00",1,7.5,10.5,65.12
1,"2024-01-28 08:00:00+00:00",1,8,8.568,65.12
1,"2024-01-28 08:30:00+00:00",1,8.5,15.099,65.12
1,"2024-01-28 09:00:00+00:00",1,9,9.156,65.12
1,"2024-01-28 09:30:00+00:00",1,9.5,11.2035,65.12
1,"2024-01-28 10:00:00+00:00",1,10,10.332,65.12
1,"2024-01-28 10:30:00+00:00",1,10.5,10.0905,65.12
1,"2024-01-28 11:00:00+00:00",1,11,7.245,65.12
1,"2024-01-28 11:30:00+00:00",1,11.5,9.0825,65.12
1,"2024-01-28 12:00:00+00:00",1,12,7.4865,65.12
1,"2024-01-28 12:30:00+00:00",1,12.5,8.694,65.12
1,"2024-01-28 13:00:00+00:00",1,13,8.6205,65.12
1,"2024-01-28 13:30:00+00:00",1,13.5,7.2975,65.12
1,"2024-01-28 14:00:00+00:00",1,14,10.4055,65.12
1,"2024-01-28 14:30:00+00:00",1,14.5,8.9145,65.12
1,"2024-01-28 15:00:00+00:00",1,15,10.8675,65.12
1,"2024-01-28 15:30:00+00:00",1,15.5,15.099,65.12
1,"2024-01-28 16:00:00+00:00",1,16,25.0215,65.12
1,"2024-01-28 16:30:00+00:00",1,16.5,29.5155,65.12
1,"2024-01-28 17:00:00+00:00",1,17,31.5945,65.12
1,"2024-01-28 17:30:00+00:00",1,17.5,30.513,65.12
1,"2024-01-28 18:00:00+00:00",1,18,27.972,65.12
1,"2024-01-28 18:30:00+00:00",1,18.5,25.074,65.12
1,"2024-01-28 19:00:00+00:00",1,19,17.556,65.12
1,"2024-01-28 19:30:00+00:00",1,19.5,14.0805,65.12
1,"2024-01-28 20:00:00+00:00",1,20,15.6975,65.12
1,"2024-01-28 20:30:00+00:00",1,20.5,13.2825,65.12
1,"2024-01-28 21:00:00+00:00",1,21,14.973,65.12
1,"2024-01-28 21:30:00+00:00",1,21.5,12.2955,65.12
1,"2024-01-28 22:00:00+00:00",1,22,13.2825,65.12
1,"2024-01-28 22:30:00+00:00",1,22.5,10.8675,65.12
1,"2024-01-28 23:00:00+00:00",1,23,13.524,65.12
1,"2024-01-28 23:30:00+00:00",1,23.5,13.2825,65.12
1,"2024-01-29 00:00:00+00:00",0,0,9.786,65.12
1,"2024-01-29 00:30:00+00:00",0,0.5,16.6425,65.12
1,"2024-01-29 01:00:00+00:00",0,1,15.2145,65.12
1,"2024-01-29 01:30:00+00:00",0,1.5,15.0675,65.12
1,"2024-01-29 02:00:00+00:00",0,2,16.9575,65.12
1,"2024-01-29 02:30:00+00:00",0,2.5,16.9995,65.12
1,"2024-01-29 03:00:00+00:00",0,3,19.32,65.12
1,"2024-01-29 03:30:00+00:00",0,3.5,18.5955,65.12
1,"2024-01-29 04:00:00+00:00",0,4,18.837,65.12
1,"2024-01-29 04:30:00+00:00",0,4.5,14.7525,65.12
1,"2024-01-29 05:00:00+00:00",0,5,15.267,65.12
1,"2024-01-29 05:30:00+00:00",0,5.5,14.973,65.12
1,"2024-01-29 06:00:00+00:00",0,6,19.32,65.12
1,"2024-01-29 06:30:00+00:00",0,6.5,17.388,65.12
1,"2024-01-29 07:00:00+00:00",0,7,14.973,65.12
1,"2024-01-29 07:30:00+00:00",0,7.5,19.32,65.12
1,"2024-01-29 08:00:00+00:00",0,8,15.267,65.12
1,"2024-01-29 08:30:00+00:00",0,8.5,18.4905,65.12
1,"2024-01-29 09:00:00+00:00",0,9,17.8185,65.12
1,"2024-01-29 09:30:00+00:00",0,9.5,17.997,65.12
1,"2024-01-29 10:00:00+00:00",0,10,18.1125,65.12
1,"2024-01-29 10:30:00+00:00",0,10.5,17.094,65.12
1,"2024-01-29 11:00:00+00:00",0,11,15.5295,65.12
1,"2024-01-29 11:30:00+00:00",0,11.5,16.6635,65.12
1,"2024-01-29 12:00:00+00:00",0,12,15.8865,65.12
1,"2024-01-29 12:30:00+00:00",0,12.5,14.7525,65.12
1,"2024-01-29 13:00:00+00:00",0,13,16.716,65.12
1,"2024-01-29 13:30:00+00:00",0,13.5,14.1855,65.12
1,"2024-01-29 14:00:00+00:00",0,14,18.06,65.12
1,"2024-01-29 14:30:00+00:00",0,14.5,16.422,65.12
1,"2024-01-29 15:00:00+00:00",0,15,15.939,65.12
1,"2024-01-29 15:30:00+00:00",0,15.5,19.32,65.12
1,"2024-01-29 16:00:00+00:00",0,16,29.442,65.12
1,"2024-01-29 16:30:00+00:00",0,16.5,33.7155,65.12
1,"2024-01-29 17:00:00+00:00",0,17,31.5945,65.12
1,"2024-01-29 17:30:00+00:00",0,17.5,31.836,65.12
1,"2024-01-29 18:00:00+00:00",0,18,32.0775,65.12
1,"2024-01-29 18:30:00+00:00",0,18.5,28.938,65.12
1,"2024-01-29 19:00:00+00:00",0,19,18.837,65.12
1,"2024-01-29 19:30:00+00:00",0,19.5,13.524,65.12
1,"2024-01-29 20:00:00+00:00",0,20,16.905,65.12
1,"2024-01-29 20:30:00+00:00",0,20.5,12.7785,65.12
1,"2024-01-29 21:00:00+00:00",0,21,15.645,65.12
1,"2024-01-29 21:30:00+00:00",0,21.5,15.456,65.12
1,"2024-01-29 22:00:00+00:00",0,22,18.9945,65.12
1,"2024-01-29 22:30:00+00:00",0,22.5,14.7315,65.12
1,"2024-01-29 23:00:00+00:00",0,23,15.939,65.12
1,"2024-01-29 23:30:00+00:00",0,23.5,14.826,65.12
1,"2024-01-30 00:00:00+00:00",0,0,14.4165,65.12
1,"2024-01-30 00:30:00+00:00",0,0.5,17.388,65.12
1,"2024-01-30 01:00:00+00:00",0,1,14.49,65.12
1,"2024-01-30 01:30:00+00:00",0,1.5,13.1355,65.12
1,"2024-01-30 02:00:00+00:00",0,2,13.9125,65.12
1,"2024-01-30 02:30:00+00:00",0,2.5,12.852,65.12
1,"2024-01-30 03:00:00+00:00",0,3,12.7995,65.12
1,"2024-01-30 03:30:00+00:00",0,3.5,12.7995,65.12
1,"2024-01-30 04:00:00+00:00",0,4,14.2485,65.12
1,"2024-01-30 04:30:00+00:00",0,4.5,14.2275,65.12
1,"2024-01-30 05:00:00+00:00",0,5,15.645,65.12
1,"2024-01-30 05:30:00+00:00",0,5.5,14.49,65.12
1,"2024-01-30 06:00:00+00:00",0,6,17.6295,65.12
1,"2024-01-30 06:30:00+00:00",0,6.5,16.1805,65.12
1,"2024-01-30 07:00:00+00:00",0,7,16.905,65.12
1,"2024-01-30 07:30:00+00:00",0,7.5,20.286,65.12
1,"2024-01-30 08:00:00+00:00",0,8,16.905,65.12
1,"2024-01-30 08:30:00+00:00",0,8.5,20.3805,65.12
1,"2024-01-30 09:00:00+00:00",0,9,17.7765,65.12
1,"2024-01-30 09:30:00+00:00",0,9.5,17.7765,65.12
1,"2024-01-30 10:00:00+00:00",0,10,15.96,65.12
1,"2024-01-30 10:30:00+00:00",0,10.5,15.939,65.12
1,"2024-01-30 11:00:00+00:00",0,11,15.3825,65.12
1,"2024-01-30 11:30:00+00:00",0,11.5,15.5295,65.12
1,"2024-01-30 12:00:00+00:00",0,12,14.49,65.12
1,"2024-01-30 12:30:00+00:00",0,12.5,14.2275,65.12
1,"2024-01-30 13:00:00+00:00",0,13,15.6975,65.12
1,"2024-01-30 13:30:00+00:00",0,13.5,15.456,65.12
1,"2024-01-30 14:00:00+00:00",0,14,16.3485,65.12
1,"2024-01-30 14:30:00+00:00",0,14.5,16.905,65.12
1,"2024-01-30 15:00:00+00:00",0,15,15.939,65.12
1,"2024-01-30 15:30:00+00:00",0,15.5,18.165,65.12
1,"2024-01-30 16:00:00+00:00",0,16,29.0745,65.12
1,"2024-01-30 16:30:00+00:00",0,16.5,32.1825,65.12
1,"2024-01-30 17:00:00+00:00",0,17,31.038,65.12
1,"2024-01-30 17:30:00+00:00",0,17.5,31.836,65.12
1,"2024-01-30 18:00:00+00:00",0,18,33.1905,65.12
1,"2024-01-30 18:30:00+00:00",0,18.5,32.4135,65.12
1,"2024-01-30 19:00:00+00:00",0,19,20.937,65.12
1,"2024-01-30 19:30:00+00:00",0,19.5,18.165,65.12
1,"2024-01-30 20:00:00+00:00",0,20,19.32,65.12
1,"2024-01-30 20:30:00+00:00",0,20.5,16.422,65.12
1,"2024-01-30 21:00:00+00:00",0,21,19.5615,65.12
1,"2024-01-30 21:30:00+00:00",0,21.5,15.2355,65.12
1,"2024-01-30 22:00:00+00:00",0,22,15.2355,65.12
1,"2024-01-30 22:30:00+00:00",0,22.5,13.692,65.12
1,"2024-01-30 23:00:00+00:00",0,23,15.6975,65.12
1,"2024-01-30 23:30:00+00:00",0,23.5,16.0125,65.12
1,"2024-01-31 00:00:00+00:00",0,0,15.2145,65.12
1,"2024-01-31 00:30:00+00:00",0,0.5,16.233,65.12
1,"2024-01-31 01:00:00+00:00",0,1,17.241,65.12
1,"2024-01-31 01:30:00+00:00",0,1.5,14.679,65.12
1,"2024-01-31 02:00:00+00:00",0,2,15.0675,65.12
1,"2024-01-31 02:30:00+00:00",0,2.5,14.007,65.12
1,"2024-01-31 03:00:00+00:00",0,3,14.196,65.12
1,"2024-01-31 03:30:00+00:00",0,3.5,13.881,65.12
1,"2024-01-31 04:00:00+00:00",0,4,14.0595,65.12
1,"2024-01-31 04:30:00+00:00",0,4.5,13.4295,65.12
1,"2024-01-31 05:00:00+00:00",0,5,13.2825,65.12
1,"2024-01-31 05:30:00+00:00",0,5.5,13.2825,65.12
1,"2024-01-31 06:00:00+00:00",0,6,14.49,65.12
1,"2024-01-31 06:30:00+00:00",0,6.5,15.456,65.12
1,"2024-01-31 07:00:00+00:00",0,7,17.535,65.12
1,"2024-01-31 07:30:00+00:00",0,7.5,19.005,65.12
1,"2024-01-31 08:00:00+00:00",0,8,18.837,65.12
1,"2024-01-31 08:30:00+00:00",0,8.5,18.9315,65.12
1,"2024-01-31 09:00:00+00:00",0,9,17.619,65.12
1,"2024-01-31 09:30:00+00:00",0,9.5,17.388,65.12
1,"2024-01-31 10:00:00+00:00",0,10,15.8445,65.12
1,"2024-01-31 10:30:00+00:00",0,10.5,15.309,65.12
1,"2024-01-31 11:00:00+00:00",0,11,13.524,65.12
1,"2024-01-31 11:30:00+00:00",0,11.5,15.456,65.12
1,"2024-01-31 12:00:00+00:00",0,12,15.309,65.12
1,"2024-01-31 12:30:00+00:00",0,12.5,14.616,65.12
1,"2024-01-31 13:00:00+00:00",0,13,14.4375,65.12
1,"2024-01-31 13:30:00+00:00",0,13.5,13.6605,65.12
1,"2024-01-31 14:00:00+00:00",0,14,15.309,65.12
1,"2024-01-31 14:30:00+00:00",0,14.5,14.49,65.12
1,"2024-01-31 15:00:00+00:00",0,15,14.133,65.12
1,"2024-01-31 15:30:00+00:00",0,15.5,15.435,65.12
1,"2024-01-31 16:00:00+00:00",0,16,28.3605,65.12
1,"2024-01-31 16:30:00+00:00",0,16.5,31.353,65.12
1,"2024-01-31 17:00:00+00:00",0,17,30.03,65.12
1,"2024-01-31 17:30:00+00:00",0,17.5,30.87,65.12
1,"2024-01-31 18:00:00+00:00",0,18,30.387,65.12
1,"2024-01-31 18:30:00+00:00",0,18.5,29.1795,65.12
1,"2024-01-31 19:00:00+00:00",0,19,16.1805,65.12
1,"2024-01-31 19:30:00+00:00",0,19.5,16.4955,65.12
1,"2024-01-31 20:00:00+00:00",0,20,15.309,65.12
1,"2024-01-31 20:30:00+00:00",0,20.5,15.099,65.12
1,"2024-01-31 21:00:00+00:00",0,21,15.309,65.12
1,"2024-01-31 21:30:00+00:00",0,21.5,13.881,65.12
1,"2024-01-31 22:00:00+00:00",0,22,14.679,65.12
1,"2024-01-31 22:30:00+00:00",0,22.5,8.694,65.12
1,"2024-01-31 23:00:00+00:00",0,23,10.8675,65.12
1,"2024-01-31 23:30:00+00:00",0,23.5,10.605,65.12
2,"2024-02-01 00:00:00+00:00",0,0,8.5575,65.12
2,"2024-02-01 00:30:00+00:00",0,0.5,12.705,65.12
2,"2024-02-01 01:00:00+00:00",0,1,10.8675,65.12
2,"2024-02-01 01:30:00+00:00",0,1.5,10.647,65.12
2,"2024-02-01 02:00:00+00:00",0,2,10.8675,65.12
2,"2024-02-01 02:30:00+00:00",0,2.5,10.332,65.12
2,"2024-02-01 03:00:00+00:00",0,3,10.458,65.12
2,"2024-02-01 03:30:00+00:00",0,3.5,9.9015,65.12
2,"2024-02-01 04:00:00+00:00",0,4,11.907,65.12
2,"2024-02-01 04:30:00+00:00",0,4.5,9.807,65.12
2,"2024-02-01 05:00:00+00:00",0,5,13.503,65.12
2,"2024-02-01 05:30:00+00:00",0,5.5,14.2485,65.12
2,"2024-02-01 06:00:00+00:00",0,6,17.199,65.12
2,"2024-02-01 06:30:00+00:00",0,6.5,17.4405,65.12
2,"2024-02-01 07:00:00+00:00",0,7,19.026,65.12
2,"2024-02-01 07:30:00+00:00",0,7.5,21.0105,65.12
2,"2024-02-01 08:00:00+00:00",0,8,18.669,65.12
2,"2024-02-01 08:30:00+00:00",0,8.5,20.769,65.12
2,"2024-02-01 09:00:00+00:00",0,9,18.5955,65.12
2,"2024-02-01 09:30:00+00:00",0,9.5,17.9235,65.12
2,"2024-02-01 10:00:00+00:00",0,10,16.9995,65.12
2,"2024-02-01 10:30:00+00:00",0,10.5,15.96,65.12
2,"2024-02-01 11:00:00+00:00",0,11,14.973,65.12
2,"2024-02-01 11:30:00+00:00",0,11.5,15.6975,65.12
2,"2024-02-01 12:00:00+00:00",0,12,14.49,65.12
2,"2024-02-01 12:30:00+00:00",0,12.5,13.524,65.12
2,"2024-02-01 13:00:00+00:00",0,13,14.658,65.12
2,"2024-02-01 13:30:00+00:00",0,13.5,14.196,65.12
2,"2024-02-01 14:00:00+00:00",0,14,15.96,65.12
2,"2024-02-01 14:30:00+00:00",0,14.5,15.96,65.12
2,"2024-02-01 15:00:00+00:00",0,15,15.813,65.12
2,"2024-02-01 15:30:00+00:00",0,15.5,16.2015,65.12
2,"2024-02-01 16:00:00+00:00",0,16,29.064,65.12
2,"2024-02-01 16:30:00+00:00",0,16.5,32.319,65.12
2,"2024-02-01 17:00:00+00:00",0,17,31.836,65.12
2,"2024-02-01 17:30:00+00:00",0,17.5,31.8885,65.12
2,"2024-02-01 18:00:00+00:00",0,18,32.0775,65.12
2,"2024-02-01 18:30:00+00:00",0,18.5,29.064,65.12
2,"2024-02-01 19:00:00+00:00",0,19,17.9235,65.12
2,"2024-02-01 19:30:00+00:00",0,19.5,17.1255,65.12
2,"2024-02-01 20:00:00+00:00",0,20,17.388,65.12
2,"2024-02-01 20:30:00+00:00",0,20.5,16.5165,65.12
2,"2024-02-01 21:00:00+00:00",0,21,18.1335,65.12
2,"2024-02-01 21:30:00+00:00",0,21.5,16.611,65.12
2,"2024-02-01 22:00:00+00:00",0,22,15.96,65.12
2,"2024-02-01 22:30:00+00:00",0,22.5,13.041,65.12
2,"2024-02-01 23:00:00+00:00",0,23,12.747,65.12
2,"2024-02-01 23:30:00+00:00",0,23.5,12.747,65.12
2,"2024-02-02 00:00:00+00:00",0,0,11.8335,65.12
2,"2024-02-02 00:30:00+00:00",0,0.5,12.411,65.12
2,"2024-02-02 01:00:00+00:00",0,1,12.075,65.12
2,"2024-02-02 01:30:00+00:00",0,1.5,10.5,65.12
2,"2024-02-02 02:00:00+00:00",0,2,12.075,65.12
2,"2024-02-02 02:30:00+00:00",0,2.5,11.592,65.12
2,"2024-02-02 03:00:00+00:00",0,3,12.075,65.12
2,"2024-02-02 03:30:00+00:00",0,3.5,10.983,65.12
2,"2024-02-02 04:00:00+00:00",0,4,11.613,65.12
2,"2024-02-02 04:30:00+00:00",0,4.5,11.613,65.12
2,"2024-02-02 05:00:00+00:00",0,5,11.571,65.12
2,"2024-02-02 05:30:00+00:00",0,5.5,10.8675,65.12
2,"2024-02-02 06:00:00+00:00",0,6,13.23,65.12
2,"2024-02-02 06:30:00+00:00",0,6.5,18.06,65.12
2,"2024-02-02 07:00:00+00:00",0,7,16.233,65.12
2,"2024-02-02 07:30:00+00:00",0,7.5,18.165,65.12
2,"2024-02-02 08:00:00+00:00",0,8,16.422,65.12
2,"2024-02-02 08:30:00+00:00",0,8.5,18.1125,65.12
2,"2024-02-02 09:00:00+00:00",0,9,17.388,65.12
2,"2024-02-02 09:30:00+00:00",0,9.5,17.6295,65.12
2,"2024-02-02 10:00:00+00:00",0,10,17.1465,65.12
2,"2024-02-02 10:30:00+00:00",0,10.5,16.2015,65.12
2,"2024-02-02 11:00:00+00:00",0,11,14.49,65.12
2,"2024-02-02 11:30:00+00:00",0,11.5,14.8785,65.12
2,"2024-02-02 12:00:00+00:00",0,12,13.524,65.12
2,"2024-02-02 12:30:00+00:00",0,12.5,15.2145,65.12
2,"2024-02-02 13:00:00+00:00",0,13,14.196,65.12
2,"2024-02-02 13:30:00+00:00",0,13.5,12.9675,65.12
2,"2024-02-02 14:00:00+00:00",0,14,13.524,65.12
2,"2024-02-02 14:30:00+00:00",0,14.5,12.9465,65.12
2,"2024-02-02 15:00:00+00:00",0,15,12.075,65.12
2,"2024-02-02 15:30:00+00:00",0,15.5,14.301,65.12
2,"2024-02-02 16:00:00+00:00",0,16,25.074,65.12
2,"2024-02-02 16:30:00+00:00",0,16.5,28.938,65.12
2,"2024-02-02 17:00:00+00:00",0,17,30.1455,65.12
2,"2024-02-02 17:30:00+00:00",0,17.5,29.904,65.12
2,"2024-02-02 18:00:00+00:00",0,18,30.072,65.12
2,"2024-02-02 18:30:00+00:00",0,18.5,28.8435,65.12
2,"2024-02-02 19:00:00+00:00",0,19,19.5615,65.12
2,"2024-02-02 19:30:00+00:00",0,19.5,16.905,65.12
2,"2024-02-02 20:00:00+00:00",0,20,15.603,65.12
2,"2024-02-02 20:30:00+00:00",0,20.5,11.613,65.12
2,"2024-02-02 21:00:00+00:00",0,21,14.973,65.12
2,"2024-02-02 21:30:00+00:00",0,21.5,8.694,65.12
2,"2024-02-02 22:00:00+00:00",0,22,10.6785,65.12
2,"2024-02-02 22:30:00+00:00",0,22.5,8.4525,65.12
2,"2024-02-02 23:00:00+00:00",0,23,6.636,65.12
2,"2024-02-02 23:30:00+00:00",0,23.5,4.7775,65.12
2,"2024-02-03 00:00:00+00:00",1,0,5.796,65.12
2,"2024-02-03 00:30:00+00:00",1,0.5,9.2715,65.12
2,"2024-02-03 01:00:00+00:00",1,1,7.2555,65.12
2,"2024-02-03 01:30:00+00:00",1,1.5,3.1395,65.12
2,"2024-02-03 02:00:00+00:00",1,2,1.3965,65.12
2,"2024-02-03 02:30:00+00:00",1,2.5,0,65.12
2,"2024-02-03 03:00:00+00:00",1,3,1.932,65.12
2,"2024-02-03 03:30:00+00:00",1,3.5,0,65.12
2,"2024-02-03 04:00:00+00:00",1,4,3.402,65.12
2,"2024-02-03 04:30:00+00:00",1,4.5,3.381,65.12
2,"2024-02-03 05:00:00+00:00",1,5,4.83,65.12
2,"2024-02-03 05:30:00+00:00",1,5.5,5.5335,65.12
2,"2024-02-03 06:00:00+00:00",1,6,7.392,65.12
2,"2024-02-03 06:30:00+00:00",1,6.5,7.4865,65.12
2,"2024-02-03 07:00:00+00:00",1,7,6.909,65.12
2,"2024-02-03 07:30:00+00:00",1,7.5,13.2825,65.12
2,"2024-02-03 08:00:00+00:00",1,8,11.424,65.12
2,"2024-02-03 08:30:00+00:00",1,8.5,16.9575,65.12
2,"2024-02-03 09:00:00+00:00",1,9,12.243,65.12
2,"2024-02-03 09:30:00+00:00",1,9.5,15.4035,65.12
2,"2024-02-03 10:00:00+00:00",1,10,15.4035,65.12
2,"2024-02-03 10:30:00+00:00",1,10.5,14.49,65.12
2,"2024-02-03 11:00:00+00:00",1,11,13.4505,65.12
2,"2024-02-03 11:30:00+00:00",1,11.5,14.49,65.12
2,"2024-02-03 12:00:00+00:00",1,12,14.994,65.12
2,"2024-02-03 12:30:00+00:00",1,12.5,14.49,65.12
2,"2024-02-03 13:00:00+00:00",1,13,14.973,65.12
2,"2024-02-03 13:30:00+00:00",1,13.5,13.2825,65.12
2,"2024-02-03 14:00:00+00:00",1,14,13.2825,65.12
2,"2024-02-03 14:30:00+00:00",1,14.5,13.2825,65.12
2,"2024-02-03 15:00:00+00:00",1,15,12.0225,65.12
2,"2024-02-03 15:30:00+00:00",1,15.5,12.075,65.12
2,"2024-02-03 16:00:00+00:00",1,16,26.7855,65.12
2,"2024-02-03 16:30:00+00:00",1,16.5,31.5735,65.12
2,"2024-02-03 17:00:00+00:00",1,17,31.5945,65.12
2,"2024-02-03 17:30:00+00:00",1,17.5,31.647,65.12
2,"2024-02-03 18:00:00+00:00",1,18,31.5,65.12
2,"2024-02-03 18:30:00+00:00",1,18.5,30.387,65.12
2,"2024-02-03 19:00:00+00:00",1,19,17.871,65.12
2,"2024-02-03 19:30:00+00:00",1,19.5,13.524,65.12
2,"2024-02-03 20:00:00+00:00",1,20,15.456,65.12
2,"2024-02-03 20:30:00+00:00",1,20.5,12.075,65.12
2,"2024-02-03 21:00:00+00:00",1,21,14.973,65.12
2,"2024-02-03 21:30:00+00:00",1,21.5,8.925,65.12
2,"2024-02-03 22:00:00+00:00",1,22,11.424,65.12
2,"2024-02-03 22:30:00+00:00",1,22.5,6.762,65.12
2,"2024-02-03 23:00:00+00:00",1,23,10.6785,65.12
2,"2024-02-03 23:30:00+00:00",1,23.5,6.951,65.12
2,"2024-02-04 00:00:00+00:00",1,0,3.381,65.12
2,"2024-02-04 00:30:00+00:00",1,0.5,6.762,65.12
2,"2024-02-04 01:00:00+00:00",1,1,3.864,65.12
2,"2024-02-04 01:30:00+00:00",1,1.5,0.2415,65.12
2,"2024-02-04 02:00:00+00:00",1,2,1.932,65.12
2,"2024-02-04 02:30:00+00:00",1,2.5,0.966,65.12
2,"2024-02-04 03:00:00+00:00",1,3,1.449,65.12
2,"2024-02-04 03:30:00+00:00",1,3.5,0,65.12
2,"2024-02-04 04:00:00+00:00",1,4,0.3885,65.12
2,"2024-02-04 04:30:00+00:00",1,4.5,0,65.12
2,"2024-02-04 05:00:00+00:00",1,5,0,65.12
2,"2024-02-04 05:30:00+00:00",1,5.5,0,65.12
2,"2024-02-04 06:00:00+00:00",1,6,1.764,65.12
2,"2024-02-04 06:30:00+00:00",1,6.5,2.709,65.12
2,"2024-02-04 07:00:00+00:00",1,7,-0.777,65.12
2,"2024-02-04 07:30:00+00:00",1,7.5,3.4335,65.12
2,"2024-02-04 08:00:00+00:00",1,8,-1.806,65.12
2,"2024-02-04 08:30:00+00:00",1,8.5,5.922,65.12
2,"2024-02-04 09:00:00+00:00",1,9,1.932,65.12
2,"2024-02-04 09:30:00+00:00",1,9.5,8.379,65.12
2,"2024-02-04 10:00:00+00:00",1,10,4.809,65.12
2,"2024-02-04 10:30:00+00:00",1,10.5,7.098,65.12
2,"2024-02-04 11:00:00+00:00",1,11,7.371,65.12
2,"2024-02-04 11:30:00+00:00",1,11.5,10.0485,65.12
2,"2024-02-04 12:00:00+00:00",1,12,8.841,65.12
2,"2024-02-04 12:30:00+00:00",1,12.5,10.122,65.12
2,"2024-02-04 13:00:00+00:00",1,13,9.66,65.12
2,"2024-02-04 13:30:00+00:00",1,13.5,8.064,65.12
2,"2024-02-04 14:00:00+00:00",1,14,8.4525,65.12
2,"2024-02-04 14:30:00+00:00",1,14.5,8.9355,65.12
2,"2024-02-04 15:00:00+00:00",1,15,10.2375,65.12
2,"2024-02-04 15:30:00+00:00",1,15.5,9.66,65.12
2,"2024-02-04 16:00:00+00:00",1,16,24.591,65.12
2,"2024-02-04 16:30:00+00:00",1,16.5,27.615,65.12
2,"2024-02-04 17:00:00+00:00",1,17,29.6625,65.12
2,"2024-02-04 17:30:00+00:00",1,17.5,28.938,65.12
2,"2024-02-04 18:00:00+00:00",1,18,30.555,65.12
2,"2024-02-04 18:30:00+00:00",1,18.5,29.6625,65.12
2,"2024-02-04 19:00:00+00:00",1,19,17.871,65.12
2,"2024-02-04 19:30:00+00:00",1,19.5,14.0805,65.12
2,"2024-02-04 20:00:00+00:00",1,20,12.6105,65.12
2,"2024-02-04 20:30:00+00:00",1,20.5,9.177,65.12
2,"2024-02-04 21:00:00+00:00",1,21,11.2035,65.12
2,"2024-02-04 21:30:00+00:00",1,21.5,5.796,65.12
2,"2024-02-04 22:00:00+00:00",1,22,7.875,65.12
2,"2024-02-04 22:30:00+00:00",1,22.5,6.0375,65.12
2,"2024-02-04 23:00:00+00:00",1,23,3.864,65.12
2,"2024-02-04 23:30:00+00:00",1,23.5,0,65.12
2,"2024-02-05 00:00:00+00:00",0,0,-2.415,65.12
2,"2024-02-05 00:30:00+00:00",0,0.5,1.2075,65.12
2,"2024-02-05 01:00:00+00:00",0,1,1.2075,65.12
2,"2024-02-05 01:30:00+00:00",0,1.5,-1.8795,65.12
2,"2024-02-05 02:00:00+00:00",0,2,0.966,65.12
2,"2024-02-05 02:30:00+00:00",0,2.5,0,65.12
2,"2024-02-05 03:00:00+00:00",0,3,-0.7245,65.12
2,"2024-02-05 03:30:00+00:00",0,3.5,-2.9505,65.12
2,"2024-02-05 04:00:00+00:00",0,4,0,65.12
2,"2024-02-05 04:30:00+00:00",0,4.5,-1.8795,65.12
2,"2024-02-05 05:00:00+00:00",0,5,5.796,65.12
2,"2024-02-05 05:30:00+00:00",0,5.5,8.883,65.12
2,"2024-02-05 06:00:00+00:00",0,6,13.671,65.12
2,"2024-02-05 06:30:00+00:00",0,6.5,20.286,65.12
2,"2024-02-05 07:00:00+00:00",0,7,14.2485,65.12
2,"2024-02-05 07:30:00+00:00",0,7.5,20.286,65.12
2,"2024-02-05 08:00:00+00:00",0,8,17.1465,65.12
2,"2024-02-05 08:30:00+00:00",0,8.5,19.488,65.12
2,"2024-02-05 09:00:00+00:00",0,9,15.792,65.12
2,"2024-02-05 09:30:00+00:00",0,9.5,17.052,65.12
2,"2024-02-05 10:00:00+00:00",0,10,16.1805,65.12
2,"2024-02-05 10:30:00+00:00",0,10.5,16.1595,65.12
2,"2024-02-05 11:00:00+00:00",0,11,16.3485,65.12
2,"2024-02-05 11:30:00+00:00",0,11.5,18.333,65.12
2,"2024-02-05 12:00:00+00:00",0,12,16.422,65.12
2,"2024-02-05 12:30:00+00:00",0,12.5,16.233,65.12
2,"2024-02-05 13:00:00+00:00",0,13,16.611,65.12
2,"2024-02-05 13:30:00+00:00",0,13.5,15.6975,65.12
2,"2024-02-05 14:00:00+00:00",0,14,15.624,65.12
2,"2024-02-05 14:30:00+00:00",0,14.5,15.141,65.12
2,"2024-02-05 15:00:00+00:00",0,15,15.1935,65.12
2,"2024-02-05 15:30:00+00:00",0,15.5,15.5295,65.12
2,"2024-02-05 16:00:00+00:00",0,16,27.2475,65.12
2,"2024-02-05 16:30:00+00:00",0,16.5,30.87,65.12
2,"2024-02-05 17:00:00+00:00",0,17,30.87,65.12
2,"2024-02-05 17:30:00+00:00",0,17.5,31.2585,65.12
2,"2024-02-05 18:00:00+00:00",0,18,30.681,65.12
2,"2024-02-05 18:30:00+00:00",0,18.5,28.455,65.12
2,"2024-02-05 19:00:00+00:00",0,19,17.388,65.12
2,"2024-02-05 19:30:00+00:00",0,19.5,16.905,65.12
2,"2024-02-05 20:00:00+00:00",0,20,16.065,65.12
2,"2024-02-05 20:30:00+00:00",0,20.5,13.9125,65.12
2,"2024-02-05 21:00:00+00:00",0,21,14.4165,65.12
2,"2024-02-05 21:30:00+00:00",0,21.5,5.292,65.12
2,"2024-02-05 22:00:00+00:00",0,22,9.2715,65.12
2,"2024-02-05 22:30:00+00:00",0,22.5,4.83,65.12
2,"2024-02-05 23:00:00+00:00",0,23,7.602,65.12
2,"2024-02-05 23:30:00+00:00",0,23.5,3.717,65.12
2,"2024-02-06 00:00:00+00:00",0,0,2.583,65.12
2,"2024-02-06 00:30:00+00:00",0,0.5,5.796,65.12
2,"2024-02-06 01:00:00+00:00",0,1,2.2365,65.12
2,"2024-02-06 01:30:00+00:00",0,1.5,3.234,65.12
2,"2024-02-06 02:00:00+00:00",0,2,2.6565,65.12
2,"2024-02-06 02:30:00+00:00",0,2.5,2.6565,65.12
2,"2024-02-06 03:00:00+00:00",0,3,2.415,65.12
2,"2024-02-06 03:30:00+00:00",0,3.5,1.5225,65.12
2,"2024-02-06 04:00:00+00:00",0,4,5.796,65.12
2,"2024-02-06 04:30:00+00:00",0,4.5,3.4755,65.12
2,"2024-02-06 05:00:00+00:00",0,5,7.917,65.12
2,"2024-02-06 05:30:00+00:00",0,5.5,11.0145,65.12
2,"2024-02-06 06:00:00+00:00",0,6,12.075,65.12
2,"2024-02-06 06:30:00+00:00",0,6.5,15.6975,65.12
2,"2024-02-06 07:00:00+00:00",0,7,16.422,65.12
2,"2024-02-06 07:30:00+00:00",0,7.5,17.9235,65.12
2,"2024-02-06 08:00:00+00:00",0,8,16.1805,65.12
2,"2024-02-06 08:30:00+00:00",0,8.5,16.905,65.12
2,"2024-02-06 09:00:00+00:00",0,9,16.422,65.12
2,"2024-02-06 09:30:00+00:00",0,9.5,16.905,65.12
2,"2024-02-06 10:00:00+00:00",0,10,15.3615,65.12
2,"2024-02-06 10:30:00+00:00",0,10.5,15.939,65.12
2,"2024-02-06 11:00:00+00:00",0,11,15.939,65.12
2,"2024-02-06 11:30:00+00:00",0,11.5,16.5165,65.12
2,"2024-02-06 12:00:00+00:00",0,12,16.443,65.12
2,"2024-02-06 12:30:00+00:00",0,12.5,15.8865,65.12
2,"2024-02-06 13:00:00+00:00",0,13,16.884,65.12
2,"2024-02-06 13:30:00+00:00",0,13.5,15.939,65.12
2,"2024-02-06 14:00:00+00:00",0,14,16.4955,65.12
2,"2024-02-06 14:30:00+00:00",0,14.5,16.569,65.12
2,"2024-02-06 15:00:00+00:00",0,15,14.5845,65.12
2,"2024-02-06 15:30:00+00:00",0,15.5,15.5505,65.12
2,"2024-02-06 16:00:00+00:00",0,16,26.88,65.12
2,"2024-02-06 16:30:00+00:00",0,16.5,29.8095,65.12
2,"2024-02-06 17:00:00+00:00",0,17,29.715,65.12
2,"2024-02-06 17:30:00+00:00",0,17.5,31.0905,65.12
2,"2024-02-06 18:00:00+00:00",0,18,31.3005,65.12
2,"2024-02-06 18:30:00+00:00",0,18.5,31.206,65.12
2,"2024-02-06 19:00:00+00:00",0,19,22.7955,65.12
2,"2024-02-06 19:30:00+00:00",0,19.5,19.635,65.12
2,"2024-02-06 20:00:00+00:00",0,20,21.252,65.12
2,"2024-02-06 20:30:00+00:00",0,20.5,17.871,65.12
2,"2024-02-06 21:00:00+00:00",0,21,19.32,65.12
2,"2024-02-06 21:30:00+00:00",0,21.5,16.905,65.12
2,"2024-02-06 22:00:00+00:00",0,22,16.905,65.12
2,"2024-02-06 22:30:00+00:00",0,22.5,14.49,65.12
2,"2024-02-06 23:00:00+00:00",0,23,14.8785,65.12
2,"2024-02-06 23:30:00+00:00",0,23.5,14.49,65.12
2,"2024-02-07 00:00:00+00:00",0,0,15.12,65.12
2,"2024-02-07 00:30:00+00:00",0,0.5,18.48,65.12
2,"2024-02-07 01:00:00+00:00",0,1,18.1125,65.12
2,"2024-02-07 01:30:00+00:00",0,1.5,15.2355,65.12
2,"2024-02-07 02:00:00+00:00",0,2,16.233,65.12
2,"2024-02-07 02:30:00+00:00",0,2.5,16.1805,65.12
2,"2024-02-07 03:00:00+00:00",0,3,15.0255,65.12
2,"2024-02-07 03:30:00+00:00",0,3.5,15.12,65.12
2,"2024-02-07 04:00:00+00:00",0,4,15.099,65.12
2,"2024-02-07 04:30:00+00:00",0,4.5,14.8785,65.12
2,"2024-02-07 05:00:00+00:00",0,5,14.637,65.12
2,"2024-02-07 05:30:00+00:00",0,5.5,14.658,65.12
2,"2024-02-07 06:00:00+00:00",0,6,18.837,65.12
2,"2024-02-07 06:30:00+00:00",0,6.5,17.094,65.12
2,"2024-02-07 07:00:00+00:00",0,7,17.031,65.12
2,"2024-02-07 07:30:00+00:00",0,7.5,20.097,65.12
2,"2024-02-07 08:00:00+00:00",0,8,18.963,65.12
2,"2024-02-07 08:30:00+00:00",0,8.5,20.5275,65.12
2,"2024-02-07 09:00:00+00:00",0,9,19.5615,65.12
2,"2024-02-07 09:30:00+00:00",0,9.5,19.2465,65.12
2,"2024-02-07 10:00:00+00:00",0,10,17.7765,65.12
2,"2024-02-07 10:30:00+00:00",0,10.5,16.569,65.12
2,"2024-02-07 11:00:00+00:00",0,11,16.1805,65.12
2,"2024-02-07 11:30:00+00:00",0,11.5,15.477,65.12
2,"2024-02-07 12:00:00+00:00",0,12,15.813,65.12
2,"2024-02-07 12:30:00+00:00",0,12.5,15.477,65.12
2,"2024-02-07 13:00:00+00:00",0,13,16.9995,65.12
2,"2024-02-07 13:30:00+00:00",0,13.5,16.107,65.12
2,"2024-02-07 14:00:00+00:00",0,14,19.0785,65.12
2,"2024-02-07 14:30:00+00:00",0,14.5,17.535,65.12
2,"2024-02-07 15:00:00+00:00",0,15,18.7425,65.12
2,"2024-02-07 15:30:00+00:00",0,15.5,19.32,65.12
2,"2024-02-07 16:00:00+00:00",0,16,34.0305,65.12
2,"2024-02-07 16:30:00+00:00",0,16.5,38.9865,65.12
2,"2024-02-07 17:00:00+00:00",0,17,36.9075,65.12
2,"2024-02-07 17:30:00+00:00",0,17.5,40.509,65.12
2,"2024-02-07 18:00:00+00:00",0,18,35.028,65.12
2,"2024-02-07 18:30:00+00:00",0,18.5,33.1905,65.12
2,"2024-02-07 19:00:00+00:00",0,19,23.9085,65.12
2,"2024-02-07 19:30:00+00:00",0,19.5,21.735,65.12
2,"2024-02-07 20:00:00+00:00",0,20,19.3935,65.12
2,"2024-02-07 20:30:00+00:00",0,20.5,16.6635,65.12
2,"2024-02-07 21:00:00+00:00",0,21,19.0785,65.12
2,"2024-02-07 21:30:00+00:00",0,21.5,14.973,65.12
2,"2024-02-07 22:00:00+00:00",0,22,18.543,65.12
2,"2024-02-07 22:30:00+00:00",0,22.5,16.1805,65.12
2,"2024-02-07 23:00:00+00:00",0,23,15.099,65.12
2,"2024-02-07 23:30:00+00:00",0,23.5,15.6975,65.12
2,"2024-02-08 00:00:00+00:00",0,0,14.2485,65.12
2,"2024-02-08 00:30:00+00:00",0,0.5,16.6635,65.12
2,"2024-02-08 01:00:00+00:00",0,1,15.8445,65.12
2,"2024-02-08 01:30:00+00:00",0,1.5,15.099,65.12
2,"2024-02-08 02:00:00+00:00",0,2,15.099,65.12
2,"2024-02-08 02:30:00+00:00",0,2.5,14.2485,65.12
2,"2024-02-08 03:00:00+00:00",0,3,15.099,65.12
2,"2024-02-08 03:30:00+00:00",0,3.5,14.2485,65.12
2,"2024-02-08 04:00:00+00:00",0,4,14.322,65.12
2,"2024-02-08 04:30:00+00:00",0,4.5,14.2485,65.12
2,"2024-02-08 05:00:00+00:00",0,5,15.288,65.12
2,"2024-02-08 05:30:00+00:00",0,5.5,14.49,65.12
2,"2024-02-08 06:00:00+00:00",0,6,17.535,65.12
2,"2024-02-08 06:30:00+00:00",0,6.5,18.1125,65.12
2,"2024-02-08 07:00:00+00:00",0,7,20.139,65.12
2,"2024-02-08 07:30:00+00:00",0,7.5,22.7955,65.12
2,"2024-02-08 08:00:00+00:00",0,8,21.231,65.12
2,"2024-02-08 08:30:00+00:00",0,8.5,21.735,65.12
2,"2024-02-08 09:00:00+00:00",0,9,18.837,65.12
2,"2024-02-08 09:30:00+00:00",0,9.5,18.2805,65.12
2,"2024-02-08 10:00:00+00:00",0,10,18.3015,65.12
2,"2024-02-08 10:30:00+00:00",0,10.5,18.165,65.12
2,"2024-02-08 11:00:00+00:00",0,11,17.388,65.12
2,"2024-02-08 11:30:00+00:00",0,11.5,17.031,65.12
2,"2024-02-08 12:00:00+00:00",0,12,16.884,65.12
2,"2024-02-08 12:30:00+00:00",0,12.5,17.388,65.12
2,"2024-02-08 13:00:00+00:00",0,13,19.32,65.12
2,"2024-02-08 13:30:00+00:00",0,13.5,17.1255,65.12
2,"2024-02-08 14:00:00+00:00",0,14,17.7765,65.12
2,"2024-02-08 14:30:00+00:00",0,14.5,16.611,65.12
2,"2024-02-08 15:00:00+00:00",0,15,15.2145,65.12
2,"2024-02-08 15:30:00+00:00",0,15.5,18.7635,65.12
2,"2024-02-08 16:00:00+00:00",0,16,27.2475,65.12
2,"2024-02-08 16:30:00+00:00",0,16.5,28.476,65.12
2,"2024-02-08 17:00:00+00:00",0,17,28.455,65.12
2,"2024-02-08 17:30:00+00:00",0,17.5,29.6835,65.12
2,"2024-02-08 18:00:00+00:00",0,18,29.0955,65.12
2,"2024-02-08 18:30:00+00:00",0,18.5,26.649,65.12
2,"2024-02-08 19:00:00+00:00",0,19,17.6295,65.12
2,"2024-02-08 19:30:00+00:00",0,19.5,17.1465,65.12
2,"2024-02-08 20:00:00+00:00",0,20,16.6635,65.12
2,"2024-02-08 20:30:00+00:00",0,20.5,16.1595,65.12
2,"2024-02-08 21:00:00+00:00",0,21,18.837,65.12
2,"2024-02-08 21:30:00+00:00",0,21.5,12.558,65.12
2,"2024-02-08 22:00:00+00:00",0,22,14.973,65.12
2,"2024-02-08 22:30:00+00:00",0,22.5,11.466,65.12
2,"2024-02-08 23:00:00+00:00",0,23,11.13,65.12
2,"2024-02-08 23:30:00+00:00",0,23.5,11.592,65.12
2,"2024-02-09 00:00:00+00:00",0,0,8.4525,65.12
2,"2024-02-09 00:30:00+00:00",0,0.5,11.6655,65.12
2,"2024-02-09 01:00:00+00:00",0,1,11.319,65.12
2,"2024-02-09 01:30:00+00:00",0,1.5,7.245,65.12
2,"2024-02-09 02:00:00+00:00",0,2,8.694,65.12
2,"2024-02-09 02:30:00+00:00",0,2.5,7.245,65.12
2,"2024-02-09 03:00:00+00:00",0,3,8.505,65.12
2,"2024-02-09 03:30:00+00:00",0,3.5,7.245,65.12
2,"2024-02-09 04:00:00+00:00",0,4,6.972,65.12
2,"2024-02-09 04:30:00+00:00",0,4.5,7.245,65.12
2,"2024-02-09 05:00:00+00:00",0,5,9.2505,65.12
2,"2024-02-09 05:30:00+00:00",0,5.5,10.8675,65.12
2,"2024-02-09 06:00:00+00:00",0,6,13.524,65.12
2,"2024-02-09 06:30:00+00:00",0,6.5,15.456,65.12
2,"2024-02-09 07:00:00+00:00",0,7,15.456,65.12
2,"2024-02-09 07:30:00+00:00",0,7.5,16.905,65.12
2,"2024-02-09 08:00:00+00:00",0,8,15.5295,65.12
2,"2024-02-09 08:30:00+00:00",0,8.5,16.737,65.12
2,"2024-02-09 09:00:00+00:00",0,9,16.4955,65.12
2,"2024-02-09 09:30:00+00:00",0,9.5,16.422,65.12
2,"2024-02-09 10:00:00+00:00",0,10,16.023,65.12
2,"2024-02-09 10:30:00+00:00",0,10.5,16.107,65.12
2,"2024-02-09 11:00:00+00:00",0,11,15.8445,65.12
2,"2024-02-09 11:30:00+00:00",0,11.5,16.905,65.12
2,"2024-02-09 12:00:00+00:00",0,12,18.1335,65.12
2,"2024-02-09 12:30:00+00:00",0,12.5,17.9445,65.12
2,"2024-02-09 13:00:00+00:00",0,13,17.6295,65.12
2,"2024-02-09 13:30:00+00:00",0,13.5,16.9995,65.12
2,"2024-02-09 14:00:00+00:00",0,14,16.905,65.12
2,"2024-02-09 14:30:00+00:00",0,14.5,15.96,65.12
2,"2024-02-09 15:00:00+00:00",0,15,16.884,65.12
2,"2024-02-09 15:30:00+00:00",0,15.5,17.7765,65.12
2,"2024-02-09 16:00:00+00:00",0,16,27.489,65.12
2,"2024-02-09 16:30:00+00:00",0,16.5,30.87,65.12
2,"2024-02-09 17:00:00+00:00",0,17,28.938,65.12
2,"2024-02-09 17:30:00+00:00",0,17.5,30.534,65.12
2,"2024-02-09 18:00:00+00:00",0,18,30.87,65.12
2,"2024-02-09 18:30:00+00:00",0,18.5,30.7755,65.12
2,"2024-02-09 19:00:00+00:00",0,19,18.837,65.12
2,"2024-02-09 19:30:00+00:00",0,19.5,16.779,65.12
2,"2024-02-09 20:00:00+00:00",0,20,18.5955,65.12
2,"2024-02-09 20:30:00+00:00",0,20.5,16.6635,65.12
2,"2024-02-09 21:00:00+00:00",0,21,18.207,65.12
2,"2024-02-09 21:30:00+00:00",0,21.5,16.6635,65.12
2,"2024-02-09 22:00:00+00:00",0,22,16.6635,65.12
2,"2024-02-09 22:30:00+00:00",0,22.5,15.456,65.12
2,"2024-02-09 23:00:00+00:00",0,23,14.3325,65.12
2,"2024-02-09 23:30:00+00:00",0,23.5,12.075,65.12
2,"2024-02-10 00:00:00+00:00",1,0,11.592,65.12
2,"2024-02-10 00:30:00+00:00",1,0.5,14.7525,65.12
2,"2024-02-10 01:00:00+00:00",1,1,14.364,65.12
2,"2024-02-10 01:30:00+00:00",1,1.5,13.986,65.12
2,"2024-02-10 02:00:00+00:00",1,2,13.986,65.12
2,"2024-02-10 02:30:00+00:00",1,2.5,14.3115,65.12
2,"2024-02-10 03:00:00+00:00",1,3,13.986,65.12
2,"2024-02-10 03:30:00+00:00",1,3.5,13.986,65.12
2,"2024-02-10 04:00:00+00:00",1,4,15.6765,65.12
2,"2024-02-10 04:30:00+00:00",1,4.5,15.4875,65.12
2,"2024-02-10 05:00:00+00:00",1,5,14.952,65.12
2,"2024-02-10 05:30:00+00:00",1,5.5,13.986,65.12
2,"2024-02-10 06:00:00+00:00",1,6,16.905,65.12
2,"2024-02-10 06:30:00+00:00",1,6.5,16.422,65.12
2,"2024-02-10 07:00:00+00:00",1,7,15.6975,65.12
2,"2024-02-10 07:30:00+00:00",1,7.5,16.905,65.12
2,"2024-02-10 08:00:00+00:00",1,8,15.456,65.12
2,"2024-02-10 08:30:00+00:00",1,8.5,17.388,65.12
2,"2024-02-10 09:00:00+00:00",1,9,15.456,65.12
2,"2024-02-10 09:30:00+00:00",1,9.5,16.6425,65.12
2,"2024-02-10 10:00:00+00:00",1,10,16.233,65.12
2,"2024-02-10 10:30:00+00:00",1,10.5,16.905,65.12
2,"2024-02-10 11:00:00+00:00",1,11,16.128,65.12
2,"2024-02-10 11:30:00+00:00",1,11.5,16.233,65.12
2,"2024-02-10 12:00:00+00:00",1,12,17.388,65.12
2,"2024-02-10 12:30:00+00:00",1,12.5,18.354,65.12
2,"2024-02-10 13:00:00+00:00",1,13,16.905,65.12
2,"2024-02-10 13:30:00+00:00",1,13.5,14.973,65.12
2,"2024-02-10 14:00:00+00:00",1,14,18.039,65.12
2,"2024-02-10 14:30:00+00:00",1,14.5,16.905,65.12
2,"2024-02-10 15:00:00+00:00",1,15,18.1125,65.12
2,"2024-02-10 15:30:00+00:00",1,15.5,16.296,65.12
2,"2024-02-10 16:00:00+00:00",1,16,28.5495,65.12
2,"2024-02-10 16:30:00+00:00",1,16.5,32.487,65.12
2,"2024-02-10 17:00:00+00:00",1,17,32.613,65.12
2,"2024-02-10 17:30:00+00:00",1,17.5,33.768,65.12
2,"2024-02-10 18:00:00+00:00",1,18,32.8755,65.12
2,"2024-02-10 18:30:00+00:00",1,18.5,32.0775,65.12
2,"2024-02-10 19:00:00+00:00",1,19,20.475,65.12
2,"2024-02-10 19:30:00+00:00",1,19.5,16.9995,65.12
2,"2024-02-10 20:00:00+00:00",1,20,18.543,65.12
2,"2024-02-10 20:30:00+00:00",1,20.5,17.388,65.12
2,"2024-02-10 21:00:00+00:00",1,21,16.9995,65.12
2,"2024-02-10 21:30:00+00:00",1,21.5,15.3825,65.12
2,"2024-02-10 22:00:00+00:00",1,22,16.5165,65.12
2,"2024-02-10 22:30:00+00:00",1,22.5,14.847,65.12
2,"2024-02-10 23:00:00+00:00",1,23,15.645,65.12
2,"2024-02-10 23:30:00+00:00",1,23.5,16.422,65.12
2,"2024-02-11 00:00:00+00:00",1,0,14.658,65.12
2,"2024-02-11 00:30:00+00:00",1,0.5,19.32,65.12
2,"2024-02-11 01:00:00+00:00",1,1,18.1125,65.12
2,"2024-02-11 01:30:00+00:00",1,1.5,16.3275,65.12
2,"2024-02-11 02:00:00+00:00",1,2,17.535,65.12
2,"2024-02-11 02:30:00+00:00",1,2.5,15.603,65.12
2,"2024-02-11 03:00:00+00:00",1,3,16.737,65.12
2,"2024-02-11 03:30:00+00:00",1,3.5,15.309,65.12
2,"2024-02-11 04:00:00+00:00",1,4,15.309,65.12
2,"2024-02-11 04:30:00+00:00",1,4.5,14.973,65.12
2,"2024-02-11 05:00:00+00:00",1,5,14.784,65.12
2,"2024-02-11 05:30:00+00:00",1,5.5,14.616,65.12
2,"2024-02-11 06:00:00+00:00",1,6,15.2145,65.12
2,"2024-02-11 06:30:00+00:00",1,6.5,15.5085,65.12
2,"2024-02-11 07:00:00+00:00",1,7,14.616,65.12
2,"2024-02-11 07:30:00+00:00",1,7.5,14.952,65.12
2,"2024-02-11 08:00:00+00:00",1,8,14.973,65.12
2,"2024-02-11 08:30:00+00:00",1,8.5,16.905,65.12
2,"2024-02-11 09:00:00+00:00",1,9,17.514,65.12
2,"2024-02-11 09:30:00+00:00",1,9.5,19.32,65.12
2,"2024-02-11 10:00:00+00:00",1,10,18.354,65.12
2,"2024-02-11 10:30:00+00:00",1,10.5,18.522,65.12
2,"2024-02-11 11:00:00+00:00",1,11,17.7765,65.12
2,"2024-02-11 11:30:00+00:00",1,11.5,18.4485,65.12
2,"2024-02-11 12:00:00+00:00",1,12,18.4065,65.12
2,"2024-02-11 12:30:00+00:00",1,12.5,16.905,65.12
2,"2024-02-11 13:00:00+00:00",1,13,14.7525,65.12
2,"2024-02-11 13:30:00+00:00",1,13.5,13.041,65.12
2,"2024-02-11 14:00:00+00:00",1,14,14.343,65.12
2,"2024-02-11 14:30:00+00:00",1,14.5,12.075,65.12
2,"2024-02-11 15:00:00+00:00",1,15,14.343,65.12
2,"2024-02-11 15:30:00+00:00",1,15.5,14.322,65.12
2,"2024-02-11 16:00:00+00:00",1,16,27.006,65.12
2,"2024-02-11 16:30:00+00:00",1,16.5,31.332,65.12
2,"2024-02-11 17:00:00+00:00",1,17,32.802,65.12
2,"2024-02-11 17:30:00+00:00",1,17.5,33.5265,65.12
2,"2024-02-11 18:00:00+00:00",1,18,32.802,65.12
2,"2024-02-11 18:30:00+00:00",1,18.5,29.421,65.12
2,"2024-02-11 19:00:00+00:00",1,19,20.307,65.12
2,"2024-02-11 19:30:00+00:00",1,19.5,17.367,65.12
2,"2024-02-11 20:00:00+00:00",1,20,19.803,65.12
2,"2024-02-11 20:30:00+00:00",1,20.5,15.96,65.12
2,"2024-02-11 21:00:00+00:00",1,21,16.905,65.12
2,"2024-02-11 21:30:00+00:00",1,21.5,14.343,65.12
2,"2024-02-11 22:00:00+00:00",1,22,15.2145,65.12
2,"2024-02-11 22:30:00+00:00",1,22.5,11.3505,65.12
2,"2024-02-11 23:00:00+00:00",1,23,18.1335,65.12
2,"2024-02-11 23:30:00+00:00",1,23.5,14.679,65.12
2,"2024-02-12 00:00:00+00:00",0,0,11.928,65.12
2,"2024-02-12 00:30:00+00:00",0,0.5,14.847,65.12
2,"2024-02-12 01:00:00+00:00",0,1,16.422,65.12
2,"2024-02-12 01:30:00+00:00",0,1.5,13.7445,65.12
2,"2024-02-12 02:00:00+00:00",0,2,15.309,65.12
2,"2024-02-12 02:30:00+00:00",0,2.5,13.503,65.12
2,"2024-02-12 03:00:00+00:00",0,3,13.524,65.12
2,"2024-02-12 03:30:00+00:00",0,3.5,12.3165,65.12
2,"2024-02-12 04:00:00+00:00",0,4,14.7315,65.12
2,"2024-02-12 04:30:00+00:00",0,4.5,11.592,65.12
2,"2024-02-12 05:00:00+00:00",0,5,14.007,65.12
2,"2024-02-12 05:30:00+00:00",0,5.5,15.5295,65.12
2,"2024-02-12 06:00:00+00:00",0,6,18.5955,65.12
2,"2024-02-12 06:30:00+00:00",0,6.5,20.748,65.12
2,"2024-02-12 07:00:00+00:00",0,7,19.572,65.12
2,"2024-02-12 07:30:00+00:00",0,7.5,20.622,65.12
2,"2024-02-12 08:00:00+00:00",0,8,19.32,65.12
2,"2024-02-12 08:30:00+00:00",0,8.5,20.475,65.12
2,"2024-02-12 09:00:00+00:00",0,9,18.375,65.12
2,"2024-02-12 09:30:00+00:00",0,9.5,14.49,65.12
2,"2024-02-12 10:00:00+00:00",0,10,15.6975,65.12
2,"2024-02-12 10:30:00+00:00",0,10.5,14.007,65.12
2,"2024-02-12 11:00:00+00:00",0,11,12.9885,65.12
2,"2024-02-12 11:30:00+00:00",0,11.5,12.558,65.12
2,"2024-02-12 12:00:00+00:00",0,12,12.558,65.12
2,"2024-02-12 12:30:00+00:00",0,12.5,12.075,65.12
2,"2024-02-12 13:00:00+00:00",0,13,13.23,65.12
2,"2024-02-12 13:30:00+00:00",0,13.5,12.558,65.12
2,"2024-02-12 14:00:00+00:00",0,14,14.5425,65.12
2,"2024-02-12 14:30:00+00:00",0,14.5,13.9125,65.12
2,"2024-02-12 15:00:00+00:00",0,15,14.805,65.12
2,"2024-02-12 15:30:00+00:00",0,15.5,15.645,65.12
2,"2024-02-12 16:00:00+00:00",0,16,24.108,65.12
2,"2024-02-12 16:30:00+00:00",0,16.5,29.904,65.12
2,"2024-02-12 17:00:00+00:00",0,17,29.904,65.12
2,"2024-02-12 17:30:00+00:00",0,17.5,31.7415,65.12
2,"2024-02-12 18:00:00+00:00",0,18,30.7125,65.12
2,"2024-02-12 18:30:00+00:00",0,18.5,29.1585,65.12
2,"2024-02-12 19:00:00+00:00",0,19,20.2335,65.12
2,"2024-02-12 19:30:00+00:00",0,19.5,15.9915,65.12
2,"2024-02-12 20:00:00+00:00",0,20,15.2145,65.12
2,"2024-02-12 20:30:00+00:00",0,20.5,15.267,65.12
2,"2024-02-12 21:00:00+00:00",0,21,17.388,65.12
2,"2024-02-12 21:30:00+00:00",0,21.5,10.626,65.12
2,"2024-02-12 22:00:00+00:00",0,22,15.456,65.12
2,"2024-02-12 22:30:00+00:00",0,22.5,9.261,65.12
2,"2024-02-12 23:00:00+00:00",0,23,14.469,65.12
2,"2024-02-12 23:30:00+00:00",0,23.5,13.692,65.12
2,"2024-02-13 00:00:00+00:00",0,0,13.524,65.12
2,"2024-02-13 00:30:00+00:00",0,0.5,16.1805,65.12
2,"2024-02-13 01:00:00+00:00",0,1,14.49,65.12
2,"2024-02-13 01:30:00+00:00",0,1.5,14.0385,65.12
2,"2024-02-13 02:00:00+00:00",0,2,14.469,65.12
2,"2024-02-13 02:30:00+00:00",0,2.5,14.007,65.12
2,"2024-02-13 03:00:00+00:00",0,3,14.4375,65.12
2,"2024-02-13 03:30:00+00:00",0,3.5,14.007,65.12
2,"2024-02-13 04:00:00+00:00",0,4,14.469,65.12
2,"2024-02-13 04:30:00+00:00",0,4.5,14.469,65.12
2,"2024-02-13 05:00:00+00:00",0,5,15.3825,65.12
2,"2024-02-13 05:30:00+00:00",0,5.5,15.2145,65.12
2,"2024-02-13 06:00:00+00:00",0,6,16.422,65.12
2,"2024-02-13 06:30:00+00:00",0,6.5,16.4325,65.12
2,"2024-02-13 07:00:00+00:00",0,7,13.818,65.12
2,"2024-02-13 07:30:00+00:00",0,7.5,19.0785,65.12
2,"2024-02-13 08:00:00+00:00",0,8,14.5635,65.12
2,"2024-02-13 08:30:00+00:00",0,8.5,17.682,65.12
2,"2024-02-13 09:00:00+00:00",0,9,15.6975,65.12
2,"2024-02-13 09:30:00+00:00",0,9.5,15.6975,65.12
2,"2024-02-13 10:00:00+00:00",0,10,14.49,65.12
2,"2024-02-13 10:30:00+00:00",0,10.5,14.511,65.12
2,"2024-02-13 11:00:00+00:00",0,11,14.469,65.12
2,"2024-02-13 11:30:00+00:00",0,11.5,14.511,65.12
2,"2024-02-13 12:00:00+00:00",0,12,14.637,65.12
2,"2024-02-13 12:30:00+00:00",0,12.5,14.469,65.12
2,"2024-02-13 13:00:00+00:00",0,13,15.456,65.12
2,"2024-02-13 13:30:00+00:00",0,13.5,15.12,65.12
2,"2024-02-13 14:00:00+00:00",0,14,16.422,65.12
2,"2024-02-13 14:30:00+00:00",0,14.5,15.309,65.12
2,"2024-02-13 15:00:00+00:00",0,15,16.779,65.12
2,"2024-02-13 15:30:00+00:00",0,15.5,17.031,65.12
2,"2024-02-13 16:00:00+00:00",0,16,29.883,65.12
2,"2024-02-13 16:30:00+00:00",0,16.5,30.87,65.12
2,"2024-02-13 17:00:00+00:00",0,17,30.1245,65.12
2,"2024-02-13 17:30:00+00:00",0,17.5,31.5945,65.12
2,"2024-02-13 18:00:00+00:00",0,18,30.87,65.12
2,"2024-02-13 18:30:00+00:00",0,18.5,30.891,65.12
2,"2024-02-13 19:00:00+00:00",0,19,19.32,65.12
2,"2024-02-13 19:30:00+00:00",0,19.5,16.1805,65.12
2,"2024-02-13 20:00:00+00:00",0,20,15.603,65.12
2,"2024-02-13 20:30:00+00:00",0,20.5,16.296,65.12
2,"2024-02-13 21:00:00+00:00",0,21,16.0125,65.12
2,"2024-02-13 21:30:00+00:00",0,21.5,15.96,65.12
2,"2024-02-13 22:00:00+00:00",0,22,16.569,65.12
2,"2024-02-13 22:30:00+00:00",0,22.5,13.2825,65.12
2,"2024-02-13 23:00:00+00:00",0,23,17.472,65.12
2,"2024-02-13 23:30:00+00:00",0,23.5,15.6975,65.12
2,"2024-02-14 00:00:00+00:00",0,0,14.343,65.12
2,"2024-02-14 00:30:00+00:00",0,0.5,17.409,65.12
2,"2024-02-14 01:00:00+00:00",0,1,17.4615,65.12
2,"2024-02-14 01:30:00+00:00",0,1.5,15.0465,65.12
2,"2024-02-14 02:00:00+00:00",0,2,14.973,65.12
2,"2024-02-14 02:30:00+00:00",0,2.5,13.9545,65.12
2,"2024-02-14 03:00:00+00:00",0,3,13.9335,65.12
2,"2024-02-14 03:30:00+00:00",0,3.5,13.9335,65.12
2,"2024-02-14 04:00:00+00:00",0,4,13.9335,65.12
2,"2024-02-14 04:30:00+00:00",0,4.5,13.9335,65.12
2,"2024-02-14 05:00:00+00:00",0,5,15.099,65.12
2,"2024-02-14 05:30:00+00:00",0,5.5,13.209,65.12
2,"2024-02-14 06:00:00+00:00",0,6,16.611,65.12
2,"2024-02-14 06:30:00+00:00",0,6.5,16.4115,65.12
2,"2024-02-14 07:00:00+00:00",0,7,14.973,65.12
2,"2024-02-14 07:30:00+00:00",0,7.5,18.1125,65.12
2,"2024-02-14 08:00:00+00:00",0,8,16.065,65.12
2,"2024-02-14 08:30:00+00:00",0,8.5,18.1125,65.12
2,"2024-02-14 09:00:00+00:00",0,9,17.1465,65.12
2,"2024-02-14 09:30:00+00:00",0,9.5,17.388,65.12
2,"2024-02-14 10:00:00+00:00",0,10,17.871,65.12
2,"2024-02-14 10:30:00+00:00",0,10.5,16.9995,65.12
2,"2024-02-14 11:00:00+00:00",0,11,16.548,65.12
2,"2024-02-14 11:30:00+00:00",0,11.5,16.4955,65.12
2,"2024-02-14 12:00:00+00:00",0,12,16.905,65.12
2,"2024-02-14 12:30:00+00:00",0,12.5,15.2145,65.12
2,"2024-02-14 13:00:00+00:00",0,13,15.939,65.12
2,"2024-02-14 13:30:00+00:00",0,13.5,15.099,65.12
2,"2024-02-14 14:00:00+00:00",0,14,16.6635,65.12
2,"2024-02-14 14:30:00+00:00",0,14.5,14.5845,65.12
2,"2024-02-14 15:00:00+00:00",0,15,15.0465,65.12
2,"2024-02-14 15:30:00+00:00",0,15.5,14.973,65.12
2,"2024-02-14 16:00:00+00:00",0,16,27.489,65.12
2,"2024-02-14 16:30:00+00:00",0,16.5,28.938,65.12
2,"2024-02-14 17:00:00+00:00",0,17,28.5495,65.12
2,"2024-02-14 17:30:00+00:00",0,17.5,30.387,65.12
2,"2024-02-14 18:00:00+00:00",0,18,29.6625,65.12
2,"2024-02-14 18:30:00+00:00",0,18.5,29.6625,65.12
2,"2024-02-14 19:00:00+00:00",0,19,17.22,65.12
2,"2024-02-14 19:30:00+00:00",0,19.5,14.2695,65.12
2,"2024-02-14 20:00:00+00:00",0,20,15.078,65.12
2,"2024-02-14 20:30:00+00:00",0,20.5,14.49,65.12
2,"2024-02-14 21:00:00+00:00",0,21,16.233,65.12
2,"2024-02-14 21:30:00+00:00",0,21.5,15.1095,65.12
2,"2024-02-14 22:00:00+00:00",0,22,14.133,65.12
2,"2024-02-14 22:30:00+00:00",0,22.5,13.2615,65.12
2,"2024-02-14 23:00:00+00:00",0,23,14.154,65.12
2,"2024-02-14 23:30:00+00:00",0,23.5,12.558,65.12
2,"2024-02-15 00:00:00+00:00",0,0,12.726,65.12
2,"2024-02-15 00:30:00+00:00",0,0.5,13.2615,65.12
2,"2024-02-15 01:00:00+00:00",0,1,12.852,65.12
2,"2024-02-15 01:30:00+00:00",0,1.5,11.592,65.12
2,"2024-02-15 02:00:00+00:00",0,2,12.075,65.12
2,"2024-02-15 02:30:00+00:00",0,2.5,11.592,65.12
2,"2024-02-15 03:00:00+00:00",0,3,12.4635,65.12
2,"2024-02-15 03:30:00+00:00",0,3.5,11.592,65.12
2,"2024-02-15 04:00:00+00:00",0,4,12.4635,65.12
2,"2024-02-15 04:30:00+00:00",0,4.5,12.075,65.12
2,"2024-02-15 05:00:00+00:00",0,5,13.4715,65.12
2,"2024-02-15 05:30:00+00:00",0,5.5,13.5975,65.12
2,"2024-02-15 06:00:00+00:00",0,6,15.267,65.12
2,"2024-02-15 06:30:00+00:00",0,6.5,14.973,65.12
2,"2024-02-15 07:00:00+00:00",0,7,14.49,65.12
2,"2024-02-15 07:30:00+00:00",0,7.5,16.905,65.12
2,"2024-02-15 08:00:00+00:00",0,8,14.1015,65.12
2,"2024-02-15 08:30:00+00:00",0,8.5,15.9915,65.12
2,"2024-02-15 09:00:00+00:00",0,9,15.2145,65.12
2,"2024-02-15 09:30:00+00:00",0,9.5,15.309,65.12
2,"2024-02-15 10:00:00+00:00",0,10,14.49,65.12
2,"2024-02-15 10:30:00+00:00",0,10.5,13.692,65.12
2,"2024-02-15 11:00:00+00:00",0,11,13.524,65.12
2,"2024-02-15 11:30:00+00:00",0,11.5,13.6185,65.12
2,"2024-02-15 12:00:00+00:00",0,12,13.6185,65.12
2,"2024-02-15 12:30:00+00:00",0,12.5,13.9125,65.12
2,"2024-02-15 13:00:00+00:00",0,13,13.9335,65.12
2,"2024-02-15 13:30:00+00:00",0,13.5,14.5845,65.12
2,"2024-02-15 14:00:00+00:00",0,14,16.8525,65.12
2,"2024-02-15 14:30:00+00:00",0,14.5,14.49,65.12
2,"2024-02-15 15:00:00+00:00",0,15,15.7185,65.12
2,"2024-02-15 15:30:00+00:00",0,15.5,17.388,65.12
2,"2024-02-15 16:00:00+00:00",0,16,28.8855,65.12
2,"2024-02-15 16:30:00+00:00",0,16.5,30.093,65.12
2,"2024-02-15 17:00:00+00:00",0,17,27.342,65.12
2,"2024-02-15 17:30:00+00:00",0,17.5,30.4815,65.12
2,"2024-02-15 18:00:00+00:00",0,18,29.421,65.12
2,"2024-02-15 18:30:00+00:00",0,18.5,29.064,65.12
2,"2024-02-15 19:00:00+00:00",0,19,17.9235,65.12
2,"2024-02-15 19:30:00+00:00",0,19.5,16.233,65.12
2,"2024-02-15 20:00:00+00:00",0,20,15.456,65.12
2,"2024-02-15 20:30:00+00:00",0,20.5,13.818,65.12
2,"2024-02-15 21:00:00+00:00",0,21,14.5005,65.12
2,"2024-02-15 21:30:00+00:00",0,21.5,13.6185,65.12
2,"2024-02-15 22:00:00+00:00",0,22,14.2485,65.12
2,"2024-02-15 22:30:00+00:00",0,22.5,13.398,65.12
2,"2024-02-15 23:00:00+00:00",0,23,13.9545,65.12
2,"2024-02-15 23:30:00+00:00",0,23.5,13.4505,65.12
2,"2024-02-16 00:00:00+00:00",0,0,13.4295,65.12
2,"2024-02-16 00:30:00+00:00",0,0.5,14.007,65.12
2,"2024-02-16 01:00:00+00:00",0,1,13.2825,65.12
2,"2024-02-16 01:30:00+00:00",0,1.5,12.558,65.12
2,"2024-02-16 02:00:00+00:00",0,2,13.1355,65.12
2,"2024-02-16 02:30:00+00:00",0,2.5,12.558,65.12
2,"2024-02-16 03:00:00+00:00",0,3,12.705,65.12
2,"2024-02-16 03:30:00+00:00",0,3.5,12.3165,65.12
2,"2024-02-16 04:00:00+00:00",0,4,12.537,65.12
2,"2024-02-16 04:30:00+00:00",0,4.5,12.3165,65.12
2,"2024-02-16 05:00:00+00:00",0,5,12.075,65.12
2,"2024-02-16 05:30:00+00:00",0,5.5,11.6655,65.12
2,"2024-02-16 06:00:00+00:00",0,6,15.2145,65.12
2,"2024-02-16 06:30:00+00:00",0,6.5,15.309,65.12
2,"2024-02-16 07:00:00+00:00",0,7,13.839,65.12
2,"2024-02-16 07:30:00+00:00",0,7.5,15.1935,65.12
2,"2024-02-16 08:00:00+00:00",0,8,15.6975,65.12
2,"2024-02-16 08:30:00+00:00",0,8.5,16.422,65.12
2,"2024-02-16 09:00:00+00:00",0,9,15.75,65.12
2,"2024-02-16 09:30:00+00:00",0,9.5,14.3535,65.12
2,"2024-02-16 10:00:00+00:00",0,10,15.456,65.12
2,"2024-02-16 10:30:00+00:00",0,10.5,14.49,65.12
2,"2024-02-16 11:00:00+00:00",0,11,14.0805,65.12
2,"2024-02-16 11:30:00+00:00",0,11.5,14.133,65.12
2,"2024-02-16 12:00:00+00:00",0,12,14.364,65.12
2,"2024-02-16 12:30:00+00:00",0,12.5,14.154,65.12
2,"2024-02-16 13:00:00+00:00",0,13,13.9545,65.12
2,"2024-02-16 13:30:00+00:00",0,13.5,13.839,65.12
2,"2024-02-16 14:00:00+00:00",0,14,13.692,65.12
2,"2024-02-16 14:30:00+00:00",0,14.5,13.839,65.12
2,"2024-02-16 15:00:00+00:00",0,15,14.49,65.12
2,"2024-02-16 15:30:00+00:00",0,15.5,14.49,65.12
2,"2024-02-16 16:00:00+00:00",0,16,25.851,65.12
2,"2024-02-16 16:30:00+00:00",0,16.5,27.132,65.12
2,"2024-02-16 17:00:00+00:00",0,17,26.7855,65.12
2,"2024-02-16 17:30:00+00:00",0,17.5,29.8305,65.12
2,"2024-02-16 18:00:00+00:00",0,18,30.2925,65.12
2,"2024-02-16 18:30:00+00:00",0,18.5,28.938,65.12
2,"2024-02-16 19:00:00+00:00",0,19,19.803,65.12
2,"2024-02-16 19:30:00+00:00",0,19.5,16.443,65.12
2,"2024-02-16 20:00:00+00:00",0,20,18.165,65.12
2,"2024-02-16 20:30:00+00:00",0,20.5,15.6975,65.12
2,"2024-02-16 21:00:00+00:00",0,21,15.477,65.12
2,"2024-02-16 21:30:00+00:00",0,21.5,13.692,65.12
2,"2024-02-16 22:00:00+00:00",0,22,15.456,65.12
2,"2024-02-16 22:30:00+00:00",0,22.5,13.818,65.12
2,"2024-02-16 23:00:00+00:00",0,23,15.5085,65.12
2,"2024-02-16 23:30:00+00:00",0,23.5,15.6975,65.12
2,"2024-02-17 00:00:00+00:00",1,0,14.679,65.12
2,"2024-02-17 00:30:00+00:00",1,0.5,15.939,65.12
2,"2024-02-17 01:00:00+00:00",1,1,14.2485,65.12
2,"2024-02-17 01:30:00+00:00",1,1.5,13.23,65.12
2,"2024-02-17 02:00:00+00:00",1,2,14.0595,65.12
2,"2024-02-17 02:30:00+00:00",1,2.5,13.23,65.12
2,"2024-02-17 03:00:00+00:00",1,3,13.23,65.12
2,"2024-02-17 03:30:00+00:00",1,3.5,13.23,65.12
2,"2024-02-17 04:00:00+00:00",1,4,13.23,65.12
2,"2024-02-17 04:30:00+00:00",1,4.5,13.23,65.12
2,"2024-02-17 05:00:00+00:00",1,5,13.23,65.12
2,"2024-02-17 05:30:00+00:00",1,5.5,13.23,65.12
2,"2024-02-17 06:00:00+00:00",1,6,13.818,65.12
2,"2024-02-17 06:30:00+00:00",1,6.5,14.847,65.12
2,"2024-02-17 07:00:00+00:00",1,7,14.7525,65.12
2,"2024-02-17 07:30:00+00:00",1,7.5,16.9575,65.12
2,"2024-02-17 08:00:00+00:00",1,8,15.918,65.12
2,"2024-02-17 08:30:00+00:00",1,8.5,18.48,65.12
2,"2024-02-17 09:00:00+00:00",1,9,16.905,65.12
2,"2024-02-17 09:30:00+00:00",1,9.5,16.905,65.12
2,"2024-02-17 10:00:00+00:00",1,10,16.6635,65.12
2,"2024-02-17 10:30:00+00:00",1,10.5,15.456,65.12
2,"2024-02-17 11:00:00+00:00",1,11,14.49,65.12
2,"2024-02-17 11:30:00+00:00",1,11.5,14.301,65.12
2,"2024-02-17 12:00:00+00:00",1,12,13.524,65.12
2,"2024-02-17 12:30:00+00:00",1,12.5,13.4505,65.12
2,"2024-02-17 13:00:00+00:00",1,13,13.4505,65.12
2,"2024-02-17 13:30:00+00:00",1,13.5,13.1355,65.12
2,"2024-02-17 14:00:00+00:00",1,14,13.7655,65.12
2,"2024-02-17 14:30:00+00:00",1,14.5,13.4505,65.12
2,"2024-02-17 15:00:00+00:00",1,15,14.364,65.12
2,"2024-02-17 15:30:00+00:00",1,15.5,13.524,65.12
2,"2024-02-17 16:00:00+00:00",1,16,27.4365,65.12
2,"2024-02-17 16:30:00+00:00",1,16.5,27.489,65.12
2,"2024-02-17 17:00:00+00:00",1,17,28.5495,65.12
2,"2024-02-17 17:30:00+00:00",1,17.5,30.4815,65.12
2,"2024-02-17 18:00:00+00:00",1,18,29.6625,65.12
2,"2024-02-17 18:30:00+00:00",1,18.5,26.7015,65.12
2,"2024-02-17 19:00:00+00:00",1,19,16.59,65.12
2,"2024-02-17 19:30:00+00:00",1,19.5,13.839,65.12
2,"2024-02-17 20:00:00+00:00",1,20,15.456,65.12
2,"2024-02-17 20:30:00+00:00",1,20.5,14.4375,65.12
2,"2024-02-17 21:00:00+00:00",1,21,14.7315,65.12
2,"2024-02-17 21:30:00+00:00",1,21.5,14.007,65.12
2,"2024-02-17 22:00:00+00:00",1,22,13.524,65.12
2,"2024-02-17 22:30:00+00:00",1,22.5,14.133,65.12
2,"2024-02-17 23:00:00+00:00",1,23,13.251,65.12
2,"2024-02-17 23:30:00+00:00",1,23.5,9.7125,65.12
2,"2024-02-18 00:00:00+00:00",1,0,8.694,65.12
2,"2024-02-18 00:30:00+00:00",1,0.5,11.088,65.12
2,"2024-02-18 01:00:00+00:00",1,1,11.9805,65.12
2,"2024-02-18 01:30:00+00:00",1,1.5,11.466,65.12
2,"2024-02-18 02:00:00+00:00",1,2,9.66,65.12
2,"2024-02-18 02:30:00+00:00",1,2.5,9.66,65.12
2,"2024-02-18 03:00:00+00:00",1,3,10.5525,65.12
2,"2024-02-18 03:30:00+00:00",1,3.5,10.8675,65.12
2,"2024-02-18 04:00:00+00:00",1,4,10.605,65.12
2,"2024-02-18 04:30:00+00:00",1,4.5,11.4975,65.12
2,"2024-02-18 05:00:00+00:00",1,5,10.8675,65.12
2,"2024-02-18 05:30:00+00:00",1,5.5,12.0015,65.12
2,"2024-02-18 06:00:00+00:00",1,6,13.041,65.12
2,"2024-02-18 06:30:00+00:00",1,6.5,13.7655,65.12
2,"2024-02-18 07:00:00+00:00",1,7,12.7995,65.12
2,"2024-02-18 07:30:00+00:00",1,7.5,14.007,65.12
2,"2024-02-18 08:00:00+00:00",1,8,12.4635,65.12
2,"2024-02-18 08:30:00+00:00",1,8.5,14.175,65.12
2,"2024-02-18 09:00:00+00:00",1,9,14.2485,65.12
2,"2024-02-18 09:30:00+00:00",1,9.5,14.637,65.12
2,"2024-02-18 10:00:00+00:00",1,10,15.8445,65.12
2,"2024-02-18 10:30:00+00:00",1,10.5,16.5165,65.12
2,"2024-02-18 11:00:00+00:00",1,11,16.422,65.12
2,"2024-02-18 11:30:00+00:00",1,11.5,16.1805,65.12
2,"2024-02-18 12:00:00+00:00",1,12,15.6975,65.12
2,"2024-02-18 12:30:00+00:00",1,12.5,14.49,65.12
2,"2024-02-18 13:00:00+00:00",1,13,14.49,65.12
2,"2024-02-18 13:30:00+00:00",1,13.5,13.524,65.12
2,"2024-02-18 14:00:00+00:00",1,14,13.692,65.12
2,"2024-02-18 14:30:00+00:00",1,14.5,12.9675,65.12
2,"2024-02-18 15:00:00+00:00",1,15,13.5975,65.12
2,"2024-02-18 15:30:00+00:00",1,15.5,13.293,65.12
2,"2024-02-18 16:00:00+00:00",1,16,26.019,65.12
2,"2024-02-18 16:30:00+00:00",1,16.5,27.657,65.12
2,"2024-02-18 17:00:00+00:00",1,17,27.615,65.12
2,"2024-02-18 17:30:00+00:00",1,17.5,30.4395,65.12
2,"2024-02-18 18:00:00+00:00",1,18,30.4605,65.12
2,"2024-02-18 18:30:00+00:00",1,18.5,27.5415,65.12
2,"2024-02-18 19:00:00+00:00",1,19,16.758,65.12
2,"2024-02-18 19:30:00+00:00",1,19.5,15.0465,65.12
2,"2024-02-18 20:00:00+00:00",1,20,14.49,65.12
2,"2024-02-18 20:30:00+00:00",1,20.5,12.684,65.12
2,"2024-02-18 21:00:00+00:00",1,21,15.5505,65.12
2,"2024-02-18 21:30:00+00:00",1,21.5,13.566,65.12
2,"2024-02-18 22:00:00+00:00",1,22,14.49,65.12
2,"2024-02-18 22:30:00+00:00",1,22.5,12.7365,65.12
2,"2024-02-18 23:00:00+00:00",1,23,13.7655,65.12
2,"2024-02-18 23:30:00+00:00",1,23.5,12.6525,65.12
2,"2024-02-19 00:00:00+00:00",0,0,12.075,65.12
2,"2024-02-19 00:30:00+00:00",0,0.5,12.558,65.12
2,"2024-02-19 01:00:00+00:00",0,1,11.3505,65.12
2,"2024-02-19 01:30:00+00:00",0,1.5,9.66,65.12
2,"2024-02-19 02:00:00+00:00",0,2,10.8675,65.12
2,"2024-02-19 02:30:00+00:00",0,2.5,9.66,65.12
2,"2024-02-19 03:00:00+00:00",0,3,9.996,65.12
2,"2024-02-19 03:30:00+00:00",0,3.5,9.66,65.12
2,"2024-02-19 04:00:00+00:00",0,4,10.752,65.12
2,"2024-02-19 04:30:00+00:00",0,4.5,9.66,65.12
2,"2024-02-19 05:00:00+00:00",0,5,12.3165,65.12
2,"2024-02-19 05:30:00+00:00",0,5.5,13.524,65.12
2,"2024-02-19 06:00:00+00:00",0,6,14.49,65.12
2,"2024-02-19 06:30:00+00:00",0,6.5,15.582,65.12
2,"2024-02-19 07:00:00+00:00",0,7,14.2275,65.12
2,"2024-02-19 07:30:00+00:00",0,7.5,16.59,65.12
2,"2024-02-19 08:00:00+00:00",0,8,12.9885,65.12
2,"2024-02-19 08:30:00+00:00",0,8.5,14.3955,65.12
2,"2024-02-19 09:00:00+00:00",0,9,13.1355,65.12
2,"2024-02-19 09:30:00+00:00",0,9.5,12.9885,65.12
2,"2024-02-19 10:00:00+00:00",0,10,12.9885,65.12
2,"2024-02-19 10:30:00+00:00",0,10.5,12.9885,65.12
2,"2024-02-19 11:00:00+00:00",0,11,12.0225,65.12
2,"2024-02-19 11:30:00+00:00",0,11.5,11.8335,65.12
2,"2024-02-19 12:00:00+00:00",0,12,11.8335,65.12
2,"2024-02-19 12:30:00+00:00",0,12.5,11.9805,65.12
2,"2024-02-19 13:00:00+00:00",0,13,11.8335,65.12
2,"2024-02-19 13:30:00+00:00",0,13.5,11.8335,65.12
2,"2024-02-19 14:00:00+00:00",0,14,12.9885,65.12
2,"2024-02-19 14:30:00+00:00",0,14.5,13.524,65.12
2,"2024-02-19 15:00:00+00:00",0,15,14.49,65.12
2,"2024-02-19 15:30:00+00:00",0,15.5,14.196,65.12
2,"2024-02-19 16:00:00+00:00",0,16,25.242,65.12
2,"2024-02-19 16:30:00+00:00",0,16.5,28.161,65.12
2,"2024-02-19 17:00:00+00:00",0,17,27.006,65.12
2,"2024-02-19 17:30:00+00:00",0,17.5,29.1585,65.12
2,"2024-02-19 18:00:00+00:00",0,18,28.602,65.12
2,"2024-02-19 18:30:00+00:00",0,18.5,27.1425,65.12
2,"2024-02-19 19:00:00+00:00",0,19,18.354,65.12
2,"2024-02-19 19:30:00+00:00",0,19.5,15.6975,65.12
2,"2024-02-19 20:00:00+00:00",0,20,14.784,65.12
2,"2024-02-19 20:30:00+00:00",0,20.5,13.2825,65.12
2,"2024-02-19 21:00:00+00:00",0,21,13.4505,65.12
2,"2024-02-19 21:30:00+00:00",0,21.5,14.0805,65.12
2,"2024-02-19 22:00:00+00:00",0,22,14.175,65.12
2,"2024-02-19 22:30:00+00:00",0,22.5,11.592,65.12
2,"2024-02-19 23:00:00+00:00",0,23,12.1275,65.12
2,"2024-02-19 23:30:00+00:00",0,23.5,8.4525,65.12
2,"2024-02-20 00:00:00+00:00",0,0,8.694,65.12
2,"2024-02-20 00:30:00+00:00",0,0.5,10.8675,65.12
2,"2024-02-20 01:00:00+00:00",0,1,11.8335,65.12
2,"2024-02-20 01:30:00+00:00",0,1.5,11.8125,65.12
2,"2024-02-20 02:00:00+00:00",0,2,12.075,65.12
2,"2024-02-20 02:30:00+00:00",0,2.5,10.1115,65.12
2,"2024-02-20 03:00:00+00:00",0,3,11.8335,65.12
2,"2024-02-20 03:30:00+00:00",0,3.5,9.177,65.12
2,"2024-02-20 04:00:00+00:00",0,4,12.096,65.12
2,"2024-02-20 04:30:00+00:00",0,4.5,10.0485,65.12
2,"2024-02-20 05:00:00+00:00",0,5,14.4795,65.12
2,"2024-02-20 05:30:00+00:00",0,5.5,13.986,65.12
2,"2024-02-20 06:00:00+00:00",0,6,15.0675,65.12
2,"2024-02-20 06:30:00+00:00",0,6.5,17.6295,65.12
2,"2024-02-20 07:00:00+00:00",0,7,16.926,65.12
2,"2024-02-20 07:30:00+00:00",0,7.5,18.165,65.12
2,"2024-02-20 08:00:00+00:00",0,8,14.5425,65.12
2,"2024-02-20 08:30:00+00:00",0,8.5,16.1805,65.12
2,"2024-02-20 09:00:00+00:00",0,9,14.007,65.12
2,"2024-02-20 09:30:00+00:00",0,9.5,13.818,65.12
2,"2024-02-20 10:00:00+00:00",0,10,13.272,65.12
2,"2024-02-20 10:30:00+00:00",0,10.5,13.041,65.12
2,"2024-02-20 11:00:00+00:00",0,11,12.075,65.12
2,"2024-02-20 11:30:00+00:00",0,11.5,12.075,65.12
2,"2024-02-20 12:00:00+00:00",0,12,12.075,65.12
2,"2024-02-20 12:30:00+00:00",0,12.5,12.075,65.12
2,"2024-02-20 13:00:00+00:00",0,13,12.075,65.12
2,"2024-02-20 13:30:00+00:00",0,13.5,12.558,65.12
2,"2024-02-20 14:00:00+00:00",0,14,13.041,65.12
2,"2024-02-20 14:30:00+00:00",0,14.5,12.7995,65.12
2,"2024-02-20 15:00:00+00:00",0,15,14.2485,65.12
2,"2024-02-20 15:30:00+00:00",0,15.5,14.301,65.12
2,"2024-02-20 16:00:00+00:00",0,16,24.591,65.12
2,"2024-02-20 16:30:00+00:00",0,16.5,26.2815,65.12
2,"2024-02-20 17:00:00+00:00",0,17,24.759,65.12
2,"2024-02-20 17:30:00+00:00",0,17.5,27.2685,65.12
2,"2024-02-20 18:00:00+00:00",0,18,28.0455,65.12
2,"2024-02-20 18:30:00+00:00",0,18.5,28.455,65.12
2,"2024-02-20 19:00:00+00:00",0,19,16.8525,65.12
2,"2024-02-20 19:30:00+00:00",0,19.5,16.254,65.12
2,"2024-02-20 20:00:00+00:00",0,20,15.603,65.12
2,"2024-02-20 20:30:00+00:00",0,20.5,14.364,65.12
2,"2024-02-20 21:00:00+00:00",0,21,15.2145,65.12
2,"2024-02-20 21:30:00+00:00",0,21.5,13.503,65.12
2,"2024-02-20 22:00:00+00:00",0,22,13.524,65.12
2,"2024-02-20 22:30:00+00:00",0,22.5,13.041,65.12
2,"2024-02-20 23:00:00+00:00",0,23,13.335,65.12
2,"2024-02-20 23:30:00+00:00",0,23.5,13.335,65.12
2,"2024-02-21 00:00:00+00:00",0,0,13.23,65.12
2,"2024-02-21 00:30:00+00:00",0,0.5,13.335,65.12
2,"2024-02-21 01:00:00+00:00",0,1,13.188,65.12
2,"2024-02-21 01:30:00+00:00",0,1.5,11.928,65.12
2,"2024-02-21 02:00:00+00:00",0,2,10.626,65.12
2,"2024-02-21 02:30:00+00:00",0,2.5,7.9905,65.12
2,"2024-02-21 03:00:00+00:00",0,3,11.109,65.12
2,"2024-02-21 03:30:00+00:00",0,3.5,6.6255,65.12
2,"2024-02-21 04:00:00+00:00",0,4,10.143,65.12
2,"2024-02-21 04:30:00+00:00",0,4.5,6.762,65.12
2,"2024-02-21 05:00:00+00:00",0,5,10.626,65.12
2,"2024-02-21 05:30:00+00:00",0,5.5,10.8675,65.12
2,"2024-02-21 06:00:00+00:00",0,6,13.335,65.12
2,"2024-02-21 06:30:00+00:00",0,6.5,15.939,65.12
2,"2024-02-21 07:00:00+00:00",0,7,13.545,65.12
2,"2024-02-21 07:30:00+00:00",0,7.5,15.939,65.12
2,"2024-02-21 08:00:00+00:00",0,8,13.335,65.12
2,"2024-02-21 08:30:00+00:00",0,8.5,15.0465,65.12
2,"2024-02-21 09:00:00+00:00",0,9,13.377,65.12
2,"2024-02-21 09:30:00+00:00",0,9.5,13.5765,65.12
2,"2024-02-21 10:00:00+00:00",0,10,13.0725,65.12
2,"2024-02-21 10:30:00+00:00",0,10.5,13.062,65.12
2,"2024-02-21 11:00:00+00:00",0,11,12.369,65.12
2,"2024-02-21 11:30:00+00:00",0,11.5,12.4635,65.12
2,"2024-02-21 12:00:00+00:00",0,12,12.3165,65.12
2,"2024-02-21 12:30:00+00:00",0,12.5,12.222,65.12
2,"2024-02-21 13:00:00+00:00",0,13,12.3165,65.12
2,"2024-02-21 13:30:00+00:00",0,13.5,12.075,65.12
2,"2024-02-21 14:00:00+00:00",0,14,11.9805,65.12
2,"2024-02-21 14:30:00+00:00",0,14.5,11.9805,65.12
2,"2024-02-21 15:00:00+00:00",0,15,11.3505,65.12
2,"2024-02-21 15:30:00+00:00",0,15.5,12.1275,65.12
2,"2024-02-21 16:00:00+00:00",0,16,23.625,65.12
2,"2024-02-21 16:30:00+00:00",0,16.5,26.04,65.12
2,"2024-02-21 17:00:00+00:00",0,17,24.885,65.12
2,"2024-02-21 17:30:00+00:00",0,17.5,28.161,65.12
2,"2024-02-21 18:00:00+00:00",0,18,28.938,65.12
2,"2024-02-21 18:30:00+00:00",0,18.5,28.161,65.12
2,"2024-02-21 19:00:00+00:00",0,19,16.9995,65.12
2,"2024-02-21 19:30:00+00:00",0,19.5,15.8445,65.12
2,"2024-02-21 20:00:00+00:00",0,20,15.456,65.12
2,"2024-02-21 20:30:00+00:00",0,20.5,14.49,65.12
2,"2024-02-21 21:00:00+00:00",0,21,14.301,65.12
2,"2024-02-21 21:30:00+00:00",0,21.5,12.075,65.12
2,"2024-02-21 22:00:00+00:00",0,22,9.639,65.12
2,"2024-02-21 22:30:00+00:00",0,22.5,5.0505,65.12
2,"2024-02-21 23:00:00+00:00",0,23,7.0035,65.12
2,"2024-02-21 23:30:00+00:00",0,23.5,3.864,65.12
2,"2024-02-22 00:00:00+00:00",0,0,3.6225,65.12
2,"2024-02-22 00:30:00+00:00",0,0.5,5.7015,65.12
2,"2024-02-22 01:00:00+00:00",0,1,5.796,65.12
2,"2024-02-22 01:30:00+00:00",0,1.5,5.019,65.12
2,"2024-02-22 02:00:00+00:00",0,2,7.0035,65.12
2,"2024-02-22 02:30:00+00:00",0,2.5,6.762,65.12
2,"2024-02-22 03:00:00+00:00",0,3,7.245,65.12
2,"2024-02-22 03:30:00+00:00",0,3.5,5.4075,65.12
2,"2024-02-22 04:00:00+00:00",0,4,9.639,65.12
2,"2024-02-22 04:30:00+00:00",0,4.5,9.639,65.12
2,"2024-02-22 05:00:00+00:00",0,5,10.8675,65.12
2,"2024-02-22 05:30:00+00:00",0,5.5,11.592,65.12
2,"2024-02-22 06:00:00+00:00",0,6,13.041,65.12
2,"2024-02-22 06:30:00+00:00",0,6.5,13.4295,65.12
2,"2024-02-22 07:00:00+00:00",0,7,14.49,65.12
2,"2024-02-22 07:30:00+00:00",0,7.5,18.186,65.12
2,"2024-02-22 08:00:00+00:00",0,8,14.364,65.12
2,"2024-02-22 08:30:00+00:00",0,8.5,15.288,65.12
2,"2024-02-22 09:00:00+00:00",0,9,15.2145,65.12
2,"2024-02-22 09:30:00+00:00",0,9.5,15.2355,65.12
2,"2024-02-22 10:00:00+00:00",0,10,14.49,65.12
2,"2024-02-22 10:30:00+00:00",0,10.5,13.7865,65.12
2,"2024-02-22 11:00:00+00:00",0,11,14.5635,65.12
2,"2024-02-22 11:30:00+00:00",0,11.5,14.847,65.12
2,"2024-02-22 12:00:00+00:00",0,12,14.7315,65.12
2,"2024-02-22 12:30:00+00:00",0,12.5,14.7315,65.12
2,"2024-02-22 13:00:00+00:00",0,13,14.0805,65.12
2,"2024-02-22 13:30:00+00:00",0,13.5,13.503,65.12
2,"2024-02-22 14:00:00+00:00",0,14,13.503,65.12
2,"2024-02-22 14:30:00+00:00",0,14.5,13.503,65.12
2,"2024-02-22 15:00:00+00:00",0,15,11.1615,65.12
2,"2024-02-22 15:30:00+00:00",0,15.5,13.4505,65.12
2,"2024-02-22 16:00:00+00:00",0,16,24.8325,65.12
2,"2024-02-22 16:30:00+00:00",0,16.5,26.7645,65.12
2,"2024-02-22 17:00:00+00:00",0,17,28.3185,65.12
2,"2024-02-22 17:30:00+00:00",0,17.5,30.093,65.12
2,"2024-02-22 18:00:00+00:00",0,18,30.744,65.12
2,"2024-02-22 18:30:00+00:00",0,18.5,28.6965,65.12
2,"2024-02-22 19:00:00+00:00",0,19,16.905,65.12
2,"2024-02-22 19:30:00+00:00",0,19.5,15.6975,65.12
2,"2024-02-22 20:00:00+00:00",0,20,14.4375,65.12
2,"2024-02-22 20:30:00+00:00",0,20.5,12.432,65.12
2,"2024-02-22 21:00:00+00:00",0,21,13.6185,65.12
2,"2024-02-22 21:30:00+00:00",0,21.5,13.2825,65.12
2,"2024-02-22 22:00:00+00:00",0,22,11.3295,65.12
2,"2024-02-22 22:30:00+00:00",0,22.5,9.2715,65.12
2,"2024-02-22 23:00:00+00:00",0,23,13.524,65.12
2,"2024-02-22 23:30:00+00:00",0,23.5,13.1145,65.12
2,"2024-02-23 00:00:00+00:00",0,0,12.8205,65.12
2,"2024-02-23 00:30:00+00:00",0,0.5,13.7655,65.12
2,"2024-02-23 01:00:00+00:00",0,1,13.4715,65.12
2,"2024-02-23 01:30:00+00:00",0,1.5,12.558,65.12
2,"2024-02-23 02:00:00+00:00",0,2,12.075,65.12
2,"2024-02-23 02:30:00+00:00",0,2.5,11.3505,65.12
2,"2024-02-23 03:00:00+00:00",0,3,10.626,65.12
2,"2024-02-23 03:30:00+00:00",0,3.5,9.66,65.12
2,"2024-02-23 04:00:00+00:00",0,4,9.66,65.12
2,"2024-02-23 04:30:00+00:00",0,4.5,9.4185,65.12
2,"2024-02-23 05:00:00+00:00",0,5,10.8675,65.12
2,"2024-02-23 05:30:00+00:00",0,5.5,10.8675,65.12
2,"2024-02-23 06:00:00+00:00",0,6,13.524,65.12
2,"2024-02-23 06:30:00+00:00",0,6.5,13.2615,65.12
2,"2024-02-23 07:00:00+00:00",0,7,14.007,65.12
2,"2024-02-23 07:30:00+00:00",0,7.5,14.973,65.12
2,"2024-02-23 08:00:00+00:00",0,8,16.422,65.12
2,"2024-02-23 08:30:00+00:00",0,8.5,17.388,65.12
2,"2024-02-23 09:00:00+00:00",0,9,16.611,65.12
2,"2024-02-23 09:30:00+00:00",0,9.5,15.6975,65.12
2,"2024-02-23 10:00:00+00:00",0,10,13.23,65.12
2,"2024-02-23 10:30:00+00:00",0,10.5,13.1145,65.12
2,"2024-02-23 11:00:00+00:00",0,11,12.2955,65.12
2,"2024-02-23 11:30:00+00:00",0,11.5,13.1145,65.12
2,"2024-02-23 12:00:00+00:00",0,12,13.7655,65.12
2,"2024-02-23 12:30:00+00:00",0,12.5,13.8285,65.12
2,"2024-02-23 13:00:00+00:00",0,13,14.49,65.12
2,"2024-02-23 13:30:00+00:00",0,13.5,14.49,65.12
2,"2024-02-23 14:00:00+00:00",0,14,15.6975,65.12
2,"2024-02-23 14:30:00+00:00",0,14.5,14.847,65.12
2,"2024-02-23 15:00:00+00:00",0,15,14.1015,65.12
2,"2024-02-23 15:30:00+00:00",0,15.5,14.49,65.12
2,"2024-02-23 16:00:00+00:00",0,16,26.334,65.12
2,"2024-02-23 16:30:00+00:00",0,16.5,29.1795,65.12
2,"2024-02-23 17:00:00+00:00",0,17,30.87,65.12
2,"2024-02-23 17:30:00+00:00",0,17.5,31.1115,65.12
2,"2024-02-23 18:00:00+00:00",0,18,30.7965,65.12
2,"2024-02-23 18:30:00+00:00",0,18.5,30.6285,65.12
2,"2024-02-23 19:00:00+00:00",0,19,19.5615,65.12
2,"2024-02-23 19:30:00+00:00",0,19.5,19.026,65.12
2,"2024-02-23 20:00:00+00:00",0,20,17.7345,65.12
2,"2024-02-23 20:30:00+00:00",0,20.5,14.49,65.12
2,"2024-02-23 21:00:00+00:00",0,21,15.33,65.12
2,"2024-02-23 21:30:00+00:00",0,21.5,13.1145,65.12
2,"2024-02-23 22:00:00+00:00",0,22,14.49,65.12
2,"2024-02-23 22:30:00+00:00",0,22.5,13.65,65.12
2,"2024-02-23 23:00:00+00:00",0,23,13.9755,65.12
2,"2024-02-23 23:30:00+00:00",0,23.5,14.028,65.12
2,"2024-02-24 00:00:00+00:00",1,0,12.9675,65.12
2,"2024-02-24 00:30:00+00:00",1,0.5,15.6975,65.12
2,"2024-02-24 01:00:00+00:00",1,1,15.939,65.12
2,"2024-02-24 01:30:00+00:00",1,1.5,14.007,65.12
2,"2024-02-24 02:00:00+00:00",1,2,13.209,65.12
2,"2024-02-24 02:30:00+00:00",1,2.5,13.209,65.12
2,"2024-02-24 03:00:00+00:00",1,3,13.209,65.12
2,"2024-02-24 03:30:00+00:00",1,3.5,12.9885,65.12
2,"2024-02-24 04:00:00+00:00",1,4,12.9885,65.12
2,"2024-02-24 04:30:00+00:00",1,4.5,12.9675,65.12
2,"2024-02-24 05:00:00+00:00",1,5,14.2485,65.12
2,"2024-02-24 05:30:00+00:00",1,5.5,15.456,65.12
2,"2024-02-24 06:00:00+00:00",1,6,15.6975,65.12
2,"2024-02-24 06:30:00+00:00",1,6.5,16.905,65.12
2,"2024-02-24 07:00:00+00:00",1,7,14.7315,65.12
2,"2024-02-24 07:30:00+00:00",1,7.5,17.1465,65.12
2,"2024-02-24 08:00:00+00:00",1,8,15.6975,65.12
2,"2024-02-24 08:30:00+00:00",1,8.5,16.8105,65.12
2,"2024-02-24 09:00:00+00:00",1,9,16.905,65.12
2,"2024-02-24 09:30:00+00:00",1,9.5,16.905,65.12
2,"2024-02-24 10:00:00+00:00",1,10,15.5085,65.12
2,"2024-02-24 10:30:00+00:00",1,10.5,14.1015,65.12
2,"2024-02-24 11:00:00+00:00",1,11,15.456,65.12
2,"2024-02-24 11:30:00+00:00",1,11.5,15.624,65.12
2,"2024-02-24 12:00:00+00:00",1,12,15.6975,65.12
2,"2024-02-24 12:30:00+00:00",1,12.5,15.456,65.12
2,"2024-02-24 13:00:00+00:00",1,13,15.6975,65.12
2,"2024-02-24 13:30:00+00:00",1,13.5,13.1145,65.12
2,"2024-02-24 14:00:00+00:00",1,14,12.558,65.12
2,"2024-02-24 14:30:00+00:00",1,14.5,12.3165,65.12
2,"2024-02-24 15:00:00+00:00",1,15,12.9675,65.12
2,"2024-02-24 15:30:00+00:00",1,15.5,12.9675,65.12
2,"2024-02-24 16:00:00+00:00",1,16,26.523,65.12
2,"2024-02-24 16:30:00+00:00",1,16.5,29.904,65.12
2,"2024-02-24 17:00:00+00:00",1,17,28.455,65.12
2,"2024-02-24 17:30:00+00:00",1,17.5,31.353,65.12
2,"2024-02-24 18:00:00+00:00",1,18,30.87,65.12
2,"2024-02-24 18:30:00+00:00",1,18.5,30.1665,65.12
2,"2024-02-24 19:00:00+00:00",1,19,18.354,65.12
2,"2024-02-24 19:30:00+00:00",1,19.5,17.871,65.12
2,"2024-02-24 20:00:00+00:00",1,20,16.506,65.12
2,"2024-02-24 20:30:00+00:00",1,20.5,12.9675,65.12
2,"2024-02-24 21:00:00+00:00",1,21,15.3615,65.12
2,"2024-02-24 21:30:00+00:00",1,21.5,13.524,65.12
2,"2024-02-24 22:00:00+00:00",1,22,13.4295,65.12
2,"2024-02-24 22:30:00+00:00",1,22.5,12.9675,65.12
2,"2024-02-24 23:00:00+00:00",1,23,15.456,65.12
2,"2024-02-24 23:30:00+00:00",1,23.5,15.393,65.12
2,"2024-02-25 00:00:00+00:00",1,0,14.364,65.12
2,"2024-02-25 00:30:00+00:00",1,0.5,17.514,65.12
2,"2024-02-25 01:00:00+00:00",1,1,14.49,65.12
2,"2024-02-25 01:30:00+00:00",1,1.5,13.0935,65.12
2,"2024-02-25 02:00:00+00:00",1,2,13.0935,65.12
2,"2024-02-25 02:30:00+00:00",1,2.5,13.0935,65.12
2,"2024-02-25 03:00:00+00:00",1,3,12.7995,65.12
2,"2024-02-25 03:30:00+00:00",1,3.5,13.0935,65.12
2,"2024-02-25 04:00:00+00:00",1,4,12.432,65.12
2,"2024-02-25 04:30:00+00:00",1,4.5,12.3165,65.12
2,"2024-02-25 05:00:00+00:00",1,5,12.3165,65.12
2,"2024-02-25 05:30:00+00:00",1,5.5,12.075,65.12
2,"2024-02-25 06:00:00+00:00",1,6,12.3165,65.12
2,"2024-02-25 06:30:00+00:00",1,6.5,12.558,65.12
2,"2024-02-25 07:00:00+00:00",1,7,13.041,65.12
2,"2024-02-25 07:30:00+00:00",1,7.5,13.0935,65.12
2,"2024-02-25 08:00:00+00:00",1,8,13.0935,65.12
2,"2024-02-25 08:30:00+00:00",1,8.5,14.364,65.12
2,"2024-02-25 09:00:00+00:00",1,9,13.524,65.12
2,"2024-02-25 09:30:00+00:00",1,9.5,15.456,65.12
2,"2024-02-25 10:00:00+00:00",1,10,13.524,65.12
2,"2024-02-25 10:30:00+00:00",1,10.5,13.524,65.12
2,"2024-02-25 11:00:00+00:00",1,11,14.49,65.12
2,"2024-02-25 11:30:00+00:00",1,11.5,16.0335,65.12
2,"2024-02-25 12:00:00+00:00",1,12,15.939,65.12
2,"2024-02-25 12:30:00+00:00",1,12.5,15.771,65.12
2,"2024-02-25 13:00:00+00:00",1,13,17.136,65.12
2,"2024-02-25 13:30:00+00:00",1,13.5,14.5425,65.12
2,"2024-02-25 14:00:00+00:00",1,14,14.49,65.12
2,"2024-02-25 14:30:00+00:00",1,14.5,14.301,65.12
2,"2024-02-25 15:00:00+00:00",1,15,14.7315,65.12
2,"2024-02-25 15:30:00+00:00",1,15.5,14.952,65.12
2,"2024-02-25 16:00:00+00:00",1,16,29.4735,65.12
2,"2024-02-25 16:30:00+00:00",1,16.5,29.715,65.12
2,"2024-02-25 17:00:00+00:00",1,17,29.4735,65.12
2,"2024-02-25 17:30:00+00:00",1,17.5,30.261,65.12
2,"2024-02-25 18:00:00+00:00",1,18,28.917,65.12
2,"2024-02-25 18:30:00+00:00",1,18.5,28.0665,65.12
2,"2024-02-25 19:00:00+00:00",1,19,16.905,65.12
2,"2024-02-25 19:30:00+00:00",1,19.5,13.7655,65.12
2,"2024-02-25 20:00:00+00:00",1,20,14.0595,65.12
2,"2024-02-25 20:30:00+00:00",1,20.5,13.524,65.12
2,"2024-02-25 21:00:00+00:00",1,21,13.524,65.12
2,"2024-02-25 21:30:00+00:00",1,21.5,12.3165,65.12
2,"2024-02-25 22:00:00+00:00",1,22,12.39,65.12
2,"2024-02-25 22:30:00+00:00",1,22.5,9.786,65.12
2,"2024-02-25 23:00:00+00:00",1,23,11.529,65.12
2,"2024-02-25 23:30:00+00:00",1,23.5,11.8335,65.12
2,"2024-02-26 00:00:00+00:00",0,0,10.1115,65.12
2,"2024-02-26 00:30:00+00:00",0,0.5,12.7995,65.12
2,"2024-02-26 01:00:00+00:00",0,1,13.3035,65.12
2,"2024-02-26 01:30:00+00:00",0,1.5,10.983,65.12
2,"2024-02-26 02:00:00+00:00",0,2,12.369,65.12
2,"2024-02-26 02:30:00+00:00",0,2.5,10.8885,65.12
2,"2024-02-26 03:00:00+00:00",0,3,12.3165,65.12
2,"2024-02-26 03:30:00+00:00",0,3.5,10.8675,65.12
2,"2024-02-26 04:00:00+00:00",0,4,10.941,65.12
2,"2024-02-26 04:30:00+00:00",0,4.5,10.8465,65.12
2,"2024-02-26 05:00:00+00:00",0,5,12.558,65.12
2,"2024-02-26 05:30:00+00:00",0,5.5,12.3165,65.12
2,"2024-02-26 06:00:00+00:00",0,6,14.007,65.12
2,"2024-02-26 06:30:00+00:00",0,6.5,14.49,65.12
2,"2024-02-26 07:00:00+00:00",0,7,13.5975,65.12
2,"2024-02-26 07:30:00+00:00",0,7.5,17.871,65.12
2,"2024-02-26 08:00:00+00:00",0,8,14.805,65.12
2,"2024-02-26 08:30:00+00:00",0,8.5,15.6975,65.12
2,"2024-02-26 09:00:00+00:00",0,9,14.994,65.12
2,"2024-02-26 09:30:00+00:00",0,9.5,14.007,65.12
2,"2024-02-26 10:00:00+00:00",0,10,12.8205,65.12
2,"2024-02-26 10:30:00+00:00",0,10.5,13.335,65.12
2,"2024-02-26 11:00:00+00:00",0,11,12.201,65.12
2,"2024-02-26 11:30:00+00:00",0,11.5,13.041,65.12
2,"2024-02-26 12:00:00+00:00",0,12,12.558,65.12
2,"2024-02-26 12:30:00+00:00",0,12.5,12.3165,65.12
2,"2024-02-26 13:00:00+00:00",0,13,13.7655,65.12
2,"2024-02-26 13:30:00+00:00",0,13.5,12.9885,65.12
2,"2024-02-26 14:00:00+00:00",0,14,14.0595,65.12
2,"2024-02-26 14:30:00+00:00",0,14.5,13.1985,65.12
2,"2024-02-26 15:00:00+00:00",0,15,14.826,65.12
2,"2024-02-26 15:30:00+00:00",0,15.5,15.0045,65.12
2,"2024-02-26 16:00:00+00:00",0,16,25.074,65.12
2,"2024-02-26 16:30:00+00:00",0,16.5,28.938,65.12
2,"2024-02-26 17:00:00+00:00",0,17,29.3265,65.12
2,"2024-02-26 17:30:00+00:00",0,17.5,30.4815,65.12
2,"2024-02-26 18:00:00+00:00",0,18,29.421,65.12
2,"2024-02-26 18:30:00+00:00",0,18.5,28.119,65.12
2,"2024-02-26 19:00:00+00:00",0,19,17.514,65.12
2,"2024-02-26 19:30:00+00:00",0,19.5,16.905,65.12
2,"2024-02-26 20:00:00+00:00",0,20,16.5165,65.12
2,"2024-02-26 20:30:00+00:00",0,20.5,11.424,65.12
2,"2024-02-26 21:00:00+00:00",0,21,16.5165,65.12
2,"2024-02-26 21:30:00+00:00",0,21.5,14.49,65.12
2,"2024-02-26 22:00:00+00:00",0,22,14.2485,65.12
2,"2024-02-26 22:30:00+00:00",0,22.5,12.075,65.12
2,"2024-02-26 23:00:00+00:00",0,23,13.041,65.12
2,"2024-02-26 23:30:00+00:00",0,23.5,12.2955,65.12
2,"2024-02-27 00:00:00+00:00",0,0,12.558,65.12
2,"2024-02-27 00:30:00+00:00",0,0.5,13.4925,65.12
2,"2024-02-27 01:00:00+00:00",0,1,12.7785,65.12
2,"2024-02-27 01:30:00+00:00",0,1.5,12.2955,65.12
2,"2024-02-27 02:00:00+00:00",0,2,12.558,65.12
2,"2024-02-27 02:30:00+00:00",0,2.5,12.2955,65.12
2,"2024-02-27 03:00:00+00:00",0,3,12.2955,65.12
2,"2024-02-27 03:30:00+00:00",0,3.5,11.949,65.12
2,"2024-02-27 04:00:00+00:00",0,4,12.558,65.12
2,"2024-02-27 04:30:00+00:00",0,4.5,12.4845,65.12
2,"2024-02-27 05:00:00+00:00",0,5,15.2145,65.12
2,"2024-02-27 05:30:00+00:00",0,5.5,14.7105,65.12
2,"2024-02-27 06:00:00+00:00",0,6,15.6975,65.12
2,"2024-02-27 06:30:00+00:00",0,6.5,15.5085,65.12
2,"2024-02-27 07:00:00+00:00",0,7,15.8655,65.12
2,"2024-02-27 07:30:00+00:00",0,7.5,19.32,65.12
2,"2024-02-27 08:00:00+00:00",0,8,16.5165,65.12
2,"2024-02-27 08:30:00+00:00",0,8.5,17.388,65.12
2,"2024-02-27 09:00:00+00:00",0,9,15.8445,65.12
2,"2024-02-27 09:30:00+00:00",0,9.5,15.813,65.12
2,"2024-02-27 10:00:00+00:00",0,10,15.0255,65.12
2,"2024-02-27 10:30:00+00:00",0,10.5,14.5845,65.12
2,"2024-02-27 11:00:00+00:00",0,11,12.558,65.12
2,"2024-02-27 11:30:00+00:00",0,11.5,12.558,65.12
2,"2024-02-27 12:00:00+00:00",0,12,12.558,65.12
2,"2024-02-27 12:30:00+00:00",0,12.5,12.2955,65.12
2,"2024-02-27 13:00:00+00:00",0,13,12.558,65.12
2,"2024-02-27 13:30:00+00:00",0,13.5,12.075,65.12
2,"2024-02-27 14:00:00+00:00",0,14,13.209,65.12
2,"2024-02-27 14:30:00+00:00",0,14.5,13.041,65.12
2,"2024-02-27 15:00:00+00:00",0,15,14.679,65.12
2,"2024-02-27 15:30:00+00:00",0,15.5,14.0805,65.12
2,"2024-02-27 16:00:00+00:00",0,16,26.6175,65.12
2,"2024-02-27 16:30:00+00:00",0,16.5,28.5285,65.12
2,"2024-02-27 17:00:00+00:00",0,17,30.093,65.12
2,"2024-02-27 17:30:00+00:00",0,17.5,31.038,65.12
2,"2024-02-27 18:00:00+00:00",0,18,31.353,65.12
2,"2024-02-27 18:30:00+00:00",0,18.5,31.038,65.12
2,"2024-02-27 19:00:00+00:00",0,19,18.837,65.12
2,"2024-02-27 19:30:00+00:00",0,19.5,17.22,65.12
2,"2024-02-27 20:00:00+00:00",0,20,16.233,65.12
2,"2024-02-27 20:30:00+00:00",0,20.5,14.7105,65.12
2,"2024-02-27 21:00:00+00:00",0,21,15.624,65.12
2,"2024-02-27 21:30:00+00:00",0,21.5,14.658,65.12
2,"2024-02-27 22:00:00+00:00",0,22,14.679,65.12
2,"2024-02-27 22:30:00+00:00",0,22.5,13.6185,65.12
2,"2024-02-27 23:00:00+00:00",0,23,13.9545,65.12
2,"2024-02-27 23:30:00+00:00",0,23.5,13.524,65.12
2,"2024-02-28 00:00:00+00:00",0,0,12.915,65.12
2,"2024-02-28 00:30:00+00:00",0,0.5,14.49,65.12
2,"2024-02-28 01:00:00+00:00",0,1,14.4375,65.12
2,"2024-02-28 01:30:00+00:00",0,1.5,13.524,65.12
2,"2024-02-28 02:00:00+00:00",0,2,14.301,65.12
2,"2024-02-28 02:30:00+00:00",0,2.5,14.973,65.12
2,"2024-02-28 03:00:00+00:00",0,3,14.4165,65.12
2,"2024-02-28 03:30:00+00:00",0,3.5,13.2615,65.12
2,"2024-02-28 04:00:00+00:00",0,4,14.49,65.12
2,"2024-02-28 04:30:00+00:00",0,4.5,13.1355,65.12
2,"2024-02-28 05:00:00+00:00",0,5,14.784,65.12
2,"2024-02-28 05:30:00+00:00",0,5.5,13.335,65.12
2,"2024-02-28 06:00:00+00:00",0,6,16.9785,65.12
2,"2024-02-28 06:30:00+00:00",0,6.5,19.32,65.12
2,"2024-02-28 07:00:00+00:00",0,7,20.097,65.12
2,"2024-02-28 07:30:00+00:00",0,7.5,21.609,65.12
2,"2024-02-28 08:00:00+00:00",0,8,17.2935,65.12
2,"2024-02-28 08:30:00+00:00",0,8.5,18.354,65.12
2,"2024-02-28 09:00:00+00:00",0,9,16.233,65.12
2,"2024-02-28 09:30:00+00:00",0,9.5,14.8785,65.12
2,"2024-02-28 10:00:00+00:00",0,10,14.196,65.12
2,"2024-02-28 10:30:00+00:00",0,10.5,13.524,65.12
2,"2024-02-28 11:00:00+00:00",0,11,13.671,65.12
2,"2024-02-28 11:30:00+00:00",0,11.5,13.713,65.12
2,"2024-02-28 12:00:00+00:00",0,12,13.4505,65.12
2,"2024-02-28 12:30:00+00:00",0,12.5,12.915,65.12
2,"2024-02-28 13:00:00+00:00",0,13,13.0935,65.12
2,"2024-02-28 13:30:00+00:00",0,13.5,12.915,65.12
2,"2024-02-28 14:00:00+00:00",0,14,12.915,65.12
2,"2024-02-28 14:30:00+00:00",0,14.5,12.915,65.12
2,"2024-02-28 15:00:00+00:00",0,15,12.915,65.12
2,"2024-02-28 15:30:00+00:00",0,15.5,13.356,65.12
2,"2024-02-28 16:00:00+00:00",0,16,24.927,65.12
2,"2024-02-28 16:30:00+00:00",0,16.5,26.523,65.12
2,"2024-02-28 17:00:00+00:00",0,17,28.938,65.12
2,"2024-02-28 17:30:00+00:00",0,17.5,29.715,65.12
2,"2024-02-28 18:00:00+00:00",0,18,27.972,65.12
2,"2024-02-28 18:30:00+00:00",0,18.5,26.0295,65.12
2,"2024-02-28 19:00:00+00:00",0,19,14.49,65.12
2,"2024-02-28 19:30:00+00:00",0,19.5,14.49,65.12
2,"2024-02-28 20:00:00+00:00",0,20,13.524,65.12
2,"2024-02-28 20:30:00+00:00",0,20.5,13.86,65.12
2,"2024-02-28 21:00:00+00:00",0,21,14.7315,65.12
2,"2024-02-28 21:30:00+00:00",0,21.5,12.4635,65.12
2,"2024-02-28 22:00:00+00:00",0,22,12.915,65.12
2,"2024-02-28 22:30:00+00:00",0,22.5,12.264,65.12
2,"2024-02-28 23:00:00+00:00",0,23,11.466,65.12
2,"2024-02-28 23:30:00+00:00",0,23.5,8.4525,65.12
2,"2024-02-29 00:00:00+00:00",0,0,7.854,65.12
2,"2024-02-29 00:30:00+00:00",0,0.5,10.752,65.12
2,"2024-02-29 01:00:00+00:00",0,1,9.6075,65.12
2,"2024-02-29 01:30:00+00:00",0,1.5,7.6335,65.12
2,"2024-02-29 02:00:00+00:00",0,2,8.6415,65.12
2,"2024-02-29 02:30:00+00:00",0,2.5,8.211,65.12
2,"2024-02-29 03:00:00+00:00",0,3,8.211,65.12
2,"2024-02-29 03:30:00+00:00",0,3.5,7.434,65.12
2,"2024-02-29 04:00:00+00:00",0,4,9.471,65.12
2,"2024-02-29 04:30:00+00:00",0,4.5,9.66,65.12
2,"2024-02-29 05:00:00+00:00",0,5,11.4975,65.12
2,"2024-02-29 05:30:00+00:00",0,5.5,12.075,65.12
2,"2024-02-29 06:00:00+00:00",0,6,14.007,65.12
2,"2024-02-29 06:30:00+00:00",0,6.5,14.7315,65.12
2,"2024-02-29 07:00:00+00:00",0,7,14.49,65.12
2,"2024-02-29 07:30:00+00:00",0,7.5,16.107,65.12
2,"2024-02-29 08:00:00+00:00",0,8,14.5845,65.12
2,"2024-02-29 08:30:00+00:00",0,8.5,15.456,65.12
2,"2024-02-29 09:00:00+00:00",0,9,15.2145,65.12
2,"2024-02-29 09:30:00+00:00",0,9.5,15.435,65.12
2,"2024-02-29 10:00:00+00:00",0,10,14.9205,65.12
2,"2024-02-29 10:30:00+00:00",0,10.5,14.7525,65.12
2,"2024-02-29 11:00:00+00:00",0,11,15.435,65.12
2,"2024-02-29 11:30:00+00:00",0,11.5,15.456,65.12
2,"2024-02-29 12:00:00+00:00",0,12,15.6975,65.12
2,"2024-02-29 12:30:00+00:00",0,12.5,15.6975,65.12
2,"2024-02-29 13:00:00+00:00",0,13,17.388,65.12
2,"2024-02-29 13:30:00+00:00",0,13.5,15.6975,65.12
2,"2024-02-29 14:00:00+00:00",0,14,15.435,65.12
2,"2024-02-29 14:30:00+00:00",0,14.5,14.5845,65.12
2,"2024-02-29 15:00:00+00:00",0,15,15.1935,65.12
2,"2024-02-29 15:30:00+00:00",0,15.5,15.6975,65.12
2,"2024-02-29 16:00:00+00:00",0,16,26.04,65.12
2,"2024-02-29 16:30:00+00:00",0,16.5,29.232,65.12
2,"2024-02-29 17:00:00+00:00",0,17,29.3265,65.12
2,"2024-02-29 17:30:00+00:00",0,17.5,30.513,65.12
2,"2024-02-29 18:00:00+00:00",0,18,29.883,65.12
2,"2024-02-29 18:30:00+00:00",0,18.5,30.87,65.12
2,"2024-02-29 19:00:00+00:00",0,19,18.1125,65.12
2,"2024-02-29 19:30:00+00:00",0,19.5,18.1125,65.12
2,"2024-02-29 20:00:00+00:00",0,20,18.7425,65.12
2,"2024-02-29 20:30:00+00:00",0,20.5,16.548,65.12
2,"2024-02-29 21:00:00+00:00",0,21,17.871,65.12
2,"2024-02-29 21:30:00+00:00",0,21.5,14.679,65.12
2,"2024-02-29 22:00:00+00:00",0,22,15.0465,65.12
2,"2024-02-29 22:30:00+00:00",0,22.5,14.007,65.12
2,"2024-02-29 23:00:00+00:00",0,23,14.5635,65.12
2,"2024-02-29 23:30:00+00:00",0,23.5,14.9205,65.12
3,"2024-03-01 00:00:00+00:00",0,0,14.8785,65.12
3,"2024-03-01 00:30:00+00:00",0,0.5,16.905,65.12
3,"2024-03-01 01:00:00+00:00",0,1,15.5925,65.12
3,"2024-03-01 01:30:00+00:00",0,1.5,14.196,65.12
3,"2024-03-01 02:00:00+00:00",0,2,13.818,65.12
3,"2024-03-01 02:30:00+00:00",0,2.5,13.2825,65.12
3,"2024-03-01 03:00:00+00:00",0,3,13.2825,65.12
3,"2024-03-01 03:30:00+00:00",0,3.5,12.558,65.12
3,"2024-03-01 04:00:00+00:00",0,4,13.2825,65.12
3,"2024-03-01 04:30:00+00:00",0,4.5,13.2825,65.12
3,"2024-03-01 05:00:00+00:00",0,5,14.9205,65.12
3,"2024-03-01 05:30:00+00:00",0,5.5,15.309,65.12
3,"2024-03-01 06:00:00+00:00",0,6,16.905,65.12
3,"2024-03-01 06:30:00+00:00",0,6.5,19.803,65.12
3,"2024-03-01 07:00:00+00:00",0,7,15.456,65.12
3,"2024-03-01 07:30:00+00:00",0,7.5,18.753,65.12
3,"2024-03-01 08:00:00+00:00",0,8,18.228,65.12
3,"2024-03-01 08:30:00+00:00",0,8.5,19.32,65.12
3,"2024-03-01 09:00:00+00:00",0,9,17.4615,65.12
3,"2024-03-01 09:30:00+00:00",0,9.5,16.422,65.12
3,"2024-03-01 10:00:00+00:00",0,10,14.028,65.12
3,"2024-03-01 10:30:00+00:00",0,10.5,13.398,65.12
3,"2024-03-01 11:00:00+00:00",0,11,14.028,65.12
3,"2024-03-01 11:30:00+00:00",0,11.5,14.028,65.12
3,"2024-03-01 12:00:00+00:00",0,12,13.671,65.12
3,"2024-03-01 12:30:00+00:00",0,12.5,13.2825,65.12
3,"2024-03-01 13:00:00+00:00",0,13,13.5765,65.12
3,"2024-03-01 13:30:00+00:00",0,13.5,13.5765,65.12
3,"2024-03-01 14:00:00+00:00",0,14,14.8365,65.12
3,"2024-03-01 14:30:00+00:00",0,14.5,13.9545,65.12
3,"2024-03-01 15:00:00+00:00",0,15,14.5635,65.12
3,"2024-03-01 15:30:00+00:00",0,15.5,15.939,65.12
3,"2024-03-01 16:00:00+00:00",0,16,29.421,65.12
3,"2024-03-01 16:30:00+00:00",0,16.5,32.319,65.12
3,"2024-03-01 17:00:00+00:00",0,17,30.87,65.12
3,"2024-03-01 17:30:00+00:00",0,17.5,31.836,65.12
3,"2024-03-01 18:00:00+00:00",0,18,30.1665,65.12
3,"2024-03-01 18:30:00+00:00",0,18.5,29.904,65.12
3,"2024-03-01 19:00:00+00:00",0,19,18.963,65.12
3,"2024-03-01 19:30:00+00:00",0,19.5,17.8185,65.12
3,"2024-03-01 20:00:00+00:00",0,20,16.548,65.12
3,"2024-03-01 20:30:00+00:00",0,20.5,15.75,65.12
3,"2024-03-01 21:00:00+00:00",0,21,17.388,65.12
3,"2024-03-01 21:30:00+00:00",0,21.5,15.6765,65.12
3,"2024-03-01 22:00:00+00:00",0,22,15.2145,65.12
3,"2024-03-01 22:30:00+00:00",0,22.5,14.028,65.12
3,"2024-03-01 23:00:00+00:00",0,23,15.456,65.12
3,"2024-03-01 23:30:00+00:00",0,23.5,15.456,65.12
3,"2024-03-02 00:00:00+00:00",1,0,15.2355,65.12
3,"2024-03-02 00:30:00+00:00",1,0.5,17.388,65.12
3,"2024-03-02 01:00:00+00:00",1,1,15.3615,65.12
3,"2024-03-02 01:30:00+00:00",1,1.5,14.4375,65.12
3,"2024-03-02 02:00:00+00:00",1,2,15.288,65.12
3,"2024-03-02 02:30:00+00:00",1,2.5,14.49,65.12
3,"2024-03-02 03:00:00+00:00",1,3,15.0675,65.12
3,"2024-03-02 03:30:00+00:00",1,3.5,14.4375,65.12
3,"2024-03-02 04:00:00+00:00",1,4,14.4375,65.12
3,"2024-03-02 04:30:00+00:00",1,4.5,14.091,65.12
3,"2024-03-02 05:00:00+00:00",1,5,14.007,65.12
3,"2024-03-02 05:30:00+00:00",1,5.5,14.4375,65.12
3,"2024-03-02 06:00:00+00:00",1,6,12.9675,65.12
3,"2024-03-02 06:30:00+00:00",1,6.5,11.592,65.12
3,"2024-03-02 07:00:00+00:00",1,7,14.007,65.12
3,"2024-03-02 07:30:00+00:00",1,7.5,13.0935,65.12
3,"2024-03-02 08:00:00+00:00",1,8,16.0125,65.12
3,"2024-03-02 08:30:00+00:00",1,8.5,17.6505,65.12
3,"2024-03-02 09:00:00+00:00",1,9,17.871,65.12
3,"2024-03-02 09:30:00+00:00",1,9.5,17.871,65.12
3,"2024-03-02 10:00:00+00:00",1,10,17.871,65.12
3,"2024-03-02 10:30:00+00:00",1,10.5,17.388,65.12
3,"2024-03-02 11:00:00+00:00",1,11,17.388,65.12
3,"2024-03-02 11:30:00+00:00",1,11.5,16.9995,65.12
3,"2024-03-02 12:00:00+00:00",1,12,15.5295,65.12
3,"2024-03-02 12:30:00+00:00",1,12.5,15.771,65.12
3,"2024-03-02 13:00:00+00:00",1,13,14.847,65.12
3,"2024-03-02 13:30:00+00:00",1,13.5,14.4375,65.12
3,"2024-03-02 14:00:00+00:00",1,14,14.4375,65.12
3,"2024-03-02 14:30:00+00:00",1,14.5,12.075,65.12
3,"2024-03-02 15:00:00+00:00",1,15,15.099,65.12
3,"2024-03-02 15:30:00+00:00",1,15.5,14.7315,65.12
3,"2024-03-02 16:00:00+00:00",1,16,27.7305,65.12
3,"2024-03-02 16:30:00+00:00",1,16.5,30.1455,65.12
3,"2024-03-02 17:00:00+00:00",1,17,30.387,65.12
3,"2024-03-02 17:30:00+00:00",1,17.5,32.319,65.12
3,"2024-03-02 18:00:00+00:00",1,18,32.4135,65.12
3,"2024-03-02 18:30:00+00:00",1,18.5,31.836,65.12
3,"2024-03-02 19:00:00+00:00",1,19,20.307,65.12
3,"2024-03-02 19:30:00+00:00",1,19.5,17.556,65.12
3,"2024-03-02 20:00:00+00:00",1,20,17.871,65.12
3,"2024-03-02 20:30:00+00:00",1,20.5,15.0465,65.12
3,"2024-03-02 21:00:00+00:00",1,21,15.981,65.12
3,"2024-03-02 21:30:00+00:00",1,21.5,16.4955,65.12
3,"2024-03-02 22:00:00+00:00",1,22,16.6635,65.12
3,"2024-03-02 22:30:00+00:00",1,22.5,16.1805,65.12
3,"2024-03-02 23:00:00+00:00",1,23,14.9205,65.12
3,"2024-03-02 23:30:00+00:00",1,23.5,13.4295,65.12
3,"2024-03-03 00:00:00+00:00",1,0,13.524,65.12
3,"2024-03-03 00:30:00+00:00",1,0.5,16.422,65.12
3,"2024-03-03 01:00:00+00:00",1,1,15.2145,65.12
3,"2024-03-03 01:30:00+00:00",1,1.5,14.49,65.12
3,"2024-03-03 02:00:00+00:00",1,2,14.49,65.12
3,"2024-03-03 02:30:00+00:00",1,2.5,14.49,65.12
3,"2024-03-03 03:00:00+00:00",1,3,14.2275,65.12
3,"2024-03-03 03:30:00+00:00",1,3.5,13.818,65.12
3,"2024-03-03 04:00:00+00:00",1,4,13.9335,65.12
3,"2024-03-03 04:30:00+00:00",1,4.5,13.7865,65.12
3,"2024-03-03 05:00:00+00:00",1,5,13.713,65.12
3,"2024-03-03 05:30:00+00:00",1,5.5,14.2275,65.12
3,"2024-03-03 06:00:00+00:00",1,6,15.288,65.12
3,"2024-03-03 06:30:00+00:00",1,6.5,16.1805,65.12
3,"2024-03-03 07:00:00+00:00",1,7,14.973,65.12
3,"2024-03-03 07:30:00+00:00",1,7.5,16.065,65.12
3,"2024-03-03 08:00:00+00:00",1,8,14.994,65.12
3,"2024-03-03 08:30:00+00:00",1,8.5,16.905,65.12
3,"2024-03-03 09:00:00+00:00",1,9,14.49,65.12
3,"2024-03-03 09:30:00+00:00",1,9.5,14.49,65.12
3,"2024-03-03 10:00:00+00:00",1,10,14.2275,65.12
3,"2024-03-03 10:30:00+00:00",1,10.5,15.099,65.12
3,"2024-03-03 11:00:00+00:00",1,11,13.524,65.12
3,"2024-03-03 11:30:00+00:00",1,11.5,15.3615,65.12
3,"2024-03-03 12:00:00+00:00",1,12,15.477,65.12
3,"2024-03-03 12:30:00+00:00",1,12.5,15.6975,65.12
3,"2024-03-03 13:00:00+00:00",1,13,17.6295,65.12
3,"2024-03-03 13:30:00+00:00",1,13.5,16.3275,65.12
3,"2024-03-03 14:00:00+00:00",1,14,13.881,65.12
3,"2024-03-03 14:30:00+00:00",1,14.5,15.099,65.12
3,"2024-03-03 15:00:00+00:00",1,15,13.881,65.12
3,"2024-03-03 15:30:00+00:00",1,15.5,14.49,65.12
3,"2024-03-03 16:00:00+00:00",1,16,24.234,65.12
3,"2024-03-03 16:30:00+00:00",1,16.5,29.904,65.12
3,"2024-03-03 17:00:00+00:00",1,17,30.366,65.12
3,"2024-03-03 17:30:00+00:00",1,17.5,32.823,65.12
3,"2024-03-03 18:00:00+00:00",1,18,34.251,65.12
3,"2024-03-03 18:30:00+00:00",1,18.5,33.7155,65.12
3,"2024-03-03 19:00:00+00:00",1,19,21.567,65.12
3,"2024-03-03 19:30:00+00:00",1,19.5,18.711,65.12
3,"2024-03-03 20:00:00+00:00",1,20,19.803,65.12
3,"2024-03-03 20:30:00+00:00",1,20.5,16.233,65.12
3,"2024-03-03 21:00:00+00:00",1,21,20.475,65.12
3,"2024-03-03 21:30:00+00:00",1,21.5,16.296,65.12
3,"2024-03-03 22:00:00+00:00",1,22,14.49,65.12
3,"2024-03-03 22:30:00+00:00",1,22.5,13.5345,65.12
3,"2024-03-03 23:00:00+00:00",1,23,14.007,65.12
3,"2024-03-03 23:30:00+00:00",1,23.5,14.007,65.12
3,"2024-03-04 00:00:00+00:00",0,0,12.075,65.12
3,"2024-03-04 00:30:00+00:00",0,0.5,14.679,65.12
3,"2024-03-04 01:00:00+00:00",0,1,14.7315,65.12
3,"2024-03-04 01:30:00+00:00",0,1.5,13.9125,65.12
3,"2024-03-04 02:00:00+00:00",0,2,12.4635,65.12
3,"2024-03-04 02:30:00+00:00",0,2.5,12.075,65.12
3,"2024-03-04 03:00:00+00:00",0,3,14.154,65.12
3,"2024-03-04 03:30:00+00:00",0,3.5,13.65,65.12
3,"2024-03-04 04:00:00+00:00",0,4,16.128,65.12
3,"2024-03-04 04:30:00+00:00",0,4.5,14.2485,65.12
3,"2024-03-04 05:00:00+00:00",0,5,16.5165,65.12
3,"2024-03-04 05:30:00+00:00",0,5.5,16.905,65.12
3,"2024-03-04 06:00:00+00:00",0,6,18.1125,65.12
3,"2024-03-04 06:30:00+00:00",0,6.5,19.656,65.12
3,"2024-03-04 07:00:00+00:00",0,7,21.0945,65.12
3,"2024-03-04 07:30:00+00:00",0,7.5,22.1235,65.12
3,"2024-03-04 08:00:00+00:00",0,8,19.656,65.12
3,"2024-03-04 08:30:00+00:00",0,8.5,19.467,65.12
3,"2024-03-04 09:00:00+00:00",0,9,18.1125,65.12
3,"2024-03-04 09:30:00+00:00",0,9.5,15.6975,65.12
3,"2024-03-04 10:00:00+00:00",0,10,14.7105,65.12
3,"2024-03-04 10:30:00+00:00",0,10.5,14.007,65.12
3,"2024-03-04 11:00:00+00:00",0,11,13.2825,65.12
3,"2024-03-04 11:30:00+00:00",0,11.5,12.075,65.12
3,"2024-03-04 12:00:00+00:00",0,12,13.86,65.12
3,"2024-03-04 12:30:00+00:00",0,12.5,12.075,65.12
3,"2024-03-04 13:00:00+00:00",0,13,13.377,65.12
3,"2024-03-04 13:30:00+00:00",0,13.5,12.075,65.12
3,"2024-03-04 14:00:00+00:00",0,14,14.973,65.12
3,"2024-03-04 14:30:00+00:00",0,14.5,13.2825,65.12
3,"2024-03-04 15:00:00+00:00",0,15,14.2485,65.12
3,"2024-03-04 15:30:00+00:00",0,15.5,14.8995,65.12
3,"2024-03-04 16:00:00+00:00",0,16,28.791,65.12
3,"2024-03-04 16:30:00+00:00",0,16.5,28.455,65.12
3,"2024-03-04 17:00:00+00:00",0,17,31.647,65.12
3,"2024-03-04 17:30:00+00:00",0,17.5,32.0775,65.12
3,"2024-03-04 18:00:00+00:00",0,18,33.285,65.12
3,"2024-03-04 18:30:00+00:00",0,18.5,30.7965,65.12
3,"2024-03-04 19:00:00+00:00",0,19,18.354,65.12
3,"2024-03-04 19:30:00+00:00",0,19.5,15.6975,65.12
3,"2024-03-04 20:00:00+00:00",0,20,15.813,65.12
3,"2024-03-04 20:30:00+00:00",0,20.5,16.128,65.12
3,"2024-03-04 21:00:00+00:00",0,21,17.262,65.12
3,"2024-03-04 21:30:00+00:00",0,21.5,15.6765,65.12
3,"2024-03-04 22:00:00+00:00",0,22,15.6975,65.12
3,"2024-03-04 22:30:00+00:00",0,22.5,12.222,65.12
3,"2024-03-04 23:00:00+00:00",0,23,12.5055,65.12
3,"2024-03-04 23:30:00+00:00",0,23.5,11.3295,65.12
3,"2024-03-05 00:00:00+00:00",0,0,10.626,65.12
3,"2024-03-05 00:30:00+00:00",0,0.5,14.49,65.12
3,"2024-03-05 01:00:00+00:00",0,1,12.432,65.12
3,"2024-03-05 01:30:00+00:00",0,1.5,12.243,65.12
3,"2024-03-05 02:00:00+00:00",0,2,12.264,65.12
3,"2024-03-05 02:30:00+00:00",0,2.5,12.369,65.12
3,"2024-03-05 03:00:00+00:00",0,3,12.1695,65.12
3,"2024-03-05 03:30:00+00:00",0,3.5,12.075,65.12
3,"2024-03-05 04:00:00+00:00",0,4,13.5975,65.12
3,"2024-03-05 04:30:00+00:00",0,4.5,13.2825,65.12
3,"2024-03-05 05:00:00+00:00",0,5,15.2145,65.12
3,"2024-03-05 05:30:00+00:00",0,5.5,15.267,65.12
3,"2024-03-05 06:00:00+00:00",0,6,16.716,65.12
3,"2024-03-05 06:30:00+00:00",0,6.5,15.939,65.12
3,"2024-03-05 07:00:00+00:00",0,7,15.267,65.12
3,"2024-03-05 07:30:00+00:00",0,7.5,17.1465,65.12
3,"2024-03-05 08:00:00+00:00",0,8,16.9575,65.12
3,"2024-03-05 08:30:00+00:00",0,8.5,17.556,65.12
3,"2024-03-05 09:00:00+00:00",0,9,18.354,65.12
3,"2024-03-05 09:30:00+00:00",0,9.5,15.8865,65.12
3,"2024-03-05 10:00:00+00:00",0,10,15.267,65.12
3,"2024-03-05 10:30:00+00:00",0,10.5,15.267,65.12
3,"2024-03-05 11:00:00+00:00",0,11,14.154,65.12
3,"2024-03-05 11:30:00+00:00",0,11.5,15.267,65.12
3,"2024-03-05 12:00:00+00:00",0,12,15.267,65.12
3,"2024-03-05 12:30:00+00:00",0,12.5,15.267,65.12
3,"2024-03-05 13:00:00+00:00",0,13,15.267,65.12
3,"2024-03-05 13:30:00+00:00",0,13.5,15.267,65.12
3,"2024-03-05 14:00:00+00:00",0,14,16.422,65.12
3,"2024-03-05 14:30:00+00:00",0,14.5,16.422,65.12
3,"2024-03-05 15:00:00+00:00",0,15,15.5085,65.12
3,"2024-03-05 15:30:00+00:00",0,15.5,15.6765,65.12
3,"2024-03-05 16:00:00+00:00",0,16,28.329,65.12
3,"2024-03-05 16:30:00+00:00",0,16.5,31.71,65.12
3,"2024-03-05 17:00:00+00:00",0,17,32.8755,65.12
3,"2024-03-05 17:30:00+00:00",0,17.5,34.1565,65.12
3,"2024-03-05 18:00:00+00:00",0,18,36.9075,65.12
3,"2024-03-05 18:30:00+00:00",0,18.5,36.183,65.12
3,"2024-03-05 19:00:00+00:00",0,19,21.7875,65.12
3,"2024-03-05 19:30:00+00:00",0,19.5,20.0655,65.12
3,"2024-03-05 20:00:00+00:00",0,20,19.194,65.12
3,"2024-03-05 20:30:00+00:00",0,20.5,16.905,65.12
3,"2024-03-05 21:00:00+00:00",0,21,18.816,65.12
3,"2024-03-05 21:30:00+00:00",0,21.5,16.611,65.12
3,"2024-03-05 22:00:00+00:00",0,22,15.267,65.12
3,"2024-03-05 22:30:00+00:00",0,22.5,14.5845,65.12
3,"2024-03-05 23:00:00+00:00",0,23,15.792,65.12
3,"2024-03-05 23:30:00+00:00",0,23.5,15.456,65.12
3,"2024-03-06 00:00:00+00:00",0,0,14.49,65.12
3,"2024-03-06 00:30:00+00:00",0,0.5,15.645,65.12
3,"2024-03-06 01:00:00+00:00",0,1,15.6975,65.12
3,"2024-03-06 01:30:00+00:00",0,1.5,14.49,65.12
3,"2024-03-06 02:00:00+00:00",0,2,15.1935,65.12
3,"2024-03-06 02:30:00+00:00",0,2.5,14.7315,65.12
3,"2024-03-06 03:00:00+00:00",0,3,14.7525,65.12
3,"2024-03-06 03:30:00+00:00",0,3.5,14.4165,65.12
3,"2024-03-06 04:00:00+00:00",0,4,15.2145,65.12
3,"2024-03-06 04:30:00+00:00",0,4.5,14.973,65.12
3,"2024-03-06 05:00:00+00:00",0,5,17.514,65.12
3,"2024-03-06 05:30:00+00:00",0,5.5,17.052,65.12
3,"2024-03-06 06:00:00+00:00",0,6,20.6745,65.12
3,"2024-03-06 06:30:00+00:00",0,6.5,22.7955,65.12
3,"2024-03-06 07:00:00+00:00",0,7,21.3045,65.12
3,"2024-03-06 07:30:00+00:00",0,7.5,22.7955,65.12
3,"2024-03-06 08:00:00+00:00",0,8,18.7845,65.12
3,"2024-03-06 08:30:00+00:00",0,8.5,18.837,65.12
3,"2024-03-06 09:00:00+00:00",0,9,17.4825,65.12
3,"2024-03-06 09:30:00+00:00",0,9.5,16.8105,65.12
3,"2024-03-06 10:00:00+00:00",0,10,15.792,65.12
3,"2024-03-06 10:30:00+00:00",0,10.5,14.805,65.12
3,"2024-03-06 11:00:00+00:00",0,11,15.1935,65.12
3,"2024-03-06 11:30:00+00:00",0,11.5,14.973,65.12
3,"2024-03-06 12:00:00+00:00",0,12,15.2355,65.12
3,"2024-03-06 12:30:00+00:00",0,12.5,14.2485,65.12
3,"2024-03-06 13:00:00+00:00",0,13,15.2145,65.12
3,"2024-03-06 13:30:00+00:00",0,13.5,14.007,65.12
3,"2024-03-06 14:00:00+00:00",0,14,15.624,65.12
3,"2024-03-06 14:30:00+00:00",0,14.5,15.1935,65.12
3,"2024-03-06 15:00:00+00:00",0,15,15.792,65.12
3,"2024-03-06 15:30:00+00:00",0,15.5,16.779,65.12
3,"2024-03-06 16:00:00+00:00",0,16,28.14,65.12
3,"2024-03-06 16:30:00+00:00",0,16.5,30.996,65.12
3,"2024-03-06 17:00:00+00:00",0,17,35.9415,65.12
3,"2024-03-06 17:30:00+00:00",0,17.5,36.666,65.12
3,"2024-03-06 18:00:00+00:00",0,18,35.3115,65.12
3,"2024-03-06 18:30:00+00:00",0,18.5,35.1225,65.12
3,"2024-03-06 19:00:00+00:00",0,19,20.5275,65.12
3,"2024-03-06 19:30:00+00:00",0,19.5,19.32,65.12
3,"2024-03-06 20:00:00+00:00",0,20,17.094,65.12
3,"2024-03-06 20:30:00+00:00",0,20.5,16.422,65.12
3,"2024-03-06 21:00:00+00:00",0,21,17.388,65.12
3,"2024-03-06 21:30:00+00:00",0,21.5,16.422,65.12
3,"2024-03-06 22:00:00+00:00",0,22,15.792,65.12
3,"2024-03-06 22:30:00+00:00",0,22.5,14.49,65.12
3,"2024-03-06 23:00:00+00:00",0,23,14.49,65.12
3,"2024-03-06 23:30:00+00:00",0,23.5,14.973,65.12
3,"2024-03-07 00:00:00+00:00",0,0,14.049,65.12
3,"2024-03-07 00:30:00+00:00",0,0.5,15.2355,65.12
3,"2024-03-07 01:00:00+00:00",0,1,14.973,65.12
3,"2024-03-07 01:30:00+00:00",0,1.5,15.0675,65.12
3,"2024-03-07 02:00:00+00:00",0,2,14.973,65.12
3,"2024-03-07 02:30:00+00:00",0,2.5,14.973,65.12
3,"2024-03-07 03:00:00+00:00",0,3,14.973,65.12
3,"2024-03-07 03:30:00+00:00",0,3.5,14.49,65.12
3,"2024-03-07 04:00:00+00:00",0,4,14.973,65.12
3,"2024-03-07 04:30:00+00:00",0,4.5,13.881,65.12
3,"2024-03-07 05:00:00+00:00",0,5,17.7765,65.12
3,"2024-03-07 05:30:00+00:00",0,5.5,16.8105,65.12
3,"2024-03-07 06:00:00+00:00",0,6,20.286,65.12
3,"2024-03-07 06:30:00+00:00",0,6.5,21.546,65.12
3,"2024-03-07 07:00:00+00:00",0,7,18.5955,65.12
3,"2024-03-07 07:30:00+00:00",0,7.5,21.0105,65.12
3,"2024-03-07 08:00:00+00:00",0,8,19.341,65.12
3,"2024-03-07 08:30:00+00:00",0,8.5,19.236,65.12
3,"2024-03-07 09:00:00+00:00",0,9,16.6635,65.12
3,"2024-03-07 09:30:00+00:00",0,9.5,14.973,65.12
3,"2024-03-07 10:00:00+00:00",0,10,14.238,65.12
3,"2024-03-07 10:30:00+00:00",0,10.5,13.545,65.12
3,"2024-03-07 11:00:00+00:00",0,11,13.041,65.12
3,"2024-03-07 11:30:00+00:00",0,11.5,13.9335,65.12
3,"2024-03-07 12:00:00+00:00",0,12,14.007,65.12
3,"2024-03-07 12:30:00+00:00",0,12.5,13.2825,65.12
3,"2024-03-07 13:00:00+00:00",0,13,14.2695,65.12
3,"2024-03-07 13:30:00+00:00",0,13.5,14.2485,65.12
3,"2024-03-07 14:00:00+00:00",0,14,13.7655,65.12
3,"2024-03-07 14:30:00+00:00",0,14.5,12.5895,65.12
3,"2024-03-07 15:00:00+00:00",0,15,14.973,65.12
3,"2024-03-07 15:30:00+00:00",0,15.5,14.973,65.12
3,"2024-03-07 16:00:00+00:00",0,16,27.0795,65.12
3,"2024-03-07 16:30:00+00:00",0,16.5,29.904,65.12
3,"2024-03-07 17:00:00+00:00",0,17,32.5605,65.12
3,"2024-03-07 17:30:00+00:00",0,17.5,33.285,65.12
3,"2024-03-07 18:00:00+00:00",0,18,31.836,65.12
3,"2024-03-07 18:30:00+00:00",0,18.5,31.4685,65.12
3,"2024-03-07 19:00:00+00:00",0,19,18.018,65.12
3,"2024-03-07 19:30:00+00:00",0,19.5,17.1465,65.12
3,"2024-03-07 20:00:00+00:00",0,20,16.59,65.12
3,"2024-03-07 20:30:00+00:00",0,20.5,16.296,65.12
3,"2024-03-07 21:00:00+00:00",0,21,16.905,65.12
3,"2024-03-07 21:30:00+00:00",0,21.5,15.4455,65.12
3,"2024-03-07 22:00:00+00:00",0,22,16.59,65.12
3,"2024-03-07 22:30:00+00:00",0,22.5,13.8495,65.12
3,"2024-03-07 23:00:00+00:00",0,23,14.49,65.12
3,"2024-03-07 23:30:00+00:00",0,23.5,14.49,65.12
3,"2024-03-08 00:00:00+00:00",0,0,14.2275,65.12
3,"2024-03-08 00:30:00+00:00",0,0.5,15.6975,65.12
3,"2024-03-08 01:00:00+00:00",0,1,15.12,65.12
3,"2024-03-08 01:30:00+00:00",0,1.5,14.154,65.12
3,"2024-03-08 02:00:00+00:00",0,2,14.0805,65.12
3,"2024-03-08 02:30:00+00:00",0,2.5,13.86,65.12
3,"2024-03-08 03:00:00+00:00",0,3,14.49,65.12
3,"2024-03-08 03:30:00+00:00",0,3.5,13.818,65.12
3,"2024-03-08 04:00:00+00:00",0,4,15.33,65.12
3,"2024-03-08 04:30:00+00:00",0,4.5,14.007,65.12
3,"2024-03-08 05:00:00+00:00",0,5,16.233,65.12
3,"2024-03-08 05:30:00+00:00",0,5.5,17.514,65.12
3,"2024-03-08 06:00:00+00:00",0,6,17.4615,65.12
3,"2024-03-08 06:30:00+00:00",0,6.5,21.0105,65.12
3,"2024-03-08 07:00:00+00:00",0,7,16.905,65.12
3,"2024-03-08 07:30:00+00:00",0,7.5,19.5405,65.12
3,"2024-03-08 08:00:00+00:00",0,8,17.7975,65.12
3,"2024-03-08 08:30:00+00:00",0,8.5,17.535,65.12
3,"2024-03-08 09:00:00+00:00",0,9,15.771,65.12
3,"2024-03-08 09:30:00+00:00",0,9.5,15.456,65.12
3,"2024-03-08 10:00:00+00:00",0,10,12.726,65.12
3,"2024-03-08 10:30:00+00:00",0,10.5,10.626,65.12
3,"2024-03-08 11:00:00+00:00",0,11,11.592,65.12
3,"2024-03-08 11:30:00+00:00",0,11.5,10.8675,65.12
3,"2024-03-08 12:00:00+00:00",0,12,11.2035,65.12
3,"2024-03-08 12:30:00+00:00",0,12.5,9.66,65.12
3,"2024-03-08 13:00:00+00:00",0,13,9.66,65.12
3,"2024-03-08 13:30:00+00:00",0,13.5,9.03,65.12
3,"2024-03-08 14:00:00+00:00",0,14,10.143,65.12
3,"2024-03-08 14:30:00+00:00",0,14.5,10.143,65.12
3,"2024-03-08 15:00:00+00:00",0,15,11.7705,65.12
3,"2024-03-08 15:30:00+00:00",0,15.5,12.3375,65.12
3,"2024-03-08 16:00:00+00:00",0,16,24.234,65.12
3,"2024-03-08 16:30:00+00:00",0,16.5,27.846,65.12
3,"2024-03-08 17:00:00+00:00",0,17,27.5205,65.12
3,"2024-03-08 17:30:00+00:00",0,17.5,30.681,65.12
3,"2024-03-08 18:00:00+00:00",0,18,31.227,65.12
3,"2024-03-08 18:30:00+00:00",0,18.5,31.164,65.12
3,"2024-03-08 19:00:00+00:00",0,19,20.8635,65.12
3,"2024-03-08 19:30:00+00:00",0,19.5,18.354,65.12
3,"2024-03-08 20:00:00+00:00",0,20,16.1805,65.12
3,"2024-03-08 20:30:00+00:00",0,20.5,13.881,65.12
3,"2024-03-08 21:00:00+00:00",0,21,15.456,65.12
3,"2024-03-08 21:30:00+00:00",0,21.5,13.0935,65.12
3,"2024-03-08 22:00:00+00:00",0,22,14.8995,65.12
3,"2024-03-08 22:30:00+00:00",0,22.5,10.626,65.12
3,"2024-03-08 23:00:00+00:00",0,23,9.681,65.12
3,"2024-03-08 23:30:00+00:00",0,23.5,7.0035,65.12
3,"2024-03-09 00:00:00+00:00",1,0,7.0035,65.12
3,"2024-03-09 00:30:00+00:00",1,0.5,9.66,65.12
3,"2024-03-09 01:00:00+00:00",1,1,9.492,65.12
3,"2024-03-09 01:30:00+00:00",1,1.5,6.0375,65.12
3,"2024-03-09 02:00:00+00:00",1,2,7.9695,65.12
3,"2024-03-09 02:30:00+00:00",1,2.5,7.4865,65.12
3,"2024-03-09 03:00:00+00:00",1,3,8.526,65.12
3,"2024-03-09 03:30:00+00:00",1,3.5,6.636,65.12
3,"2024-03-09 04:00:00+00:00",1,4,7.875,65.12
3,"2024-03-09 04:30:00+00:00",1,4.5,7.875,65.12
3,"2024-03-09 05:00:00+00:00",1,5,8.1165,65.12
3,"2024-03-09 05:30:00+00:00",1,5.5,7.8015,65.12
3,"2024-03-09 06:00:00+00:00",1,6,7.0035,65.12
3,"2024-03-09 06:30:00+00:00",1,6.5,9.66,65.12
3,"2024-03-09 07:00:00+00:00",1,7,7.4865,65.12
3,"2024-03-09 07:30:00+00:00",1,7.5,10.626,65.12
3,"2024-03-09 08:00:00+00:00",1,8,7.266,65.12
3,"2024-03-09 08:30:00+00:00",1,8.5,10.8675,65.12
3,"2024-03-09 09:00:00+00:00",1,9,7.728,65.12
3,"2024-03-09 09:30:00+00:00",1,9.5,8.526,65.12
3,"2024-03-09 10:00:00+00:00",1,10,6.0375,65.12
3,"2024-03-09 10:30:00+00:00",1,10.5,5.796,65.12
3,"2024-03-09 11:00:00+00:00",1,11,6.762,65.12
3,"2024-03-09 11:30:00+00:00",1,11.5,8.4525,65.12
3,"2024-03-09 12:00:00+00:00",1,12,8.211,65.12
3,"2024-03-09 12:30:00+00:00",1,12.5,7.245,65.12
3,"2024-03-09 13:00:00+00:00",1,13,10.269,65.12
3,"2024-03-09 13:30:00+00:00",1,13.5,8.7675,65.12
3,"2024-03-09 14:00:00+00:00",1,14,7.854,65.12
3,"2024-03-09 14:30:00+00:00",1,14.5,8.6415,65.12
3,"2024-03-09 15:00:00+00:00",1,15,10.8675,65.12
3,"2024-03-09 15:30:00+00:00",1,15.5,11.3505,65.12
3,"2024-03-09 16:00:00+00:00",1,16,25.725,65.12
3,"2024-03-09 16:30:00+00:00",1,16.5,26.4705,65.12
3,"2024-03-09 17:00:00+00:00",1,17,27.153,65.12
3,"2024-03-09 17:30:00+00:00",1,17.5,29.568,65.12
3,"2024-03-09 18:00:00+00:00",1,18,29.6625,65.12
3,"2024-03-09 18:30:00+00:00",1,18.5,29.904,65.12
3,"2024-03-09 19:00:00+00:00",1,19,16.9785,65.12
3,"2024-03-09 19:30:00+00:00",1,19.5,13.9545,65.12
3,"2024-03-09 20:00:00+00:00",1,20,15.099,65.12
3,"2024-03-09 20:30:00+00:00",1,20.5,12.684,65.12
3,"2024-03-09 21:00:00+00:00",1,21,14.784,65.12
3,"2024-03-09 21:30:00+00:00",1,21.5,11.886,65.12
3,"2024-03-09 22:00:00+00:00",1,22,12.075,65.12
3,"2024-03-09 22:30:00+00:00",1,22.5,9.66,65.12
3,"2024-03-09 23:00:00+00:00",1,23,12.369,65.12
3,"2024-03-09 23:30:00+00:00",1,23.5,10.8675,65.12
3,"2024-03-10 00:00:00+00:00",1,0,8.694,65.12
3,"2024-03-10 00:30:00+00:00",1,0.5,12.3165,65.12
3,"2024-03-10 01:00:00+00:00",1,1,10.3845,65.12
3,"2024-03-10 01:30:00+00:00",1,1.5,9.177,65.12
3,"2024-03-10 02:00:00+00:00",1,2,9.303,65.12
3,"2024-03-10 02:30:00+00:00",1,2.5,8.694,65.12
3,"2024-03-10 03:00:00+00:00",1,3,8.505,65.12
3,"2024-03-10 03:30:00+00:00",1,3.5,7.245,65.12
3,"2024-03-10 04:00:00+00:00",1,4,7.728,65.12
3,"2024-03-10 04:30:00+00:00",1,4.5,6.426,65.12
3,"2024-03-10 05:00:00+00:00",1,5,8.694,65.12
3,"2024-03-10 05:30:00+00:00",1,5.5,8.19,65.12
3,"2024-03-10 06:00:00+00:00",1,6,11.088,65.12
3,"2024-03-10 06:30:00+00:00",1,6.5,12.3375,65.12
3,"2024-03-10 07:00:00+00:00",1,7,10.8675,65.12
3,"2024-03-10 07:30:00+00:00",1,7.5,12.075,65.12
3,"2024-03-10 08:00:00+00:00",1,8,9.66,65.12
3,"2024-03-10 08:30:00+00:00",1,8.5,14.007,65.12
3,"2024-03-10 09:00:00+00:00",1,9,12.369,65.12
3,"2024-03-10 09:30:00+00:00",1,9.5,14.784,65.12
3,"2024-03-10 10:00:00+00:00",1,10,14.784,65.12
3,"2024-03-10 10:30:00+00:00",1,10.5,15.939,65.12
3,"2024-03-10 11:00:00+00:00",1,11,15.771,65.12
3,"2024-03-10 11:30:00+00:00",1,11.5,17.199,65.12
3,"2024-03-10 12:00:00+00:00",1,12,18.1125,65.12
3,"2024-03-10 12:30:00+00:00",1,12.5,17.871,65.12
3,"2024-03-10 13:00:00+00:00",1,13,18.354,65.12
3,"2024-03-10 13:30:00+00:00",1,13.5,17.4615,65.12
3,"2024-03-10 14:00:00+00:00",1,14,17.1465,65.12
3,"2024-03-10 14:30:00+00:00",1,14.5,16.1805,65.12
3,"2024-03-10 15:00:00+00:00",1,15,14.784,65.12
3,"2024-03-10 15:30:00+00:00",1,15.5,15.855,65.12
3,"2024-03-10 16:00:00+00:00",1,16,27.468,65.12
3,"2024-03-10 16:30:00+00:00",1,16.5,29.6625,65.12
3,"2024-03-10 17:00:00+00:00",1,17,30.261,65.12
3,"2024-03-10 17:30:00+00:00",1,17.5,31.689,65.12
3,"2024-03-10 18:00:00+00:00",1,18,31.5735,65.12
3,"2024-03-10 18:30:00+00:00",1,18.5,31.1115,65.12
3,"2024-03-10 19:00:00+00:00",1,19,19.32,65.12
3,"2024-03-10 19:30:00+00:00",1,19.5,16.422,65.12
3,"2024-03-10 20:00:00+00:00",1,20,18.5955,65.12
3,"2024-03-10 20:30:00+00:00",1,20.5,15.939,65.12
3,"2024-03-10 21:00:00+00:00",1,21,18.8265,65.12
3,"2024-03-10 21:30:00+00:00",1,21.5,15.477,65.12
3,"2024-03-10 22:00:00+00:00",1,22,14.8995,65.12
3,"2024-03-10 22:30:00+00:00",1,22.5,13.524,65.12
3,"2024-03-10 23:00:00+00:00",1,23,14.679,65.12
3,"2024-03-10 23:30:00+00:00",1,23.5,14.133,65.12
3,"2024-03-11 00:00:00+00:00",0,0,13.671,65.12
3,"2024-03-11 00:30:00+00:00",0,0.5,16.422,65.12
3,"2024-03-11 01:00:00+00:00",0,1,14.805,65.12
3,"2024-03-11 01:30:00+00:00",0,1.5,14.805,65.12
3,"2024-03-11 02:00:00+00:00",0,2,14.805,65.12
3,"2024-03-11 02:30:00+00:00",0,2.5,14.805,65.12
3,"2024-03-11 03:00:00+00:00",0,3,14.805,65.12
3,"2024-03-11 03:30:00+00:00",0,3.5,14.196,65.12
3,"2024-03-11 04:00:00+00:00",0,4,14.805,65.12
3,"2024-03-11 04:30:00+00:00",0,4.5,13.2825,65.12
3,"2024-03-11 05:00:00+00:00",0,5,17.6505,65.12
3,"2024-03-11 05:30:00+00:00",0,5.5,15.75,65.12
3,"2024-03-11 06:00:00+00:00",0,6,18.5955,65.12
3,"2024-03-11 06:30:00+00:00",0,6.5,15.456,65.12
3,"2024-03-11 07:00:00+00:00",0,7,15.8445,65.12
3,"2024-03-11 07:30:00+00:00",0,7.5,20.286,65.12
3,"2024-03-11 08:00:00+00:00",0,8,16.275,65.12
3,"2024-03-11 08:30:00+00:00",0,8.5,18.165,65.12
3,"2024-03-11 09:00:00+00:00",0,9,17.6295,65.12
3,"2024-03-11 09:30:00+00:00",0,9.5,17.6295,65.12
3,"2024-03-11 10:00:00+00:00",0,10,16.9575,65.12
3,"2024-03-11 10:30:00+00:00",0,10.5,17.1465,65.12
3,"2024-03-11 11:00:00+00:00",0,11,17.388,65.12
3,"2024-03-11 11:30:00+00:00",0,11.5,17.871,65.12
3,"2024-03-11 12:00:00+00:00",0,12,18.438,65.12
3,"2024-03-11 12:30:00+00:00",0,12.5,17.535,65.12
3,"2024-03-11 13:00:00+00:00",0,13,18.543,65.12
3,"2024-03-11 13:30:00+00:00",0,13.5,18.543,65.12
3,"2024-03-11 14:00:00+00:00",0,14,17.682,65.12
3,"2024-03-11 14:30:00+00:00",0,14.5,16.905,65.12
3,"2024-03-11 15:00:00+00:00",0,15,17.22,65.12
3,"2024-03-11 15:30:00+00:00",0,15.5,18.2595,65.12
3,"2024-03-11 16:00:00+00:00",0,16,30.1455,65.12
3,"2024-03-11 16:30:00+00:00",0,16.5,31.332,65.12
3,"2024-03-11 17:00:00+00:00",0,17,32.0775,65.12
3,"2024-03-11 17:30:00+00:00",0,17.5,33.6105,65.12
3,"2024-03-11 18:00:00+00:00",0,18,32.802,65.12
3,"2024-03-11 18:30:00+00:00",0,18.5,32.004,65.12
3,"2024-03-11 19:00:00+00:00",0,19,20.118,65.12
3,"2024-03-11 19:30:00+00:00",0,19.5,18.0915,65.12
3,"2024-03-11 20:00:00+00:00",0,20,18.165,65.12
3,"2024-03-11 20:30:00+00:00",0,20.5,15.6975,65.12
3,"2024-03-11 21:00:00+00:00",0,21,17.136,65.12
3,"2024-03-11 21:30:00+00:00",0,21.5,15.8865,65.12
3,"2024-03-11 22:00:00+00:00",0,22,15.7185,65.12
3,"2024-03-11 22:30:00+00:00",0,22.5,14.3955,65.12
3,"2024-03-11 23:00:00+00:00",0,23,15.2145,65.12
3,"2024-03-11 23:30:00+00:00",0,23.5,14.49,65.12
3,"2024-03-12 00:00:00+00:00",0,0,13.7655,65.12
3,"2024-03-12 00:30:00+00:00",0,0.5,15.8865,65.12
3,"2024-03-12 01:00:00+00:00",0,1,14.343,65.12
3,"2024-03-12 01:30:00+00:00",0,1.5,13.041,65.12
3,"2024-03-12 02:00:00+00:00",0,2,13.839,65.12
3,"2024-03-12 02:30:00+00:00",0,2.5,13.503,65.12
3,"2024-03-12 03:00:00+00:00",0,3,13.7655,65.12
3,"2024-03-12 03:30:00+00:00",0,3.5,13.5975,65.12
3,"2024-03-12 04:00:00+00:00",0,4,14.616,65.12
3,"2024-03-12 04:30:00+00:00",0,4.5,14.4375,65.12
3,"2024-03-12 05:00:00+00:00",0,5,16.905,65.12
3,"2024-03-12 05:30:00+00:00",0,5.5,15.2355,65.12
3,"2024-03-12 06:00:00+00:00",0,6,17.577,65.12
3,"2024-03-12 06:30:00+00:00",0,6.5,19.656,65.12
3,"2024-03-12 07:00:00+00:00",0,7,16.905,65.12
3,"2024-03-12 07:30:00+00:00",0,7.5,19.929,65.12
3,"2024-03-12 08:00:00+00:00",0,8,18.333,65.12
3,"2024-03-12 08:30:00+00:00",0,8.5,18.837,65.12
3,"2024-03-12 09:00:00+00:00",0,9,17.8185,65.12
3,"2024-03-12 09:30:00+00:00",0,9.5,16.926,65.12
3,"2024-03-12 10:00:00+00:00",0,10,16.926,65.12
3,"2024-03-12 10:30:00+00:00",0,10.5,16.422,65.12
3,"2024-03-12 11:00:00+00:00",0,11,16.1805,65.12
3,"2024-03-12 11:30:00+00:00",0,11.5,16.0125,65.12
3,"2024-03-12 12:00:00+00:00",0,12,15.6975,65.12
3,"2024-03-12 12:30:00+00:00",0,12.5,14.007,65.12
3,"2024-03-12 13:00:00+00:00",0,13,15.2145,65.12
3,"2024-03-12 13:30:00+00:00",0,13.5,14.007,65.12
3,"2024-03-12 14:00:00+00:00",0,14,15.162,65.12
3,"2024-03-12 14:30:00+00:00",0,14.5,13.818,65.12
3,"2024-03-12 15:00:00+00:00",0,15,14.469,65.12
3,"2024-03-12 15:30:00+00:00",0,15.5,15.456,65.12
3,"2024-03-12 16:00:00+00:00",0,16,25.326,65.12
3,"2024-03-12 16:30:00+00:00",0,16.5,28.2135,65.12
3,"2024-03-12 17:00:00+00:00",0,17,27.489,65.12
3,"2024-03-12 17:30:00+00:00",0,17.5,29.064,65.12
3,"2024-03-12 18:00:00+00:00",0,18,31.185,65.12
3,"2024-03-12 18:30:00+00:00",0,18.5,30.093,65.12
3,"2024-03-12 19:00:00+00:00",0,19,17.682,65.12
3,"2024-03-12 19:30:00+00:00",0,19.5,15.8445,65.12
3,"2024-03-12 20:00:00+00:00",0,20,15.2145,65.12
3,"2024-03-12 20:30:00+00:00",0,20.5,15.6975,65.12
3,"2024-03-12 21:00:00+00:00",0,21,15.0885,65.12
3,"2024-03-12 21:30:00+00:00",0,21.5,13.713,65.12
3,"2024-03-12 22:00:00+00:00",0,22,15.0675,65.12
3,"2024-03-12 22:30:00+00:00",0,22.5,13.041,65.12
3,"2024-03-12 23:00:00+00:00",0,23,14.301,65.12
3,"2024-03-12 23:30:00+00:00",0,23.5,11.109,65.12
3,"2024-03-13 00:00:00+00:00",0,0,11.109,65.12
3,"2024-03-13 00:30:00+00:00",0,0.5,12.6315,65.12
3,"2024-03-13 01:00:00+00:00",0,1,11.592,65.12
3,"2024-03-13 01:30:00+00:00",0,1.5,9.2295,65.12
3,"2024-03-13 02:00:00+00:00",0,2,10.0695,65.12
3,"2024-03-13 02:30:00+00:00",0,2.5,9.66,65.12
3,"2024-03-13 03:00:00+00:00",0,3,9.996,65.12
3,"2024-03-13 03:30:00+00:00",0,3.5,9.366,65.12
3,"2024-03-13 04:00:00+00:00",0,4,11.8335,65.12
3,"2024-03-13 04:30:00+00:00",0,4.5,11.8335,65.12
3,"2024-03-13 05:00:00+00:00",0,5,13.524,65.12
3,"2024-03-13 05:30:00+00:00",0,5.5,15.2145,65.12
3,"2024-03-13 06:00:00+00:00",0,6,16.905,65.12
3,"2024-03-13 06:30:00+00:00",0,6.5,19.467,65.12
3,"2024-03-13 07:00:00+00:00",0,7,16.548,65.12
3,"2024-03-13 07:30:00+00:00",0,7.5,19.5615,65.12
3,"2024-03-13 08:00:00+00:00",0,8,16.905,65.12
3,"2024-03-13 08:30:00+00:00",0,8.5,16.9995,65.12
3,"2024-03-13 09:00:00+00:00",0,9,15.939,65.12
3,"2024-03-13 09:30:00+00:00",0,9.5,16.1805,65.12
3,"2024-03-13 10:00:00+00:00",0,10,15.939,65.12
3,"2024-03-13 10:30:00+00:00",0,10.5,15.6975,65.12
3,"2024-03-13 11:00:00+00:00",0,11,14.973,65.12
3,"2024-03-13 11:30:00+00:00",0,11.5,14.49,65.12
3,"2024-03-13 12:00:00+00:00",0,12,13.7655,65.12
3,"2024-03-13 12:30:00+00:00",0,12.5,14.2695,65.12
3,"2024-03-13 13:00:00+00:00",0,13,14.49,65.12
3,"2024-03-13 13:30:00+00:00",0,13.5,13.881,65.12
3,"2024-03-13 14:00:00+00:00",0,14,13.9125,65.12
3,"2024-03-13 14:30:00+00:00",0,14.5,13.692,65.12
3,"2024-03-13 15:00:00+00:00",0,15,12.558,65.12
3,"2024-03-13 15:30:00+00:00",0,15.5,13.5975,65.12
3,"2024-03-13 16:00:00+00:00",0,16,27.489,65.12
3,"2024-03-13 16:30:00+00:00",0,16.5,27.4785,65.12
3,"2024-03-13 17:00:00+00:00",0,17,27.5625,65.12
3,"2024-03-13 17:30:00+00:00",0,17.5,29.715,65.12
3,"2024-03-13 18:00:00+00:00",0,18,31.9305,65.12
3,"2024-03-13 18:30:00+00:00",0,18.5,32.4135,65.12
3,"2024-03-13 19:00:00+00:00",0,19,18.5955,65.12
3,"2024-03-13 19:30:00+00:00",0,19.5,16.4955,65.12
3,"2024-03-13 20:00:00+00:00",0,20,16.296,65.12
3,"2024-03-13 20:30:00+00:00",0,20.5,13.986,65.12
3,"2024-03-13 21:00:00+00:00",0,21,15.939,65.12
3,"2024-03-13 21:30:00+00:00",0,21.5,14.679,65.12
3,"2024-03-13 22:00:00+00:00",0,22,13.2825,65.12
3,"2024-03-13 22:30:00+00:00",0,22.5,11.949,65.12
3,"2024-03-13 23:00:00+00:00",0,23,14.364,65.12
3,"2024-03-13 23:30:00+00:00",0,23.5,12.6315,65.12
3,"2024-03-14 00:00:00+00:00",0,0,11.1825,65.12
3,"2024-03-14 00:30:00+00:00",0,0.5,13.377,65.12
3,"2024-03-14 01:00:00+00:00",0,1,13.2825,65.12
3,"2024-03-14 01:30:00+00:00",0,1.5,11.8125,65.12
3,"2024-03-14 02:00:00+00:00",0,2,12.075,65.12
3,"2024-03-14 02:30:00+00:00",0,2.5,11.592,65.12
3,"2024-03-14 03:00:00+00:00",0,3,10.857,65.12
3,"2024-03-14 03:30:00+00:00",0,3.5,9.66,65.12
3,"2024-03-14 04:00:00+00:00",0,4,11.13,65.12
3,"2024-03-14 04:30:00+00:00",0,4.5,10.941,65.12
3,"2024-03-14 05:00:00+00:00",0,5,13.65,65.12
3,"2024-03-14 05:30:00+00:00",0,5.5,14.49,65.12
3,"2024-03-14 06:00:00+00:00",0,6,16.884,65.12
3,"2024-03-14 06:30:00+00:00",0,6.5,18.354,65.12
3,"2024-03-14 07:00:00+00:00",0,7,14.49,65.12
3,"2024-03-14 07:30:00+00:00",0,7.5,17.262,65.12
3,"2024-03-14 08:00:00+00:00",0,8,15.6975,65.12
3,"2024-03-14 08:30:00+00:00",0,8.5,16.233,65.12
3,"2024-03-14 09:00:00+00:00",0,9,16.611,65.12
3,"2024-03-14 09:30:00+00:00",0,9.5,16.611,65.12
3,"2024-03-14 10:00:00+00:00",0,10,15.7185,65.12
3,"2024-03-14 10:30:00+00:00",0,10.5,14.973,65.12
3,"2024-03-14 11:00:00+00:00",0,11,15.6765,65.12
3,"2024-03-14 11:30:00+00:00",0,11.5,14.679,65.12
3,"2024-03-14 12:00:00+00:00",0,12,15.2145,65.12
3,"2024-03-14 12:30:00+00:00",0,12.5,14.9415,65.12
3,"2024-03-14 13:00:00+00:00",0,13,13.7655,65.12
3,"2024-03-14 13:30:00+00:00",0,13.5,13.398,65.12
3,"2024-03-14 14:00:00+00:00",0,14,13.041,65.12
3,"2024-03-14 14:30:00+00:00",0,14.5,13.041,65.12
3,"2024-03-14 15:00:00+00:00",0,15,12.684,65.12
3,"2024-03-14 15:30:00+00:00",0,15.5,13.398,65.12
3,"2024-03-14 16:00:00+00:00",0,16,26.04,65.12
3,"2024-03-14 16:30:00+00:00",0,16.5,28.455,65.12
3,"2024-03-14 17:00:00+00:00",0,17,29.0115,65.12
3,"2024-03-14 17:30:00+00:00",0,17.5,30.87,65.12
3,"2024-03-14 18:00:00+00:00",0,18,30.387,65.12
3,"2024-03-14 18:30:00+00:00",0,18.5,30.387,65.12
3,"2024-03-14 19:00:00+00:00",0,19,16.905,65.12
3,"2024-03-14 19:30:00+00:00",0,19.5,15.6975,65.12
3,"2024-03-14 20:00:00+00:00",0,20,15.0675,65.12
3,"2024-03-14 20:30:00+00:00",0,20.5,13.7655,65.12
3,"2024-03-14 21:00:00+00:00",0,21,15.456,65.12
3,"2024-03-14 21:30:00+00:00",0,21.5,14.2485,65.12
3,"2024-03-14 22:00:00+00:00",0,22,12.747,65.12
3,"2024-03-14 22:30:00+00:00",0,22.5,6.594,65.12
3,"2024-03-14 23:00:00+00:00",0,23,11.6445,65.12
3,"2024-03-14 23:30:00+00:00",0,23.5,10.626,65.12
3,"2024-03-15 00:00:00+00:00",0,0,10.479,65.12
3,"2024-03-15 00:30:00+00:00",0,0.5,10.962,65.12
3,"2024-03-15 01:00:00+00:00",0,1,10.7205,65.12
3,"2024-03-15 01:30:00+00:00",0,1.5,9.3975,65.12
3,"2024-03-15 02:00:00+00:00",0,2,10.815,65.12
3,"2024-03-15 02:30:00+00:00",0,2.5,9.681,65.12
3,"2024-03-15 03:00:00+00:00",0,3,9.807,65.12
3,"2024-03-15 03:30:00+00:00",0,3.5,9.4395,65.12
3,"2024-03-15 04:00:00+00:00",0,4,9.807,65.12
3,"2024-03-15 04:30:00+00:00",0,4.5,9.3975,65.12
3,"2024-03-15 05:00:00+00:00",0,5,10.6785,65.12
3,"2024-03-15 05:30:00+00:00",0,5.5,11.13,65.12
3,"2024-03-15 06:00:00+00:00",0,6,14.2275,65.12
3,"2024-03-15 06:30:00+00:00",0,6.5,14.364,65.12
3,"2024-03-15 07:00:00+00:00",0,7,14.2275,65.12
3,"2024-03-15 07:30:00+00:00",0,7.5,16.59,65.12
3,"2024-03-15 08:00:00+00:00",0,8,16.3695,65.12
3,"2024-03-15 08:30:00+00:00",0,8.5,16.422,65.12
3,"2024-03-15 09:00:00+00:00",0,9,17.388,65.12
3,"2024-03-15 09:30:00+00:00",0,9.5,15.8445,65.12
3,"2024-03-15 10:00:00+00:00",0,10,15.603,65.12
3,"2024-03-15 10:30:00+00:00",0,10.5,14.301,65.12
3,"2024-03-15 11:00:00+00:00",0,11,14.49,65.12
3,"2024-03-15 11:30:00+00:00",0,11.5,14.2485,65.12
3,"2024-03-15 12:00:00+00:00",0,12,14.9205,65.12
3,"2024-03-15 12:30:00+00:00",0,12.5,14.2275,65.12
3,"2024-03-15 13:00:00+00:00",0,13,12.705,65.12
3,"2024-03-15 13:30:00+00:00",0,13.5,12.075,65.12
3,"2024-03-15 14:00:00+00:00",0,14,12.075,65.12
3,"2024-03-15 14:30:00+00:00",0,14.5,12.558,65.12
3,"2024-03-15 15:00:00+00:00",0,15,14.2275,65.12
3,"2024-03-15 15:30:00+00:00",0,15.5,14.2275,65.12
3,"2024-03-15 16:00:00+00:00",0,16,27.783,65.12
3,"2024-03-15 16:30:00+00:00",0,16.5,26.334,65.12
3,"2024-03-15 17:00:00+00:00",0,17,27.0795,65.12
3,"2024-03-15 17:30:00+00:00",0,17.5,29.6625,65.12
3,"2024-03-15 18:00:00+00:00",0,18,31.3005,65.12
3,"2024-03-15 18:30:00+00:00",0,18.5,32.025,65.12
3,"2024-03-15 19:00:00+00:00",0,19,20.475,65.12
3,"2024-03-15 19:30:00+00:00",0,19.5,18.333,65.12
3,"2024-03-15 20:00:00+00:00",0,20,18.837,65.12
3,"2024-03-15 20:30:00+00:00",0,20.5,17.388,65.12
3,"2024-03-15 21:00:00+00:00",0,21,17.871,65.12
3,"2024-03-15 21:30:00+00:00",0,21.5,15.939,65.12
3,"2024-03-15 22:00:00+00:00",0,22,14.5425,65.12
3,"2024-03-15 22:30:00+00:00",0,22.5,13.8285,65.12
3,"2024-03-15 23:00:00+00:00",0,23,14.301,65.12
3,"2024-03-15 23:30:00+00:00",0,23.5,13.041,65.12
3,"2024-03-16 00:00:00+00:00",1,0,14.364,65.12
3,"2024-03-16 00:30:00+00:00",1,0.5,15.33,65.12
3,"2024-03-16 01:00:00+00:00",1,1,14.511,65.12
3,"2024-03-16 01:30:00+00:00",1,1.5,14.301,65.12
3,"2024-03-16 02:00:00+00:00",1,2,14.2485,65.12
3,"2024-03-16 02:30:00+00:00",1,2.5,14.007,65.12
3,"2024-03-16 03:00:00+00:00",1,3,14.2485,65.12
3,"2024-03-16 03:30:00+00:00",1,3.5,13.356,65.12
3,"2024-03-16 04:00:00+00:00",1,4,14.154,65.12
3,"2024-03-16 04:30:00+00:00",1,4.5,14.2275,65.12
3,"2024-03-16 05:00:00+00:00",1,5,14.3955,65.12
3,"2024-03-16 05:30:00+00:00",1,5.5,14.49,65.12
3,"2024-03-16 06:00:00+00:00",1,6,15.8445,65.12
3,"2024-03-16 06:30:00+00:00",1,6.5,15.0675,65.12
3,"2024-03-16 07:00:00+00:00",1,7,16.065,65.12
3,"2024-03-16 07:30:00+00:00",1,7.5,16.905,65.12
3,"2024-03-16 08:00:00+00:00",1,8,17.871,65.12
3,"2024-03-16 08:30:00+00:00",1,8.5,19.32,65.12
3,"2024-03-16 09:00:00+00:00",1,9,19.488,65.12
3,"2024-03-16 09:30:00+00:00",1,9.5,18.543,65.12
3,"2024-03-16 10:00:00+00:00",1,10,18.291,65.12
3,"2024-03-16 10:30:00+00:00",1,10.5,17.3145,65.12
3,"2024-03-16 11:00:00+00:00",1,11,16.905,65.12
3,"2024-03-16 11:30:00+00:00",1,11.5,16.296,65.12
3,"2024-03-16 12:00:00+00:00",1,12,15.5505,65.12
3,"2024-03-16 12:30:00+00:00",1,12.5,15.5295,65.12
3,"2024-03-16 13:00:00+00:00",1,13,15.6975,65.12
3,"2024-03-16 13:30:00+00:00",1,13.5,14.952,65.12
3,"2024-03-16 14:00:00+00:00",1,14,13.2825,65.12
3,"2024-03-16 14:30:00+00:00",1,14.5,13.7655,65.12
3,"2024-03-16 15:00:00+00:00",1,15,14.175,65.12
3,"2024-03-16 15:30:00+00:00",1,15.5,13.7655,65.12
3,"2024-03-16 16:00:00+00:00",1,16,27.006,65.12
3,"2024-03-16 16:30:00+00:00",1,16.5,28.455,65.12
3,"2024-03-16 17:00:00+00:00",1,17,28.9905,65.12
3,"2024-03-16 17:30:00+00:00",1,17.5,30.387,65.12
3,"2024-03-16 18:00:00+00:00",1,18,30.555,65.12
3,"2024-03-16 18:30:00+00:00",1,18.5,29.295,65.12
3,"2024-03-16 19:00:00+00:00",1,19,16.9995,65.12
3,"2024-03-16 19:30:00+00:00",1,19.5,16.065,65.12
3,"2024-03-16 20:00:00+00:00",1,20,15.6765,65.12
3,"2024-03-16 20:30:00+00:00",1,20.5,14.973,65.12
3,"2024-03-16 21:00:00+00:00",1,21,16.0335,65.12
3,"2024-03-16 21:30:00+00:00",1,21.5,14.511,65.12
3,"2024-03-16 22:00:00+00:00",1,22,15.939,65.12
3,"2024-03-16 22:30:00+00:00",1,22.5,13.041,65.12
3,"2024-03-16 23:00:00+00:00",1,23,15.939,65.12
3,"2024-03-16 23:30:00+00:00",1,23.5,14.49,65.12
3,"2024-03-17 00:00:00+00:00",1,0,12.7995,65.12
3,"2024-03-17 00:30:00+00:00",1,0.5,15.435,65.12
3,"2024-03-17 01:00:00+00:00",1,1,14.49,65.12
3,"2024-03-17 01:30:00+00:00",1,1.5,12.7995,65.12
3,"2024-03-17 02:00:00+00:00",1,2,12.075,65.12
3,"2024-03-17 02:30:00+00:00",1,2.5,12.3165,65.12
3,"2024-03-17 03:00:00+00:00",1,3,12.3165,65.12
3,"2024-03-17 03:30:00+00:00",1,3.5,13.2825,65.12
3,"2024-03-17 04:00:00+00:00",1,4,14.826,65.12
3,"2024-03-17 04:30:00+00:00",1,4.5,12.747,65.12
3,"2024-03-17 05:00:00+00:00",1,5,13.524,65.12
3,"2024-03-17 05:30:00+00:00",1,5.5,13.524,65.12
3,"2024-03-17 06:00:00+00:00",1,6,13.041,65.12
3,"2024-03-17 06:30:00+00:00",1,6.5,13.944,65.12
3,"2024-03-17 07:00:00+00:00",1,7,13.7655,65.12
3,"2024-03-17 07:30:00+00:00",1,7.5,13.44,65.12
3,"2024-03-17 08:00:00+00:00",1,8,14.805,65.12
3,"2024-03-17 08:30:00+00:00",1,8.5,17.388,65.12
3,"2024-03-17 09:00:00+00:00",1,9,18.1125,65.12
3,"2024-03-17 09:30:00+00:00",1,9.5,18.1125,65.12
3,"2024-03-17 10:00:00+00:00",1,10,17.9235,65.12
3,"2024-03-17 10:30:00+00:00",1,10.5,18.1125,65.12
3,"2024-03-17 11:00:00+00:00",1,11,17.388,65.12
3,"2024-03-17 11:30:00+00:00",1,11.5,18.354,65.12
3,"2024-03-17 12:00:00+00:00",1,12,17.388,65.12
3,"2024-03-17 12:30:00+00:00",1,12.5,16.422,65.12
3,"2024-03-17 13:00:00+00:00",1,13,15.792,65.12
3,"2024-03-17 13:30:00+00:00",1,13.5,15.456,65.12
3,"2024-03-17 14:00:00+00:00",1,14,14.007,65.12
3,"2024-03-17 14:30:00+00:00",1,14.5,14.49,65.12
3,"2024-03-17 15:00:00+00:00",1,15,14.952,65.12
3,"2024-03-17 15:30:00+00:00",1,15.5,14.994,65.12
3,"2024-03-17 16:00:00+00:00",1,16,27.489,65.12
3,"2024-03-17 16:30:00+00:00",1,16.5,31.2585,65.12
3,"2024-03-17 17:00:00+00:00",1,17,30.6285,65.12
3,"2024-03-17 17:30:00+00:00",1,17.5,33.3795,65.12
3,"2024-03-17 18:00:00+00:00",1,18,32.802,65.12
3,"2024-03-17 18:30:00+00:00",1,18.5,32.5815,65.12
3,"2024-03-17 19:00:00+00:00",1,19,20.433,65.12
3,"2024-03-17 19:30:00+00:00",1,19.5,17.388,65.12
3,"2024-03-17 20:00:00+00:00",1,20,17.871,65.12
3,"2024-03-17 20:30:00+00:00",1,20.5,15.162,65.12
3,"2024-03-17 21:00:00+00:00",1,21,16.422,65.12
3,"2024-03-17 21:30:00+00:00",1,21.5,15.2145,65.12
3,"2024-03-17 22:00:00+00:00",1,22,14.973,65.12
3,"2024-03-17 22:30:00+00:00",1,22.5,13.524,65.12
3,"2024-03-17 23:00:00+00:00",1,23,15.6975,65.12
3,"2024-03-17 23:30:00+00:00",1,23.5,13.524,65.12
3,"2024-03-18 00:00:00+00:00",0,0,14.49,65.12
3,"2024-03-18 00:30:00+00:00",0,0.5,16.905,65.12
3,"2024-03-18 01:00:00+00:00",0,1,15.8445,65.12
3,"2024-03-18 01:30:00+00:00",0,1.5,14.49,65.12
3,"2024-03-18 02:00:00+00:00",0,2,14.364,65.12
3,"2024-03-18 02:30:00+00:00",0,2.5,13.692,65.12
3,"2024-03-18 03:00:00+00:00",0,3,13.524,65.12
3,"2024-03-18 03:30:00+00:00",0,3.5,13.2825,65.12
3,"2024-03-18 04:00:00+00:00",0,4,14.007,65.12
3,"2024-03-18 04:30:00+00:00",0,4.5,13.2825,65.12
3,"2024-03-18 05:00:00+00:00",0,5,16.905,65.12
3,"2024-03-18 05:30:00+00:00",0,5.5,17.1465,65.12
3,"2024-03-18 06:00:00+00:00",0,6,18.1125,65.12
3,"2024-03-18 06:30:00+00:00",0,6.5,20.0445,65.12
3,"2024-03-18 07:00:00+00:00",0,7,20.286,65.12
3,"2024-03-18 07:30:00+00:00",0,7.5,22.407,65.12
3,"2024-03-18 08:00:00+00:00",0,8,21.5145,65.12
3,"2024-03-18 08:30:00+00:00",0,8.5,21.735,65.12
3,"2024-03-18 09:00:00+00:00",0,9,20.5275,65.12
3,"2024-03-18 09:30:00+00:00",0,9.5,20.0655,65.12
3,"2024-03-18 10:00:00+00:00",0,10,17.577,65.12
3,"2024-03-18 10:30:00+00:00",0,10.5,14.49,65.12
3,"2024-03-18 11:00:00+00:00",0,11,16.905,65.12
3,"2024-03-18 11:30:00+00:00",0,11.5,16.3275,65.12
3,"2024-03-18 12:00:00+00:00",0,12,15.6975,65.12
3,"2024-03-18 12:30:00+00:00",0,12.5,14.7315,65.12
3,"2024-03-18 13:00:00+00:00",0,13,14.5635,65.12
3,"2024-03-18 13:30:00+00:00",0,13.5,14.154,65.12
3,"2024-03-18 14:00:00+00:00",0,14,14.49,65.12
3,"2024-03-18 14:30:00+00:00",0,14.5,14.49,65.12
3,"2024-03-18 15:00:00+00:00",0,15,13.9125,65.12
3,"2024-03-18 15:30:00+00:00",0,15.5,14.5845,65.12
3,"2024-03-18 16:00:00+00:00",0,16,26.5965,65.12
3,"2024-03-18 16:30:00+00:00",0,16.5,28.875,65.12
3,"2024-03-18 17:00:00+00:00",0,17,29.6625,65.12
3,"2024-03-18 17:30:00+00:00",0,17.5,31.353,65.12
3,"2024-03-18 18:00:00+00:00",0,18,34.902,65.12
3,"2024-03-18 18:30:00+00:00",0,18.5,34.0095,65.12
3,"2024-03-18 19:00:00+00:00",0,19,20.8635,65.12
3,"2024-03-18 19:30:00+00:00",0,19.5,18.543,65.12
3,"2024-03-18 20:00:00+00:00",0,20,15.603,65.12
3,"2024-03-18 20:30:00+00:00",0,20.5,16.1805,65.12
3,"2024-03-18 21:00:00+00:00",0,21,15.645,65.12
3,"2024-03-18 21:30:00+00:00",0,21.5,13.335,65.12
3,"2024-03-18 22:00:00+00:00",0,22,16.1805,65.12
3,"2024-03-18 22:30:00+00:00",0,22.5,12.7995,65.12
3,"2024-03-18 23:00:00+00:00",0,23,14.5425,65.12
3,"2024-03-18 23:30:00+00:00",0,23.5,11.9805,65.12
3,"2024-03-19 00:00:00+00:00",0,0,11.718,65.12
3,"2024-03-19 00:30:00+00:00",0,0.5,12.9465,65.12
3,"2024-03-19 01:00:00+00:00",0,1,12.537,65.12
3,"2024-03-19 01:30:00+00:00",0,1.5,10.5525,65.12
3,"2024-03-19 02:00:00+00:00",0,2,11.277,65.12
3,"2024-03-19 02:30:00+00:00",0,2.5,11.109,65.12
3,"2024-03-19 03:00:00+00:00",0,3,10.8885,65.12
3,"2024-03-19 03:30:00+00:00",0,3.5,10.8675,65.12
3,"2024-03-19 04:00:00+00:00",0,4,11.088,65.12
3,"2024-03-19 04:30:00+00:00",0,4.5,10.269,65.12
3,"2024-03-19 05:00:00+00:00",0,5,12.558,65.12
3,"2024-03-19 05:30:00+00:00",0,5.5,15.6765,65.12
3,"2024-03-19 06:00:00+00:00",0,6,17.388,65.12
3,"2024-03-19 06:30:00+00:00",0,6.5,21.1995,65.12
3,"2024-03-19 07:00:00+00:00",0,7,16.086,65.12
3,"2024-03-19 07:30:00+00:00",0,7.5,20.2125,65.12
3,"2024-03-19 08:00:00+00:00",0,8,15.456,65.12
3,"2024-03-19 08:30:00+00:00",0,8.5,16.422,65.12
3,"2024-03-19 09:00:00+00:00",0,9,15.939,65.12
3,"2024-03-19 09:30:00+00:00",0,9.5,15.939,65.12
3,"2024-03-19 10:00:00+00:00",0,10,14.8365,65.12
3,"2024-03-19 10:30:00+00:00",0,10.5,14.9205,65.12
3,"2024-03-19 11:00:00+00:00",0,11,15.2145,65.12
3,"2024-03-19 11:30:00+00:00",0,11.5,15.2145,65.12
3,"2024-03-19 12:00:00+00:00",0,12,16.4955,65.12
3,"2024-03-19 12:30:00+00:00",0,12.5,16.422,65.12
3,"2024-03-19 13:00:00+00:00",0,13,18.354,65.12
3,"2024-03-19 13:30:00+00:00",0,13.5,15.939,65.12
3,"2024-03-19 14:00:00+00:00",0,14,16.422,65.12
3,"2024-03-19 14:30:00+00:00",0,14.5,15.792,65.12
3,"2024-03-19 15:00:00+00:00",0,15,15.939,65.12
3,"2024-03-19 15:30:00+00:00",0,15.5,16.1805,65.12
3,"2024-03-19 16:00:00+00:00",0,16,30.6285,65.12
3,"2024-03-19 16:30:00+00:00",0,16.5,30.723,65.12
3,"2024-03-19 17:00:00+00:00",0,17,33.1905,65.12
3,"2024-03-19 17:30:00+00:00",0,17.5,35.217,65.12
3,"2024-03-19 18:00:00+00:00",0,18,37.4115,65.12
3,"2024-03-19 18:30:00+00:00",0,18.5,38.262,65.12
3,"2024-03-19 19:00:00+00:00",0,19,24.654,65.12
3,"2024-03-19 19:30:00+00:00",0,19.5,21.7875,65.12
3,"2024-03-19 20:00:00+00:00",0,20,21.42,65.12
3,"2024-03-19 20:30:00+00:00",0,20.5,17.1465,65.12
3,"2024-03-19 21:00:00+00:00",0,21,21.252,65.12
3,"2024-03-19 21:30:00+00:00",0,21.5,17.262,65.12
3,"2024-03-19 22:00:00+00:00",0,22,18.5955,65.12
3,"2024-03-19 22:30:00+00:00",0,22.5,16.107,65.12
3,"2024-03-19 23:00:00+00:00",0,23,16.926,65.12
3,"2024-03-19 23:30:00+00:00",0,23.5,16.905,65.12
3,"2024-03-20 00:00:00+00:00",0,0,15.939,65.12
3,"2024-03-20 00:30:00+00:00",0,0.5,17.808,65.12
3,"2024-03-20 01:00:00+00:00",0,1,17.577,65.12
3,"2024-03-20 01:30:00+00:00",0,1.5,15.813,65.12
3,"2024-03-20 02:00:00+00:00",0,2,15.3825,65.12
3,"2024-03-20 02:30:00+00:00",0,2.5,15.2145,65.12
3,"2024-03-20 03:00:00+00:00",0,3,15.3615,65.12
3,"2024-03-20 03:30:00+00:00",0,3.5,14.49,65.12
3,"2024-03-20 04:00:00+00:00",0,4,15.477,65.12
3,"2024-03-20 04:30:00+00:00",0,4.5,15.435,65.12
3,"2024-03-20 05:00:00+00:00",0,5,17.388,65.12
3,"2024-03-20 05:30:00+00:00",0,5.5,15.939,65.12
3,"2024-03-20 06:00:00+00:00",0,6,20.5275,65.12
3,"2024-03-20 06:30:00+00:00",0,6.5,24.15,65.12
3,"2024-03-20 07:00:00+00:00",0,7,17.745,65.12
3,"2024-03-20 07:30:00+00:00",0,7.5,20.6745,65.12
3,"2024-03-20 08:00:00+00:00",0,8,20.097,65.12
3,"2024-03-20 08:30:00+00:00",0,8.5,20.097,65.12
3,"2024-03-20 09:00:00+00:00",0,9,21.714,65.12
3,"2024-03-20 09:30:00+00:00",0,9.5,20.601,65.12
3,"2024-03-20 10:00:00+00:00",0,10,19.971,65.12
3,"2024-03-20 10:30:00+00:00",0,10.5,19.782,65.12
3,"2024-03-20 11:00:00+00:00",0,11,18.837,65.12
3,"2024-03-20 11:30:00+00:00",0,11.5,17.6295,65.12
3,"2024-03-20 12:00:00+00:00",0,12,17.514,65.12
3,"2024-03-20 12:30:00+00:00",0,12.5,16.905,65.12
3,"2024-03-20 13:00:00+00:00",0,13,16.5165,65.12
3,"2024-03-20 13:30:00+00:00",0,13.5,16.422,65.12
3,"2024-03-20 14:00:00+00:00",0,14,16.6425,65.12
3,"2024-03-20 14:30:00+00:00",0,14.5,16.716,65.12
3,"2024-03-20 15:00:00+00:00",0,15,19.32,65.12
3,"2024-03-20 15:30:00+00:00",0,15.5,18.1125,65.12
3,"2024-03-20 16:00:00+00:00",0,16,31.08,65.12
3,"2024-03-20 16:30:00+00:00",0,16.5,32.802,65.12
3,"2024-03-20 17:00:00+00:00",0,17,37.821,65.12
3,"2024-03-20 17:30:00+00:00",0,17.5,40.047,65.12
3,"2024-03-20 18:00:00+00:00",0,18,40.53,65.12
3,"2024-03-20 18:30:00+00:00",0,18.5,43.428,65.12
3,"2024-03-20 19:00:00+00:00",0,19,26.3025,65.12
3,"2024-03-20 19:30:00+00:00",0,19.5,23.016,65.12
3,"2024-03-20 20:00:00+00:00",0,20,20.097,65.12
3,"2024-03-20 20:30:00+00:00",0,20.5,16.5375,65.12
3,"2024-03-20 21:00:00+00:00",0,21,18.1125,65.12
3,"2024-03-20 21:30:00+00:00",0,21.5,18.354,65.12
3,"2024-03-20 22:00:00+00:00",0,22,19.0785,65.12
3,"2024-03-20 22:30:00+00:00",0,22.5,15.7185,65.12
3,"2024-03-20 23:00:00+00:00",0,23,16.905,65.12
3,"2024-03-20 23:30:00+00:00",0,23.5,18.354,65.12
3,"2024-03-21 00:00:00+00:00",0,0,16.233,65.12
3,"2024-03-21 00:30:00+00:00",0,0.5,19.1415,65.12
3,"2024-03-21 01:00:00+00:00",0,1,18.165,65.12
3,"2024-03-21 01:30:00+00:00",0,1.5,16.401,65.12
3,"2024-03-21 02:00:00+00:00",0,2,15.0675,65.12
3,"2024-03-21 02:30:00+00:00",0,2.5,14.7315,65.12
3,"2024-03-21 03:00:00+00:00",0,3,14.5845,65.12
3,"2024-03-21 03:30:00+00:00",0,3.5,13.986,65.12
3,"2024-03-21 04:00:00+00:00",0,4,14.3955,65.12
3,"2024-03-21 04:30:00+00:00",0,4.5,13.2825,65.12
3,"2024-03-21 05:00:00+00:00",0,5,16.1805,65.12
3,"2024-03-21 05:30:00+00:00",0,5.5,16.716,65.12
3,"2024-03-21 06:00:00+00:00",0,6,19.194,65.12
3,"2024-03-21 06:30:00+00:00",0,6.5,22.4595,65.12
3,"2024-03-21 07:00:00+00:00",0,7,18.375,65.12
3,"2024-03-21 07:30:00+00:00",0,7.5,20.8425,65.12
3,"2024-03-21 08:00:00+00:00",0,8,16.611,65.12
3,"2024-03-21 08:30:00+00:00",0,8.5,16.6635,65.12
3,"2024-03-21 09:00:00+00:00",0,9,16.3695,65.12
3,"2024-03-21 09:30:00+00:00",0,9.5,16.0335,65.12
3,"2024-03-21 10:00:00+00:00",0,10,16.0335,65.12
3,"2024-03-21 10:30:00+00:00",0,10.5,15.498,65.12
3,"2024-03-21 11:00:00+00:00",0,11,14.49,65.12
3,"2024-03-21 11:30:00+00:00",0,11.5,13.524,65.12
3,"2024-03-21 12:00:00+00:00",0,12,12.075,65.12
3,"2024-03-21 12:30:00+00:00",0,12.5,12.075,65.12
3,"2024-03-21 13:00:00+00:00",0,13,13.524,65.12
3,"2024-03-21 13:30:00+00:00",0,13.5,11.592,65.12
3,"2024-03-21 14:00:00+00:00",0,14,12.8205,65.12
3,"2024-03-21 14:30:00+00:00",0,14.5,11.592,65.12
3,"2024-03-21 15:00:00+00:00",0,15,13.041,65.12
3,"2024-03-21 15:30:00+00:00",0,15.5,13.986,65.12
3,"2024-03-21 16:00:00+00:00",0,16,26.0925,65.12
3,"2024-03-21 16:30:00+00:00",0,16.5,27.468,65.12
3,"2024-03-21 17:00:00+00:00",0,17,28.938,65.12
3,"2024-03-21 17:30:00+00:00",0,17.5,32.319,65.12
3,"2024-03-21 18:00:00+00:00",0,18,35.1225,65.12
3,"2024-03-21 18:30:00+00:00",0,18.5,36.183,65.12
3,"2024-03-21 19:00:00+00:00",0,19,19.5615,65.12
3,"2024-03-21 19:30:00+00:00",0,19.5,16.9785,65.12
3,"2024-03-21 20:00:00+00:00",0,20,16.758,65.12
3,"2024-03-21 20:30:00+00:00",0,20.5,14.007,65.12
3,"2024-03-21 21:00:00+00:00",0,21,15.3615,65.12
3,"2024-03-21 21:30:00+00:00",0,21.5,12.684,65.12
3,"2024-03-21 22:00:00+00:00",0,22,13.167,65.12
3,"2024-03-21 22:30:00+00:00",0,22.5,7.245,65.12
3,"2024-03-21 23:00:00+00:00",0,23,8.694,65.12
3,"2024-03-21 23:30:00+00:00",0,23.5,6.762,65.12
3,"2024-03-22 00:00:00+00:00",0,0,7.1505,65.12
3,"2024-03-22 00:30:00+00:00",0,0.5,10.3845,65.12
3,"2024-03-22 01:00:00+00:00",0,1,9.5865,65.12
3,"2024-03-22 01:30:00+00:00",0,1.5,8.064,65.12
3,"2024-03-22 02:00:00+00:00",0,2,8.526,65.12
3,"2024-03-22 02:30:00+00:00",0,2.5,7.9695,65.12
3,"2024-03-22 03:00:00+00:00",0,3,7.245,65.12
3,"2024-03-22 03:30:00+00:00",0,3.5,7.245,65.12
3,"2024-03-22 04:00:00+00:00",0,4,7.728,65.12
3,"2024-03-22 04:30:00+00:00",0,4.5,7.728,65.12
3,"2024-03-22 05:00:00+00:00",0,5,9.4185,65.12
3,"2024-03-22 05:30:00+00:00",0,5.5,9.66,65.12
3,"2024-03-22 06:00:00+00:00",0,6,11.9805,65.12
3,"2024-03-22 06:30:00+00:00",0,6.5,15.603,65.12
3,"2024-03-22 07:00:00+00:00",0,7,13.986,65.12
3,"2024-03-22 07:30:00+00:00",0,7.5,15.603,65.12
3,"2024-03-22 08:00:00+00:00",0,8,15.267,65.12
3,"2024-03-22 08:30:00+00:00",0,8.5,15.12,65.12
3,"2024-03-22 09:00:00+00:00",0,9,15.5505,65.12
3,"2024-03-22 09:30:00+00:00",0,9.5,14.49,65.12
3,"2024-03-22 10:00:00+00:00",0,10,13.524,65.12
3,"2024-03-22 10:30:00+00:00",0,10.5,12.9465,65.12
3,"2024-03-22 11:00:00+00:00",0,11,10.8675,65.12
3,"2024-03-22 11:30:00+00:00",0,11.5,10.962,65.12
3,"2024-03-22 12:00:00+00:00",0,12,12.2955,65.12
3,"2024-03-22 12:30:00+00:00",0,12.5,10.626,65.12
3,"2024-03-22 13:00:00+00:00",0,13,14.49,65.12
3,"2024-03-22 13:30:00+00:00",0,13.5,13.041,65.12
3,"2024-03-22 14:00:00+00:00",0,14,11.2875,65.12
3,"2024-03-22 14:30:00+00:00",0,14.5,10.269,65.12
3,"2024-03-22 15:00:00+00:00",0,15,9.786,65.12
3,"2024-03-22 15:30:00+00:00",0,15.5,12.4635,65.12
3,"2024-03-22 16:00:00+00:00",0,16,25.368,65.12
3,"2024-03-22 16:30:00+00:00",0,16.5,26.04,65.12
3,"2024-03-22 17:00:00+00:00",0,17,26.67,65.12
3,"2024-03-22 17:30:00+00:00",0,17.5,29.253,65.12
3,"2024-03-22 18:00:00+00:00",0,18,31.836,65.12
3,"2024-03-22 18:30:00+00:00",0,18.5,33.3585,65.12
3,"2024-03-22 19:00:00+00:00",0,19,20.8635,65.12
3,"2024-03-22 19:30:00+00:00",0,19.5,17.85,65.12
3,"2024-03-22 20:00:00+00:00",0,20,15.813,65.12
3,"2024-03-22 20:30:00+00:00",0,20.5,12.747,65.12
3,"2024-03-22 21:00:00+00:00",0,21,13.524,65.12
3,"2024-03-22 21:30:00+00:00",0,21.5,12.0015,65.12
3,"2024-03-22 22:00:00+00:00",0,22,11.0145,65.12
3,"2024-03-22 22:30:00+00:00",0,22.5,8.694,65.12
3,"2024-03-22 23:00:00+00:00",0,23,5.0925,65.12
3,"2024-03-22 23:30:00+00:00",0,23.5,1.449,65.12
3,"2024-03-23 00:00:00+00:00",1,0,1.2075,65.12
3,"2024-03-23 00:30:00+00:00",1,0.5,4.347,65.12
3,"2024-03-23 01:00:00+00:00",1,1,2.394,65.12
3,"2024-03-23 01:30:00+00:00",1,1.5,0,65.12
3,"2024-03-23 02:00:00+00:00",1,2,0.966,65.12
3,"2024-03-23 02:30:00+00:00",1,2.5,0.3885,65.12
3,"2024-03-23 03:00:00+00:00",1,3,0.021,65.12
3,"2024-03-23 03:30:00+00:00",1,3.5,0,65.12
3,"2024-03-23 04:00:00+00:00",1,4,0.483,65.12
3,"2024-03-23 04:30:00+00:00",1,4.5,0,65.12
3,"2024-03-23 05:00:00+00:00",1,5,0.2415,65.12
3,"2024-03-23 05:30:00+00:00",1,5.5,0.966,65.12
3,"2024-03-23 06:00:00+00:00",1,6,1.2075,65.12
3,"2024-03-23 06:30:00+00:00",1,6.5,1.932,65.12
3,"2024-03-23 07:00:00+00:00",1,7,1.2075,65.12
3,"2024-03-23 07:30:00+00:00",1,7.5,2.247,65.12
3,"2024-03-23 08:00:00+00:00",1,8,-0.7245,65.12
3,"2024-03-23 08:30:00+00:00",1,8.5,1.281,65.12
3,"2024-03-23 09:00:00+00:00",1,9,0.294,65.12
3,"2024-03-23 09:30:00+00:00",1,9.5,0.2415,65.12
3,"2024-03-23 10:00:00+00:00",1,10,0.5355,65.12
3,"2024-03-23 10:30:00+00:00",1,10.5,0,65.12
3,"2024-03-23 11:00:00+00:00",1,11,0,65.12
3,"2024-03-23 11:30:00+00:00",1,11.5,0,65.12
3,"2024-03-23 12:00:00+00:00",1,12,0,65.12
3,"2024-03-23 12:30:00+00:00",1,12.5,0,65.12
3,"2024-03-23 13:00:00+00:00",1,13,0,65.12
3,"2024-03-23 13:30:00+00:00",1,13.5,0,65.12
3,"2024-03-23 14:00:00+00:00",1,14,0,65.12
3,"2024-03-23 14:30:00+00:00",1,14.5,0.966,65.12
3,"2024-03-23 15:00:00+00:00",1,15,-0.7035,65.12
3,"2024-03-23 15:30:00+00:00",1,15.5,0.966,65.12
3,"2024-03-23 16:00:00+00:00",1,16,13.965,65.12
3,"2024-03-23 16:30:00+00:00",1,16.5,21.84,65.12
3,"2024-03-23 17:00:00+00:00",1,17,21.336,65.12
3,"2024-03-23 17:30:00+00:00",1,17.5,27.321,65.12
3,"2024-03-23 18:00:00+00:00",1,18,24.591,65.12
3,"2024-03-23 18:30:00+00:00",1,18.5,26.0925,65.12
3,"2024-03-23 19:00:00+00:00",1,19,13.335,65.12
3,"2024-03-23 19:30:00+00:00",1,19.5,10.8465,65.12
3,"2024-03-23 20:00:00+00:00",1,20,12.558,65.12
3,"2024-03-23 20:30:00+00:00",1,20.5,7.224,65.12
3,"2024-03-23 21:00:00+00:00",1,21,10.6785,65.12
3,"2024-03-23 21:30:00+00:00",1,21.5,5.2605,65.12
3,"2024-03-23 22:00:00+00:00",1,22,9.4185,65.12
3,"2024-03-23 22:30:00+00:00",1,22.5,2.1735,65.12
3,"2024-03-23 23:00:00+00:00",1,23,2.6565,65.12
3,"2024-03-23 23:30:00+00:00",1,23.5,0.2415,65.12
3,"2024-03-24 00:00:00+00:00",1,0,0.2415,65.12
3,"2024-03-24 00:30:00+00:00",1,0.5,4.83,65.12
3,"2024-03-24 01:00:00+00:00",1,1,2.898,65.12
3,"2024-03-24 01:30:00+00:00",1,1.5,0.945,65.12
3,"2024-03-24 02:00:00+00:00",1,2,0,65.12
3,"2024-03-24 02:30:00+00:00",1,2.5,0,65.12
3,"2024-03-24 03:00:00+00:00",1,3,0,65.12
3,"2024-03-24 03:30:00+00:00",1,3.5,0,65.12
3,"2024-03-24 04:00:00+00:00",1,4,0.0525,65.12
3,"2024-03-24 04:30:00+00:00",1,4.5,0.2415,65.12
3,"2024-03-24 05:00:00+00:00",1,5,0.2415,65.12
3,"2024-03-24 05:30:00+00:00",1,5.5,0.2415,65.12
3,"2024-03-24 06:00:00+00:00",1,6,0,65.12
3,"2024-03-24 06:30:00+00:00",1,6.5,2.541,65.12
3,"2024-03-24 07:00:00+00:00",1,7,0.2415,65.12
3,"2024-03-24 07:30:00+00:00",1,7.5,0.483,65.12
3,"2024-03-24 08:00:00+00:00",1,8,-4.347,65.12
3,"2024-03-24 08:30:00+00:00",1,8.5,-1.1865,65.12
3,"2024-03-24 09:00:00+00:00",1,9,-1.1865,65.12
3,"2024-03-24 09:30:00+00:00",1,9.5,0.2415,65.12
3,"2024-03-24 10:00:00+00:00",1,10,3.045,65.12
3,"2024-03-24 10:30:00+00:00",1,10.5,7.056,65.12
3,"2024-03-24 11:00:00+00:00",1,11,6.0375,65.12
3,"2024-03-24 11:30:00+00:00",1,11.5,13.524,65.12
3,"2024-03-24 12:00:00+00:00",1,12,15.6975,65.12
3,"2024-03-24 12:30:00+00:00",1,12.5,16.905,65.12
3,"2024-03-24 13:00:00+00:00",1,13,16.4955,65.12
3,"2024-03-24 13:30:00+00:00",1,13.5,16.233,65.12
3,"2024-03-24 14:00:00+00:00",1,14,16.107,65.12
3,"2024-03-24 14:30:00+00:00",1,14.5,14.2485,65.12
3,"2024-03-24 15:00:00+00:00",1,15,14.8995,65.12
3,"2024-03-24 15:30:00+00:00",1,15.5,15.939,65.12
3,"2024-03-24 16:00:00+00:00",1,16,28.161,65.12
3,"2024-03-24 16:30:00+00:00",1,16.5,28.9905,65.12
3,"2024-03-24 17:00:00+00:00",1,17,26.67,65.12
3,"2024-03-24 17:30:00+00:00",1,17.5,32.193,65.12
3,"2024-03-24 18:00:00+00:00",1,18,32.319,65.12
3,"2024-03-24 18:30:00+00:00",1,18.5,34.4925,65.12
3,"2024-03-24 19:00:00+00:00",1,19,22.68,65.12
3,"2024-03-24 19:30:00+00:00",1,19.5,18.543,65.12
3,"2024-03-24 20:00:00+00:00",1,20,22.701,65.12
3,"2024-03-24 20:30:00+00:00",1,20.5,18.7425,65.12
3,"2024-03-24 21:00:00+00:00",1,21,20.5275,65.12
3,"2024-03-24 21:30:00+00:00",1,21.5,16.59,65.12
3,"2024-03-24 22:00:00+00:00",1,22,18.837,65.12
3,"2024-03-24 22:30:00+00:00",1,22.5,12.3165,65.12
3,"2024-03-24 23:00:00+00:00",1,23,16.905,65.12
3,"2024-03-24 23:30:00+00:00",1,23.5,15.456,65.12
3,"2024-03-25 00:00:00+00:00",0,0,15.645,65.12
3,"2024-03-25 00:30:00+00:00",0,0.5,16.905,65.12
3,"2024-03-25 01:00:00+00:00",0,1,15.6975,65.12
3,"2024-03-25 01:30:00+00:00",0,1.5,14.511,65.12
3,"2024-03-25 02:00:00+00:00",0,2,14.4165,65.12
3,"2024-03-25 02:30:00+00:00",0,2.5,14.007,65.12
3,"2024-03-25 03:00:00+00:00",0,3,14.133,65.12
3,"2024-03-25 03:30:00+00:00",0,3.5,13.524,65.12
3,"2024-03-25 04:00:00+00:00",0,4,14.49,65.12
3,"2024-03-25 04:30:00+00:00",0,4.5,13.986,65.12
3,"2024-03-25 05:00:00+00:00",0,5,16.275,65.12
3,"2024-03-25 05:30:00+00:00",0,5.5,17.871,65.12
3,"2024-03-25 06:00:00+00:00",0,6,22.9425,65.12
3,"2024-03-25 06:30:00+00:00",0,6.5,24.2445,65.12
3,"2024-03-25 07:00:00+00:00",0,7,15.456,65.12
3,"2024-03-25 07:30:00+00:00",0,7.5,18.69,65.12
3,"2024-03-25 08:00:00+00:00",0,8,17.388,65.12
3,"2024-03-25 08:30:00+00:00",0,8.5,18.1125,65.12
3,"2024-03-25 09:00:00+00:00",0,9,18.354,65.12
3,"2024-03-25 09:30:00+00:00",0,9.5,18.207,65.12
3,"2024-03-25 10:00:00+00:00",0,10,17.241,65.12
3,"2024-03-25 10:30:00+00:00",0,10.5,16.9575,65.12
3,"2024-03-25 11:00:00+00:00",0,11,15.456,65.12
3,"2024-03-25 11:30:00+00:00",0,11.5,15.6975,65.12
3,"2024-03-25 12:00:00+00:00",0,12,15.939,65.12
3,"2024-03-25 12:30:00+00:00",0,12.5,15.33,65.12
3,"2024-03-25 13:00:00+00:00",0,13,15.2355,65.12
3,"2024-03-25 13:30:00+00:00",0,13.5,14.5425,65.12
3,"2024-03-25 14:00:00+00:00",0,14,14.7105,65.12
3,"2024-03-25 14:30:00+00:00",0,14.5,14.49,65.12
3,"2024-03-25 15:00:00+00:00",0,15,15.2145,65.12
3,"2024-03-25 15:30:00+00:00",0,15.5,15.1935,65.12
3,"2024-03-25 16:00:00+00:00",0,16,29.001,65.12
3,"2024-03-25 16:30:00+00:00",0,16.5,31.311,65.12
3,"2024-03-25 17:00:00+00:00",0,17,35.2905,65.12
3,"2024-03-25 17:30:00+00:00",0,17.5,36.9075,65.12
3,"2024-03-25 18:00:00+00:00",0,18,36.4245,65.12
3,"2024-03-25 18:30:00+00:00",0,18.5,37.0545,65.12
3,"2024-03-25 19:00:00+00:00",0,19,19.026,65.12
3,"2024-03-25 19:30:00+00:00",0,19.5,16.233,65.12
3,"2024-03-25 20:00:00+00:00",0,20,16.9365,65.12
3,"2024-03-25 20:30:00+00:00",0,20.5,15.456,65.12
3,"2024-03-25 21:00:00+00:00",0,21,16.4745,65.12
3,"2024-03-25 21:30:00+00:00",0,21.5,17.2095,65.12
3,"2024-03-25 22:00:00+00:00",0,22,18.1125,65.12
3,"2024-03-25 22:30:00+00:00",0,22.5,14.322,65.12
3,"2024-03-25 23:00:00+00:00",0,23,16.1805,65.12
3,"2024-03-25 23:30:00+00:00",0,23.5,15.267,65.12
3,"2024-03-26 00:00:00+00:00",0,0,13.6185,65.12
3,"2024-03-26 00:30:00+00:00",0,0.5,14.9205,65.12
3,"2024-03-26 01:00:00+00:00",0,1,14.364,65.12
3,"2024-03-26 01:30:00+00:00",0,1.5,13.356,65.12
3,"2024-03-26 02:00:00+00:00",0,2,13.65,65.12
3,"2024-03-26 02:30:00+00:00",0,2.5,13.65,65.12
3,"2024-03-26 03:00:00+00:00",0,3,13.524,65.12
3,"2024-03-26 03:30:00+00:00",0,3.5,13.524,65.12
3,"2024-03-26 04:00:00+00:00",0,4,13.7445,65.12
3,"2024-03-26 04:30:00+00:00",0,4.5,13.4925,65.12
3,"2024-03-26 05:00:00+00:00",0,5,16.086,65.12
3,"2024-03-26 05:30:00+00:00",0,5.5,16.422,65.12
3,"2024-03-26 06:00:00+00:00",0,6,16.758,65.12
3,"2024-03-26 06:30:00+00:00",0,6.5,17.9655,65.12
3,"2024-03-26 07:00:00+00:00",0,7,16.422,65.12
3,"2024-03-26 07:30:00+00:00",0,7.5,17.094,65.12
3,"2024-03-26 08:00:00+00:00",0,8,20.097,65.12
3,"2024-03-26 08:30:00+00:00",0,8.5,20.097,65.12
3,"2024-03-26 09:00:00+00:00",0,9,20.5275,65.12
3,"2024-03-26 09:30:00+00:00",0,9.5,19.3305,65.12
3,"2024-03-26 10:00:00+00:00",0,10,20.5275,65.12
3,"2024-03-26 10:30:00+00:00",0,10.5,20.286,65.12
3,"2024-03-26 11:00:00+00:00",0,11,19.467,65.12
3,"2024-03-26 11:30:00+00:00",0,11.5,19.7085,65.12
3,"2024-03-26 12:00:00+00:00",0,12,20.0445,65.12
3,"2024-03-26 12:30:00+00:00",0,12.5,19.32,65.12
3,"2024-03-26 13:00:00+00:00",0,13,19.32,65.12
3,"2024-03-26 13:30:00+00:00",0,13.5,18.3015,65.12
3,"2024-03-26 14:00:00+00:00",0,14,17.6295,65.12
3,"2024-03-26 14:30:00+00:00",0,14.5,16.905,65.12
3,"2024-03-26 15:00:00+00:00",0,15,16.548,65.12
3,"2024-03-26 15:30:00+00:00",0,15.5,15.939,65.12
3,"2024-03-26 16:00:00+00:00",0,16,27.51,65.12
3,"2024-03-26 16:30:00+00:00",0,16.5,28.938,65.12
3,"2024-03-26 17:00:00+00:00",0,17,31.836,65.12
3,"2024-03-26 17:30:00+00:00",0,17.5,32.781,65.12
3,"2024-03-26 18:00:00+00:00",0,18,31.2795,65.12
3,"2024-03-26 18:30:00+00:00",0,18.5,31.5,65.12
3,"2024-03-26 19:00:00+00:00",0,19,17.22,65.12
3,"2024-03-26 19:30:00+00:00",0,19.5,13.6185,65.12
3,"2024-03-26 20:00:00+00:00",0,20,15.9915,65.12
3,"2024-03-26 20:30:00+00:00",0,20.5,15.12,65.12
3,"2024-03-26 21:00:00+00:00",0,21,16.569,65.12
3,"2024-03-26 21:30:00+00:00",0,21.5,13.2825,65.12
3,"2024-03-26 22:00:00+00:00",0,22,14.2485,65.12
3,"2024-03-26 22:30:00+00:00",0,22.5,9.9015,65.12
3,"2024-03-26 23:00:00+00:00",0,23,13.7445,65.12
3,"2024-03-26 23:30:00+00:00",0,23.5,10.8675,65.12
3,"2024-03-27 00:00:00+00:00",0,0,10.3845,65.12
3,"2024-03-27 00:30:00+00:00",0,0.5,13.2825,65.12
3,"2024-03-27 01:00:00+00:00",0,1,12.075,65.12
3,"2024-03-27 01:30:00+00:00",0,1.5,11.466,65.12
3,"2024-03-27 02:00:00+00:00",0,2,11.0145,65.12
3,"2024-03-27 02:30:00+00:00",0,2.5,9.786,65.12
3,"2024-03-27 03:00:00+00:00",0,3,11.592,65.12
3,"2024-03-27 03:30:00+00:00",0,3.5,10.647,65.12
3,"2024-03-27 04:00:00+00:00",0,4,10.437,65.12
3,"2024-03-27 04:30:00+00:00",0,4.5,9.66,65.12
3,"2024-03-27 05:00:00+00:00",0,5,12.7995,65.12
3,"2024-03-27 05:30:00+00:00",0,5.5,13.2825,65.12
3,"2024-03-27 06:00:00+00:00",0,6,13.671,65.12
3,"2024-03-27 06:30:00+00:00",0,6.5,16.905,65.12
3,"2024-03-27 07:00:00+00:00",0,7,14.7315,65.12
3,"2024-03-27 07:30:00+00:00",0,7.5,16.611,65.12
3,"2024-03-27 08:00:00+00:00",0,8,15.6975,65.12
3,"2024-03-27 08:30:00+00:00",0,8.5,15.2565,65.12
3,"2024-03-27 09:00:00+00:00",0,9,15.477,65.12
3,"2024-03-27 09:30:00+00:00",0,9.5,13.9125,65.12
3,"2024-03-27 10:00:00+00:00",0,10,14.175,65.12
3,"2024-03-27 10:30:00+00:00",0,10.5,13.9125,65.12
3,"2024-03-27 11:00:00+00:00",0,11,14.007,65.12
3,"2024-03-27 11:30:00+00:00",0,11.5,14.301,65.12
3,"2024-03-27 12:00:00+00:00",0,12,14.973,65.12
3,"2024-03-27 12:30:00+00:00",0,12.5,15.6975,65.12
3,"2024-03-27 13:00:00+00:00",0,13,13.881,65.12
3,"2024-03-27 13:30:00+00:00",0,13.5,14.49,65.12
3,"2024-03-27 14:00:00+00:00",0,14,13.692,65.12
3,"2024-03-27 14:30:00+00:00",0,14.5,14.49,65.12
3,"2024-03-27 15:00:00+00:00",0,15,14.49,65.12
3,"2024-03-27 15:30:00+00:00",0,15.5,14.7315,65.12
3,"2024-03-27 16:00:00+00:00",0,16,28.14,65.12
3,"2024-03-27 16:30:00+00:00",0,16.5,28.119,65.12
3,"2024-03-27 17:00:00+00:00",0,17,30.87,65.12
3,"2024-03-27 17:30:00+00:00",0,17.5,34.734,65.12
3,"2024-03-27 18:00:00+00:00",0,18,32.676,65.12
3,"2024-03-27 18:30:00+00:00",0,18.5,34.4925,65.12
3,"2024-03-27 19:00:00+00:00",0,19,20.58,65.12
3,"2024-03-27 19:30:00+00:00",0,19.5,18.1125,65.12
3,"2024-03-27 20:00:00+00:00",0,20,16.779,65.12
3,"2024-03-27 20:30:00+00:00",0,20.5,15.099,65.12
3,"2024-03-27 21:00:00+00:00",0,21,18.0285,65.12
3,"2024-03-27 21:30:00+00:00",0,21.5,16.905,65.12
3,"2024-03-27 22:00:00+00:00",0,22,16.905,65.12
3,"2024-03-27 22:30:00+00:00",0,22.5,15.813,65.12
3,"2024-03-27 23:00:00+00:00",0,23,16.6635,65.12
3,"2024-03-27 23:30:00+00:00",0,23.5,15.6975,65.12
3,"2024-03-28 00:00:00+00:00",0,0,14.364,65.12
3,"2024-03-28 00:30:00+00:00",0,0.5,16.6845,65.12
3,"2024-03-28 01:00:00+00:00",0,1,14.805,65.12
3,"2024-03-28 01:30:00+00:00",0,1.5,12.3165,65.12
3,"2024-03-28 02:00:00+00:00",0,2,14.2485,65.12
3,"2024-03-28 02:30:00+00:00",0,2.5,11.256,65.12
3,"2024-03-28 03:00:00+00:00",0,3,13.398,65.12
3,"2024-03-28 03:30:00+00:00",0,3.5,10.332,65.12
3,"2024-03-28 04:00:00+00:00",0,4,13.4505,65.12
3,"2024-03-28 04:30:00+00:00",0,4.5,11.088,65.12
3,"2024-03-28 05:00:00+00:00",0,5,12.432,65.12
3,"2024-03-28 05:30:00+00:00",0,5.5,12.852,65.12
3,"2024-03-28 06:00:00+00:00",0,6,13.4505,65.12
3,"2024-03-28 06:30:00+00:00",0,6.5,18.837,65.12
3,"2024-03-28 07:00:00+00:00",0,7,15.12,65.12
3,"2024-03-28 07:30:00+00:00",0,7.5,18.354,65.12
3,"2024-03-28 08:00:00+00:00",0,8,18.06,65.12
3,"2024-03-28 08:30:00+00:00",0,8.5,16.1805,65.12
3,"2024-03-28 09:00:00+00:00",0,9,17.6505,65.12
3,"2024-03-28 09:30:00+00:00",0,9.5,17.2935,65.12
3,"2024-03-28 10:00:00+00:00",0,10,16.716,65.12
3,"2024-03-28 10:30:00+00:00",0,10.5,15.8655,65.12
3,"2024-03-28 11:00:00+00:00",0,11,16.296,65.12
3,"2024-03-28 11:30:00+00:00",0,11.5,15.456,65.12
3,"2024-03-28 12:00:00+00:00",0,12,15.8655,65.12
3,"2024-03-28 12:30:00+00:00",0,12.5,14.7315,65.12
3,"2024-03-28 13:00:00+00:00",0,13,14.49,65.12
3,"2024-03-28 13:30:00+00:00",0,13.5,13.2825,65.12
3,"2024-03-28 14:00:00+00:00",0,14,12.3165,65.12
3,"2024-03-28 14:30:00+00:00",0,14.5,12.1695,65.12
3,"2024-03-28 15:00:00+00:00",0,15,13.041,65.12
3,"2024-03-28 15:30:00+00:00",0,15.5,13.7655,65.12
3,"2024-03-28 16:00:00+00:00",0,16,26.523,65.12
3,"2024-03-28 16:30:00+00:00",0,16.5,26.523,65.12
3,"2024-03-28 17:00:00+00:00",0,17,28.455,65.12
3,"2024-03-28 17:30:00+00:00",0,17.5,30.87,65.12
3,"2024-03-28 18:00:00+00:00",0,18,32.928,65.12
3,"2024-03-28 18:30:00+00:00",0,18.5,33.285,65.12
3,"2024-03-28 19:00:00+00:00",0,19,21.735,65.12
3,"2024-03-28 19:30:00+00:00",0,19.5,20.286,65.12
3,"2024-03-28 20:00:00+00:00",0,20,17.514,65.12
3,"2024-03-28 20:30:00+00:00",0,20.5,15.141,65.12
3,"2024-03-28 21:00:00+00:00",0,21,16.296,65.12
3,"2024-03-28 21:30:00+00:00",0,21.5,13.9125,65.12
3,"2024-03-28 22:00:00+00:00",0,22,13.4505,65.12
3,"2024-03-28 22:30:00+00:00",0,22.5,8.883,65.12
3,"2024-03-28 23:00:00+00:00",0,23,14.973,65.12
3,"2024-03-28 23:30:00+00:00",0,23.5,12.075,65.12
3,"2024-03-29 00:00:00+00:00",0,0,11.424,65.12
3,"2024-03-29 00:30:00+00:00",0,0.5,14.49,65.12
3,"2024-03-29 01:00:00+00:00",0,1,14.343,65.12
3,"2024-03-29 01:30:00+00:00",0,1.5,12.075,65.12
3,"2024-03-29 02:00:00+00:00",0,2,13.041,65.12
3,"2024-03-29 02:30:00+00:00",0,2.5,12.558,65.12
3,"2024-03-29 03:00:00+00:00",0,3,13.0305,65.12
3,"2024-03-29 03:30:00+00:00",0,3.5,12.3165,65.12
3,"2024-03-29 04:00:00+00:00",0,4,13.524,65.12
3,"2024-03-29 04:30:00+00:00",0,4.5,13.2825,65.12
3,"2024-03-29 05:00:00+00:00",0,5,14.49,65.12
3,"2024-03-29 05:30:00+00:00",0,5.5,15.267,65.12
3,"2024-03-29 06:00:00+00:00",0,6,14.7315,65.12
3,"2024-03-29 06:30:00+00:00",0,6.5,18.354,65.12
3,"2024-03-29 07:00:00+00:00",0,7,18.5955,65.12
3,"2024-03-29 07:30:00+00:00",0,7.5,20.58,65.12
3,"2024-03-29 08:00:00+00:00",0,8,20.286,65.12
3,"2024-03-29 08:30:00+00:00",0,8.5,19.7085,65.12
3,"2024-03-29 09:00:00+00:00",0,9,21.4935,65.12
3,"2024-03-29 09:30:00+00:00",0,9.5,19.32,65.12
3,"2024-03-29 10:00:00+00:00",0,10,18.1125,65.12
3,"2024-03-29 10:30:00+00:00",0,10.5,16.506,65.12
3,"2024-03-29 11:00:00+00:00",0,11,13.86,65.12
3,"2024-03-29 11:30:00+00:00",0,11.5,13.5765,65.12
3,"2024-03-29 12:00:00+00:00",0,12,13.3035,65.12
3,"2024-03-29 12:30:00+00:00",0,12.5,10.962,65.12
3,"2024-03-29 13:00:00+00:00",0,13,10.626,65.12
3,"2024-03-29 13:30:00+00:00",0,13.5,9.051,65.12
3,"2024-03-29 14:00:00+00:00",0,14,9.66,65.12
3,"2024-03-29 14:30:00+00:00",0,14.5,7.4655,65.12
3,"2024-03-29 15:00:00+00:00",0,15,8.715,65.12
3,"2024-03-29 15:30:00+00:00",0,15.5,9.66,65.12
3,"2024-03-29 16:00:00+00:00",0,16,27.153,65.12
3,"2024-03-29 16:30:00+00:00",0,16.5,27.4365,65.12
3,"2024-03-29 17:00:00+00:00",0,17,29.6625,65.12
3,"2024-03-29 17:30:00+00:00",0,17.5,32.0985,65.12
3,"2024-03-29 18:00:00+00:00",0,18,32.5605,65.12
3,"2024-03-29 18:30:00+00:00",0,18.5,33.285,65.12
3,"2024-03-29 19:00:00+00:00",0,19,21.4725,65.12
3,"2024-03-29 19:30:00+00:00",0,19.5,19.5615,65.12
3,"2024-03-29 20:00:00+00:00",0,20,19.32,65.12
3,"2024-03-29 20:30:00+00:00",0,20.5,17.3355,65.12
3,"2024-03-29 21:00:00+00:00",0,21,17.556,65.12
3,"2024-03-29 21:30:00+00:00",0,21.5,14.49,65.12
3,"2024-03-29 22:00:00+00:00",0,22,14.2485,65.12
3,"2024-03-29 22:30:00+00:00",0,22.5,13.2825,65.12
3,"2024-03-29 23:00:00+00:00",0,23,15.6975,65.12
3,"2024-03-29 23:30:00+00:00",0,23.5,14.7315,65.12
3,"2024-03-30 00:00:00+00:00",1,0,14.007,65.12
3,"2024-03-30 00:30:00+00:00",1,0.5,16.758,65.12
3,"2024-03-30 01:00:00+00:00",1,1,15.603,65.12
3,"2024-03-30 01:30:00+00:00",1,1.5,14.49,65.12
3,"2024-03-30 02:00:00+00:00",1,2,16.296,65.12
3,"2024-03-30 02:30:00+00:00",1,2.5,14.7315,65.12
3,"2024-03-30 03:00:00+00:00",1,3,14.9205,65.12
3,"2024-03-30 03:30:00+00:00",1,3.5,14.2695,65.12
3,"2024-03-30 04:00:00+00:00",1,4,15.2145,65.12
3,"2024-03-30 04:30:00+00:00",1,4.5,15.3615,65.12
3,"2024-03-30 05:00:00+00:00",1,5,14.616,65.12
3,"2024-03-30 05:30:00+00:00",1,5.5,14.847,65.12
3,"2024-03-30 06:00:00+00:00",1,6,15.603,65.12
3,"2024-03-30 06:30:00+00:00",1,6.5,16.3695,65.12
3,"2024-03-30 07:00:00+00:00",1,7,16.296,65.12
3,"2024-03-30 07:30:00+00:00",1,7.5,16.8105,65.12
3,"2024-03-30 08:00:00+00:00",1,8,17.1255,65.12
3,"2024-03-30 08:30:00+00:00",1,8.5,18.081,65.12
3,"2024-03-30 09:00:00+00:00",1,9,19.2255,65.12
3,"2024-03-30 09:30:00+00:00",1,9.5,19.194,65.12
3,"2024-03-30 10:00:00+00:00",1,10,18.963,65.12
3,"2024-03-30 10:30:00+00:00",1,10.5,16.6635,65.12
3,"2024-03-30 11:00:00+00:00",1,11,15.645,65.12
3,"2024-03-30 11:30:00+00:00",1,11.5,15.435,65.12
3,"2024-03-30 12:00:00+00:00",1,12,16.422,65.12
3,"2024-03-30 12:30:00+00:00",1,12.5,16.2015,65.12
3,"2024-03-30 13:00:00+00:00",1,13,14.4375,65.12
3,"2024-03-30 13:30:00+00:00",1,13.5,14.175,65.12
3,"2024-03-30 14:00:00+00:00",1,14,13.818,65.12
3,"2024-03-30 14:30:00+00:00",1,14.5,13.9125,65.12
3,"2024-03-30 15:00:00+00:00",1,15,13.398,65.12
3,"2024-03-30 15:30:00+00:00",1,15.5,13.1355,65.12
3,"2024-03-30 16:00:00+00:00",1,16,25.683,65.12
3,"2024-03-30 16:30:00+00:00",1,16.5,28.6755,65.12
3,"2024-03-30 17:00:00+00:00",1,17,30.093,65.12
3,"2024-03-30 17:30:00+00:00",1,17.5,33.768,65.12
3,"2024-03-30 18:00:00+00:00",1,18,34.6395,65.12
3,"2024-03-30 18:30:00+00:00",1,18.5,37.2015,65.12
3,"2024-03-30 19:00:00+00:00",1,19,23.8035,65.12
3,"2024-03-30 19:30:00+00:00",1,19.5,23.499,65.12
3,"2024-03-30 20:00:00+00:00",1,20,22.9425,65.12
3,"2024-03-30 20:30:00+00:00",1,20.5,19.32,65.12
3,"2024-03-30 21:00:00+00:00",1,21,18.984,65.12
3,"2024-03-30 21:30:00+00:00",1,21.5,15.6975,65.12
3,"2024-03-30 22:00:00+00:00",1,22,16.6845,65.12
3,"2024-03-30 22:30:00+00:00",1,22.5,16.779,65.12
3,"2024-03-30 23:00:00+00:00",1,23,17.871,65.12
3,"2024-03-30 23:30:00+00:00",1,23.5,15.939,65.12
3,"2024-03-31 00:00:00+00:00",1,0,15.2145,65.12
3,"2024-03-31 00:30:00+00:00",1,0.5,17.6295,65.12
3,"2024-03-31 01:00:00+00:00",1,2,19.7505,65.12
3,"2024-03-31 01:30:00+00:00",1,2.5,17.871,65.12
3,"2024-03-31 02:00:00+00:00",1,3,17.1255,65.12
3,"2024-03-31 02:30:00+00:00",1,3.5,15.645,65.12
3,"2024-03-31 03:00:00+00:00",1,4,17.871,65.12
3,"2024-03-31 03:30:00+00:00",1,4.5,16.128,65.12
3,"2024-03-31 04:00:00+00:00",1,5,14.49,65.12
3,"2024-03-31 04:30:00+00:00",1,5.5,14.196,65.12
3,"2024-03-31 05:00:00+00:00",1,6,14.784,65.12
3,"2024-03-31 05:30:00+00:00",1,6.5,14.7315,65.12
3,"2024-03-31 06:00:00+00:00",1,7,14.007,65.12
3,"2024-03-31 06:30:00+00:00",1,7.5,16.401,65.12
3,"2024-03-31 07:00:00+00:00",1,8,15.3825,65.12
3,"2024-03-31 07:30:00+00:00",1,8.5,16.233,65.12
3,"2024-03-31 08:00:00+00:00",1,9,15.813,65.12
3,"2024-03-31 08:30:00+00:00",1,9.5,15.2145,65.12
3,"2024-03-31 09:00:00+00:00",1,10,14.973,65.12
3,"2024-03-31 09:30:00+00:00",1,10.5,14.49,65.12
3,"2024-03-31 10:00:00+00:00",1,11,12.369,65.12
3,"2024-03-31 10:30:00+00:00",1,11.5,12.369,65.12
3,"2024-03-31 11:00:00+00:00",1,12,12.369,65.12
3,"2024-03-31 11:30:00+00:00",1,12.5,12.411,65.12
3,"2024-03-31 12:00:00+00:00",1,13,11.8335,65.12
3,"2024-03-31 12:30:00+00:00",1,13.5,11.403,65.12
3,"2024-03-31 13:00:00+00:00",1,14,12.075,65.12
3,"2024-03-31 13:30:00+00:00",1,14.5,11.781,65.12
3,"2024-03-31 14:00:00+00:00",1,15,11.76,65.12
3,"2024-03-31 14:30:00+00:00",1,15.5,13.1355,65.12
3,"2024-03-31 15:00:00+00:00",1,16,24.8325,65.12
3,"2024-03-31 15:30:00+00:00",1,16.5,25.6095,65.12
3,"2024-03-31 16:00:00+00:00",1,17,28.455,65.12
3,"2024-03-31 16:30:00+00:00",1,17.5,31.836,65.12
3,"2024-03-31 17:00:00+00:00",1,18,32.025,65.12
3,"2024-03-31 17:30:00+00:00",1,18.5,32.508,65.12
3,"2024-03-31 18:00:00+00:00",1,19,18.165,65.12
3,"2024-03-31 18:30:00+00:00",1,19.5,18.165,65.12
3,"2024-03-31 19:00:00+00:00",1,20,20.286,65.12
3,"2024-03-31 19:30:00+00:00",1,20.5,15.75,65.12
3,"2024-03-31 20:00:00+00:00",1,21,16.422,65.12
3,"2024-03-31 20:30:00+00:00",1,21.5,12.558,65.12
3,"2024-03-31 21:00:00+00:00",1,22,13.524,65.12
3,"2024-03-31 21:30:00+00:00",1,22.5,9.7545,65.12
3,"2024-03-31 22:00:00+00:00",1,23,13.524,65.12
3,"2024-03-31 22:30:00+00:00",1,23.5,13.2825,65.12
3,"2024-03-31 23:00:00+00:00",1,0,11.0565,65.12
3,"2024-03-31 23:30:00+00:00",1,0.5,8.505,65.12
4,"2024-04-01 00:00:00+00:00",0,1,8.505,65.12
4,"2024-04-01 00:30:00+00:00",0,1.5,9.66,65.12
4,"2024-04-01 01:00:00+00:00",0,2,10.269,65.12
4,"2024-04-01 01:30:00+00:00",0,2.5,9.072,65.12
4,"2024-04-01 02:00:00+00:00",0,3,8.9145,65.12
4,"2024-04-01 02:30:00+00:00",0,3.5,10.6995,65.12
4,"2024-04-01 03:00:00+00:00",0,4,8.988,65.12
4,"2024-04-01 03:30:00+00:00",0,4.5,10.626,65.12
4,"2024-04-01 04:00:00+00:00",0,5,8.9355,65.12
4,"2024-04-01 04:30:00+00:00",0,5.5,11.088,65.12
4,"2024-04-01 05:00:00+00:00",0,6,11.8125,65.12
4,"2024-04-01 05:30:00+00:00",0,6.5,13.2825,65.12
4,"2024-04-01 06:00:00+00:00",0,7,12.6525,65.12
4,"2024-04-01 06:30:00+00:00",0,7.5,15.6975,65.12
4,"2024-04-01 07:00:00+00:00",0,8,15.7185,65.12
4,"2024-04-01 07:30:00+00:00",0,8.5,16.905,65.12
4,"2024-04-01 08:00:00+00:00",0,9,17.8605,65.12
4,"2024-04-01 08:30:00+00:00",0,9.5,17.9445,65.12
4,"2024-04-01 09:00:00+00:00",0,10,18.165,65.12
4,"2024-04-01 09:30:00+00:00",0,10.5,17.577,65.12
4,"2024-04-01 10:00:00+00:00",0,11,18.543,65.12
4,"2024-04-01 10:30:00+00:00",0,11.5,18.543,65.12
4,"2024-04-01 11:00:00+00:00",0,12,18.522,65.12
4,"2024-04-01 11:30:00+00:00",0,12.5,18.1125,65.12
4,"2024-04-01 12:00:00+00:00",0,13,14.49,65.12
4,"2024-04-01 12:30:00+00:00",0,13.5,13.2825,65.12
4,"2024-04-01 13:00:00+00:00",0,14,14.49,65.12
4,"2024-04-01 13:30:00+00:00",0,14.5,14.154,65.12
4,"2024-04-01 14:00:00+00:00",0,15,13.6605,65.12
4,"2024-04-01 14:30:00+00:00",0,15.5,14.49,65.12
4,"2024-04-01 15:00:00+00:00",0,16,25.0005,65.12
4,"2024-04-01 15:30:00+00:00",0,16.5,25.9875,65.12
4,"2024-04-01 16:00:00+00:00",0,17,28.455,65.12
4,"2024-04-01 16:30:00+00:00",0,17.5,29.6625,65.12
4,"2024-04-01 17:00:00+00:00",0,18,31.9305,65.12
4,"2024-04-01 17:30:00+00:00",0,18.5,29.8305,65.12
4,"2024-04-01 18:00:00+00:00",0,19,18.9315,65.12
4,"2024-04-01 18:30:00+00:00",0,19.5,19.803,65.12
4,"2024-04-01 19:00:00+00:00",0,20,20.412,65.12
4,"2024-04-01 19:30:00+00:00",0,20.5,19.194,65.12
4,"2024-04-01 20:00:00+00:00",0,21,19.7505,65.12
4,"2024-04-01 20:30:00+00:00",0,21.5,17.1465,65.12
4,"2024-04-01 21:00:00+00:00",0,22,16.737,65.12
4,"2024-04-01 21:30:00+00:00",0,22.5,16.128,65.12
4,"2024-04-01 22:00:00+00:00",0,23,15.6975,65.12
4,"2024-04-01 22:30:00+00:00",0,23.5,13.2825,65.12
4,"2024-04-01 23:00:00+00:00",0,0,13.041,65.12
4,"2024-04-01 23:30:00+00:00",0,0.5,13.041,65.12
4,"2024-04-02 00:00:00+00:00",0,1,12.7995,65.12
4,"2024-04-02 00:30:00+00:00",0,1.5,13.041,65.12
4,"2024-04-02 01:00:00+00:00",0,2,13.4295,65.12
4,"2024-04-02 01:30:00+00:00",0,2.5,12.7995,65.12
4,"2024-04-02 02:00:00+00:00",0,3,12.9675,65.12
4,"2024-04-02 02:30:00+00:00",0,3.5,12.7995,65.12
4,"2024-04-02 03:00:00+00:00",0,4,13.2825,65.12
4,"2024-04-02 03:30:00+00:00",0,4.5,12.7995,65.12
4,"2024-04-02 04:00:00+00:00",0,5,12.894,65.12
4,"2024-04-02 04:30:00+00:00",0,5.5,14.175,65.12
4,"2024-04-02 05:00:00+00:00",0,6,15.6975,65.12
4,"2024-04-02 05:30:00+00:00",0,6.5,15.267,65.12
4,"2024-04-02 06:00:00+00:00",0,7,15.3825,65.12
4,"2024-04-02 06:30:00+00:00",0,7.5,17.724,65.12
4,"2024-04-02 07:00:00+00:00",0,8,20.5275,65.12
4,"2024-04-02 07:30:00+00:00",0,8.5,20.5275,65.12
4,"2024-04-02 08:00:00+00:00",0,9,20.5275,65.12
4,"2024-04-02 08:30:00+00:00",0,9.5,18.5955,65.12
4,"2024-04-02 09:00:00+00:00",0,10,18.207,65.12
4,"2024-04-02 09:30:00+00:00",0,10.5,17.7765,65.12
4,"2024-04-02 10:00:00+00:00",0,11,17.241,65.12
4,"2024-04-02 10:30:00+00:00",0,11.5,17.241,65.12
4,"2024-04-02 11:00:00+00:00",0,12,17.388,65.12
4,"2024-04-02 11:30:00+00:00",0,12.5,17.1465,65.12
4,"2024-04-02 12:00:00+00:00",0,13,16.8525,65.12
4,"2024-04-02 12:30:00+00:00",0,13.5,15.8445,65.12
4,"2024-04-02 13:00:00+00:00",0,14,15.939,65.12
4,"2024-04-02 13:30:00+00:00",0,14.5,15.5085,65.12
4,"2024-04-02 14:00:00+00:00",0,15,16.905,65.12
4,"2024-04-02 14:30:00+00:00",0,15.5,17.052,65.12
4,"2024-04-02 15:00:00+00:00",0,16,26.859,65.12
4,"2024-04-02 15:30:00+00:00",0,16.5,29.106,65.12
4,"2024-04-02 16:00:00+00:00",0,17,29.421,65.12
4,"2024-04-02 16:30:00+00:00",0,17.5,31.017,65.12
4,"2024-04-02 17:00:00+00:00",0,18,33.0435,65.12
4,"2024-04-02 17:30:00+00:00",0,18.5,30.681,65.12
4,"2024-04-02 18:00:00+00:00",0,19,20.8635,65.12
4,"2024-04-02 18:30:00+00:00",0,19.5,19.803,65.12
4,"2024-04-02 19:00:00+00:00",0,20,18.2595,65.12
4,"2024-04-02 19:30:00+00:00",0,20.5,16.8525,65.12
4,"2024-04-02 20:00:00+00:00",0,21,15.456,65.12
4,"2024-04-02 20:30:00+00:00",0,21.5,15.4665,65.12
4,"2024-04-02 21:00:00+00:00",0,22,14.7525,65.12
4,"2024-04-02 21:30:00+00:00",0,22.5,12.7995,65.12
4,"2024-04-02 22:00:00+00:00",0,23,16.1805,65.12
4,"2024-04-02 22:30:00+00:00",0,23.5,13.545,65.12
4,"2024-04-02 23:00:00+00:00",0,0,12.684,65.12
4,"2024-04-02 23:30:00+00:00",0,0.5,11.8545,65.12
4,"2024-04-03 00:00:00+00:00",0,1,11.781,65.12
4,"2024-04-03 00:30:00+00:00",0,1.5,12.3165,65.12
4,"2024-04-03 01:00:00+00:00",0,2,12.684,65.12
4,"2024-04-03 01:30:00+00:00",0,2.5,10.479,65.12
4,"2024-04-03 02:00:00+00:00",0,3,11.0565,65.12
4,"2024-04-03 02:30:00+00:00",0,3.5,10.5315,65.12
4,"2024-04-03 03:00:00+00:00",0,4,10.458,65.12
4,"2024-04-03 03:30:00+00:00",0,4.5,9.534,65.12
4,"2024-04-03 04:00:00+00:00",0,5,11.739,65.12
4,"2024-04-03 04:30:00+00:00",0,5.5,12.7995,65.12
4,"2024-04-03 05:00:00+00:00",0,6,16.128,65.12
4,"2024-04-03 05:30:00+00:00",0,6.5,17.1465,65.12
4,"2024-04-03 06:00:00+00:00",0,7,15.9915,65.12
4,"2024-04-03 06:30:00+00:00",0,7.5,19.2255,65.12
4,"2024-04-03 07:00:00+00:00",0,8,18.69,65.12
4,"2024-04-03 07:30:00+00:00",0,8.5,19.446,65.12
4,"2024-04-03 08:00:00+00:00",0,9,19.194,65.12
4,"2024-04-03 08:30:00+00:00",0,9.5,18.5955,65.12
4,"2024-04-03 09:00:00+00:00",0,10,15.8445,65.12
4,"2024-04-03 09:30:00+00:00",0,10.5,14.973,65.12
4,"2024-04-03 10:00:00+00:00",0,11,14.2485,65.12
4,"2024-04-03 10:30:00+00:00",0,11.5,14.2695,65.12
4,"2024-04-03 11:00:00+00:00",0,12,14.3955,65.12
4,"2024-04-03 11:30:00+00:00",0,12.5,14.2275,65.12
4,"2024-04-03 12:00:00+00:00",0,13,12.684,65.12
4,"2024-04-03 12:30:00+00:00",0,13.5,11.0145,65.12
4,"2024-04-03 13:00:00+00:00",0,14,10.626,65.12
4,"2024-04-03 13:30:00+00:00",0,14.5,10.3845,65.12
4,"2024-04-03 14:00:00+00:00",0,15,11.256,65.12
4,"2024-04-03 14:30:00+00:00",0,15.5,11.907,65.12
4,"2024-04-03 15:00:00+00:00",0,16,24.8535,65.12
4,"2024-04-03 15:30:00+00:00",0,16.5,26.523,65.12
4,"2024-04-03 16:00:00+00:00",0,17,26.7645,65.12
4,"2024-04-03 16:30:00+00:00",0,17.5,29.6625,65.12
4,"2024-04-03 17:00:00+00:00",0,18,31.5945,65.12
4,"2024-04-03 17:30:00+00:00",0,18.5,32.0775,65.12
4,"2024-04-03 18:00:00+00:00",0,19,19.446,65.12
4,"2024-04-03 18:30:00+00:00",0,19.5,19.005,65.12
4,"2024-04-03 19:00:00+00:00",0,20,18.1125,65.12
4,"2024-04-03 19:30:00+00:00",0,20.5,15.8865,65.12
4,"2024-04-03 20:00:00+00:00",0,21,15.792,65.12
4,"2024-04-03 20:30:00+00:00",0,21.5,14.1015,65.12
4,"2024-04-03 21:00:00+00:00",0,22,14.1015,65.12
4,"2024-04-03 21:30:00+00:00",0,22.5,9.786,65.12
4,"2024-04-03 22:00:00+00:00",0,23,10.8675,65.12
4,"2024-04-03 22:30:00+00:00",0,23.5,9.6075,65.12
4,"2024-04-03 23:00:00+00:00",0,0,9.5655,65.12
4,"2024-04-03 23:30:00+00:00",0,0.5,9.66,65.12
4,"2024-04-04 00:00:00+00:00",0,1,9.6075,65.12
4,"2024-04-04 00:30:00+00:00",0,1.5,10.815,65.12
4,"2024-04-04 01:00:00+00:00",0,2,10.311,65.12
4,"2024-04-04 01:30:00+00:00",0,2.5,9.66,65.12
4,"2024-04-04 02:00:00+00:00",0,3,9.996,65.12
4,"2024-04-04 02:30:00+00:00",0,3.5,9.66,65.12
4,"2024-04-04 03:00:00+00:00",0,4,9.807,65.12
4,"2024-04-04 03:30:00+00:00",0,4.5,9.807,65.12
4,"2024-04-04 04:00:00+00:00",0,5,11.466,65.12
4,"2024-04-04 04:30:00+00:00",0,5.5,13.1355,65.12
4,"2024-04-04 05:00:00+00:00",0,6,15.792,65.12
4,"2024-04-04 05:30:00+00:00",0,6.5,14.49,65.12
4,"2024-04-04 06:00:00+00:00",0,7,14.679,65.12
4,"2024-04-04 06:30:00+00:00",0,7.5,18.354,65.12
4,"2024-04-04 07:00:00+00:00",0,8,17.871,65.12
4,"2024-04-04 07:30:00+00:00",0,8.5,17.871,65.12
4,"2024-04-04 08:00:00+00:00",0,9,18.9105,65.12
4,"2024-04-04 08:30:00+00:00",0,9.5,16.758,65.12
4,"2024-04-04 09:00:00+00:00",0,10,16.1595,65.12
4,"2024-04-04 09:30:00+00:00",0,10.5,16.1805,65.12
4,"2024-04-04 10:00:00+00:00",0,11,15.624,65.12
4,"2024-04-04 10:30:00+00:00",0,11.5,15.8655,65.12
4,"2024-04-04 11:00:00+00:00",0,12,14.8995,65.12
4,"2024-04-04 11:30:00+00:00",0,12.5,14.469,65.12
4,"2024-04-04 12:00:00+00:00",0,13,14.301,65.12
4,"2024-04-04 12:30:00+00:00",0,13.5,14.028,65.12
4,"2024-04-04 13:00:00+00:00",0,14,13.524,65.12
4,"2024-04-04 13:30:00+00:00",0,14.5,13.524,65.12
4,"2024-04-04 14:00:00+00:00",0,15,13.65,65.12
4,"2024-04-04 14:30:00+00:00",0,15.5,14.616,65.12
4,"2024-04-04 15:00:00+00:00",0,16,26.229,65.12
4,"2024-04-04 15:30:00+00:00",0,16.5,27.2475,65.12
4,"2024-04-04 16:00:00+00:00",0,17,29.421,65.12
4,"2024-04-04 16:30:00+00:00",0,17.5,32.0775,65.12
4,"2024-04-04 17:00:00+00:00",0,18,32.025,65.12
4,"2024-04-04 17:30:00+00:00",0,18.5,30.849,65.12
4,"2024-04-04 18:00:00+00:00",0,19,18.9315,65.12
4,"2024-04-04 18:30:00+00:00",0,19.5,18.837,65.12
4,"2024-04-04 19:00:00+00:00",0,20,15.96,65.12
4,"2024-04-04 19:30:00+00:00",0,20.5,15.939,65.12
4,"2024-04-04 20:00:00+00:00",0,21,15.813,65.12
4,"2024-04-04 20:30:00+00:00",0,21.5,15.3825,65.12
4,"2024-04-04 21:00:00+00:00",0,22,13.3035,65.12
4,"2024-04-04 21:30:00+00:00",0,22.5,10.5525,65.12
4,"2024-04-04 22:00:00+00:00",0,23,17.388,65.12
4,"2024-04-04 22:30:00+00:00",0,23.5,11.3505,65.12
4,"2024-04-04 23:00:00+00:00",0,0,12.075,65.12
4,"2024-04-04 23:30:00+00:00",0,0.5,8.988,65.12
4,"2024-04-05 00:00:00+00:00",0,1,7.812,65.12
4,"2024-04-05 00:30:00+00:00",0,1.5,6.405,65.12
4,"2024-04-05 01:00:00+00:00",0,2,5.313,65.12
4,"2024-04-05 01:30:00+00:00",0,2.5,3.6225,65.12
4,"2024-04-05 02:00:00+00:00",0,3,4.011,65.12
4,"2024-04-05 02:30:00+00:00",0,3.5,2.898,65.12
4,"2024-04-05 03:00:00+00:00",0,4,4.3995,65.12
4,"2024-04-05 03:30:00+00:00",0,4.5,4.3995,65.12
4,"2024-04-05 04:00:00+00:00",0,5,7.1715,65.12
4,"2024-04-05 04:30:00+00:00",0,5.5,9.66,65.12
4,"2024-04-05 05:00:00+00:00",0,6,8.1165,65.12
4,"2024-04-05 05:30:00+00:00",0,6.5,12.6105,65.12
4,"2024-04-05 06:00:00+00:00",0,7,14.007,65.12
4,"2024-04-05 06:30:00+00:00",0,7.5,18.165,65.12
4,"2024-04-05 07:00:00+00:00",0,8,18.4275,65.12
4,"2024-04-05 07:30:00+00:00",0,8.5,18.3015,65.12
4,"2024-04-05 08:00:00+00:00",0,9,18.249,65.12
4,"2024-04-05 08:30:00+00:00",0,9.5,16.905,65.12
4,"2024-04-05 09:00:00+00:00",0,10,14.679,65.12
4,"2024-04-05 09:30:00+00:00",0,10.5,14.49,65.12
4,"2024-04-05 10:00:00+00:00",0,11,13.2615,65.12
4,"2024-04-05 10:30:00+00:00",0,11.5,13.041,65.12
4,"2024-04-05 11:00:00+00:00",0,12,12.558,65.12
4,"2024-04-05 11:30:00+00:00",0,12.5,13.041,65.12
4,"2024-04-05 12:00:00+00:00",0,13,8.694,65.12
4,"2024-04-05 12:30:00+00:00",0,13.5,6.8355,65.12
4,"2024-04-05 13:00:00+00:00",0,14,4.641,65.12
4,"2024-04-05 13:30:00+00:00",0,14.5,3.6225,65.12
4,"2024-04-05 14:00:00+00:00",0,15,3.6225,65.12
4,"2024-04-05 14:30:00+00:00",0,15.5,4.347,65.12
4,"2024-04-05 15:00:00+00:00",0,16,18.123,65.12
4,"2024-04-05 15:30:00+00:00",0,16.5,20.9685,65.12
4,"2024-04-05 16:00:00+00:00",0,17,22.806,65.12
4,"2024-04-05 16:30:00+00:00",0,17.5,24.423,65.12
4,"2024-04-05 17:00:00+00:00",0,18,26.355,65.12
4,"2024-04-05 17:30:00+00:00",0,18.5,27.951,65.12
4,"2024-04-05 18:00:00+00:00",0,19,16.2015,65.12
4,"2024-04-05 18:30:00+00:00",0,19.5,14.154,65.12
4,"2024-04-05 19:00:00+00:00",0,20,15.6975,65.12
4,"2024-04-05 19:30:00+00:00",0,20.5,13.9125,65.12
4,"2024-04-05 20:00:00+00:00",0,21,14.826,65.12
4,"2024-04-05 20:30:00+00:00",0,21.5,11.571,65.12
4,"2024-04-05 21:00:00+00:00",0,22,13.041,65.12
4,"2024-04-05 21:30:00+00:00",0,22.5,8.715,65.12
4,"2024-04-05 22:00:00+00:00",0,23,8.9355,65.12
4,"2024-04-05 22:30:00+00:00",0,23.5,4.41,65.12
4,"2024-04-05 23:00:00+00:00",0,0,5.8695,65.12
4,"2024-04-05 23:30:00+00:00",0,0.5,4.032,65.12
4,"2024-04-06 00:00:00+00:00",1,1,3.9375,65.12
4,"2024-04-06 00:30:00+00:00",1,1.5,3.885,65.12
4,"2024-04-06 01:00:00+00:00",1,2,4.2525,65.12
4,"2024-04-06 01:30:00+00:00",1,2.5,2.3205,65.12
4,"2024-04-06 02:00:00+00:00",1,3,0.84,65.12
4,"2024-04-06 02:30:00+00:00",1,3.5,-1.1865,65.12
4,"2024-04-06 03:00:00+00:00",1,4,-0.5565,65.12
4,"2024-04-06 03:30:00+00:00",1,4.5,-1.596,65.12
4,"2024-04-06 04:00:00+00:00",1,5,0.021,65.12
4,"2024-04-06 04:30:00+00:00",1,5.5,0.2415,65.12
4,"2024-04-06 05:00:00+00:00",1,6,0.2415,65.12
4,"2024-04-06 05:30:00+00:00",1,6.5,0,65.12
4,"2024-04-06 06:00:00+00:00",1,7,-1.8585,65.12
4,"2024-04-06 06:30:00+00:00",1,7.5,0.3885,65.12
4,"2024-04-06 07:00:00+00:00",1,8,0.777,65.12
4,"2024-04-06 07:30:00+00:00",1,8.5,3.066,65.12
4,"2024-04-06 08:00:00+00:00",1,9,0,65.12
4,"2024-04-06 08:30:00+00:00",1,9.5,-0.0105,65.12
4,"2024-04-06 09:00:00+00:00",1,10,0.7455,65.12
4,"2024-04-06 09:30:00+00:00",1,10.5,-0.9135,65.12
4,"2024-04-06 10:00:00+00:00",1,11,-1.428,65.12
4,"2024-04-06 10:30:00+00:00",1,11.5,-1.8375,65.12
4,"2024-04-06 11:00:00+00:00",1,12,-2.079,65.12
4,"2024-04-06 11:30:00+00:00",1,12.5,-2.709,65.12
4,"2024-04-06 12:00:00+00:00",1,13,-3.843,65.12
4,"2024-04-06 12:30:00+00:00",1,13.5,-4.347,65.12
4,"2024-04-06 13:00:00+00:00",1,14,-3.843,65.12
4,"2024-04-06 13:30:00+00:00",1,14.5,-4.2945,65.12
4,"2024-04-06 14:00:00+00:00",1,15,-1.932,65.12
4,"2024-04-06 14:30:00+00:00",1,15.5,-0.2415,65.12
4,"2024-04-06 15:00:00+00:00",1,16,9.7125,65.12
4,"2024-04-06 15:30:00+00:00",1,16.5,11.9385,65.12
4,"2024-04-06 16:00:00+00:00",1,17,15.3195,65.12
4,"2024-04-06 16:30:00+00:00",1,17.5,19.7925,65.12
4,"2024-04-06 17:00:00+00:00",1,18,20.0025,65.12
4,"2024-04-06 17:30:00+00:00",1,18.5,20.0025,65.12
4,"2024-04-06 18:00:00+00:00",1,19,8.4525,65.12
4,"2024-04-06 18:30:00+00:00",1,19.5,8.1375,65.12
4,"2024-04-06 19:00:00+00:00",1,20,7.707,65.12
4,"2024-04-06 19:30:00+00:00",1,20.5,5.628,65.12
4,"2024-04-06 20:00:00+00:00",1,21,6.3525,65.12
4,"2024-04-06 20:30:00+00:00",1,21.5,1.323,65.12
4,"2024-04-06 21:00:00+00:00",1,22,2.6565,65.12
4,"2024-04-06 21:30:00+00:00",1,22.5,-0.7245,65.12
4,"2024-04-06 22:00:00+00:00",1,23,2.415,65.12
4,"2024-04-06 22:30:00+00:00",1,23.5,1.2075,65.12
4,"2024-04-06 23:00:00+00:00",1,0,1.2075,65.12
4,"2024-04-06 23:30:00+00:00",1,0.5,1.2075,65.12
4,"2024-04-07 00:00:00+00:00",1,1,-0.3885,65.12
4,"2024-04-07 00:30:00+00:00",1,1.5,-0.9345,65.12
4,"2024-04-07 01:00:00+00:00",1,2,-0.3885,65.12
4,"2024-04-07 01:30:00+00:00",1,2.5,-1.323,65.12
4,"2024-04-07 02:00:00+00:00",1,3,-0.3885,65.12
4,"2024-04-07 02:30:00+00:00",1,3.5,-0.777,65.12
4,"2024-04-07 03:00:00+00:00",1,4,-0.3885,65.12
4,"2024-04-07 03:30:00+00:00",1,4.5,-0.5565,65.12
4,"2024-04-07 04:00:00+00:00",1,5,-0.3885,65.12
4,"2024-04-07 04:30:00+00:00",1,5.5,-0.357,65.12
4,"2024-04-07 05:00:00+00:00",1,6,-1.932,65.12
4,"2024-04-07 05:30:00+00:00",1,6.5,-0.3885,65.12
4,"2024-04-07 06:00:00+00:00",1,7,-0.7245,65.12
4,"2024-04-07 06:30:00+00:00",1,7.5,0.2415,65.12
4,"2024-04-07 07:00:00+00:00",1,8,-0.3885,65.12
4,"2024-04-07 07:30:00+00:00",1,8.5,0.189,65.12
4,"2024-04-07 08:00:00+00:00",1,9,0.819,65.12
4,"2024-04-07 08:30:00+00:00",1,9.5,1.6905,65.12
4,"2024-04-07 09:00:00+00:00",1,10,0.7245,65.12
4,"2024-04-07 09:30:00+00:00",1,10.5,0.5145,65.12
4,"2024-04-07 10:00:00+00:00",1,11,-0.3885,65.12
4,"2024-04-07 10:30:00+00:00",1,11.5,-0.3885,65.12
4,"2024-04-07 11:00:00+00:00",1,12,-0.966,65.12
4,"2024-04-07 11:30:00+00:00",1,12.5,-0.483,65.12
4,"2024-04-07 12:00:00+00:00",1,13,-1.911,65.12
4,"2024-04-07 12:30:00+00:00",1,13.5,-1.932,65.12
4,"2024-04-07 13:00:00+00:00",1,14,-0.2415,65.12
4,"2024-04-07 13:30:00+00:00",1,14.5,0,65.12
4,"2024-04-07 14:00:00+00:00",1,15,-1.0395,65.12
4,"2024-04-07 14:30:00+00:00",1,15.5,0,65.12
4,"2024-04-07 15:00:00+00:00",1,16,11.55,65.12
4,"2024-04-07 15:30:00+00:00",1,16.5,12.5895,65.12
4,"2024-04-07 16:00:00+00:00",1,17,16.023,65.12
4,"2024-04-07 16:30:00+00:00",1,17.5,18.7425,65.12
4,"2024-04-07 17:00:00+00:00",1,18,22.365,65.12
4,"2024-04-07 17:30:00+00:00",1,18.5,22.7535,65.12
4,"2024-04-07 18:00:00+00:00",1,19,11.907,65.12
4,"2024-04-07 18:30:00+00:00",1,19.5,11.592,65.12
4,"2024-04-07 19:00:00+00:00",1,20,12.075,65.12
4,"2024-04-07 19:30:00+00:00",1,20.5,10.0905,65.12
4,"2024-04-07 20:00:00+00:00",1,21,12.6525,65.12
4,"2024-04-07 20:30:00+00:00",1,21.5,7.875,65.12
4,"2024-04-07 21:00:00+00:00",1,22,10.143,65.12
4,"2024-04-07 21:30:00+00:00",1,22.5,3.6225,65.12
4,"2024-04-07 22:00:00+00:00",1,23,6.279,65.12
4,"2024-04-07 22:30:00+00:00",1,23.5,3.6225,65.12
4,"2024-04-07 23:00:00+00:00",1,0,4.83,65.12
4,"2024-04-07 23:30:00+00:00",1,0.5,5.019,65.12
4,"2024-04-08 00:00:00+00:00",0,1,5.796,65.12
4,"2024-04-08 00:30:00+00:00",0,1.5,8.694,65.12
4,"2024-04-08 01:00:00+00:00",0,2,7.581,65.12
4,"2024-04-08 01:30:00+00:00",0,2.5,8.085,65.12
4,"2024-04-08 02:00:00+00:00",0,3,8.337,65.12
4,"2024-04-08 02:30:00+00:00",0,3.5,8.547,65.12
4,"2024-04-08 03:00:00+00:00",0,4,7.56,65.12
4,"2024-04-08 03:30:00+00:00",0,4.5,9.2715,65.12
4,"2024-04-08 04:00:00+00:00",0,5,11.8335,65.12
4,"2024-04-08 04:30:00+00:00",0,5.5,13.7865,65.12
4,"2024-04-08 05:00:00+00:00",0,6,16.422,65.12
4,"2024-04-08 05:30:00+00:00",0,6.5,16.401,65.12
4,"2024-04-08 06:00:00+00:00",0,7,14.301,65.12
4,"2024-04-08 06:30:00+00:00",0,7.5,19.3725,65.12
4,"2024-04-08 07:00:00+00:00",0,8,16.107,65.12
4,"2024-04-08 07:30:00+00:00",0,8.5,18.1125,65.12
4,"2024-04-08 08:00:00+00:00",0,9,16.905,65.12
4,"2024-04-08 08:30:00+00:00",0,9.5,17.388,65.12
4,"2024-04-08 09:00:00+00:00",0,10,15.939,65.12
4,"2024-04-08 09:30:00+00:00",0,10.5,15.939,65.12
4,"2024-04-08 10:00:00+00:00",0,11,15.771,65.12
4,"2024-04-08 10:30:00+00:00",0,11.5,15.6975,65.12
4,"2024-04-08 11:00:00+00:00",0,12,16.905,65.12
4,"2024-04-08 11:30:00+00:00",0,12.5,16.9995,65.12
4,"2024-04-08 12:00:00+00:00",0,13,16.905,65.12
4,"2024-04-08 12:30:00+00:00",0,13.5,15.813,65.12
4,"2024-04-08 13:00:00+00:00",0,14,16.422,65.12
4,"2024-04-08 13:30:00+00:00",0,14.5,15.12,65.12
4,"2024-04-08 14:00:00+00:00",0,15,14.2485,65.12
4,"2024-04-08 14:30:00+00:00",0,15.5,14.49,65.12
4,"2024-04-08 15:00:00+00:00",0,16,28.2135,65.12
4,"2024-04-08 15:30:00+00:00",0,16.5,30.387,65.12
4,"2024-04-08 16:00:00+00:00",0,17,32.319,65.12
4,"2024-04-08 16:30:00+00:00",0,17.5,34.734,65.12
4,"2024-04-08 17:00:00+00:00",0,18,35.1225,65.12
4,"2024-04-08 17:30:00+00:00",0,18.5,34.44,65.12
4,"2024-04-08 18:00:00+00:00",0,19,21.252,65.12
4,"2024-04-08 18:30:00+00:00",0,19.5,20.475,65.12
4,"2024-04-08 19:00:00+00:00",0,20,16.884,65.12
4,"2024-04-08 19:30:00+00:00",0,20.5,16.4115,65.12
4,"2024-04-08 20:00:00+00:00",0,21,15.792,65.12
4,"2024-04-08 20:30:00+00:00",0,21.5,13.86,65.12
4,"2024-04-08 21:00:00+00:00",0,22,16.1595,65.12
4,"2024-04-08 21:30:00+00:00",0,22.5,15.2145,65.12
4,"2024-04-08 22:00:00+00:00",0,23,16.233,65.12
4,"2024-04-08 22:30:00+00:00",0,23.5,15.582,65.12
4,"2024-04-08 23:00:00+00:00",0,0,13.524,65.12
4,"2024-04-08 23:30:00+00:00",0,0.5,13.524,65.12
4,"2024-04-09 00:00:00+00:00",0,1,12.7995,65.12
4,"2024-04-09 00:30:00+00:00",0,1.5,12.7995,65.12
4,"2024-04-09 01:00:00+00:00",0,2,13.209,65.12
4,"2024-04-09 01:30:00+00:00",0,2.5,10.8885,65.12
4,"2024-04-09 02:00:00+00:00",0,3,9.4185,65.12
4,"2024-04-09 02:30:00+00:00",0,3.5,8.085,65.12
4,"2024-04-09 03:00:00+00:00",0,4,8.4315,65.12
4,"2024-04-09 03:30:00+00:00",0,4.5,6.762,65.12
4,"2024-04-09 04:00:00+00:00",0,5,8.4525,65.12
4,"2024-04-09 04:30:00+00:00",0,5.5,9.7335,65.12
4,"2024-04-09 05:00:00+00:00",0,6,12.075,65.12
4,"2024-04-09 05:30:00+00:00",0,6.5,15.6975,65.12
4,"2024-04-09 06:00:00+00:00",0,7,14.2275,65.12
4,"2024-04-09 06:30:00+00:00",0,7.5,17.1465,65.12
4,"2024-04-09 07:00:00+00:00",0,8,15.5295,65.12
4,"2024-04-09 07:30:00+00:00",0,8.5,15.939,65.12
4,"2024-04-09 08:00:00+00:00",0,9,16.401,65.12
4,"2024-04-09 08:30:00+00:00",0,9.5,15.645,65.12
4,"2024-04-09 09:00:00+00:00",0,10,14.8995,65.12
4,"2024-04-09 09:30:00+00:00",0,10.5,13.2825,65.12
4,"2024-04-09 10:00:00+00:00",0,11,10.143,65.12
4,"2024-04-09 10:30:00+00:00",0,11.5,10.143,65.12
4,"2024-04-09 11:00:00+00:00",0,12,9.66,65.12
4,"2024-04-09 11:30:00+00:00",0,12.5,6.0375,65.12
4,"2024-04-09 12:00:00+00:00",0,13,5.292,65.12
4,"2024-04-09 12:30:00+00:00",0,13.5,2.8245,65.12
4,"2024-04-09 13:00:00+00:00",0,14,3.6225,65.12
4,"2024-04-09 13:30:00+00:00",0,14.5,0.966,65.12
4,"2024-04-09 14:00:00+00:00",0,15,2.415,65.12
4,"2024-04-09 14:30:00+00:00",0,15.5,3.381,65.12
4,"2024-04-09 15:00:00+00:00",0,16,15.414,65.12
4,"2024-04-09 15:30:00+00:00",0,16.5,20.433,65.12
4,"2024-04-09 16:00:00+00:00",0,17,21.21,65.12
4,"2024-04-09 16:30:00+00:00",0,17.5,24.108,65.12
4,"2024-04-09 17:00:00+00:00",0,18,26.7645,65.12
4,"2024-04-09 17:30:00+00:00",0,18.5,27.2475,65.12
4,"2024-04-09 18:00:00+00:00",0,19,15.477,65.12
4,"2024-04-09 18:30:00+00:00",0,19.5,15.8445,65.12
4,"2024-04-09 19:00:00+00:00",0,20,16.1805,65.12
4,"2024-04-09 19:30:00+00:00",0,20.5,15.309,65.12
4,"2024-04-09 20:00:00+00:00",0,21,13.881,65.12
4,"2024-04-09 20:30:00+00:00",0,21.5,11.5185,65.12
4,"2024-04-09 21:00:00+00:00",0,22,11.592,65.12
4,"2024-04-09 21:30:00+00:00",0,22.5,7.0035,65.12
4,"2024-04-09 22:00:00+00:00",0,23,4.83,65.12
4,"2024-04-09 22:30:00+00:00",0,23.5,0.966,65.12
4,"2024-04-09 23:00:00+00:00",0,0,1.092,65.12
4,"2024-04-09 23:30:00+00:00",0,0.5,1.533,65.12
4,"2024-04-10 00:00:00+00:00",0,1,0.966,65.12
4,"2024-04-10 00:30:00+00:00",0,1.5,3.864,65.12
4,"2024-04-10 01:00:00+00:00",0,2,2.898,65.12
4,"2024-04-10 01:30:00+00:00",0,2.5,4.347,65.12
4,"2024-04-10 02:00:00+00:00",0,3,4.7355,65.12
4,"2024-04-10 02:30:00+00:00",0,3.5,6.8565,65.12
4,"2024-04-10 03:00:00+00:00",0,4,8.4315,65.12
4,"2024-04-10 03:30:00+00:00",0,4.5,8.568,65.12
4,"2024-04-10 04:00:00+00:00",0,5,12.075,65.12
4,"2024-04-10 04:30:00+00:00",0,5.5,13.2825,65.12
4,"2024-04-10 05:00:00+00:00",0,6,18.165,65.12
4,"2024-04-10 05:30:00+00:00",0,6.5,18.501,65.12
4,"2024-04-10 06:00:00+00:00",0,7,20.3385,65.12
4,"2024-04-10 06:30:00+00:00",0,7.5,22.68,65.12
4,"2024-04-10 07:00:00+00:00",0,8,18.207,65.12
4,"2024-04-10 07:30:00+00:00",0,8.5,18.1125,65.12
4,"2024-04-10 08:00:00+00:00",0,9,18.081,65.12
4,"2024-04-10 08:30:00+00:00",0,9.5,16.401,65.12
4,"2024-04-10 09:00:00+00:00",0,10,14.7525,65.12
4,"2024-04-10 09:30:00+00:00",0,10.5,14.784,65.12
4,"2024-04-10 10:00:00+00:00",0,11,15.6975,65.12
4,"2024-04-10 10:30:00+00:00",0,11.5,15.939,65.12
4,"2024-04-10 11:00:00+00:00",0,12,14.133,65.12
4,"2024-04-10 11:30:00+00:00",0,12.5,12.747,65.12
4,"2024-04-10 12:00:00+00:00",0,13,10.8675,65.12
4,"2024-04-10 12:30:00+00:00",0,13.5,7.4865,65.12
4,"2024-04-10 13:00:00+00:00",0,14,6.5205,65.12
4,"2024-04-10 13:30:00+00:00",0,14.5,4.83,65.12
4,"2024-04-10 14:00:00+00:00",0,15,8.19,65.12
4,"2024-04-10 14:30:00+00:00",0,15.5,9.324,65.12
4,"2024-04-10 15:00:00+00:00",0,16,22.953,65.12
4,"2024-04-10 15:30:00+00:00",0,16.5,25.536,65.12
4,"2024-04-10 16:00:00+00:00",0,17,26.292,65.12
4,"2024-04-10 16:30:00+00:00",0,17.5,28.161,65.12
4,"2024-04-10 17:00:00+00:00",0,18,30.9435,65.12
4,"2024-04-10 17:30:00+00:00",0,18.5,30.2925,65.12
4,"2024-04-10 18:00:00+00:00",0,19,18.5955,65.12
4,"2024-04-10 18:30:00+00:00",0,19.5,17.388,65.12
4,"2024-04-10 19:00:00+00:00",0,20,18.039,65.12
4,"2024-04-10 19:30:00+00:00",0,20.5,16.905,65.12
4,"2024-04-10 20:00:00+00:00",0,21,15.456,65.12
4,"2024-04-10 20:30:00+00:00",0,21.5,10.2375,65.12
4,"2024-04-10 21:00:00+00:00",0,22,8.1375,65.12
4,"2024-04-10 21:30:00+00:00",0,22.5,0.2415,65.12
4,"2024-04-10 22:00:00+00:00",0,23,2.415,65.12
4,"2024-04-10 22:30:00+00:00",0,23.5,-0.2205,65.12
4,"2024-04-10 23:00:00+00:00",0,0,-1.3545,65.12
4,"2024-04-10 23:30:00+00:00",0,0.5,-1.6905,65.12
4,"2024-04-11 00:00:00+00:00",0,1,-2.415,65.12
4,"2024-04-11 00:30:00+00:00",0,1.5,-0.2625,65.12
4,"2024-04-11 01:00:00+00:00",0,2,-1.1865,65.12
4,"2024-04-11 01:30:00+00:00",0,2.5,-2.415,65.12
4,"2024-04-11 02:00:00+00:00",0,3,0.126,65.12
4,"2024-04-11 02:30:00+00:00",0,3.5,0.126,65.12
4,"2024-04-11 03:00:00+00:00",0,4,0.189,65.12
4,"2024-04-11 03:30:00+00:00",0,4.5,0.168,65.12
4,"2024-04-11 04:00:00+00:00",0,5,1.6905,65.12
4,"2024-04-11 04:30:00+00:00",0,5.5,4.2525,65.12
4,"2024-04-11 05:00:00+00:00",0,6,5.922,65.12
4,"2024-04-11 05:30:00+00:00",0,6.5,12.075,65.12
4,"2024-04-11 06:00:00+00:00",0,7,10.143,65.12
4,"2024-04-11 06:30:00+00:00",0,7.5,15.456,65.12
4,"2024-04-11 07:00:00+00:00",0,8,12.0015,65.12
4,"2024-04-11 07:30:00+00:00",0,8.5,13.818,65.12
4,"2024-04-11 08:00:00+00:00",0,9,14.847,65.12
4,"2024-04-11 08:30:00+00:00",0,9.5,14.0805,65.12
4,"2024-04-11 09:00:00+00:00",0,10,14.49,65.12
4,"2024-04-11 09:30:00+00:00",0,10.5,14.238,65.12
4,"2024-04-11 10:00:00+00:00",0,11,14.826,65.12
4,"2024-04-11 10:30:00+00:00",0,11.5,14.826,65.12
4,"2024-04-11 11:00:00+00:00",0,12,15.0255,65.12
4,"2024-04-11 11:30:00+00:00",0,12.5,16.149,65.12
4,"2024-04-11 12:00:00+00:00",0,13,16.905,65.12
4,"2024-04-11 12:30:00+00:00",0,13.5,14.826,65.12
4,"2024-04-11 13:00:00+00:00",0,14,15.2145,65.12
4,"2024-04-11 13:30:00+00:00",0,14.5,15.2145,65.12
4,"2024-04-11 14:00:00+00:00",0,15,14.322,65.12
4,"2024-04-11 14:30:00+00:00",0,15.5,14.2275,65.12
4,"2024-04-11 15:00:00+00:00",0,16,26.6175,65.12
4,"2024-04-11 15:30:00+00:00",0,16.5,27.006,65.12
4,"2024-04-11 16:00:00+00:00",0,17,27.657,65.12
4,"2024-04-11 16:30:00+00:00",0,17.5,30.6285,65.12
4,"2024-04-11 17:00:00+00:00",0,18,30.6075,65.12
4,"2024-04-11 17:30:00+00:00",0,18.5,29.6625,65.12
4,"2024-04-11 18:00:00+00:00",0,19,18.984,65.12
4,"2024-04-11 18:30:00+00:00",0,19.5,17.7765,65.12
4,"2024-04-11 19:00:00+00:00",0,20,15.435,65.12
4,"2024-04-11 19:30:00+00:00",0,20.5,15.6975,65.12
4,"2024-04-11 20:00:00+00:00",0,21,15.792,65.12
4,"2024-04-11 20:30:00+00:00",0,21.5,13.7655,65.12
4,"2024-04-11 21:00:00+00:00",0,22,13.7655,65.12
4,"2024-04-11 21:30:00+00:00",0,22.5,8.568,65.12
4,"2024-04-11 22:00:00+00:00",0,23,5.796,65.12
4,"2024-04-11 22:30:00+00:00",0,23.5,1.2075,65.12
4,"2024-04-11 23:00:00+00:00",0,0,2.8035,65.12
4,"2024-04-11 23:30:00+00:00",0,0.5,2.415,65.12
4,"2024-04-12 00:00:00+00:00",0,1,3.381,65.12
4,"2024-04-12 00:30:00+00:00",0,1.5,3.213,65.12
4,"2024-04-12 01:00:00+00:00",0,2,2.6355,65.12
4,"2024-04-12 01:30:00+00:00",0,2.5,2.394,65.12
4,"2024-04-12 02:00:00+00:00",0,3,1.932,65.12
4,"2024-04-12 02:30:00+00:00",0,3.5,1.8375,65.12
4,"2024-04-12 03:00:00+00:00",0,4,1.932,65.12
4,"2024-04-12 03:30:00+00:00",0,4.5,2.1945,65.12
4,"2024-04-12 04:00:00+00:00",0,5,3.7695,65.12
4,"2024-04-12 04:30:00+00:00",0,5.5,8.4525,65.12
4,"2024-04-12 05:00:00+00:00",0,6,12.852,65.12
4,"2024-04-12 05:30:00+00:00",0,6.5,16.611,65.12
4,"2024-04-12 06:00:00+00:00",0,7,12.075,65.12
4,"2024-04-12 06:30:00+00:00",0,7.5,16.254,65.12
4,"2024-04-12 07:00:00+00:00",0,8,13.2825,65.12
4,"2024-04-12 07:30:00+00:00",0,8.5,13.209,65.12
4,"2024-04-12 08:00:00+00:00",0,9,11.592,65.12
4,"2024-04-12 08:30:00+00:00",0,9.5,9.66,65.12
4,"2024-04-12 09:00:00+00:00",0,10,6.0165,65.12
4,"2024-04-12 09:30:00+00:00",0,10.5,4.431,65.12
4,"2024-04-12 10:00:00+00:00",0,11,2.1525,65.12
4,"2024-04-12 10:30:00+00:00",0,11.5,0.483,65.12
4,"2024-04-12 11:00:00+00:00",0,12,2.415,65.12
4,"2024-04-12 11:30:00+00:00",0,12.5,0,65.12
4,"2024-04-12 12:00:00+00:00",0,13,1.155,65.12
4,"2024-04-12 12:30:00+00:00",0,13.5,-1.7115,65.12
4,"2024-04-12 13:00:00+00:00",0,14,0,65.12
4,"2024-04-12 13:30:00+00:00",0,14.5,0,65.12
4,"2024-04-12 14:00:00+00:00",0,15,-0.5565,65.12
4,"2024-04-12 14:30:00+00:00",0,15.5,-0.0525,65.12
4,"2024-04-12 15:00:00+00:00",0,16,13.0935,65.12
4,"2024-04-12 15:30:00+00:00",0,16.5,17.2725,65.12
4,"2024-04-12 16:00:00+00:00",0,17,19.1205,65.12
4,"2024-04-12 16:30:00+00:00",0,17.5,23.499,65.12
4,"2024-04-12 17:00:00+00:00",0,18,26.04,65.12
4,"2024-04-12 17:30:00+00:00",0,18.5,26.04,65.12
4,"2024-04-12 18:00:00+00:00",0,19,16.065,65.12
4,"2024-04-12 18:30:00+00:00",0,19.5,12.2955,65.12
4,"2024-04-12 19:00:00+00:00",0,20,14.49,65.12
4,"2024-04-12 19:30:00+00:00",0,20.5,13.2825,65.12
4,"2024-04-12 20:00:00+00:00",0,21,12.075,65.12
4,"2024-04-12 20:30:00+00:00",0,21.5,6.762,65.12
4,"2024-04-12 21:00:00+00:00",0,22,7.1925,65.12
4,"2024-04-12 21:30:00+00:00",0,22.5,0.2625,65.12
4,"2024-04-12 22:00:00+00:00",0,23,8.883,65.12
4,"2024-04-12 22:30:00+00:00",0,23.5,3.1605,65.12
4,"2024-04-12 23:00:00+00:00",0,0,6.4995,65.12
4,"2024-04-12 23:30:00+00:00",0,0.5,5.502,65.12
4,"2024-04-13 00:00:00+00:00",1,1,6.153,65.12
4,"2024-04-13 00:30:00+00:00",1,1.5,6.5205,65.12
4,"2024-04-13 01:00:00+00:00",1,2,4.2735,65.12
4,"2024-04-13 01:30:00+00:00",1,2.5,3.6435,65.12
4,"2024-04-13 02:00:00+00:00",1,3,3.6435,65.12
4,"2024-04-13 02:30:00+00:00",1,3.5,3.4755,65.12
4,"2024-04-13 03:00:00+00:00",1,4,5.607,65.12
4,"2024-04-13 03:30:00+00:00",1,4.5,5.313,65.12
4,"2024-04-13 04:00:00+00:00",1,5,6.0375,65.12
4,"2024-04-13 04:30:00+00:00",1,5.5,7.8225,65.12
4,"2024-04-13 05:00:00+00:00",1,6,7.0245,65.12
4,"2024-04-13 05:30:00+00:00",1,6.5,8.064,65.12
4,"2024-04-13 06:00:00+00:00",1,7,3.843,65.12
4,"2024-04-13 06:30:00+00:00",1,7.5,8.232,65.12
4,"2024-04-13 07:00:00+00:00",1,8,3.6225,65.12
4,"2024-04-13 07:30:00+00:00",1,8.5,6.0375,65.12
4,"2024-04-13 08:00:00+00:00",1,9,3.6225,65.12
4,"2024-04-13 08:30:00+00:00",1,9.5,3.3285,65.12
4,"2024-04-13 09:00:00+00:00",1,10,1.0395,65.12
4,"2024-04-13 09:30:00+00:00",1,10.5,-2.0055,65.12
4,"2024-04-13 10:00:00+00:00",1,11,-1.2075,65.12
4,"2024-04-13 10:30:00+00:00",1,11.5,-3.6225,65.12
4,"2024-04-13 11:00:00+00:00",1,12,-3.885,65.12
4,"2024-04-13 11:30:00+00:00",1,12.5,-7.245,65.12
4,"2024-04-13 12:00:00+00:00",1,13,-5.922,65.12
4,"2024-04-13 12:30:00+00:00",1,13.5,-8.4525,65.12
4,"2024-04-13 13:00:00+00:00",1,14,-9.66,65.12
4,"2024-04-13 13:30:00+00:00",1,14.5,-8.4525,65.12
4,"2024-04-13 14:00:00+00:00",1,15,-3.885,65.12
4,"2024-04-13 14:30:00+00:00",1,15.5,-3.087,65.12
4,"2024-04-13 15:00:00+00:00",1,16,9.135,65.12
4,"2024-04-13 15:30:00+00:00",1,16.5,13.608,65.12
4,"2024-04-13 16:00:00+00:00",1,17,13.965,65.12
4,"2024-04-13 16:30:00+00:00",1,17.5,17.5875,65.12
4,"2024-04-13 17:00:00+00:00",1,18,19.3725,65.12
4,"2024-04-13 17:30:00+00:00",1,18.5,19.5195,65.12
4,"2024-04-13 18:00:00+00:00",1,19,8.6415,65.12
4,"2024-04-13 18:30:00+00:00",1,19.5,9.66,65.12
4,"2024-04-13 19:00:00+00:00",1,20,7.9485,65.12
4,"2024-04-13 19:30:00+00:00",1,20.5,9.009,65.12
4,"2024-04-13 20:00:00+00:00",1,21,10.626,65.12
4,"2024-04-13 20:30:00+00:00",1,21.5,5.796,65.12
4,"2024-04-13 21:00:00+00:00",1,22,9.66,65.12
4,"2024-04-13 21:30:00+00:00",1,22.5,2.415,65.12
4,"2024-04-13 22:00:00+00:00",1,23,5.628,65.12
4,"2024-04-13 22:30:00+00:00",1,23.5,-0.945,65.12
4,"2024-04-13 23:00:00+00:00",1,0,-0.819,65.12
4,"2024-04-13 23:30:00+00:00",1,0.5,-0.2625,65.12
4,"2024-04-14 00:00:00+00:00",1,1,-0.777,65.12
4,"2024-04-14 00:30:00+00:00",1,1.5,0,65.12
4,"2024-04-14 01:00:00+00:00",1,2,0,65.12
4,"2024-04-14 01:30:00+00:00",1,2.5,-0.819,65.12
4,"2024-04-14 02:00:00+00:00",1,3,-1.2075,65.12
4,"2024-04-14 02:30:00+00:00",1,3.5,-1.2075,65.12
4,"2024-04-14 03:00:00+00:00",1,4,0.672,65.12
4,"2024-04-14 03:30:00+00:00",1,4.5,0.0735,65.12
4,"2024-04-14 04:00:00+00:00",1,5,0,65.12
4,"2024-04-14 04:30:00+00:00",1,5.5,1.47,65.12
4,"2024-04-14 05:00:00+00:00",1,6,1.2075,65.12
4,"2024-04-14 05:30:00+00:00",1,6.5,3.234,65.12
4,"2024-04-14 06:00:00+00:00",1,7,-2.1,65.12
4,"2024-04-14 06:30:00+00:00",1,7.5,1.806,65.12
4,"2024-04-14 07:00:00+00:00",1,8,0.5565,65.12
4,"2024-04-14 07:30:00+00:00",1,8.5,0,65.12
4,"2024-04-14 08:00:00+00:00",1,9,0.5355,65.12
4,"2024-04-14 08:30:00+00:00",1,9.5,-1.2075,65.12
4,"2024-04-14 09:00:00+00:00",1,10,0,65.12
4,"2024-04-14 09:30:00+00:00",1,10.5,0,65.12
4,"2024-04-14 10:00:00+00:00",1,11,2.415,65.12
4,"2024-04-14 10:30:00+00:00",1,11.5,2.415,65.12
4,"2024-04-14 11:00:00+00:00",1,12,3.6225,65.12
4,"2024-04-14 11:30:00+00:00",1,12.5,2.415,65.12
4,"2024-04-14 12:00:00+00:00",1,13,-0.294,65.12
4,"2024-04-14 12:30:00+00:00",1,13.5,-4.473,65.12
4,"2024-04-14 13:00:00+00:00",1,14,-0.3885,65.12
4,"2024-04-14 13:30:00+00:00",1,14.5,0.966,65.12
4,"2024-04-14 14:00:00+00:00",1,15,-2.415,65.12
4,"2024-04-14 14:30:00+00:00",1,15.5,0.2415,65.12
4,"2024-04-14 15:00:00+00:00",1,16,16.716,65.12
4,"2024-04-14 15:30:00+00:00",1,16.5,20.244,65.12
4,"2024-04-14 16:00:00+00:00",1,17,26.523,65.12
4,"2024-04-14 16:30:00+00:00",1,17.5,27.2475,65.12
4,"2024-04-14 17:00:00+00:00",1,18,31.4265,65.12
4,"2024-04-14 17:30:00+00:00",1,18.5,31.3005,65.12
4,"2024-04-14 18:00:00+00:00",1,19,20.5275,65.12
4,"2024-04-14 18:30:00+00:00",1,19.5,18.27,65.12
4,"2024-04-14 19:00:00+00:00",1,20,20.475,65.12
4,"2024-04-14 19:30:00+00:00",1,20.5,19.32,65.12
4,"2024-04-14 20:00:00+00:00",1,21,15.6975,65.12
4,"2024-04-14 20:30:00+00:00",1,21.5,9.849,65.12
4,"2024-04-14 21:00:00+00:00",1,22,7.098,65.12
4,"2024-04-14 21:30:00+00:00",1,22.5,-3.234,65.12
4,"2024-04-14 22:00:00+00:00",1,23,2.6565,65.12
4,"2024-04-14 22:30:00+00:00",1,23.5,-3.381,65.12
4,"2024-04-14 23:00:00+00:00",1,0,1.932,65.12
4,"2024-04-14 23:30:00+00:00",1,0.5,0.294,65.12
4,"2024-04-15 00:00:00+00:00",0,1,0.966,65.12
4,"2024-04-15 00:30:00+00:00",0,1.5,1.155,65.12
4,"2024-04-15 01:00:00+00:00",0,2,1.2075,65.12
4,"2024-04-15 01:30:00+00:00",0,2.5,0.777,65.12
4,"2024-04-15 02:00:00+00:00",0,3,-0.0525,65.12
4,"2024-04-15 02:30:00+00:00",0,3.5,-0.504,65.12
4,"2024-04-15 03:00:00+00:00",0,4,0.3885,65.12
4,"2024-04-15 03:30:00+00:00",0,4.5,0.0525,65.12
4,"2024-04-15 04:00:00+00:00",0,5,-1.155,65.12
4,"2024-04-15 04:30:00+00:00",0,5.5,0.5565,65.12
4,"2024-04-15 05:00:00+00:00",0,6,0.819,65.12
4,"2024-04-15 05:30:00+00:00",0,6.5,11.235,65.12
4,"2024-04-15 06:00:00+00:00",0,7,14.4375,65.12
4,"2024-04-15 06:30:00+00:00",0,7.5,19.803,65.12
4,"2024-04-15 07:00:00+00:00",0,8,15.456,65.12
4,"2024-04-15 07:30:00+00:00",0,8.5,16.1805,65.12
4,"2024-04-15 08:00:00+00:00",0,9,14.49,65.12
4,"2024-04-15 08:30:00+00:00",0,9.5,13.65,65.12
4,"2024-04-15 09:00:00+00:00",0,10,13.524,65.12
4,"2024-04-15 09:30:00+00:00",0,10.5,11.403,65.12
4,"2024-04-15 10:00:00+00:00",0,11,9.2715,65.12
4,"2024-04-15 10:30:00+00:00",0,11.5,6.573,65.12
4,"2024-04-15 11:00:00+00:00",0,12,7.3395,65.12
4,"2024-04-15 11:30:00+00:00",0,12.5,4.83,65.12
4,"2024-04-15 12:00:00+00:00",0,13,4.83,65.12
4,"2024-04-15 12:30:00+00:00",0,13.5,2.415,65.12
4,"2024-04-15 13:00:00+00:00",0,14,3.696,65.12
4,"2024-04-15 13:30:00+00:00",0,14.5,3.4545,65.12
4,"2024-04-15 14:00:00+00:00",0,15,0,65.12
4,"2024-04-15 14:30:00+00:00",0,15.5,3.381,65.12
4,"2024-04-15 15:00:00+00:00",0,16,15.897,65.12
4,"2024-04-15 15:30:00+00:00",0,16.5,23.8665,65.12
4,"2024-04-15 16:00:00+00:00",0,17,21.714,65.12
4,"2024-04-15 16:30:00+00:00",0,17.5,26.838,65.12
4,"2024-04-15 17:00:00+00:00",0,18,27.153,65.12
4,"2024-04-15 17:30:00+00:00",0,18.5,27.7305,65.12
4,"2024-04-15 18:00:00+00:00",0,19,16.569,65.12
4,"2024-04-15 18:30:00+00:00",0,19.5,15.2145,65.12
4,"2024-04-15 19:00:00+00:00",0,20,14.1015,65.12
4,"2024-04-15 19:30:00+00:00",0,20.5,13.23,65.12
4,"2024-04-15 20:00:00+00:00",0,21,14.49,65.12
4,"2024-04-15 20:30:00+00:00",0,21.5,7.6755,65.12
4,"2024-04-15 21:00:00+00:00",0,22,10.3635,65.12
4,"2024-04-15 21:30:00+00:00",0,22.5,0,65.12
4,"2024-04-15 22:00:00+00:00",0,23,3.927,65.12
4,"2024-04-15 22:30:00+00:00",0,23.5,0,65.12
4,"2024-04-15 23:00:00+00:00",0,0,0.147,65.12
4,"2024-04-15 23:30:00+00:00",0,0.5,0,65.12
4,"2024-04-16 00:00:00+00:00",0,1,0.2415,65.12
4,"2024-04-16 00:30:00+00:00",0,1.5,0.672,65.12
4,"2024-04-16 01:00:00+00:00",0,2,0.4095,65.12
4,"2024-04-16 01:30:00+00:00",0,2.5,0.3885,65.12
4,"2024-04-16 02:00:00+00:00",0,3,0,65.12
4,"2024-04-16 02:30:00+00:00",0,3.5,-0.7035,65.12
4,"2024-04-16 03:00:00+00:00",0,4,0,65.12
4,"2024-04-16 03:30:00+00:00",0,4.5,0,65.12
4,"2024-04-16 04:00:00+00:00",0,5,0.7245,65.12
4,"2024-04-16 04:30:00+00:00",0,5.5,4.998,65.12
4,"2024-04-16 05:00:00+00:00",0,6,9.66,65.12
4,"2024-04-16 05:30:00+00:00",0,6.5,18.1125,65.12
4,"2024-04-16 06:00:00+00:00",0,7,15.267,65.12
4,"2024-04-16 06:30:00+00:00",0,7.5,18.543,65.12
4,"2024-04-16 07:00:00+00:00",0,8,14.8785,65.12
4,"2024-04-16 07:30:00+00:00",0,8.5,14.2485,65.12
4,"2024-04-16 08:00:00+00:00",0,9,10.92,65.12
4,"2024-04-16 08:30:00+00:00",0,9.5,10.0905,65.12
4,"2024-04-16 09:00:00+00:00",0,10,9.66,65.12
4,"2024-04-16 09:30:00+00:00",0,10.5,9.2715,65.12
4,"2024-04-16 10:00:00+00:00",0,11,8.694,65.12
4,"2024-04-16 10:30:00+00:00",0,11.5,8.505,65.12
4,"2024-04-16 11:00:00+00:00",0,12,9.66,65.12
4,"2024-04-16 11:30:00+00:00",0,12.5,8.883,65.12
4,"2024-04-16 12:00:00+00:00",0,13,8.211,65.12
4,"2024-04-16 12:30:00+00:00",0,13.5,7.3395,65.12
4,"2024-04-16 13:00:00+00:00",0,14,7.245,65.12
4,"2024-04-16 13:30:00+00:00",0,14.5,7.245,65.12
4,"2024-04-16 14:00:00+00:00",0,15,8.211,65.12
4,"2024-04-16 14:30:00+00:00",0,15.5,8.4,65.12
4,"2024-04-16 15:00:00+00:00",0,16,22.1655,65.12
4,"2024-04-16 15:30:00+00:00",0,16.5,25.074,65.12
4,"2024-04-16 16:00:00+00:00",0,17,27.006,65.12
4,"2024-04-16 16:30:00+00:00",0,17.5,28.6965,65.12
4,"2024-04-16 17:00:00+00:00",0,18,29.526,65.12
4,"2024-04-16 17:30:00+00:00",0,18.5,31.353,65.12
4,"2024-04-16 18:00:00+00:00",0,19,21.3045,65.12
4,"2024-04-16 18:30:00+00:00",0,19.5,21.4935,65.12
4,"2024-04-16 19:00:00+00:00",0,20,21.735,65.12
4,"2024-04-16 19:30:00+00:00",0,20.5,21.4935,65.12
4,"2024-04-16 20:00:00+00:00",0,21,21.4935,65.12
4,"2024-04-16 20:30:00+00:00",0,21.5,19.089,65.12
4,"2024-04-16 21:00:00+00:00",0,22,18.501,65.12
4,"2024-04-16 21:30:00+00:00",0,22.5,16.3485,65.12
4,"2024-04-16 22:00:00+00:00",0,23,15.96,65.12
4,"2024-04-16 22:30:00+00:00",0,23.5,14.847,65.12
4,"2024-04-16 23:00:00+00:00",0,0,15.6975,65.12
4,"2024-04-16 23:30:00+00:00",0,0.5,13.1355,65.12
4,"2024-04-17 00:00:00+00:00",0,1,13.7445,65.12
4,"2024-04-17 00:30:00+00:00",0,1.5,13.524,65.12
4,"2024-04-17 01:00:00+00:00",0,2,13.2825,65.12
4,"2024-04-17 01:30:00+00:00",0,2.5,12.075,65.12
4,"2024-04-17 02:00:00+00:00",0,3,12.075,65.12
4,"2024-04-17 02:30:00+00:00",0,3.5,11.3505,65.12
4,"2024-04-17 03:00:00+00:00",0,4,11.9805,65.12
4,"2024-04-17 03:30:00+00:00",0,4.5,10.437,65.12
4,"2024-04-17 04:00:00+00:00",0,5,13.2825,65.12
4,"2024-04-17 04:30:00+00:00",0,5.5,14.2275,65.12
4,"2024-04-17 05:00:00+00:00",0,6,21.735,65.12
4,"2024-04-17 05:30:00+00:00",0,6.5,23.184,65.12
4,"2024-04-17 06:00:00+00:00",0,7,20.286,65.12
4,"2024-04-17 06:30:00+00:00",0,7.5,22.491,65.12
4,"2024-04-17 07:00:00+00:00",0,8,19.992,65.12
4,"2024-04-17 07:30:00+00:00",0,8.5,19.824,65.12
4,"2024-04-17 08:00:00+00:00",0,9,16.905,65.12
4,"2024-04-17 08:30:00+00:00",0,9.5,16.422,65.12
4,"2024-04-17 09:00:00+00:00",0,10,15.6765,65.12
4,"2024-04-17 09:30:00+00:00",0,10.5,15.6765,65.12
4,"2024-04-17 10:00:00+00:00",0,11,15.309,65.12
4,"2024-04-17 10:30:00+00:00",0,11.5,15.582,65.12
4,"2024-04-17 11:00:00+00:00",0,12,17.724,65.12
4,"2024-04-17 11:30:00+00:00",0,12.5,16.905,65.12
4,"2024-04-17 12:00:00+00:00",0,13,16.905,65.12
4,"2024-04-17 12:30:00+00:00",0,13.5,16.905,65.12
4,"2024-04-17 13:00:00+00:00",0,14,16.905,65.12
4,"2024-04-17 13:30:00+00:00",0,14.5,15.75,65.12
4,"2024-04-17 14:00:00+00:00",0,15,17.535,65.12
4,"2024-04-17 14:30:00+00:00",0,15.5,16.758,65.12
4,"2024-04-17 15:00:00+00:00",0,16,28.455,65.12
4,"2024-04-17 15:30:00+00:00",0,16.5,28.455,65.12
4,"2024-04-17 16:00:00+00:00",0,17,29.3685,65.12
4,"2024-04-17 16:30:00+00:00",0,17.5,30.387,65.12
4,"2024-04-17 17:00:00+00:00",0,18,33.6945,65.12
4,"2024-04-17 17:30:00+00:00",0,18.5,33.453,65.12
4,"2024-04-17 18:00:00+00:00",0,19,23.4255,65.12
4,"2024-04-17 18:30:00+00:00",0,19.5,23.541,65.12
4,"2024-04-17 19:00:00+00:00",0,20,23.7615,65.12
4,"2024-04-17 19:30:00+00:00",0,20.5,22.9425,65.12
4,"2024-04-17 20:00:00+00:00",0,21,19.8975,65.12
4,"2024-04-17 20:30:00+00:00",0,21.5,16.611,65.12
4,"2024-04-17 21:00:00+00:00",0,22,17.388,65.12
4,"2024-04-17 21:30:00+00:00",0,22.5,16.3695,65.12
4,"2024-04-17 22:00:00+00:00",0,23,18.3015,65.12
4,"2024-04-17 22:30:00+00:00",0,23.5,19.5615,65.12
4,"2024-04-17 23:00:00+00:00",0,0,17.262,65.12
4,"2024-04-17 23:30:00+00:00",0,0.5,17.6505,65.12
4,"2024-04-18 00:00:00+00:00",0,1,16.1805,65.12
4,"2024-04-18 00:30:00+00:00",0,1.5,17.6085,65.12
4,"2024-04-18 01:00:00+00:00",0,2,18.1125,65.12
4,"2024-04-18 01:30:00+00:00",0,2.5,17.4615,65.12
4,"2024-04-18 02:00:00+00:00",0,3,16.905,65.12
4,"2024-04-18 02:30:00+00:00",0,3.5,15.9915,65.12
4,"2024-04-18 03:00:00+00:00",0,4,18.165,65.12
4,"2024-04-18 03:30:00+00:00",0,4.5,15.9915,65.12
4,"2024-04-18 04:00:00+00:00",0,5,20.643,65.12
4,"2024-04-18 04:30:00+00:00",0,5.5,19.32,65.12
4,"2024-04-18 05:00:00+00:00",0,6,21.735,65.12
4,"2024-04-18 05:30:00+00:00",0,6.5,24.8745,65.12
4,"2024-04-18 06:00:00+00:00",0,7,24.99,65.12
4,"2024-04-18 06:30:00+00:00",0,7.5,27.1005,65.12
4,"2024-04-18 07:00:00+00:00",0,8,21.9765,65.12
4,"2024-04-18 07:30:00+00:00",0,8.5,21.9555,65.12
4,"2024-04-18 08:00:00+00:00",0,9,18.837,65.12
4,"2024-04-18 08:30:00+00:00",0,9.5,17.052,65.12
4,"2024-04-18 09:00:00+00:00",0,10,18.1125,65.12
4,"2024-04-18 09:30:00+00:00",0,10.5,17.913,65.12
4,"2024-04-18 10:00:00+00:00",0,11,16.422,65.12
4,"2024-04-18 10:30:00+00:00",0,11.5,17.241,65.12
4,"2024-04-18 11:00:00+00:00",0,12,15.9915,65.12
4,"2024-04-18 11:30:00+00:00",0,12.5,15.6975,65.12
4,"2024-04-18 12:00:00+00:00",0,13,14.007,65.12
4,"2024-04-18 12:30:00+00:00",0,13.5,12.075,65.12
4,"2024-04-18 13:00:00+00:00",0,14,14.133,65.12
4,"2024-04-18 13:30:00+00:00",0,14.5,13.2615,65.12
4,"2024-04-18 14:00:00+00:00",0,15,14.007,65.12
4,"2024-04-18 14:30:00+00:00",0,15.5,14.2485,65.12
4,"2024-04-18 15:00:00+00:00",0,16,26.04,65.12
4,"2024-04-18 15:30:00+00:00",0,16.5,28.266,65.12
4,"2024-04-18 16:00:00+00:00",0,17,29.9565,65.12
4,"2024-04-18 16:30:00+00:00",0,17.5,30.555,65.12
4,"2024-04-18 17:00:00+00:00",0,18,32.802,65.12
4,"2024-04-18 17:30:00+00:00",0,18.5,31.5945,65.12
4,"2024-04-18 18:00:00+00:00",0,19,21.735,65.12
4,"2024-04-18 18:30:00+00:00",0,19.5,22.407,65.12
4,"2024-04-18 19:00:00+00:00",0,20,21.357,65.12
4,"2024-04-18 19:30:00+00:00",0,20.5,20.5275,65.12
4,"2024-04-18 20:00:00+00:00",0,21,21.735,65.12
4,"2024-04-18 20:30:00+00:00",0,21.5,15.9915,65.12
4,"2024-04-18 21:00:00+00:00",0,22,16.716,65.12
4,"2024-04-18 21:30:00+00:00",0,22.5,14.2695,65.12
4,"2024-04-18 22:00:00+00:00",0,23,12.558,65.12
4,"2024-04-18 22:30:00+00:00",0,23.5,8.694,65.12
4,"2024-04-18 23:00:00+00:00",0,0,11.0355,65.12
4,"2024-04-18 23:30:00+00:00",0,0.5,9.66,65.12
4,"2024-04-19 00:00:00+00:00",0,1,7.1925,65.12
4,"2024-04-19 00:30:00+00:00",0,1.5,9.492,65.12
4,"2024-04-19 01:00:00+00:00",0,2,7.9695,65.12
4,"2024-04-19 01:30:00+00:00",0,2.5,6.1845,65.12
4,"2024-04-19 02:00:00+00:00",0,3,6.762,65.12
4,"2024-04-19 02:30:00+00:00",0,3.5,6.741,65.12
4,"2024-04-19 03:00:00+00:00",0,4,8.211,65.12
4,"2024-04-19 03:30:00+00:00",0,4.5,6.1845,65.12
4,"2024-04-19 04:00:00+00:00",0,5,6.0375,65.12
4,"2024-04-19 04:30:00+00:00",0,5.5,7.245,65.12
4,"2024-04-19 05:00:00+00:00",0,6,10.6785,65.12
4,"2024-04-19 05:30:00+00:00",0,6.5,16.9995,65.12
4,"2024-04-19 06:00:00+00:00",0,7,12.7995,65.12
4,"2024-04-19 06:30:00+00:00",0,7.5,18.522,65.12
4,"2024-04-19 07:00:00+00:00",0,8,15.6975,65.12
4,"2024-04-19 07:30:00+00:00",0,8.5,15.6975,65.12
4,"2024-04-19 08:00:00+00:00",0,9,15.435,65.12
4,"2024-04-19 08:30:00+00:00",0,9.5,10.8675,65.12
4,"2024-04-19 09:00:00+00:00",0,10,11.0775,65.12
4,"2024-04-19 09:30:00+00:00",0,10.5,8.505,65.12
4,"2024-04-19 10:00:00+00:00",0,11,10.353,65.12
4,"2024-04-19 10:30:00+00:00",0,11.5,8.9565,65.12
4,"2024-04-19 11:00:00+00:00",0,12,7.3185,65.12
4,"2024-04-19 11:30:00+00:00",0,12.5,7.245,65.12
4,"2024-04-19 12:00:00+00:00",0,13,6.279,65.12
4,"2024-04-19 12:30:00+00:00",0,13.5,5.145,65.12
4,"2024-04-19 13:00:00+00:00",0,14,6.762,65.12
4,"2024-04-19 13:30:00+00:00",0,14.5,5.8905,65.12
4,"2024-04-19 14:00:00+00:00",0,15,5.313,65.12
4,"2024-04-19 14:30:00+00:00",0,15.5,7.245,65.12
4,"2024-04-19 15:00:00+00:00",0,16,19.7925,65.12
4,"2024-04-19 15:30:00+00:00",0,16.5,26.9745,65.12
4,"2024-04-19 16:00:00+00:00",0,17,23.8875,65.12
4,"2024-04-19 16:30:00+00:00",0,17.5,27.006,65.12
4,"2024-04-19 17:00:00+00:00",0,18,27.489,65.12
4,"2024-04-19 17:30:00+00:00",0,18.5,29.5155,65.12
4,"2024-04-19 18:00:00+00:00",0,19,21.0105,65.12
4,"2024-04-19 18:30:00+00:00",0,19.5,21.9555,65.12
4,"2024-04-19 19:00:00+00:00",0,20,21.735,65.12
4,"2024-04-19 19:30:00+00:00",0,20.5,20.895,65.12
4,"2024-04-19 20:00:00+00:00",0,21,22.407,65.12
4,"2024-04-19 20:30:00+00:00",0,21.5,19.32,65.12
4,"2024-04-19 21:00:00+00:00",0,22,18.6165,65.12
4,"2024-04-19 21:30:00+00:00",0,22.5,15.939,65.12
4,"2024-04-19 22:00:00+00:00",0,23,16.422,65.12
4,"2024-04-19 22:30:00+00:00",0,23.5,15.6975,65.12
4,"2024-04-19 23:00:00+00:00",0,0,15.141,65.12
4,"2024-04-19 23:30:00+00:00",0,0.5,15.2145,65.12
4,"2024-04-20 00:00:00+00:00",1,1,15.582,65.12
4,"2024-04-20 00:30:00+00:00",1,1.5,15.582,65.12
4,"2024-04-20 01:00:00+00:00",1,2,16.1805,65.12
4,"2024-04-20 01:30:00+00:00",1,2.5,15.582,65.12
4,"2024-04-20 02:00:00+00:00",1,3,15.582,65.12
4,"2024-04-20 02:30:00+00:00",1,3.5,15.0675,65.12
4,"2024-04-20 03:00:00+00:00",1,4,15.582,65.12
4,"2024-04-20 03:30:00+00:00",1,4.5,15.582,65.12
4,"2024-04-20 04:00:00+00:00",1,5,14.679,65.12
4,"2024-04-20 04:30:00+00:00",1,5.5,13.1355,65.12
4,"2024-04-20 05:00:00+00:00",1,6,16.611,65.12
4,"2024-04-20 05:30:00+00:00",1,6.5,17.1465,65.12
4,"2024-04-20 06:00:00+00:00",1,7,18.837,65.12
4,"2024-04-20 06:30:00+00:00",1,7.5,19.32,65.12
4,"2024-04-20 07:00:00+00:00",1,8,19.32,65.12
4,"2024-04-20 07:30:00+00:00",1,8.5,17.9445,65.12
4,"2024-04-20 08:00:00+00:00",1,9,19.194,65.12
4,"2024-04-20 08:30:00+00:00",1,9.5,19.194,65.12
4,"2024-04-20 09:00:00+00:00",1,10,18.06,65.12
4,"2024-04-20 09:30:00+00:00",1,10.5,17.1675,65.12
4,"2024-04-20 10:00:00+00:00",1,11,15.582,65.12
4,"2024-04-20 10:30:00+00:00",1,11.5,15.645,65.12
4,"2024-04-20 11:00:00+00:00",1,12,15.6975,65.12
4,"2024-04-20 11:30:00+00:00",1,12.5,15.582,65.12
4,"2024-04-20 12:00:00+00:00",1,13,14.4375,65.12
4,"2024-04-20 12:30:00+00:00",1,13.5,13.3035,65.12
4,"2024-04-20 13:00:00+00:00",1,14,13.4295,65.12
4,"2024-04-20 13:30:00+00:00",1,14.5,12.558,65.12
4,"2024-04-20 14:00:00+00:00",1,15,11.592,65.12
4,"2024-04-20 14:30:00+00:00",1,15.5,12.3165,65.12
4,"2024-04-20 15:00:00+00:00",1,16,25.0005,65.12
4,"2024-04-20 15:30:00+00:00",1,16.5,27.0795,65.12
4,"2024-04-20 16:00:00+00:00",1,17,30.387,65.12
4,"2024-04-20 16:30:00+00:00",1,17.5,30.051,65.12
4,"2024-04-20 17:00:00+00:00",1,18,31.668,65.12
4,"2024-04-20 17:30:00+00:00",1,18.5,32.5815,65.12
4,"2024-04-20 18:00:00+00:00",1,19,21.0105,65.12
4,"2024-04-20 18:30:00+00:00",1,19.5,21.252,65.12
4,"2024-04-20 19:00:00+00:00",1,20,21.4935,65.12
4,"2024-04-20 19:30:00+00:00",1,20.5,21.609,65.12
4,"2024-04-20 20:00:00+00:00",1,21,20.3595,65.12
4,"2024-04-20 20:30:00+00:00",1,21.5,17.85,65.12
4,"2024-04-20 21:00:00+00:00",1,22,17.451,65.12
4,"2024-04-20 21:30:00+00:00",1,22.5,14.469,65.12
4,"2024-04-20 22:00:00+00:00",1,23,17.9655,65.12
4,"2024-04-20 22:30:00+00:00",1,23.5,16.9995,65.12
4,"2024-04-20 23:00:00+00:00",1,0,15.162,65.12
4,"2024-04-20 23:30:00+00:00",1,0.5,14.007,65.12
4,"2024-04-21 00:00:00+00:00",1,1,14.007,65.12
4,"2024-04-21 00:30:00+00:00",1,1.5,14.175,65.12
4,"2024-04-21 01:00:00+00:00",1,2,14.007,65.12
4,"2024-04-21 01:30:00+00:00",1,2.5,13.062,65.12
4,"2024-04-21 02:00:00+00:00",1,3,14.007,65.12
4,"2024-04-21 02:30:00+00:00",1,3.5,13.9125,65.12
4,"2024-04-21 03:00:00+00:00",1,4,12.8205,65.12
4,"2024-04-21 03:30:00+00:00",1,4.5,12.7995,65.12
4,"2024-04-21 04:00:00+00:00",1,5,13.2825,65.12
4,"2024-04-21 04:30:00+00:00",1,5.5,12.075,65.12
4,"2024-04-21 05:00:00+00:00",1,6,14.007,65.12
4,"2024-04-21 05:30:00+00:00",1,6.5,13.041,65.12
4,"2024-04-21 06:00:00+00:00",1,7,13.65,65.12
4,"2024-04-21 06:30:00+00:00",1,7.5,14.1855,65.12
4,"2024-04-21 07:00:00+00:00",1,8,13.2825,65.12
4,"2024-04-21 07:30:00+00:00",1,8.5,14.49,65.12
4,"2024-04-21 08:00:00+00:00",1,9,14.322,65.12
4,"2024-04-21 08:30:00+00:00",1,9.5,14.49,65.12
4,"2024-04-21 09:00:00+00:00",1,10,15.6765,65.12
4,"2024-04-21 09:30:00+00:00",1,10.5,15.6765,65.12
4,"2024-04-21 10:00:00+00:00",1,11,15.897,65.12
4,"2024-04-21 10:30:00+00:00",1,11.5,17.6295,65.12
4,"2024-04-21 11:00:00+00:00",1,12,19.7085,65.12
4,"2024-04-21 11:30:00+00:00",1,12.5,18.9315,65.12
4,"2024-04-21 12:00:00+00:00",1,13,18.543,65.12
4,"2024-04-21 12:30:00+00:00",1,13.5,16.758,65.12
4,"2024-04-21 13:00:00+00:00",1,14,17.3355,65.12
4,"2024-04-21 13:30:00+00:00",1,14.5,15.8655,65.12
4,"2024-04-21 14:00:00+00:00",1,15,16.6635,65.12
4,"2024-04-21 14:30:00+00:00",1,15.5,16.296,65.12
4,"2024-04-21 15:00:00+00:00",1,16,27.489,65.12
4,"2024-04-21 15:30:00+00:00",1,16.5,28.161,65.12
4,"2024-04-21 16:00:00+00:00",1,17,31.5945,65.12
4,"2024-04-21 16:30:00+00:00",1,17.5,33.285,65.12
4,"2024-04-21 17:00:00+00:00",1,18,33.285,65.12
4,"2024-04-21 17:30:00+00:00",1,18.5,34.6815,65.12
4,"2024-04-21 18:00:00+00:00",1,19,21.8085,65.12
4,"2024-04-21 18:30:00+00:00",1,19.5,22.9425,65.12
4,"2024-04-21 19:00:00+00:00",1,20,23.3205,65.12
4,"2024-04-21 19:30:00+00:00",1,20.5,22.407,65.12
4,"2024-04-21 20:00:00+00:00",1,21,22.029,65.12
4,"2024-04-21 20:30:00+00:00",1,21.5,19.32,65.12
4,"2024-04-21 21:00:00+00:00",1,22,19.53,65.12
4,"2024-04-21 21:30:00+00:00",1,22.5,14.805,65.12
4,"2024-04-21 22:00:00+00:00",1,23,16.758,65.12
4,"2024-04-21 22:30:00+00:00",1,23.5,15.8865,65.12
4,"2024-04-21 23:00:00+00:00",1,0,15.8865,65.12
4,"2024-04-21 23:30:00+00:00",1,0.5,15.8865,65.12
4,"2024-04-22 00:00:00+00:00",0,1,15.8865,65.12
4,"2024-04-22 00:30:00+00:00",0,1.5,15.8865,65.12
4,"2024-04-22 01:00:00+00:00",0,2,15.7185,65.12
4,"2024-04-22 01:30:00+00:00",0,2.5,15.0675,65.12
4,"2024-04-22 02:00:00+00:00",0,3,15.603,65.12
4,"2024-04-22 02:30:00+00:00",0,3.5,15.8865,65.12
4,"2024-04-22 03:00:00+00:00",0,4,15.6975,65.12
4,"2024-04-22 03:30:00+00:00",0,4.5,15.2145,65.12
4,"2024-04-22 04:00:00+00:00",0,5,19.2465,65.12
4,"2024-04-22 04:30:00+00:00",0,5.5,19.5615,65.12
4,"2024-04-22 05:00:00+00:00",0,6,24.129,65.12
4,"2024-04-22 05:30:00+00:00",0,6.5,23.835,65.12
4,"2024-04-22 06:00:00+00:00",0,7,24.15,65.12
4,"2024-04-22 06:30:00+00:00",0,7.5,26.586,65.12
4,"2024-04-22 07:00:00+00:00",0,8,20.5065,65.12
4,"2024-04-22 07:30:00+00:00",0,8.5,20.5275,65.12
4,"2024-04-22 08:00:00+00:00",0,9,18.648,65.12
4,"2024-04-22 08:30:00+00:00",0,9.5,18.501,65.12
4,"2024-04-22 09:00:00+00:00",0,10,17.4825,65.12
4,"2024-04-22 09:30:00+00:00",0,10.5,17.514,65.12
4,"2024-04-22 10:00:00+00:00",0,11,16.8525,65.12
4,"2024-04-22 10:30:00+00:00",0,11.5,17.388,65.12
4,"2024-04-22 11:00:00+00:00",0,12,17.871,65.12
4,"2024-04-22 11:30:00+00:00",0,12.5,16.926,65.12
4,"2024-04-22 12:00:00+00:00",0,13,16.6635,65.12
4,"2024-04-22 12:30:00+00:00",0,13.5,15.8865,65.12
4,"2024-04-22 13:00:00+00:00",0,14,15.6975,65.12
4,"2024-04-22 13:30:00+00:00",0,14.5,15.603,65.12
4,"2024-04-22 14:00:00+00:00",0,15,15.6975,65.12
4,"2024-04-22 14:30:00+00:00",0,15.5,15.6975,65.12
4,"2024-04-22 15:00:00+00:00",0,16,28.938,65.12
4,"2024-04-22 15:30:00+00:00",0,16.5,28.455,65.12
4,"2024-04-22 16:00:00+00:00",0,17,30.87,65.12
4,"2024-04-22 16:30:00+00:00",0,17.5,32.0775,65.12
4,"2024-04-22 17:00:00+00:00",0,18,34.062,65.12
4,"2024-04-22 17:30:00+00:00",0,18.5,33.432,65.12
4,"2024-04-22 18:00:00+00:00",0,19,22.365,65.12
4,"2024-04-22 18:30:00+00:00",0,19.5,21.252,65.12
4,"2024-04-22 19:00:00+00:00",0,20,21.084,65.12
4,"2024-04-22 19:30:00+00:00",0,20.5,20.0445,65.12
4,"2024-04-22 20:00:00+00:00",0,21,18.5955,65.12
4,"2024-04-22 20:30:00+00:00",0,21.5,18.1125,65.12
4,"2024-04-22 21:00:00+00:00",0,22,18.984,65.12
4,"2024-04-22 21:30:00+00:00",0,22.5,17.073,65.12
4,"2024-04-22 22:00:00+00:00",0,23,16.905,65.12
4,"2024-04-22 22:30:00+00:00",0,23.5,16.821,65.12
4,"2024-04-22 23:00:00+00:00",0,0,16.296,65.12
4,"2024-04-22 23:30:00+00:00",0,0.5,16.296,65.12
4,"2024-04-23 00:00:00+00:00",0,1,16.2015,65.12
4,"2024-04-23 00:30:00+00:00",0,1.5,16.905,65.12
4,"2024-04-23 01:00:00+00:00",0,2,15.6975,65.12
4,"2024-04-23 01:30:00+00:00",0,2.5,15.6765,65.12
4,"2024-04-23 02:00:00+00:00",0,3,15.33,65.12
4,"2024-04-23 02:30:00+00:00",0,3.5,15.3615,65.12
4,"2024-04-23 03:00:00+00:00",0,4,15.939,65.12
4,"2024-04-23 03:30:00+00:00",0,4.5,14.49,65.12
4,"2024-04-23 04:00:00+00:00",0,5,18.5955,65.12
4,"2024-04-23 04:30:00+00:00",0,5.5,19.3725,65.12
4,"2024-04-23 05:00:00+00:00",0,6,24.297,65.12
4,"2024-04-23 05:30:00+00:00",0,6.5,26.271,65.12
4,"2024-04-23 06:00:00+00:00",0,7,24.633,65.12
4,"2024-04-23 06:30:00+00:00",0,7.5,26.565,65.12
4,"2024-04-23 07:00:00+00:00",0,8,21.735,65.12
4,"2024-04-23 07:30:00+00:00",0,8.5,22.05,65.12
4,"2024-04-23 08:00:00+00:00",0,9,18.2595,65.12
4,"2024-04-23 08:30:00+00:00",0,9.5,17.6085,65.12
4,"2024-04-23 09:00:00+00:00",0,10,15.3825,65.12
4,"2024-04-23 09:30:00+00:00",0,10.5,15.75,65.12
4,"2024-04-23 10:00:00+00:00",0,11,15.75,65.12
4,"2024-04-23 10:30:00+00:00",0,11.5,16.6635,65.12
4,"2024-04-23 11:00:00+00:00",0,12,15.939,65.12
4,"2024-04-23 11:30:00+00:00",0,12.5,15.456,65.12
4,"2024-04-23 12:00:00+00:00",0,13,15.456,65.12
4,"2024-04-23 12:30:00+00:00",0,13.5,14.9205,65.12
4,"2024-04-23 13:00:00+00:00",0,14,15.12,65.12
4,"2024-04-23 13:30:00+00:00",0,14.5,14.7315,65.12
4,"2024-04-23 14:00:00+00:00",0,15,15.12,65.12
4,"2024-04-23 14:30:00+00:00",0,15.5,15.12,65.12
4,"2024-04-23 15:00:00+00:00",0,16,26.9535,65.12
4,"2024-04-23 15:30:00+00:00",0,16.5,28.2135,65.12
4,"2024-04-23 16:00:00+00:00",0,17,27.636,65.12
4,"2024-04-23 16:30:00+00:00",0,17.5,28.938,65.12
4,"2024-04-23 17:00:00+00:00",0,18,33.285,65.12
4,"2024-04-23 17:30:00+00:00",0,18.5,32.928,65.12
4,"2024-04-23 18:00:00+00:00",0,19,21.735,65.12
4,"2024-04-23 18:30:00+00:00",0,19.5,22.218,65.12
4,"2024-04-23 19:00:00+00:00",0,20,21.546,65.12
4,"2024-04-23 19:30:00+00:00",0,20.5,20.286,65.12
4,"2024-04-23 20:00:00+00:00",0,21,21.735,65.12
4,"2024-04-23 20:30:00+00:00",0,21.5,15.75,65.12
4,"2024-04-23 21:00:00+00:00",0,22,19.152,65.12
4,"2024-04-23 21:30:00+00:00",0,22.5,16.1595,65.12
4,"2024-04-23 22:00:00+00:00",0,23,15.288,65.12
4,"2024-04-23 22:30:00+00:00",0,23.5,15.2145,65.12
4,"2024-04-23 23:00:00+00:00",0,0,14.7105,65.12
4,"2024-04-23 23:30:00+00:00",0,0.5,14.2485,65.12
4,"2024-04-24 00:00:00+00:00",0,1,14.2485,65.12
4,"2024-04-24 00:30:00+00:00",0,1.5,14.49,65.12
4,"2024-04-24 01:00:00+00:00",0,2,14.2485,65.12
4,"2024-04-24 01:30:00+00:00",0,2.5,14.2485,65.12
4,"2024-04-24 02:00:00+00:00",0,3,15.2355,65.12
4,"2024-04-24 02:30:00+00:00",0,3.5,14.49,65.12
4,"2024-04-24 03:00:00+00:00",0,4,15.141,65.12
4,"2024-04-24 03:30:00+00:00",0,4.5,14.2485,65.12
4,"2024-04-24 04:00:00+00:00",0,5,16.9785,65.12
4,"2024-04-24 04:30:00+00:00",0,5.5,16.296,65.12
4,"2024-04-24 05:00:00+00:00",0,6,19.32,65.12
4,"2024-04-24 05:30:00+00:00",0,6.5,20.916,65.12
4,"2024-04-24 06:00:00+00:00",0,7,21.6405,65.12
4,"2024-04-24 06:30:00+00:00",0,7.5,24.0555,65.12
4,"2024-04-24 07:00:00+00:00",0,8,20.853,65.12
4,"2024-04-24 07:30:00+00:00",0,8.5,20.8635,65.12
4,"2024-04-24 08:00:00+00:00",0,9,17.6295,65.12
4,"2024-04-24 08:30:00+00:00",0,9.5,16.548,65.12
4,"2024-04-24 09:00:00+00:00",0,10,16.065,65.12
4,"2024-04-24 09:30:00+00:00",0,10.5,15.456,65.12
4,"2024-04-24 10:00:00+00:00",0,11,15.7185,65.12
4,"2024-04-24 10:30:00+00:00",0,11.5,15.8445,65.12
4,"2024-04-24 11:00:00+00:00",0,12,15.792,65.12
4,"2024-04-24 11:30:00+00:00",0,12.5,15.456,65.12
4,"2024-04-24 12:00:00+00:00",0,13,14.7105,65.12
4,"2024-04-24 12:30:00+00:00",0,13.5,15.057,65.12
4,"2024-04-24 13:00:00+00:00",0,14,15.2145,65.12
4,"2024-04-24 13:30:00+00:00",0,14.5,14.49,65.12
4,"2024-04-24 14:00:00+00:00",0,15,15.0675,65.12
4,"2024-04-24 14:30:00+00:00",0,15.5,15.456,65.12
4,"2024-04-24 15:00:00+00:00",0,16,28.455,65.12
4,"2024-04-24 15:30:00+00:00",0,16.5,27.993,65.12
4,"2024-04-24 16:00:00+00:00",0,17,29.6625,65.12
4,"2024-04-24 16:30:00+00:00",0,17.5,29.421,65.12
4,"2024-04-24 17:00:00+00:00",0,18,30.6285,65.12
4,"2024-04-24 17:30:00+00:00",0,18.5,31.7625,65.12
4,"2024-04-24 18:00:00+00:00",0,19,22.428,65.12
4,"2024-04-24 18:30:00+00:00",0,19.5,22.9425,65.12
4,"2024-04-24 19:00:00+00:00",0,20,22.68,65.12
4,"2024-04-24 19:30:00+00:00",0,20.5,22.407,65.12
4,"2024-04-24 20:00:00+00:00",0,21,23.0475,65.12
4,"2024-04-24 20:30:00+00:00",0,21.5,20.286,65.12
4,"2024-04-24 21:00:00+00:00",0,22,20.475,65.12
4,"2024-04-24 21:30:00+00:00",0,22.5,17.0415,65.12
4,"2024-04-24 22:00:00+00:00",0,23,19.32,65.12
4,"2024-04-24 22:30:00+00:00",0,23.5,16.905,65.12
4,"2024-04-24 23:00:00+00:00",0,0,16.611,65.12
4,"2024-04-24 23:30:00+00:00",0,0.5,15.939,65.12
4,"2024-04-25 00:00:00+00:00",0,1,15.4035,65.12
4,"2024-04-25 00:30:00+00:00",0,1.5,15.6975,65.12
4,"2024-04-25 01:00:00+00:00",0,2,15.4035,65.12
4,"2024-04-25 01:30:00+00:00",0,2.5,15.33,65.12
4,"2024-04-25 02:00:00+00:00",0,3,14.8995,65.12
4,"2024-04-25 02:30:00+00:00",0,3.5,14.133,65.12
4,"2024-04-25 03:00:00+00:00",0,4,15.4035,65.12
4,"2024-04-25 03:30:00+00:00",0,4.5,14.973,65.12
4,"2024-04-25 04:00:00+00:00",0,5,17.535,65.12
4,"2024-04-25 04:30:00+00:00",0,5.5,17.8185,65.12
4,"2024-04-25 05:00:00+00:00",0,6,21.4935,65.12
4,"2024-04-25 05:30:00+00:00",0,6.5,22.2915,65.12
4,"2024-04-25 06:00:00+00:00",0,7,21.735,65.12
4,"2024-04-25 06:30:00+00:00",0,7.5,25.3575,65.12
4,"2024-04-25 07:00:00+00:00",0,8,21.252,65.12
4,"2024-04-25 07:30:00+00:00",0,8.5,21.6405,65.12
4,"2024-04-25 08:00:00+00:00",0,9,18.1125,65.12
4,"2024-04-25 08:30:00+00:00",0,9.5,17.388,65.12
4,"2024-04-25 09:00:00+00:00",0,10,16.905,65.12
4,"2024-04-25 09:30:00+00:00",0,10.5,17.556,65.12
4,"2024-04-25 10:00:00+00:00",0,11,15.456,65.12
4,"2024-04-25 10:30:00+00:00",0,11.5,15.939,65.12
4,"2024-04-25 11:00:00+00:00",0,12,15.3825,65.12
4,"2024-04-25 11:30:00+00:00",0,12.5,15.4035,65.12
4,"2024-04-25 12:00:00+00:00",0,13,15.351,65.12
4,"2024-04-25 12:30:00+00:00",0,13.5,15.1935,65.12
4,"2024-04-25 13:00:00+00:00",0,14,15.4035,65.12
4,"2024-04-25 13:30:00+00:00",0,14.5,14.973,65.12
4,"2024-04-25 14:00:00+00:00",0,15,15.6975,65.12
4,"2024-04-25 14:30:00+00:00",0,15.5,16.107,65.12
4,"2024-04-25 15:00:00+00:00",0,16,28.0245,65.12
4,"2024-04-25 15:30:00+00:00",0,16.5,28.455,65.12
4,"2024-04-25 16:00:00+00:00",0,17,31.374,65.12
4,"2024-04-25 16:30:00+00:00",0,17.5,32.5605,65.12
4,"2024-04-25 17:00:00+00:00",0,18,35.217,65.12
4,"2024-04-25 17:30:00+00:00",0,18.5,34.4925,65.12
4,"2024-04-25 18:00:00+00:00",0,19,23.646,65.12
4,"2024-04-25 18:30:00+00:00",0,19.5,23.5725,65.12
4,"2024-04-25 19:00:00+00:00",0,20,23.793,65.12
4,"2024-04-25 19:30:00+00:00",0,20.5,23.31,65.12
4,"2024-04-25 20:00:00+00:00",0,21,21.252,65.12
4,"2024-04-25 20:30:00+00:00",0,21.5,17.997,65.12
4,"2024-04-25 21:00:00+00:00",0,22,19.614,65.12
4,"2024-04-25 21:30:00+00:00",0,22.5,14.49,65.12
4,"2024-04-25 22:00:00+00:00",0,23,16.065,65.12
4,"2024-04-25 22:30:00+00:00",0,23.5,15.624,65.12
4,"2024-04-25 23:00:00+00:00",0,0,15.2145,65.12
4,"2024-04-25 23:30:00+00:00",0,0.5,15.435,65.12
4,"2024-04-26 00:00:00+00:00",0,1,15.2145,65.12
4,"2024-04-26 00:30:00+00:00",0,1.5,15.456,65.12
4,"2024-04-26 01:00:00+00:00",0,2,15.435,65.12
4,"2024-04-26 01:30:00+00:00",0,2.5,15.435,65.12
4,"2024-04-26 02:00:00+00:00",0,3,15.3825,65.12
4,"2024-04-26 02:30:00+00:00",0,3.5,15.2145,65.12
4,"2024-04-26 03:00:00+00:00",0,4,15.6975,65.12
4,"2024-04-26 03:30:00+00:00",0,4.5,15.2145,65.12
4,"2024-04-26 04:00:00+00:00",0,5,17.9235,65.12
4,"2024-04-26 04:30:00+00:00",0,5.5,16.6635,65.12
4,"2024-04-26 05:00:00+00:00",0,6,19.593,65.12
4,"2024-04-26 05:30:00+00:00",0,6.5,23.667,65.12
4,"2024-04-26 06:00:00+00:00",0,7,19.32,65.12
4,"2024-04-26 06:30:00+00:00",0,7.5,22.827,65.12
4,"2024-04-26 07:00:00+00:00",0,8,23.499,65.12
4,"2024-04-26 07:30:00+00:00",0,8.5,22.9425,65.12
4,"2024-04-26 08:00:00+00:00",0,9,22.6065,65.12
4,"2024-04-26 08:30:00+00:00",0,9.5,20.769,65.12
4,"2024-04-26 09:00:00+00:00",0,10,19.2675,65.12
4,"2024-04-26 09:30:00+00:00",0,10.5,18.333,65.12
4,"2024-04-26 10:00:00+00:00",0,11,17.262,65.12
4,"2024-04-26 10:30:00+00:00",0,11.5,17.3145,65.12
4,"2024-04-26 11:00:00+00:00",0,12,17.388,65.12
4,"2024-04-26 11:30:00+00:00",0,12.5,16.905,65.12
4,"2024-04-26 12:00:00+00:00",0,13,16.17,65.12
4,"2024-04-26 12:30:00+00:00",0,13.5,16.0335,65.12
4,"2024-04-26 13:00:00+00:00",0,14,15.456,65.12
4,"2024-04-26 13:30:00+00:00",0,14.5,15.2145,65.12
4,"2024-04-26 14:00:00+00:00",0,15,15.288,65.12
4,"2024-04-26 14:30:00+00:00",0,15.5,16.065,65.12
4,"2024-04-26 15:00:00+00:00",0,16,28.455,65.12
4,"2024-04-26 15:30:00+00:00",0,16.5,29.904,65.12
4,"2024-04-26 16:00:00+00:00",0,17,31.3005,65.12
4,"2024-04-26 16:30:00+00:00",0,17.5,32.5395,65.12
4,"2024-04-26 17:00:00+00:00",0,18,35.4795,65.12
4,"2024-04-26 17:30:00+00:00",0,18.5,35.4795,65.12
4,"2024-04-26 18:00:00+00:00",0,19,24.15,65.12
4,"2024-04-26 18:30:00+00:00",0,19.5,23.814,65.12
4,"2024-04-26 19:00:00+00:00",0,20,22.68,65.12
4,"2024-04-26 19:30:00+00:00",0,20.5,21.4935,65.12
4,"2024-04-26 20:00:00+00:00",0,21,22.701,65.12
4,"2024-04-26 20:30:00+00:00",0,21.5,18.837,65.12
4,"2024-04-26 21:00:00+00:00",0,22,16.6635,65.12
4,"2024-04-26 21:30:00+00:00",0,22.5,16.2015,65.12
4,"2024-04-26 22:00:00+00:00",0,23,18.1125,65.12
4,"2024-04-26 22:30:00+00:00",0,23.5,19.257,65.12
4,"2024-04-26 23:00:00+00:00",0,0,19.32,65.12
4,"2024-04-26 23:30:00+00:00",0,0.5,17.598,65.12
4,"2024-04-27 00:00:00+00:00",1,1,17.871,65.12
4,"2024-04-27 00:30:00+00:00",1,1.5,19.152,65.12
4,"2024-04-27 01:00:00+00:00",1,2,19.194,65.12
4,"2024-04-27 01:30:00+00:00",1,2.5,16.6635,65.12
4,"2024-04-27 02:00:00+00:00",1,3,18.1125,65.12
4,"2024-04-27 02:30:00+00:00",1,3.5,16.422,65.12
4,"2024-04-27 03:00:00+00:00",1,4,16.6635,65.12
4,"2024-04-27 03:30:00+00:00",1,4.5,16.275,65.12
4,"2024-04-27 04:00:00+00:00",1,5,15.3825,65.12
4,"2024-04-27 04:30:00+00:00",1,5.5,15.078,65.12
4,"2024-04-27 05:00:00+00:00",1,6,15.939,65.12
4,"2024-04-27 05:30:00+00:00",1,6.5,17.535,65.12
4,"2024-04-27 06:00:00+00:00",1,7,16.8105,65.12
4,"2024-04-27 06:30:00+00:00",1,7.5,19.194,65.12
4,"2024-04-27 07:00:00+00:00",1,8,18.354,65.12
4,"2024-04-27 07:30:00+00:00",1,8.5,18.354,65.12
4,"2024-04-27 08:00:00+00:00",1,9,19.8975,65.12
4,"2024-04-27 08:30:00+00:00",1,9.5,21.0105,65.12
4,"2024-04-27 09:00:00+00:00",1,10,19.7085,65.12
4,"2024-04-27 09:30:00+00:00",1,10.5,20.8635,65.12
4,"2024-04-27 10:00:00+00:00",1,11,19.32,65.12
4,"2024-04-27 10:30:00+00:00",1,11.5,18.837,65.12
4,"2024-04-27 11:00:00+00:00",1,12,19.173,65.12
4,"2024-04-27 11:30:00+00:00",1,12.5,19.299,65.12
4,"2024-04-27 12:00:00+00:00",1,13,18.354,65.12
4,"2024-04-27 12:30:00+00:00",1,13.5,16.527,65.12
4,"2024-04-27 13:00:00+00:00",1,14,15.3825,65.12
4,"2024-04-27 13:30:00+00:00",1,14.5,14.49,65.12
4,"2024-04-27 14:00:00+00:00",1,15,14.49,65.12
4,"2024-04-27 14:30:00+00:00",1,15.5,15.3825,65.12
4,"2024-04-27 15:00:00+00:00",1,16,26.9325,65.12
4,"2024-04-27 15:30:00+00:00",1,16.5,30.3345,65.12
4,"2024-04-27 16:00:00+00:00",1,17,30.6285,65.12
4,"2024-04-27 16:30:00+00:00",1,17.5,32.802,65.12
4,"2024-04-27 17:00:00+00:00",1,18,34.545,65.12
4,"2024-04-27 17:30:00+00:00",1,18.5,33.474,65.12
4,"2024-04-27 18:00:00+00:00",1,19,21.4935,65.12
4,"2024-04-27 18:30:00+00:00",1,19.5,20.748,65.12
4,"2024-04-27 19:00:00+00:00",1,20,18.354,65.12
4,"2024-04-27 19:30:00+00:00",1,20.5,17.388,65.12
4,"2024-04-27 20:00:00+00:00",1,21,17.388,65.12
4,"2024-04-27 20:30:00+00:00",1,21.5,16.4745,65.12
4,"2024-04-27 21:00:00+00:00",1,22,19.32,65.12
4,"2024-04-27 21:30:00+00:00",1,22.5,18.1125,65.12
4,"2024-04-27 22:00:00+00:00",1,23,21.126,65.12
4,"2024-04-27 22:30:00+00:00",1,23.5,19.005,65.12
4,"2024-04-27 23:00:00+00:00",1,0,18.9315,65.12
4,"2024-04-27 23:30:00+00:00",1,0.5,19.32,65.12
4,"2024-04-28 00:00:00+00:00",1,1,18.228,65.12
4,"2024-04-28 00:30:00+00:00",1,1.5,18.354,65.12
4,"2024-04-28 01:00:00+00:00",1,2,17.514,65.12
4,"2024-04-28 01:30:00+00:00",1,2.5,15.0675,65.12
4,"2024-04-28 02:00:00+00:00",1,3,14.847,65.12
4,"2024-04-28 02:30:00+00:00",1,3.5,12.684,65.12
4,"2024-04-28 03:00:00+00:00",1,4,12.5055,65.12
4,"2024-04-28 03:30:00+00:00",1,4.5,11.592,65.12
4,"2024-04-28 04:00:00+00:00",1,5,12.9885,65.12
4,"2024-04-28 04:30:00+00:00",1,5.5,13.041,65.12
4,"2024-04-28 05:00:00+00:00",1,6,12.558,65.12
4,"2024-04-28 05:30:00+00:00",1,6.5,14.007,65.12
4,"2024-04-28 06:00:00+00:00",1,7,13.713,65.12
4,"2024-04-28 06:30:00+00:00",1,7.5,15.6975,65.12
4,"2024-04-28 07:00:00+00:00",1,8,15.6975,65.12
4,"2024-04-28 07:30:00+00:00",1,8.5,18.837,65.12
4,"2024-04-28 08:00:00+00:00",1,9,19.32,65.12
4,"2024-04-28 08:30:00+00:00",1,9.5,20.475,65.12
4,"2024-04-28 09:00:00+00:00",1,10,20.286,65.12
4,"2024-04-28 09:30:00+00:00",1,10.5,20.097,65.12
4,"2024-04-28 10:00:00+00:00",1,11,20.0445,65.12
4,"2024-04-28 10:30:00+00:00",1,11.5,21.0105,65.12
4,"2024-04-28 11:00:00+00:00",1,12,20.5275,65.12
4,"2024-04-28 11:30:00+00:00",1,12.5,19.803,65.12
4,"2024-04-28 12:00:00+00:00",1,13,17.7765,65.12
4,"2024-04-28 12:30:00+00:00",1,13.5,16.233,65.12
4,"2024-04-28 13:00:00+00:00",1,14,13.2825,65.12
4,"2024-04-28 13:30:00+00:00",1,14.5,11.9805,65.12
4,"2024-04-28 14:00:00+00:00",1,15,12.747,65.12
4,"2024-04-28 14:30:00+00:00",1,15.5,14.7315,65.12
4,"2024-04-28 15:00:00+00:00",1,16,26.397,65.12
4,"2024-04-28 15:30:00+00:00",1,16.5,28.8435,65.12
4,"2024-04-28 16:00:00+00:00",1,17,29.568,65.12
4,"2024-04-28 16:30:00+00:00",1,17.5,31.1115,65.12
4,"2024-04-28 17:00:00+00:00",1,18,31.1115,65.12
4,"2024-04-28 17:30:00+00:00",1,18.5,31.1115,65.12
4,"2024-04-28 18:00:00+00:00",1,19,22.092,65.12
4,"2024-04-28 18:30:00+00:00",1,19.5,20.1915,65.12
4,"2024-04-28 19:00:00+00:00",1,20,19.824,65.12
4,"2024-04-28 19:30:00+00:00",1,20.5,18.354,65.12
4,"2024-04-28 20:00:00+00:00",1,21,19.32,65.12
4,"2024-04-28 20:30:00+00:00",1,21.5,17.7975,65.12
4,"2024-04-28 21:00:00+00:00",1,22,17.703,65.12
4,"2024-04-28 21:30:00+00:00",1,22.5,13.0935,65.12
4,"2024-04-28 22:00:00+00:00",1,23,14.49,65.12
4,"2024-04-28 22:30:00+00:00",1,23.5,12.558,65.12
4,"2024-04-28 23:00:00+00:00",1,0,12.1695,65.12
4,"2024-04-28 23:30:00+00:00",1,0.5,12.6525,65.12
4,"2024-04-29 00:00:00+00:00",0,1,13.356,65.12
4,"2024-04-29 00:30:00+00:00",0,1.5,13.524,65.12
4,"2024-04-29 01:00:00+00:00",0,2,14.49,65.12
4,"2024-04-29 01:30:00+00:00",0,2.5,14.49,65.12
4,"2024-04-29 02:00:00+00:00",0,3,14.49,65.12
4,"2024-04-29 02:30:00+00:00",0,3.5,14.49,65.12
4,"2024-04-29 03:00:00+00:00",0,4,15.288,65.12
4,"2024-04-29 03:30:00+00:00",0,4.5,15.0255,65.12
4,"2024-04-29 04:00:00+00:00",0,5,15.96,65.12
4,"2024-04-29 04:30:00+00:00",0,5.5,16.905,65.12
4,"2024-04-29 05:00:00+00:00",0,6,19.32,65.12
4,"2024-04-29 05:30:00+00:00",0,6.5,21.6405,65.12
4,"2024-04-29 06:00:00+00:00",0,7,19.4985,65.12
4,"2024-04-29 06:30:00+00:00",0,7.5,22.029,65.12
4,"2024-04-29 07:00:00+00:00",0,8,17.997,65.12
4,"2024-04-29 07:30:00+00:00",0,8.5,18.039,65.12
4,"2024-04-29 08:00:00+00:00",0,9,16.107,65.12
4,"2024-04-29 08:30:00+00:00",0,9.5,15.792,65.12
4,"2024-04-29 09:00:00+00:00",0,10,15.0255,65.12
4,"2024-04-29 09:30:00+00:00",0,10.5,14.49,65.12
4,"2024-04-29 10:00:00+00:00",0,11,13.524,65.12
4,"2024-04-29 10:30:00+00:00",0,11.5,12.7995,65.12
4,"2024-04-29 11:00:00+00:00",0,12,12.432,65.12
4,"2024-04-29 11:30:00+00:00",0,12.5,11.949,65.12
4,"2024-04-29 12:00:00+00:00",0,13,11.8545,65.12
4,"2024-04-29 12:30:00+00:00",0,13.5,10.437,65.12
4,"2024-04-29 13:00:00+00:00",0,14,10.8675,65.12
4,"2024-04-29 13:30:00+00:00",0,14.5,9.807,65.12
4,"2024-04-29 14:00:00+00:00",0,15,9.66,65.12
4,"2024-04-29 14:30:00+00:00",0,15.5,10.8675,65.12
4,"2024-04-29 15:00:00+00:00",0,16,26.04,65.12
4,"2024-04-29 15:30:00+00:00",0,16.5,27.2475,65.12
4,"2024-04-29 16:00:00+00:00",0,17,29.421,65.12
4,"2024-04-29 16:30:00+00:00",0,17.5,30.576,65.12
4,"2024-04-29 17:00:00+00:00",0,18,33.285,65.12
4,"2024-04-29 17:30:00+00:00",0,18.5,33.957,65.12
4,"2024-04-29 18:00:00+00:00",0,19,23.184,65.12
4,"2024-04-29 18:30:00+00:00",0,19.5,22.4595,65.12
4,"2024-04-29 19:00:00+00:00",0,20,20.8215,65.12
4,"2024-04-29 19:30:00+00:00",0,20.5,20.769,65.12
4,"2024-04-29 20:00:00+00:00",0,21,19.635,65.12
4,"2024-04-29 20:30:00+00:00",0,21.5,15.3825,65.12
4,"2024-04-29 21:00:00+00:00",0,22,17.871,65.12
4,"2024-04-29 21:30:00+00:00",0,22.5,15.2145,65.12
4,"2024-04-29 22:00:00+00:00",0,23,15.2355,65.12
4,"2024-04-29 22:30:00+00:00",0,23.5,15.0465,65.12
4,"2024-04-29 23:00:00+00:00",0,0,13.65,65.12
4,"2024-04-29 23:30:00+00:00",0,0.5,13.65,65.12
4,"2024-04-30 00:00:00+00:00",0,1,13.818,65.12
4,"2024-04-30 00:30:00+00:00",0,1.5,14.5635,65.12
4,"2024-04-30 01:00:00+00:00",0,2,14.49,65.12
4,"2024-04-30 01:30:00+00:00",0,2.5,13.839,65.12
4,"2024-04-30 02:00:00+00:00",0,3,11.8335,65.12
4,"2024-04-30 02:30:00+00:00",0,3.5,11.592,65.12
4,"2024-04-30 03:00:00+00:00",0,4,14.49,65.12
4,"2024-04-30 03:30:00+00:00",0,4.5,14.0175,65.12
4,"2024-04-30 04:00:00+00:00",0,5,15.456,65.12
4,"2024-04-30 04:30:00+00:00",0,5.5,17.9445,65.12
4,"2024-04-30 05:00:00+00:00",0,6,18.1125,65.12
4,"2024-04-30 05:30:00+00:00",0,6.5,23.4255,65.12
4,"2024-04-30 06:00:00+00:00",0,7,19.929,65.12
4,"2024-04-30 06:30:00+00:00",0,7.5,22.491,65.12
4,"2024-04-30 07:00:00+00:00",0,8,20.8635,65.12
4,"2024-04-30 07:30:00+00:00",0,8.5,20.097,65.12
4,"2024-04-30 08:00:00+00:00",0,9,15.813,65.12
4,"2024-04-30 08:30:00+00:00",0,9.5,14.5845,65.12
4,"2024-04-30 09:00:00+00:00",0,10,12.852,65.12
4,"2024-04-30 09:30:00+00:00",0,10.5,9.8385,65.12
4,"2024-04-30 10:00:00+00:00",0,11,11.592,65.12
4,"2024-04-30 10:30:00+00:00",0,11.5,13.2825,65.12
4,"2024-04-30 11:00:00+00:00",0,12,11.8335,65.12
4,"2024-04-30 11:30:00+00:00",0,12.5,10.626,65.12
4,"2024-04-30 12:00:00+00:00",0,13,10.3845,65.12
4,"2024-04-30 12:30:00+00:00",0,13.5,9.2715,65.12
4,"2024-04-30 13:00:00+00:00",0,14,9.2505,65.12
4,"2024-04-30 13:30:00+00:00",0,14.5,9.66,65.12
4,"2024-04-30 14:00:00+00:00",0,15,10.8675,65.12
4,"2024-04-30 14:30:00+00:00",0,15.5,12.6315,65.12
4,"2024-04-30 15:00:00+00:00",0,16,25.074,65.12
4,"2024-04-30 15:30:00+00:00",0,16.5,26.502,65.12
4,"2024-04-30 16:00:00+00:00",0,17,27.2475,65.12
4,"2024-04-30 16:30:00+00:00",0,17.5,28.098,65.12
4,"2024-04-30 17:00:00+00:00",0,18,28.938,65.12
4,"2024-04-30 17:30:00+00:00",0,18.5,29.3895,65.12
4,"2024-04-30 18:00:00+00:00",0,19,20.2125,65.12
4,"2024-04-30 18:30:00+00:00",0,19.5,20.5275,65.12
4,"2024-04-30 19:00:00+00:00",0,20,20.5275,65.12
4,"2024-04-30 19:30:00+00:00",0,20.5,20.433,65.12
4,"2024-04-30 20:00:00+00:00",0,21,19.32,65.12
4,"2024-04-30 20:30:00+00:00",0,21.5,17.6295,65.12
4,"2024-04-30 21:00:00+00:00",0,22,17.745,65.12
4,"2024-04-30 21:30:00+00:00",0,22.5,15.2355,65.12
4,"2024-04-30 22:00:00+00:00",0,23,15.2145,65.12
4,"2024-04-30 22:30:00+00:00",0,23.5,14.973,65.12
4,"2024-04-30 23:00:00+00:00",0,0,13.818,65.12
4,"2024-04-30 23:30:00+00:00",0,0.5,13.7655,65.12
5,"2024-05-01 00:00:00+00:00",0,1,14.0595,65.12
5,"2024-05-01 00:30:00+00:00",0,1.5,14.8995,65.12
5,"2024-05-01 01:00:00+00:00",0,2,14.5425,65.12
5,"2024-05-01 01:30:00+00:00",0,2.5,14.5635,65.12
5,"2024-05-01 02:00:00+00:00",0,3,13.524,65.12
5,"2024-05-01 02:30:00+00:00",0,3.5,13.692,65.12
5,"2024-05-01 03:00:00+00:00",0,4,14.1015,65.12
5,"2024-05-01 03:30:00+00:00",0,4.5,14.4375,65.12
5,"2024-05-01 04:00:00+00:00",0,5,14.805,65.12
5,"2024-05-01 04:30:00+00:00",0,5.5,16.548,65.12
5,"2024-05-01 05:00:00+00:00",0,6,18.165,65.12
5,"2024-05-01 05:30:00+00:00",0,6.5,18.1335,65.12
5,"2024-05-01 06:00:00+00:00",0,7,16.905,65.12
5,"2024-05-01 06:30:00+00:00",0,7.5,20.5275,65.12
5,"2024-05-01 07:00:00+00:00",0,8,20.286,65.12
5,"2024-05-01 07:30:00+00:00",0,8.5,18.921,65.12
5,"2024-05-01 08:00:00+00:00",0,9,19.7295,65.12
5,"2024-05-01 08:30:00+00:00",0,9.5,19.32,65.12
5,"2024-05-01 09:00:00+00:00",0,10,20.0445,65.12
5,"2024-05-01 09:30:00+00:00",0,10.5,20.286,65.12
5,"2024-05-01 10:00:00+00:00",0,11,19.32,65.12
5,"2024-05-01 10:30:00+00:00",0,11.5,17.85,65.12
5,"2024-05-01 11:00:00+00:00",0,12,17.7765,65.12
5,"2024-05-01 11:30:00+00:00",0,12.5,16.6635,65.12
5,"2024-05-01 12:00:00+00:00",0,13,16.4955,65.12
5,"2024-05-01 12:30:00+00:00",0,13.5,15.8445,65.12
5,"2024-05-01 13:00:00+00:00",0,14,15.6975,65.12
5,"2024-05-01 13:30:00+00:00",0,14.5,14.973,65.12
5,"2024-05-01 14:00:00+00:00",0,15,14.973,65.12
5,"2024-05-01 14:30:00+00:00",0,15.5,15.6975,65.12
5,"2024-05-01 15:00:00+00:00",0,16,26.7645,65.12
5,"2024-05-01 15:30:00+00:00",0,16.5,29.6625,65.12
5,"2024-05-01 16:00:00+00:00",0,17,29.757,65.12
5,"2024-05-01 16:30:00+00:00",0,17.5,31.5735,65.12
5,"2024-05-01 17:00:00+00:00",0,18,32.0775,65.12
5,"2024-05-01 17:30:00+00:00",0,18.5,30.4815,65.12
5,"2024-05-01 18:00:00+00:00",0,19,20.517,65.12
5,"2024-05-01 18:30:00+00:00",0,19.5,20.475,65.12
5,"2024-05-01 19:00:00+00:00",0,20,19.32,65.12
5,"2024-05-01 19:30:00+00:00",0,20.5,18.4275,65.12
5,"2024-05-01 20:00:00+00:00",0,21,16.9995,65.12
5,"2024-05-01 20:30:00+00:00",0,21.5,16.7685,65.12
5,"2024-05-01 21:00:00+00:00",0,22,16.422,65.12
5,"2024-05-01 21:30:00+00:00",0,22.5,9.9015,65.12
5,"2024-05-01 22:00:00+00:00",0,23,17.7765,65.12
5,"2024-05-01 22:30:00+00:00",0,23.5,16.905,65.12
5,"2024-05-01 23:00:00+00:00",0,0,14.322,65.12
5,"2024-05-01 23:30:00+00:00",0,0.5,13.839,65.12
5,"2024-05-02 00:00:00+00:00",0,1,13.524,65.12
5,"2024-05-02 00:30:00+00:00",0,1.5,13.524,65.12
5,"2024-05-02 01:00:00+00:00",0,2,11.592,65.12
5,"2024-05-02 01:30:00+00:00",0,2.5,11.1825,65.12
5,"2024-05-02 02:00:00+00:00",0,3,10.626,65.12
5,"2024-05-02 02:30:00+00:00",0,3.5,10.437,65.12
5,"2024-05-02 03:00:00+00:00",0,4,11.109,65.12
5,"2024-05-02 03:30:00+00:00",0,4.5,11.109,65.12
5,"2024-05-02 04:00:00+00:00",0,5,12.4845,65.12
5,"2024-05-02 04:30:00+00:00",0,5.5,13.7445,65.12
5,"2024-05-02 05:00:00+00:00",0,6,13.839,65.12
5,"2024-05-02 05:30:00+00:00",0,6.5,18.543,65.12
5,"2024-05-02 06:00:00+00:00",0,7,18.543,65.12
5,"2024-05-02 06:30:00+00:00",0,7.5,21.063,65.12
5,"2024-05-02 07:00:00+00:00",0,8,20.475,65.12
5,"2024-05-02 07:30:00+00:00",0,8.5,19.32,65.12
5,"2024-05-02 08:00:00+00:00",0,9,20.286,65.12
5,"2024-05-02 08:30:00+00:00",0,9.5,18.543,65.12
5,"2024-05-02 09:00:00+00:00",0,10,16.422,65.12
5,"2024-05-02 09:30:00+00:00",0,10.5,17.1465,65.12
5,"2024-05-02 10:00:00+00:00",0,11,16.254,65.12
5,"2024-05-02 10:30:00+00:00",0,11.5,15.456,65.12
5,"2024-05-02 11:00:00+00:00",0,12,13.839,65.12
5,"2024-05-02 11:30:00+00:00",0,12.5,13.839,65.12
5,"2024-05-02 12:00:00+00:00",0,13,11.8335,65.12
5,"2024-05-02 12:30:00+00:00",0,13.5,10.8675,65.12
5,"2024-05-02 13:00:00+00:00",0,14,9.4185,65.12
5,"2024-05-02 13:30:00+00:00",0,14.5,9.3975,65.12
5,"2024-05-02 14:00:00+00:00",0,15,9.4185,65.12
5,"2024-05-02 14:30:00+00:00",0,15.5,10.626,65.12
5,"2024-05-02 15:00:00+00:00",0,16,24.108,65.12
5,"2024-05-02 15:30:00+00:00",0,16.5,25.389,65.12
5,"2024-05-02 16:00:00+00:00",0,17,28.812,65.12
5,"2024-05-02 16:30:00+00:00",0,17.5,28.455,65.12
5,"2024-05-02 17:00:00+00:00",0,18,30.3135,65.12
5,"2024-05-02 17:30:00+00:00",0,18.5,29.1585,65.12
5,"2024-05-02 18:00:00+00:00",0,19,19.299,65.12
5,"2024-05-02 18:30:00+00:00",0,19.5,19.299,65.12
5,"2024-05-02 19:00:00+00:00",0,20,18.9105,65.12
5,"2024-05-02 19:30:00+00:00",0,20.5,18.816,65.12
5,"2024-05-02 20:00:00+00:00",0,21,20.475,65.12
5,"2024-05-02 20:30:00+00:00",0,21.5,17.052,65.12
5,"2024-05-02 21:00:00+00:00",0,22,16.401,65.12
5,"2024-05-02 21:30:00+00:00",0,22.5,15.3405,65.12
5,"2024-05-02 22:00:00+00:00",0,23,18.1125,65.12
5,"2024-05-02 22:30:00+00:00",0,23.5,19.5825,65.12
5,"2024-05-02 23:00:00+00:00",0,0,17.9235,65.12
5,"2024-05-02 23:30:00+00:00",0,0.5,15.939,65.12
5,"2024-05-03 00:00:00+00:00",0,1,15.0255,65.12
5,"2024-05-03 00:30:00+00:00",0,1.5,15.6975,65.12
5,"2024-05-03 01:00:00+00:00",0,2,15.939,65.12
5,"2024-05-03 01:30:00+00:00",0,2.5,15.2145,65.12
5,"2024-05-03 02:00:00+00:00",0,3,14.994,65.12
5,"2024-05-03 02:30:00+00:00",0,3.5,15.456,65.12
5,"2024-05-03 03:00:00+00:00",0,4,15.6975,65.12
5,"2024-05-03 03:30:00+00:00",0,4.5,14.9205,65.12
5,"2024-05-03 04:00:00+00:00",0,5,14.9205,65.12
5,"2024-05-03 04:30:00+00:00",0,5.5,14.9205,65.12
5,"2024-05-03 05:00:00+00:00",0,6,16.884,65.12
5,"2024-05-03 05:30:00+00:00",0,6.5,16.6635,65.12
5,"2024-05-03 06:00:00+00:00",0,7,15.7185,65.12
5,"2024-05-03 06:30:00+00:00",0,7.5,20.769,65.12
5,"2024-05-03 07:00:00+00:00",0,8,21.4935,65.12
5,"2024-05-03 07:30:00+00:00",0,8.5,20.643,65.12
5,"2024-05-03 08:00:00+00:00",0,9,21.735,65.12
5,"2024-05-03 08:30:00+00:00",0,9.5,19.2465,65.12
5,"2024-05-03 09:00:00+00:00",0,10,21.6405,65.12
5,"2024-05-03 09:30:00+00:00",0,10.5,20.895,65.12
5,"2024-05-03 10:00:00+00:00",0,11,19.7085,65.12
5,"2024-05-03 10:30:00+00:00",0,11.5,18.522,65.12
5,"2024-05-03 11:00:00+00:00",0,12,19.32,65.12
5,"2024-05-03 11:30:00+00:00",0,12.5,18.7635,65.12
5,"2024-05-03 12:00:00+00:00",0,13,16.3275,65.12
5,"2024-05-03 12:30:00+00:00",0,13.5,15.645,65.12
5,"2024-05-03 13:00:00+00:00",0,14,15.141,65.12
5,"2024-05-03 13:30:00+00:00",0,14.5,15.141,65.12
5,"2024-05-03 14:00:00+00:00",0,15,15.0675,65.12
5,"2024-05-03 14:30:00+00:00",0,15.5,15.645,65.12
5,"2024-05-03 15:00:00+00:00",0,16,27.006,65.12
5,"2024-05-03 15:30:00+00:00",0,16.5,28.938,65.12
5,"2024-05-03 16:00:00+00:00",0,17,30.198,65.12
5,"2024-05-03 16:30:00+00:00",0,17.5,30.555,65.12
5,"2024-05-03 17:00:00+00:00",0,18,32.0775,65.12
5,"2024-05-03 17:30:00+00:00",0,18.5,31.7835,65.12
5,"2024-05-03 18:00:00+00:00",0,19,21.735,65.12
5,"2024-05-03 18:30:00+00:00",0,19.5,20.412,65.12
5,"2024-05-03 19:00:00+00:00",0,20,21.735,65.12
5,"2024-05-03 19:30:00+00:00",0,20.5,19.929,65.12
5,"2024-05-03 20:00:00+00:00",0,21,18.354,65.12
5,"2024-05-03 20:30:00+00:00",0,21.5,17.7765,65.12
5,"2024-05-03 21:00:00+00:00",0,22,19.32,65.12
5,"2024-05-03 21:30:00+00:00",0,22.5,15.141,65.12
5,"2024-05-03 22:00:00+00:00",0,23,16.422,65.12
5,"2024-05-03 22:30:00+00:00",0,23.5,18.1125,65.12
5,"2024-05-03 23:00:00+00:00",0,0,15.2145,65.12
5,"2024-05-03 23:30:00+00:00",0,0.5,15.099,65.12
5,"2024-05-04 00:00:00+00:00",1,1,15.645,65.12
5,"2024-05-04 00:30:00+00:00",1,1.5,15.582,65.12
5,"2024-05-04 01:00:00+00:00",1,2,15.477,65.12
5,"2024-05-04 01:30:00+00:00",1,2.5,15.624,65.12
5,"2024-05-04 02:00:00+00:00",1,3,15.2145,65.12
5,"2024-05-04 02:30:00+00:00",1,3.5,15.477,65.12
5,"2024-05-04 03:00:00+00:00",1,4,15.477,65.12
5,"2024-05-04 03:30:00+00:00",1,4.5,15.5085,65.12
5,"2024-05-04 04:00:00+00:00",1,5,14.994,65.12
5,"2024-05-04 04:30:00+00:00",1,5.5,16.107,65.12
5,"2024-05-04 05:00:00+00:00",1,6,16.3275,65.12
5,"2024-05-04 05:30:00+00:00",1,6.5,16.9995,65.12
5,"2024-05-04 06:00:00+00:00",1,7,16.422,65.12
5,"2024-05-04 06:30:00+00:00",1,7.5,16.443,65.12
5,"2024-05-04 07:00:00+00:00",1,8,15.2355,65.12
5,"2024-05-04 07:30:00+00:00",1,8.5,15.96,65.12
5,"2024-05-04 08:00:00+00:00",1,9,20.0655,65.12
5,"2024-05-04 08:30:00+00:00",1,9.5,18.5745,65.12
5,"2024-05-04 09:00:00+00:00",1,10,20.16,65.12
5,"2024-05-04 09:30:00+00:00",1,10.5,16.548,65.12
5,"2024-05-04 10:00:00+00:00",1,11,18.48,65.12
5,"2024-05-04 10:30:00+00:00",1,11.5,17.997,65.12
5,"2024-05-04 11:00:00+00:00",1,12,15.9915,65.12
5,"2024-05-04 11:30:00+00:00",1,12.5,16.0335,65.12
5,"2024-05-04 12:00:00+00:00",1,13,15.2145,65.12
5,"2024-05-04 12:30:00+00:00",1,13.5,15.099,65.12
5,"2024-05-04 13:00:00+00:00",1,14,15.3825,65.12
5,"2024-05-04 13:30:00+00:00",1,14.5,15.2355,65.12
5,"2024-05-04 14:00:00+00:00",1,15,15.2355,65.12
5,"2024-05-04 14:30:00+00:00",1,15.5,15.2145,65.12
5,"2024-05-04 15:00:00+00:00",1,16,26.985,65.12
5,"2024-05-04 15:30:00+00:00",1,16.5,26.7645,65.12
5,"2024-05-04 16:00:00+00:00",1,17,29.8095,65.12
5,"2024-05-04 16:30:00+00:00",1,17.5,32.802,65.12
5,"2024-05-04 17:00:00+00:00",1,18,34.272,65.12
5,"2024-05-04 17:30:00+00:00",1,18.5,34.9755,65.12
5,"2024-05-04 18:00:00+00:00",1,19,23.9085,65.12
5,"2024-05-04 18:30:00+00:00",1,19.5,23.7405,65.12
5,"2024-05-04 19:00:00+00:00",1,20,21.714,65.12
5,"2024-05-04 19:30:00+00:00",1,20.5,21.063,65.12
5,"2024-05-04 20:00:00+00:00",1,21,22.029,65.12
5,"2024-05-04 20:30:00+00:00",1,21.5,18.2805,65.12
5,"2024-05-04 21:00:00+00:00",1,22,16.59,65.12
5,"2024-05-04 21:30:00+00:00",1,22.5,15.8445,65.12
5,"2024-05-04 22:00:00+00:00",1,23,22.407,65.12
5,"2024-05-04 22:30:00+00:00",1,23.5,19.803,65.12
5,"2024-05-04 23:00:00+00:00",1,0,19.5615,65.12
5,"2024-05-04 23:30:00+00:00",1,0.5,19.488,65.12
5,"2024-05-05 00:00:00+00:00",1,1,18.354,65.12
5,"2024-05-05 00:30:00+00:00",1,1.5,18.354,65.12
5,"2024-05-05 01:00:00+00:00",1,2,18.354,65.12
5,"2024-05-05 01:30:00+00:00",1,2.5,17.682,65.12
5,"2024-05-05 02:00:00+00:00",1,3,17.388,65.12
5,"2024-05-05 02:30:00+00:00",1,3.5,16.233,65.12
5,"2024-05-05 03:00:00+00:00",1,4,17.577,65.12
5,"2024-05-05 03:30:00+00:00",1,4.5,17.094,65.12
5,"2024-05-05 04:00:00+00:00",1,5,15.477,65.12
5,"2024-05-05 04:30:00+00:00",1,5.5,15.582,65.12
5,"2024-05-05 05:00:00+00:00",1,6,15.5295,65.12
5,"2024-05-05 05:30:00+00:00",1,6.5,15.5295,65.12
5,"2024-05-05 06:00:00+00:00",1,7,15.9915,65.12
5,"2024-05-05 06:30:00+00:00",1,7.5,16.9995,65.12
5,"2024-05-05 07:00:00+00:00",1,8,15.456,65.12
5,"2024-05-05 07:30:00+00:00",1,8.5,17.1465,65.12
5,"2024-05-05 08:00:00+00:00",1,9,18.711,65.12
5,"2024-05-05 08:30:00+00:00",1,9.5,19.0785,65.12
5,"2024-05-05 09:00:00+00:00",1,10,18.5745,65.12
5,"2024-05-05 09:30:00+00:00",1,10.5,18.963,65.12
5,"2024-05-05 10:00:00+00:00",1,11,18.165,65.12
5,"2024-05-05 10:30:00+00:00",1,11.5,17.871,65.12
5,"2024-05-05 11:00:00+00:00",1,12,18.711,65.12
5,"2024-05-05 11:30:00+00:00",1,12.5,18.7845,65.12
5,"2024-05-05 12:00:00+00:00",1,13,20.0445,65.12
5,"2024-05-05 12:30:00+00:00",1,13.5,17.031,65.12
5,"2024-05-05 13:00:00+00:00",1,14,17.934,65.12
5,"2024-05-05 13:30:00+00:00",1,14.5,18.354,65.12
5,"2024-05-05 14:00:00+00:00",1,15,18.354,65.12
5,"2024-05-05 14:30:00+00:00",1,15.5,18.837,65.12
5,"2024-05-05 15:00:00+00:00",1,16,31.4475,65.12
5,"2024-05-05 15:30:00+00:00",1,16.5,29.1795,65.12
5,"2024-05-05 16:00:00+00:00",1,17,29.1585,65.12
5,"2024-05-05 16:30:00+00:00",1,17.5,32.991,65.12
5,"2024-05-05 17:00:00+00:00",1,18,32.781,65.12
5,"2024-05-05 17:30:00+00:00",1,18.5,32.5605,65.12
5,"2024-05-05 18:00:00+00:00",1,19,21.6405,65.12
5,"2024-05-05 18:30:00+00:00",1,19.5,20.769,65.12
5,"2024-05-05 19:00:00+00:00",1,20,21.0735,65.12
5,"2024-05-05 19:30:00+00:00",1,20.5,20.3175,65.12
5,"2024-05-05 20:00:00+00:00",1,21,21.252,65.12
5,"2024-05-05 20:30:00+00:00",1,21.5,20.475,65.12
5,"2024-05-05 21:00:00+00:00",1,22,18.816,65.12
5,"2024-05-05 21:30:00+00:00",1,22.5,16.611,65.12
5,"2024-05-05 22:00:00+00:00",1,23,17.9655,65.12
5,"2024-05-05 22:30:00+00:00",1,23.5,18.963,65.12
5,"2024-05-05 23:00:00+00:00",1,0,17.871,65.12
5,"2024-05-05 23:30:00+00:00",1,0.5,18.837,65.12
5,"2024-05-06 00:00:00+00:00",0,1,19.194,65.12
5,"2024-05-06 00:30:00+00:00",0,1.5,18.186,65.12
5,"2024-05-06 01:00:00+00:00",0,2,18.1335,65.12
5,"2024-05-06 01:30:00+00:00",0,2.5,17.9655,65.12
5,"2024-05-06 02:00:00+00:00",0,3,17.4405,65.12
5,"2024-05-06 02:30:00+00:00",0,3.5,16.6635,65.12
5,"2024-05-06 03:00:00+00:00",0,4,17.556,65.12
5,"2024-05-06 03:30:00+00:00",0,4.5,17.1465,65.12
5,"2024-05-06 04:00:00+00:00",0,5,22.239,65.12
5,"2024-05-06 04:30:00+00:00",0,5.5,22.6065,65.12
5,"2024-05-06 05:00:00+00:00",0,6,23.205,65.12
5,"2024-05-06 05:30:00+00:00",0,6.5,22.512,65.12
5,"2024-05-06 06:00:00+00:00",0,7,19.32,65.12
5,"2024-05-06 06:30:00+00:00",0,7.5,21.8295,65.12
5,"2024-05-06 07:00:00+00:00",0,8,17.535,65.12
5,"2024-05-06 07:30:00+00:00",0,8.5,19.32,65.12
5,"2024-05-06 08:00:00+00:00",0,9,17.367,65.12
5,"2024-05-06 08:30:00+00:00",0,9.5,17.892,65.12
5,"2024-05-06 09:00:00+00:00",0,10,17.388,65.12
5,"2024-05-06 09:30:00+00:00",0,10.5,18.1125,65.12
5,"2024-05-06 10:00:00+00:00",0,11,16.6425,65.12
5,"2024-05-06 10:30:00+00:00",0,11.5,15.2145,65.12
5,"2024-05-06 11:00:00+00:00",0,12,16.6425,65.12
5,"2024-05-06 11:30:00+00:00",0,12.5,15.8445,65.12
5,"2024-05-06 12:00:00+00:00",0,13,16.3695,65.12
5,"2024-05-06 12:30:00+00:00",0,13.5,15.6975,65.12
5,"2024-05-06 13:00:00+00:00",0,14,17.22,65.12
5,"2024-05-06 13:30:00+00:00",0,14.5,16.1595,65.12
5,"2024-05-06 14:00:00+00:00",0,15,16.3275,65.12
5,"2024-05-06 14:30:00+00:00",0,15.5,16.9785,65.12
5,"2024-05-06 15:00:00+00:00",0,16,29.274,65.12
5,"2024-05-06 15:30:00+00:00",0,16.5,29.904,65.12
5,"2024-05-06 16:00:00+00:00",0,17,33.0435,65.12
5,"2024-05-06 16:30:00+00:00",0,17.5,33.285,65.12
5,"2024-05-06 17:00:00+00:00",0,18,34.9755,65.12
5,"2024-05-06 17:30:00+00:00",0,18.5,34.398,65.12
5,"2024-05-06 18:00:00+00:00",0,19,23.4255,65.12
5,"2024-05-06 18:30:00+00:00",0,19.5,23.541,65.12
5,"2024-05-06 19:00:00+00:00",0,20,21.735,65.12
5,"2024-05-06 19:30:00+00:00",0,20.5,22.3125,65.12
5,"2024-05-06 20:00:00+00:00",0,21,22.701,65.12
5,"2024-05-06 20:30:00+00:00",0,21.5,20.2125,65.12
5,"2024-05-06 21:00:00+00:00",0,22,20.5275,65.12
5,"2024-05-06 21:30:00+00:00",0,22.5,18.354,65.12
5,"2024-05-06 22:00:00+00:00",0,23,17.388,65.12
5,"2024-05-06 22:30:00+00:00",0,23.5,17.388,65.12
5,"2024-05-06 23:00:00+00:00",0,0,16.548,65.12
5,"2024-05-06 23:30:00+00:00",0,0.5,16.4745,65.12
5,"2024-05-07 00:00:00+00:00",0,1,16.233,65.12
5,"2024-05-07 00:30:00+00:00",0,1.5,16.233,65.12
5,"2024-05-07 01:00:00+00:00",0,2,16.422,65.12
5,"2024-05-07 01:30:00+00:00",0,2.5,16.422,65.12
5,"2024-05-07 02:00:00+00:00",0,3,15.9915,65.12
5,"2024-05-07 02:30:00+00:00",0,3.5,15.7185,65.12
5,"2024-05-07 03:00:00+00:00",0,4,16.422,65.12
5,"2024-05-07 03:30:00+00:00",0,4.5,16.1805,65.12
5,"2024-05-07 04:00:00+00:00",0,5,17.577,65.12
5,"2024-05-07 04:30:00+00:00",0,5.5,16.6845,65.12
5,"2024-05-07 05:00:00+00:00",0,6,21.735,65.12
5,"2024-05-07 05:30:00+00:00",0,6.5,23.7195,65.12
5,"2024-05-07 06:00:00+00:00",0,7,24.297,65.12
5,"2024-05-07 06:30:00+00:00",0,7.5,26.0295,65.12
5,"2024-05-07 07:00:00+00:00",0,8,22.029,65.12
5,"2024-05-07 07:30:00+00:00",0,8.5,21.0315,65.12
5,"2024-05-07 08:00:00+00:00",0,9,21.4935,65.12
5,"2024-05-07 08:30:00+00:00",0,9.5,20.265,65.12
5,"2024-05-07 09:00:00+00:00",0,10,17.577,65.12
5,"2024-05-07 09:30:00+00:00",0,10.5,16.611,65.12
5,"2024-05-07 10:00:00+00:00",0,11,15.645,65.12
5,"2024-05-07 10:30:00+00:00",0,11.5,15.456,65.12
5,"2024-05-07 11:00:00+00:00",0,12,15.939,65.12
5,"2024-05-07 11:30:00+00:00",0,12.5,15.645,65.12
5,"2024-05-07 12:00:00+00:00",0,13,15.456,65.12
5,"2024-05-07 12:30:00+00:00",0,13.5,15.2145,65.12
5,"2024-05-07 13:00:00+00:00",0,14,15.2145,65.12
5,"2024-05-07 13:30:00+00:00",0,14.5,14.973,65.12
5,"2024-05-07 14:00:00+00:00",0,15,15.645,65.12
5,"2024-05-07 14:30:00+00:00",0,15.5,15.645,65.12
5,"2024-05-07 15:00:00+00:00",0,16,28.455,65.12
5,"2024-05-07 15:30:00+00:00",0,16.5,29.421,65.12
5,"2024-05-07 16:00:00+00:00",0,17,32.3925,65.12
5,"2024-05-07 16:30:00+00:00",0,17.5,30.9645,65.12
5,"2024-05-07 17:00:00+00:00",0,18,34.1985,65.12
5,"2024-05-07 17:30:00+00:00",0,18.5,33.285,65.12
5,"2024-05-07 18:00:00+00:00",0,19,22.218,65.12
5,"2024-05-07 18:30:00+00:00",0,19.5,22.554,65.12
5,"2024-05-07 19:00:00+00:00",0,20,21.6405,65.12
5,"2024-05-07 19:30:00+00:00",0,20.5,23.5725,65.12
5,"2024-05-07 20:00:00+00:00",0,21,21.105,65.12
5,"2024-05-07 20:30:00+00:00",0,21.5,19.131,65.12
5,"2024-05-07 21:00:00+00:00",0,22,19.614,65.12
5,"2024-05-07 21:30:00+00:00",0,22.5,19.131,65.12
5,"2024-05-07 22:00:00+00:00",0,23,18.0915,65.12
5,"2024-05-07 22:30:00+00:00",0,23.5,18.6165,65.12
5,"2024-05-07 23:00:00+00:00",0,0,17.031,65.12
5,"2024-05-07 23:30:00+00:00",0,0.5,16.1805,65.12
5,"2024-05-08 00:00:00+00:00",0,1,15.96,65.12
5,"2024-05-08 00:30:00+00:00",0,1.5,15.7185,65.12
5,"2024-05-08 01:00:00+00:00",0,2,15.7185,65.12
5,"2024-05-08 01:30:00+00:00",0,2.5,15.7185,65.12
5,"2024-05-08 02:00:00+00:00",0,3,15.6765,65.12
5,"2024-05-08 02:30:00+00:00",0,3.5,15.7185,65.12
5,"2024-05-08 03:00:00+00:00",0,4,16.3275,65.12
5,"2024-05-08 03:30:00+00:00",0,4.5,15.6765,65.12
5,"2024-05-08 04:00:00+00:00",0,5,15.7185,65.12
5,"2024-05-08 04:30:00+00:00",0,5.5,15.7185,65.12
5,"2024-05-08 05:00:00+00:00",0,6,20.769,65.12
5,"2024-05-08 05:30:00+00:00",0,6.5,22.218,65.12
5,"2024-05-08 06:00:00+00:00",0,7,21.735,65.12
5,"2024-05-08 06:30:00+00:00",0,7.5,24.339,65.12
5,"2024-05-08 07:00:00+00:00",0,8,21.6405,65.12
5,"2024-05-08 07:30:00+00:00",0,8.5,20.286,65.12
5,"2024-05-08 08:00:00+00:00",0,9,18.228,65.12
5,"2024-05-08 08:30:00+00:00",0,9.5,17.388,65.12
5,"2024-05-08 09:00:00+00:00",0,10,16.254,65.12
5,"2024-05-08 09:30:00+00:00",0,10.5,16.7685,65.12
5,"2024-05-08 10:00:00+00:00",0,11,15.7185,65.12
5,"2024-05-08 10:30:00+00:00",0,11.5,14.973,65.12
5,"2024-05-08 11:00:00+00:00",0,12,15.7185,65.12
5,"2024-05-08 11:30:00+00:00",0,12.5,15.099,65.12
5,"2024-05-08 12:00:00+00:00",0,13,15.2145,65.12
5,"2024-05-08 12:30:00+00:00",0,13.5,14.7315,65.12
5,"2024-05-08 13:00:00+00:00",0,14,15.036,65.12
5,"2024-05-08 13:30:00+00:00",0,14.5,14.2485,65.12
5,"2024-05-08 14:00:00+00:00",0,15,14.469,65.12
5,"2024-05-08 14:30:00+00:00",0,15.5,15.099,65.12
5,"2024-05-08 15:00:00+00:00",0,16,27.2685,65.12
5,"2024-05-08 15:30:00+00:00",0,16.5,27.2475,65.12
5,"2024-05-08 16:00:00+00:00",0,17,29.6835,65.12
5,"2024-05-08 16:30:00+00:00",0,17.5,31.521,65.12
5,"2024-05-08 17:00:00+00:00",0,18,33.1905,65.12
5,"2024-05-08 17:30:00+00:00",0,18.5,33.264,65.12
5,"2024-05-08 18:00:00+00:00",0,19,22.3545,65.12
5,"2024-05-08 18:30:00+00:00",0,19.5,21.735,65.12
5,"2024-05-08 19:00:00+00:00",0,20,21.9555,65.12
5,"2024-05-08 19:30:00+00:00",0,20.5,21.567,65.12
5,"2024-05-08 20:00:00+00:00",0,21,19.5615,65.12
5,"2024-05-08 20:30:00+00:00",0,21.5,16.6635,65.12
5,"2024-05-08 21:00:00+00:00",0,22,17.1675,65.12
5,"2024-05-08 21:30:00+00:00",0,22.5,15.939,65.12
5,"2024-05-08 22:00:00+00:00",0,23,14.847,65.12
5,"2024-05-08 22:30:00+00:00",0,23.5,16.1595,65.12
5,"2024-05-08 23:00:00+00:00",0,0,15.456,65.12
5,"2024-05-08 23:30:00+00:00",0,0.5,15.33,65.12
5,"2024-05-09 00:00:00+00:00",0,1,15.2145,65.12
5,"2024-05-09 00:30:00+00:00",0,1.5,14.616,65.12
5,"2024-05-09 01:00:00+00:00",0,2,14.8785,65.12
5,"2024-05-09 01:30:00+00:00",0,2.5,14.994,65.12
5,"2024-05-09 02:00:00+00:00",0,3,14.49,65.12
5,"2024-05-09 02:30:00+00:00",0,3.5,14.49,65.12
5,"2024-05-09 03:00:00+00:00",0,4,14.49,65.12
5,"2024-05-09 03:30:00+00:00",0,4.5,14.49,65.12
5,"2024-05-09 04:00:00+00:00",0,5,15.456,65.12
5,"2024-05-09 04:30:00+00:00",0,5.5,15.456,65.12
5,"2024-05-09 05:00:00+00:00",0,6,15.456,65.12
5,"2024-05-09 05:30:00+00:00",0,6.5,17.577,65.12
5,"2024-05-09 06:00:00+00:00",0,7,16.422,65.12
5,"2024-05-09 06:30:00+00:00",0,7.5,21.252,65.12
5,"2024-05-09 07:00:00+00:00",0,8,20.7165,65.12
5,"2024-05-09 07:30:00+00:00",0,8.5,20.286,65.12
5,"2024-05-09 08:00:00+00:00",0,9,19.656,65.12
5,"2024-05-09 08:30:00+00:00",0,9.5,17.724,65.12
5,"2024-05-09 09:00:00+00:00",0,10,15.456,65.12
5,"2024-05-09 09:30:00+00:00",0,10.5,14.973,65.12
5,"2024-05-09 10:00:00+00:00",0,11,14.5635,65.12
5,"2024-05-09 10:30:00+00:00",0,11.5,14.2485,65.12
5,"2024-05-09 11:00:00+00:00",0,12,15.456,65.12
5,"2024-05-09 11:30:00+00:00",0,12.5,15.456,65.12
5,"2024-05-09 12:00:00+00:00",0,13,15.456,65.12
5,"2024-05-09 12:30:00+00:00",0,13.5,14.49,65.12
5,"2024-05-09 13:00:00+00:00",0,14,14.49,65.12
5,"2024-05-09 13:30:00+00:00",0,14.5,14.658,65.12
5,"2024-05-09 14:00:00+00:00",0,15,15.2145,65.12
5,"2024-05-09 14:30:00+00:00",0,15.5,16.1805,65.12
5,"2024-05-09 15:00:00+00:00",0,16,30.1455,65.12
5,"2024-05-09 15:30:00+00:00",0,16.5,29.904,65.12
5,"2024-05-09 16:00:00+00:00",0,17,29.421,65.12
5,"2024-05-09 16:30:00+00:00",0,17.5,30.387,65.12
5,"2024-05-09 17:00:00+00:00",0,18,32.802,65.12
5,"2024-05-09 17:30:00+00:00",0,18.5,32.928,65.12
5,"2024-05-09 18:00:00+00:00",0,19,23.4255,65.12
5,"2024-05-09 18:30:00+00:00",0,19.5,22.9425,65.12
5,"2024-05-09 19:00:00+00:00",0,20,22.344,65.12
5,"2024-05-09 19:30:00+00:00",0,20.5,22.2915,65.12
5,"2024-05-09 20:00:00+00:00",0,21,22.071,65.12
5,"2024-05-09 20:30:00+00:00",0,21.5,18.5745,65.12
5,"2024-05-09 21:00:00+00:00",0,22,17.871,65.12
5,"2024-05-09 21:30:00+00:00",0,22.5,16.422,65.12
5,"2024-05-09 22:00:00+00:00",0,23,20.286,65.12
5,"2024-05-09 22:30:00+00:00",0,23.5,18.711,65.12
5,"2024-05-09 23:00:00+00:00",0,0,17.3775,65.12
5,"2024-05-09 23:30:00+00:00",0,0.5,16.422,65.12
5,"2024-05-10 00:00:00+00:00",0,1,15.939,65.12
5,"2024-05-10 00:30:00+00:00",0,1.5,15.456,65.12
5,"2024-05-10 01:00:00+00:00",0,2,15.456,65.12
5,"2024-05-10 01:30:00+00:00",0,2.5,15.456,65.12
5,"2024-05-10 02:00:00+00:00",0,3,15.456,65.12
5,"2024-05-10 02:30:00+00:00",0,3.5,15.456,65.12
5,"2024-05-10 03:00:00+00:00",0,4,15.456,65.12
5,"2024-05-10 03:30:00+00:00",0,4.5,15.456,65.12
5,"2024-05-10 04:00:00+00:00",0,5,15.456,65.12
5,"2024-05-10 04:30:00+00:00",0,5.5,16.296,65.12
5,"2024-05-10 05:00:00+00:00",0,6,19.488,65.12
5,"2024-05-10 05:30:00+00:00",0,6.5,22.9425,65.12
5,"2024-05-10 06:00:00+00:00",0,7,19.32,65.12
5,"2024-05-10 06:30:00+00:00",0,7.5,21.735,65.12
5,"2024-05-10 07:00:00+00:00",0,8,22.218,65.12
5,"2024-05-10 07:30:00+00:00",0,8.5,20.769,65.12
5,"2024-05-10 08:00:00+00:00",0,9,20.286,65.12
5,"2024-05-10 08:30:00+00:00",0,9.5,19.32,65.12
5,"2024-05-10 09:00:00+00:00",0,10,18.354,65.12
5,"2024-05-10 09:30:00+00:00",0,10.5,17.64,65.12
5,"2024-05-10 10:00:00+00:00",0,11,15.54,65.12
5,"2024-05-10 10:30:00+00:00",0,11.5,15.2145,65.12
5,"2024-05-10 11:00:00+00:00",0,12,14.973,65.12
5,"2024-05-10 11:30:00+00:00",0,12.5,14.973,65.12
5,"2024-05-10 12:00:00+00:00",0,13,15.456,65.12
5,"2024-05-10 12:30:00+00:00",0,13.5,15.2145,65.12
5,"2024-05-10 13:00:00+00:00",0,14,14.973,65.12
5,"2024-05-10 13:30:00+00:00",0,14.5,14.973,65.12
5,"2024-05-10 14:00:00+00:00",0,15,14.973,65.12
5,"2024-05-10 14:30:00+00:00",0,15.5,15.6975,65.12
5,"2024-05-10 15:00:00+00:00",0,16,26.523,65.12
5,"2024-05-10 15:30:00+00:00",0,16.5,27.006,65.12
5,"2024-05-10 16:00:00+00:00",0,17,29.421,65.12
5,"2024-05-10 16:30:00+00:00",0,17.5,29.3475,65.12
5,"2024-05-10 17:00:00+00:00",0,18,32.991,65.12
5,"2024-05-10 17:30:00+00:00",0,18.5,33.768,65.12
5,"2024-05-10 18:00:00+00:00",0,19,23.667,65.12
5,"2024-05-10 18:30:00+00:00",0,19.5,22.1235,65.12
5,"2024-05-10 19:00:00+00:00",0,20,22.029,65.12
5,"2024-05-10 19:30:00+00:00",0,20.5,22.3965,65.12
5,"2024-05-10 20:00:00+00:00",0,21,21.903,65.12
5,"2024-05-10 20:30:00+00:00",0,21.5,19.635,65.12
5,"2024-05-10 21:00:00+00:00",0,22,17.388,65.12
5,"2024-05-10 21:30:00+00:00",0,22.5,17.1465,65.12
5,"2024-05-10 22:00:00+00:00",0,23,18.165,65.12
5,"2024-05-10 22:30:00+00:00",0,23.5,19.32,65.12
5,"2024-05-10 23:00:00+00:00",0,0,18.711,65.12
5,"2024-05-10 23:30:00+00:00",0,0.5,18.018,65.12
5,"2024-05-11 00:00:00+00:00",1,1,16.233,65.12
5,"2024-05-11 00:30:00+00:00",1,1.5,18.1125,65.12
5,"2024-05-11 01:00:00+00:00",1,2,17.8395,65.12
5,"2024-05-11 01:30:00+00:00",1,2.5,16.422,65.12
5,"2024-05-11 02:00:00+00:00",1,3,18.1125,65.12
5,"2024-05-11 02:30:00+00:00",1,3.5,17.4405,65.12
5,"2024-05-11 03:00:00+00:00",1,4,16.9785,65.12
5,"2024-05-11 03:30:00+00:00",1,4.5,16.254,65.12
5,"2024-05-11 04:00:00+00:00",1,5,17.7765,65.12
5,"2024-05-11 04:30:00+00:00",1,5.5,17.871,65.12
5,"2024-05-11 05:00:00+00:00",1,6,15.5295,65.12
5,"2024-05-11 05:30:00+00:00",1,6.5,16.296,65.12
5,"2024-05-11 06:00:00+00:00",1,7,14.952,65.12
5,"2024-05-11 06:30:00+00:00",1,7.5,16.6635,65.12
5,"2024-05-11 07:00:00+00:00",1,8,18.1125,65.12
5,"2024-05-11 07:30:00+00:00",1,8.5,16.6635,65.12
5,"2024-05-11 08:00:00+00:00",1,9,17.556,65.12
5,"2024-05-11 08:30:00+00:00",1,9.5,15.5505,65.12
5,"2024-05-11 09:00:00+00:00",1,10,15.456,65.12
5,"2024-05-11 09:30:00+00:00",1,10.5,16.6635,65.12
5,"2024-05-11 10:00:00+00:00",1,11,16.9785,65.12
5,"2024-05-11 10:30:00+00:00",1,11.5,16.212,65.12
5,"2024-05-11 11:00:00+00:00",1,12,15.2145,65.12
5,"2024-05-11 11:30:00+00:00",1,12.5,14.49,65.12
5,"2024-05-11 12:00:00+00:00",1,13,12.915,65.12
5,"2024-05-11 12:30:00+00:00",1,13.5,11.0145,65.12
5,"2024-05-11 13:00:00+00:00",1,14,10.815,65.12
5,"2024-05-11 13:30:00+00:00",1,14.5,10.626,65.12
5,"2024-05-11 14:00:00+00:00",1,15,11.592,65.12
5,"2024-05-11 14:30:00+00:00",1,15.5,11.592,65.12
5,"2024-05-11 15:00:00+00:00",1,16,24.57,65.12
5,"2024-05-11 15:30:00+00:00",1,16.5,25.7985,65.12
5,"2024-05-11 16:00:00+00:00",1,17,28.938,65.12
5,"2024-05-11 16:30:00+00:00",1,17.5,28.455,65.12
5,"2024-05-11 17:00:00+00:00",1,18,30.24,65.12
5,"2024-05-11 17:30:00+00:00",1,18.5,31.836,65.12
5,"2024-05-11 18:00:00+00:00",1,19,22.218,65.12
5,"2024-05-11 18:30:00+00:00",1,19.5,21.4935,65.12
5,"2024-05-11 19:00:00+00:00",1,20,19.5825,65.12
5,"2024-05-11 19:30:00+00:00",1,20.5,19.2465,65.12
5,"2024-05-11 20:00:00+00:00",1,21,17.451,65.12
5,"2024-05-11 20:30:00+00:00",1,21.5,15.96,65.12
5,"2024-05-11 21:00:00+00:00",1,22,16.8315,65.12
5,"2024-05-11 21:30:00+00:00",1,22.5,16.905,65.12
5,"2024-05-11 22:00:00+00:00",1,23,12.558,65.12
5,"2024-05-11 22:30:00+00:00",1,23.5,10.626,65.12
5,"2024-05-11 23:00:00+00:00",1,0,6.1845,65.12
5,"2024-05-11 23:30:00+00:00",1,0.5,5.2605,65.12
5,"2024-05-12 00:00:00+00:00",1,1,4.83,65.12
5,"2024-05-12 00:30:00+00:00",1,1.5,3.1395,65.12
5,"2024-05-12 01:00:00+00:00",1,2,6.0375,65.12
5,"2024-05-12 01:30:00+00:00",1,2.5,4.7355,65.12
5,"2024-05-12 02:00:00+00:00",1,3,5.817,65.12
5,"2024-05-12 02:30:00+00:00",1,3.5,4.83,65.12
5,"2024-05-12 03:00:00+00:00",1,4,7.1715,65.12
5,"2024-05-12 03:30:00+00:00",1,4.5,6.762,65.12
5,"2024-05-12 04:00:00+00:00",1,5,0.4095,65.12
5,"2024-05-12 04:30:00+00:00",1,5.5,0.672,65.12
5,"2024-05-12 05:00:00+00:00",1,6,3.528,65.12
5,"2024-05-12 05:30:00+00:00",1,6.5,5.0715,65.12
5,"2024-05-12 06:00:00+00:00",1,7,4.2,65.12
5,"2024-05-12 06:30:00+00:00",1,7.5,7.0035,65.12
5,"2024-05-12 07:00:00+00:00",1,8,7.0035,65.12
5,"2024-05-12 07:30:00+00:00",1,8.5,6.762,65.12
5,"2024-05-12 08:00:00+00:00",1,9,7.413,65.12
5,"2024-05-12 08:30:00+00:00",1,9.5,6.5415,65.12
5,"2024-05-12 09:00:00+00:00",1,10,7.0035,65.12
5,"2024-05-12 09:30:00+00:00",1,10.5,7.0035,65.12
5,"2024-05-12 10:00:00+00:00",1,11,4.83,65.12
5,"2024-05-12 10:30:00+00:00",1,11.5,3.9165,65.12
5,"2024-05-12 11:00:00+00:00",1,12,2.898,65.12
5,"2024-05-12 11:30:00+00:00",1,12.5,2.9715,65.12
5,"2024-05-12 12:00:00+00:00",1,13,2.415,65.12
5,"2024-05-12 12:30:00+00:00",1,13.5,0.966,65.12
5,"2024-05-12 13:00:00+00:00",1,14,0.7245,65.12
5,"2024-05-12 13:30:00+00:00",1,14.5,1.6905,65.12
5,"2024-05-12 14:00:00+00:00",1,15,4.998,65.12
5,"2024-05-12 14:30:00+00:00",1,15.5,6.5835,65.12
5,"2024-05-12 15:00:00+00:00",1,16,22.176,65.12
5,"2024-05-12 15:30:00+00:00",1,16.5,26.04,65.12
5,"2024-05-12 16:00:00+00:00",1,17,25.557,65.12
5,"2024-05-12 16:30:00+00:00",1,17.5,28.938,65.12
5,"2024-05-12 17:00:00+00:00",1,18,30.87,65.12
5,"2024-05-12 17:30:00+00:00",1,18.5,30.9225,65.12
5,"2024-05-12 18:00:00+00:00",1,19,19.467,65.12
5,"2024-05-12 18:30:00+00:00",1,19.5,19.32,65.12
5,"2024-05-12 19:00:00+00:00",1,20,19.3725,65.12
5,"2024-05-12 19:30:00+00:00",1,20.5,19.3725,65.12
5,"2024-05-12 20:00:00+00:00",1,21,21.8295,65.12
5,"2024-05-12 20:30:00+00:00",1,21.5,19.32,65.12
5,"2024-05-12 21:00:00+00:00",1,22,17.6085,65.12
5,"2024-05-12 21:30:00+00:00",1,22.5,15.96,65.12
5,"2024-05-12 22:00:00+00:00",1,23,12.0015,65.12
5,"2024-05-12 22:30:00+00:00",1,23.5,12.558,65.12
5,"2024-05-12 23:00:00+00:00",1,0,12.558,65.12
5,"2024-05-12 23:30:00+00:00",1,0.5,11.949,65.12
5,"2024-05-13 00:00:00+00:00",0,1,9.954,65.12
5,"2024-05-13 00:30:00+00:00",0,1.5,10.8675,65.12
5,"2024-05-13 01:00:00+00:00",0,2,9.9225,65.12
5,"2024-05-13 01:30:00+00:00",0,2.5,9.9015,65.12
5,"2024-05-13 02:00:00+00:00",0,3,9.9225,65.12
5,"2024-05-13 02:30:00+00:00",0,3.5,10.437,65.12
5,"2024-05-13 03:00:00+00:00",0,4,11.3505,65.12
5,"2024-05-13 03:30:00+00:00",0,4.5,11.3505,65.12
5,"2024-05-13 04:00:00+00:00",0,5,14.2485,65.12
5,"2024-05-13 04:30:00+00:00",0,5.5,15.456,65.12
5,"2024-05-13 05:00:00+00:00",0,6,17.6295,65.12
5,"2024-05-13 05:30:00+00:00",0,6.5,18.4065,65.12
5,"2024-05-13 06:00:00+00:00",0,7,16.3695,65.12
5,"2024-05-13 06:30:00+00:00",0,7.5,19.803,65.12
5,"2024-05-13 07:00:00+00:00",0,8,19.32,65.12
5,"2024-05-13 07:30:00+00:00",0,8.5,16.905,65.12
5,"2024-05-13 08:00:00+00:00",0,9,18.9315,65.12
5,"2024-05-13 08:30:00+00:00",0,9.5,18.06,65.12
5,"2024-05-13 09:00:00+00:00",0,10,17.871,65.12
5,"2024-05-13 09:30:00+00:00",0,10.5,17.073,65.12
5,"2024-05-13 10:00:00+00:00",0,11,18.165,65.12
5,"2024-05-13 10:30:00+00:00",0,11.5,18.1125,65.12
5,"2024-05-13 11:00:00+00:00",0,12,16.422,65.12
5,"2024-05-13 11:30:00+00:00",0,12.5,17.871,65.12
5,"2024-05-13 12:00:00+00:00",0,13,15.939,65.12
5,"2024-05-13 12:30:00+00:00",0,13.5,15.0465,65.12
5,"2024-05-13 13:00:00+00:00",0,14,12.915,65.12
5,"2024-05-13 13:30:00+00:00",0,14.5,12.6315,65.12
5,"2024-05-13 14:00:00+00:00",0,15,12.6315,65.12
5,"2024-05-13 14:30:00+00:00",0,15.5,13.7445,65.12
5,"2024-05-13 15:00:00+00:00",0,16,24.8325,65.12
5,"2024-05-13 15:30:00+00:00",0,16.5,27.006,65.12
5,"2024-05-13 16:00:00+00:00",0,17,29.2005,65.12
5,"2024-05-13 16:30:00+00:00",0,17.5,30.219,65.12
5,"2024-05-13 17:00:00+00:00",0,18,33.768,65.12
5,"2024-05-13 17:30:00+00:00",0,18.5,34.02,65.12
5,"2024-05-13 18:00:00+00:00",0,19,22.071,65.12
5,"2024-05-13 18:30:00+00:00",0,19.5,21.4935,65.12
5,"2024-05-13 19:00:00+00:00",0,20,20.3175,65.12
5,"2024-05-13 19:30:00+00:00",0,20.5,18.354,65.12
5,"2024-05-13 20:00:00+00:00",0,21,17.388,65.12
5,"2024-05-13 20:30:00+00:00",0,21.5,14.7525,65.12
5,"2024-05-13 21:00:00+00:00",0,22,14.49,65.12
5,"2024-05-13 21:30:00+00:00",0,22.5,12.558,65.12
5,"2024-05-13 22:00:00+00:00",0,23,13.4505,65.12
5,"2024-05-13 22:30:00+00:00",0,23.5,12.369,65.12
5,"2024-05-13 23:00:00+00:00",0,0,11.592,65.12
5,"2024-05-13 23:30:00+00:00",0,0.5,10.437,65.12
5,"2024-05-14 00:00:00+00:00",0,1,9.4185,65.12
5,"2024-05-14 00:30:00+00:00",0,1.5,9.639,65.12
5,"2024-05-14 01:00:00+00:00",0,2,9.4185,65.12
5,"2024-05-14 01:30:00+00:00",0,2.5,8.4525,65.12
5,"2024-05-14 02:00:00+00:00",0,3,8.526,65.12
5,"2024-05-14 02:30:00+00:00",0,3.5,8.4525,65.12
5,"2024-05-14 03:00:00+00:00",0,4,9.366,65.12
5,"2024-05-14 03:30:00+00:00",0,4.5,8.7885,65.12
5,"2024-05-14 04:00:00+00:00",0,5,11.9805,65.12
5,"2024-05-14 04:30:00+00:00",0,5.5,13.2825,65.12
5,"2024-05-14 05:00:00+00:00",0,6,16.1805,65.12
5,"2024-05-14 05:30:00+00:00",0,6.5,16.2015,65.12
5,"2024-05-14 06:00:00+00:00",0,7,14.49,65.12
5,"2024-05-14 06:30:00+00:00",0,7.5,17.871,65.12
5,"2024-05-14 07:00:00+00:00",0,8,20.769,65.12
5,"2024-05-14 07:30:00+00:00",0,8.5,19.32,65.12
5,"2024-05-14 08:00:00+00:00",0,9,20.097,65.12
5,"2024-05-14 08:30:00+00:00",0,9.5,20.0235,65.12
5,"2024-05-14 09:00:00+00:00",0,10,20.5275,65.12
5,"2024-05-14 09:30:00+00:00",0,10.5,20.286,65.12
5,"2024-05-14 10:00:00+00:00",0,11,19.2255,65.12
5,"2024-05-14 10:30:00+00:00",0,11.5,18.9315,65.12
5,"2024-05-14 11:00:00+00:00",0,12,18.837,65.12
5,"2024-05-14 11:30:00+00:00",0,12.5,18.9315,65.12
5,"2024-05-14 12:00:00+00:00",0,13,16.2015,65.12
5,"2024-05-14 12:30:00+00:00",0,13.5,14.4375,65.12
5,"2024-05-14 13:00:00+00:00",0,14,14.7315,65.12
5,"2024-05-14 13:30:00+00:00",0,14.5,14.007,65.12
5,"2024-05-14 14:00:00+00:00",0,15,13.7445,65.12
5,"2024-05-14 14:30:00+00:00",0,15.5,14.7315,65.12
5,"2024-05-14 15:00:00+00:00",0,16,27.5625,65.12
5,"2024-05-14 15:30:00+00:00",0,16.5,28.161,65.12
5,"2024-05-14 16:00:00+00:00",0,17,29.904,65.12
5,"2024-05-14 16:30:00+00:00",0,17.5,31.647,65.12
5,"2024-05-14 17:00:00+00:00",0,18,34.0095,65.12
5,"2024-05-14 17:30:00+00:00",0,18.5,34.0095,65.12
5,"2024-05-14 18:00:00+00:00",0,19,24.15,65.12
5,"2024-05-14 18:30:00+00:00",0,19.5,23.667,65.12
5,"2024-05-14 19:00:00+00:00",0,20,22.701,65.12
5,"2024-05-14 19:30:00+00:00",0,20.5,21.252,65.12
5,"2024-05-14 20:00:00+00:00",0,21,20.5275,65.12
5,"2024-05-14 20:30:00+00:00",0,21.5,17.388,65.12
5,"2024-05-14 21:00:00+00:00",0,22,16.422,65.12
5,"2024-05-14 21:30:00+00:00",0,22.5,15.939,65.12
5,"2024-05-14 22:00:00+00:00",0,23,16.422,65.12
5,"2024-05-14 22:30:00+00:00",0,23.5,18.837,65.12
5,"2024-05-14 23:00:00+00:00",0,0,16.737,65.12
5,"2024-05-14 23:30:00+00:00",0,0.5,15.8445,65.12
5,"2024-05-15 00:00:00+00:00",0,1,15.456,65.12
5,"2024-05-15 00:30:00+00:00",0,1.5,15.939,65.12
5,"2024-05-15 01:00:00+00:00",0,2,14.784,65.12
5,"2024-05-15 01:30:00+00:00",0,2.5,15.8445,65.12
5,"2024-05-15 02:00:00+00:00",0,3,14.322,65.12
5,"2024-05-15 02:30:00+00:00",0,3.5,14.49,65.12
5,"2024-05-15 03:00:00+00:00",0,4,15.456,65.12
5,"2024-05-15 03:30:00+00:00",0,4.5,15.456,65.12
5,"2024-05-15 04:00:00+00:00",0,5,15.8445,65.12
5,"2024-05-15 04:30:00+00:00",0,5.5,16.737,65.12
5,"2024-05-15 05:00:00+00:00",0,6,18.1125,65.12
5,"2024-05-15 05:30:00+00:00",0,6.5,16.905,65.12
5,"2024-05-15 06:00:00+00:00",0,7,16.548,65.12
5,"2024-05-15 06:30:00+00:00",0,7.5,21.0105,65.12
5,"2024-05-15 07:00:00+00:00",0,8,20.6745,65.12
5,"2024-05-15 07:30:00+00:00",0,8.5,19.32,65.12
5,"2024-05-15 08:00:00+00:00",0,9,20.5275,65.12
5,"2024-05-15 08:30:00+00:00",0,9.5,19.467,65.12
5,"2024-05-15 09:00:00+00:00",0,10,18.9315,65.12
5,"2024-05-15 09:30:00+00:00",0,10.5,19.32,65.12
5,"2024-05-15 10:00:00+00:00",0,11,18.1125,65.12
5,"2024-05-15 10:30:00+00:00",0,11.5,18.018,65.12
5,"2024-05-15 11:00:00+00:00",0,12,16.8105,65.12
5,"2024-05-15 11:30:00+00:00",0,12.5,16.8105,65.12
5,"2024-05-15 12:00:00+00:00",0,13,14.7315,65.12
5,"2024-05-15 12:30:00+00:00",0,13.5,14.7315,65.12
5,"2024-05-15 13:00:00+00:00",0,14,15.5085,65.12
5,"2024-05-15 13:30:00+00:00",0,14.5,14.7315,65.12
5,"2024-05-15 14:00:00+00:00",0,15,14.49,65.12
5,"2024-05-15 14:30:00+00:00",0,15.5,15.6975,65.12
5,"2024-05-15 15:00:00+00:00",0,16,27.006,65.12
5,"2024-05-15 15:30:00+00:00",0,16.5,27.615,65.12
5,"2024-05-15 16:00:00+00:00",0,17,29.6205,65.12
5,"2024-05-15 16:30:00+00:00",0,17.5,29.715,65.12
5,"2024-05-15 17:00:00+00:00",0,18,31.857,65.12
5,"2024-05-15 17:30:00+00:00",0,18.5,32.7285,65.12
5,"2024-05-15 18:00:00+00:00",0,19,22.701,65.12
5,"2024-05-15 18:30:00+00:00",0,19.5,22.554,65.12
5,"2024-05-15 19:00:00+00:00",0,20,21.4935,65.12
5,"2024-05-15 19:30:00+00:00",0,20.5,20.769,65.12
5,"2024-05-15 20:00:00+00:00",0,21,18.543,65.12
5,"2024-05-15 20:30:00+00:00",0,21.5,16.6635,65.12
5,"2024-05-15 21:00:00+00:00",0,22,18.1125,65.12
5,"2024-05-15 21:30:00+00:00",0,22.5,16.4955,65.12
5,"2024-05-15 22:00:00+00:00",0,23,17.745,65.12
5,"2024-05-15 22:30:00+00:00",0,23.5,17.976,65.12
5,"2024-05-15 23:00:00+00:00",0,0,18.1125,65.12
5,"2024-05-15 23:30:00+00:00",0,0.5,17.388,65.12
5,"2024-05-16 00:00:00+00:00",0,1,15.456,65.12
5,"2024-05-16 00:30:00+00:00",0,1.5,16.401,65.12
5,"2024-05-16 01:00:00+00:00",0,2,15.0675,65.12
5,"2024-05-16 01:30:00+00:00",0,2.5,14.679,65.12
5,"2024-05-16 02:00:00+00:00",0,3,14.2485,65.12
5,"2024-05-16 02:30:00+00:00",0,3.5,14.49,65.12
5,"2024-05-16 03:00:00+00:00",0,4,14.469,65.12
5,"2024-05-16 03:30:00+00:00",0,4.5,14.259,65.12
5,"2024-05-16 04:00:00+00:00",0,5,16.422,65.12
5,"2024-05-16 04:30:00+00:00",0,5.5,16.569,65.12
5,"2024-05-16 05:00:00+00:00",0,6,17.6295,65.12
5,"2024-05-16 05:30:00+00:00",0,6.5,18.06,65.12
5,"2024-05-16 06:00:00+00:00",0,7,19.7085,65.12
5,"2024-05-16 06:30:00+00:00",0,7.5,24.15,65.12
5,"2024-05-16 07:00:00+00:00",0,8,22.7955,65.12
5,"2024-05-16 07:30:00+00:00",0,8.5,21.084,65.12
5,"2024-05-16 08:00:00+00:00",0,9,21.735,65.12
5,"2024-05-16 08:30:00+00:00",0,9.5,20.8635,65.12
5,"2024-05-16 09:00:00+00:00",0,10,18.9315,65.12
5,"2024-05-16 09:30:00+00:00",0,10.5,17.535,65.12
5,"2024-05-16 10:00:00+00:00",0,11,18.165,65.12
5,"2024-05-16 10:30:00+00:00",0,11.5,18.354,65.12
5,"2024-05-16 11:00:00+00:00",0,12,17.367,65.12
5,"2024-05-16 11:30:00+00:00",0,12.5,16.6845,65.12
5,"2024-05-16 12:00:00+00:00",0,13,15.813,65.12
5,"2024-05-16 12:30:00+00:00",0,13.5,15.036,65.12
5,"2024-05-16 13:00:00+00:00",0,14,15.036,65.12
5,"2024-05-16 13:30:00+00:00",0,14.5,15.0465,65.12
5,"2024-05-16 14:00:00+00:00",0,15,15.0675,65.12
5,"2024-05-16 14:30:00+00:00",0,15.5,15.8865,65.12
5,"2024-05-16 15:00:00+00:00",0,16,28.2345,65.12
5,"2024-05-16 15:30:00+00:00",0,16.5,29.421,65.12
5,"2024-05-16 16:00:00+00:00",0,17,30.261,65.12
5,"2024-05-16 16:30:00+00:00",0,17.5,32.802,65.12
5,"2024-05-16 17:00:00+00:00",0,18,33.579,65.12
5,"2024-05-16 17:30:00+00:00",0,18.5,33.7365,65.12
5,"2024-05-16 18:00:00+00:00",0,19,22.9425,65.12
5,"2024-05-16 18:30:00+00:00",0,19.5,22.197,65.12
5,"2024-05-16 19:00:00+00:00",0,20,21.1995,65.12
5,"2024-05-16 19:30:00+00:00",0,20.5,20.286,65.12
5,"2024-05-16 20:00:00+00:00",0,21,18.2805,65.12
5,"2024-05-16 20:30:00+00:00",0,21.5,17.4825,65.12
5,"2024-05-16 21:00:00+00:00",0,22,15.6975,65.12
5,"2024-05-16 21:30:00+00:00",0,22.5,14.49,65.12
5,"2024-05-16 22:00:00+00:00",0,23,17.3145,65.12
5,"2024-05-16 22:30:00+00:00",0,23.5,16.9785,65.12
5,"2024-05-16 23:00:00+00:00",0,0,16.905,65.12
5,"2024-05-16 23:30:00+00:00",0,0.5,16.422,65.12
5,"2024-05-17 00:00:00+00:00",0,1,16.1595,65.12
5,"2024-05-17 00:30:00+00:00",0,1.5,16.233,65.12
5,"2024-05-17 01:00:00+00:00",0,2,15.3825,65.12
5,"2024-05-17 01:30:00+00:00",0,2.5,15.3825,65.12
5,"2024-05-17 02:00:00+00:00",0,3,15.7185,65.12
5,"2024-05-17 02:30:00+00:00",0,3.5,15.393,65.12
5,"2024-05-17 03:00:00+00:00",0,4,15.6765,65.12
5,"2024-05-17 03:30:00+00:00",0,4.5,15.624,65.12
5,"2024-05-17 04:00:00+00:00",0,5,16.275,65.12
5,"2024-05-17 04:30:00+00:00",0,5.5,16.065,65.12
5,"2024-05-17 05:00:00+00:00",0,6,17.388,65.12
5,"2024-05-17 05:30:00+00:00",0,6.5,17.6295,65.12
5,"2024-05-17 06:00:00+00:00",0,7,19.7505,65.12
5,"2024-05-17 06:30:00+00:00",0,7.5,23.0895,65.12
5,"2024-05-17 07:00:00+00:00",0,8,21.504,65.12
5,"2024-05-17 07:30:00+00:00",0,8.5,21.273,65.12
5,"2024-05-17 08:00:00+00:00",0,9,20.286,65.12
5,"2024-05-17 08:30:00+00:00",0,9.5,19.803,65.12
5,"2024-05-17 09:00:00+00:00",0,10,17.871,65.12
5,"2024-05-17 09:30:00+00:00",0,10.5,16.905,65.12
5,"2024-05-17 10:00:00+00:00",0,11,16.107,65.12
5,"2024-05-17 10:30:00+00:00",0,11.5,15.939,65.12
5,"2024-05-17 11:00:00+00:00",0,12,16.548,65.12
5,"2024-05-17 11:30:00+00:00",0,12.5,16.3485,65.12
5,"2024-05-17 12:00:00+00:00",0,13,16.1805,65.12
5,"2024-05-17 12:30:00+00:00",0,13.5,15.6765,65.12
5,"2024-05-17 13:00:00+00:00",0,14,15.435,65.12
5,"2024-05-17 13:30:00+00:00",0,14.5,14.2275,65.12
5,"2024-05-17 14:00:00+00:00",0,15,15.456,65.12
5,"2024-05-17 14:30:00+00:00",0,15.5,16.422,65.12
5,"2024-05-17 15:00:00+00:00",0,16,29.589,65.12
5,"2024-05-17 15:30:00+00:00",0,16.5,29.6835,65.12
5,"2024-05-17 16:00:00+00:00",0,17,29.7675,65.12
5,"2024-05-17 16:30:00+00:00",0,17.5,31.836,65.12
5,"2024-05-17 17:00:00+00:00",0,18,33.096,65.12
5,"2024-05-17 17:30:00+00:00",0,18.5,34.062,65.12
5,"2024-05-17 18:00:00+00:00",0,19,23.961,65.12
5,"2024-05-17 18:30:00+00:00",0,19.5,23.478,65.12
5,"2024-05-17 19:00:00+00:00",0,20,22.218,65.12
5,"2024-05-17 19:30:00+00:00",0,20.5,20.5275,65.12
5,"2024-05-17 20:00:00+00:00",0,21,20.769,65.12
5,"2024-05-17 20:30:00+00:00",0,21.5,18.7635,65.12
5,"2024-05-17 21:00:00+00:00",0,22,18.0915,65.12
5,"2024-05-17 21:30:00+00:00",0,22.5,18.0915,65.12
5,"2024-05-17 22:00:00+00:00",0,23,20.5275,65.12
5,"2024-05-17 22:30:00+00:00",0,23.5,20.286,65.12
5,"2024-05-17 23:00:00+00:00",0,0,18.354,65.12
5,"2024-05-17 23:30:00+00:00",0,0.5,16.905,65.12
5,"2024-05-18 00:00:00+00:00",1,1,15.6975,65.12
5,"2024-05-18 00:30:00+00:00",1,1.5,15.939,65.12
5,"2024-05-18 01:00:00+00:00",1,2,15.456,65.12
5,"2024-05-18 01:30:00+00:00",1,2.5,13.776,65.12
5,"2024-05-18 02:00:00+00:00",1,3,14.973,65.12
5,"2024-05-18 02:30:00+00:00",1,3.5,14.49,65.12
5,"2024-05-18 03:00:00+00:00",1,4,14.7315,65.12
5,"2024-05-18 03:30:00+00:00",1,4.5,14.616,65.12
5,"2024-05-18 04:00:00+00:00",1,5,13.7655,65.12
5,"2024-05-18 04:30:00+00:00",1,5.5,13.7655,65.12
5,"2024-05-18 05:00:00+00:00",1,6,14.49,65.12
5,"2024-05-18 05:30:00+00:00",1,6.5,15.2145,65.12
5,"2024-05-18 06:00:00+00:00",1,7,14.7315,65.12
5,"2024-05-18 06:30:00+00:00",1,7.5,16.569,65.12
5,"2024-05-18 07:00:00+00:00",1,8,20.3385,65.12
5,"2024-05-18 07:30:00+00:00",1,8.5,21.8295,65.12
5,"2024-05-18 08:00:00+00:00",1,9,21.8295,65.12
5,"2024-05-18 08:30:00+00:00",1,9.5,21.6405,65.12
5,"2024-05-18 09:00:00+00:00",1,10,22.029,65.12
5,"2024-05-18 09:30:00+00:00",1,10.5,21.063,65.12
5,"2024-05-18 10:00:00+00:00",1,11,18.711,65.12
5,"2024-05-18 10:30:00+00:00",1,11.5,18.5745,65.12
5,"2024-05-18 11:00:00+00:00",1,12,17.4615,65.12
5,"2024-05-18 11:30:00+00:00",1,12.5,16.569,65.12
5,"2024-05-18 12:00:00+00:00",1,13,16.296,65.12
5,"2024-05-18 12:30:00+00:00",1,13.5,15.099,65.12
5,"2024-05-18 13:00:00+00:00",1,14,14.8995,65.12
5,"2024-05-18 13:30:00+00:00",1,14.5,14.637,65.12
5,"2024-05-18 14:00:00+00:00",1,15,14.4375,65.12
5,"2024-05-18 14:30:00+00:00",1,15.5,15.0465,65.12
5,"2024-05-18 15:00:00+00:00",1,16,26.04,65.12
5,"2024-05-18 15:30:00+00:00",1,16.5,25.431,65.12
5,"2024-05-18 16:00:00+00:00",1,17,28.3605,65.12
5,"2024-05-18 16:30:00+00:00",1,17.5,27.972,65.12
5,"2024-05-18 17:00:00+00:00",1,18,29.421,65.12
5,"2024-05-18 17:30:00+00:00",1,18.5,30.87,65.12
5,"2024-05-18 18:00:00+00:00",1,19,22.218,65.12
5,"2024-05-18 18:30:00+00:00",1,19.5,21.735,65.12
5,"2024-05-18 19:00:00+00:00",1,20,21.8295,65.12
5,"2024-05-18 19:30:00+00:00",1,20.5,21.6405,65.12
5,"2024-05-18 20:00:00+00:00",1,21,20.139,65.12
5,"2024-05-18 20:30:00+00:00",1,21.5,19.32,65.12
5,"2024-05-18 21:00:00+00:00",1,22,18.2805,65.12
5,"2024-05-18 21:30:00+00:00",1,22.5,17.1465,65.12
5,"2024-05-18 22:00:00+00:00",1,23,20.286,65.12
5,"2024-05-18 22:30:00+00:00",1,23.5,20.475,65.12
5,"2024-05-18 23:00:00+00:00",1,0,18.4065,65.12
5,"2024-05-18 23:30:00+00:00",1,0.5,18.585,65.12
5,"2024-05-19 00:00:00+00:00",1,1,18.1125,65.12
5,"2024-05-19 00:30:00+00:00",1,1.5,17.997,65.12
5,"2024-05-19 01:00:00+00:00",1,2,17.1675,65.12
5,"2024-05-19 01:30:00+00:00",1,2.5,17.2305,65.12
5,"2024-05-19 02:00:00+00:00",1,3,17.388,65.12
5,"2024-05-19 02:30:00+00:00",1,3.5,17.871,65.12
5,"2024-05-19 03:00:00+00:00",1,4,18.837,65.12
5,"2024-05-19 03:30:00+00:00",1,4.5,17.85,65.12
5,"2024-05-19 04:00:00+00:00",1,5,15.939,65.12
5,"2024-05-19 04:30:00+00:00",1,5.5,15.75,65.12
5,"2024-05-19 05:00:00+00:00",1,6,15.939,65.12
5,"2024-05-19 05:30:00+00:00",1,6.5,15.939,65.12
5,"2024-05-19 06:00:00+00:00",1,7,16.6425,65.12
5,"2024-05-19 06:30:00+00:00",1,7.5,17.1675,65.12
5,"2024-05-19 07:00:00+00:00",1,8,18.8895,65.12
5,"2024-05-19 07:30:00+00:00",1,8.5,18.522,65.12
5,"2024-05-19 08:00:00+00:00",1,9,18.2595,65.12
5,"2024-05-19 08:30:00+00:00",1,9.5,16.779,65.12
5,"2024-05-19 09:00:00+00:00",1,10,16.737,65.12
5,"2024-05-19 09:30:00+00:00",1,10.5,16.674,65.12
5,"2024-05-19 10:00:00+00:00",1,11,14.2485,65.12
5,"2024-05-19 10:30:00+00:00",1,11.5,14.2485,65.12
5,"2024-05-19 11:00:00+00:00",1,12,14.2485,65.12
5,"2024-05-19 11:30:00+00:00",1,12.5,14.49,65.12
5,"2024-05-19 12:00:00+00:00",1,13,14.2485,65.12
5,"2024-05-19 12:30:00+00:00",1,13.5,14.007,65.12
5,"2024-05-19 13:00:00+00:00",1,14,14.007,65.12
5,"2024-05-19 13:30:00+00:00",1,14.5,14.2485,65.12
5,"2024-05-19 14:00:00+00:00",1,15,14.4375,65.12
5,"2024-05-19 14:30:00+00:00",1,15.5,15.456,65.12
5,"2024-05-19 15:00:00+00:00",1,16,27.2475,65.12
5,"2024-05-19 15:30:00+00:00",1,16.5,27.783,65.12
5,"2024-05-19 16:00:00+00:00",1,17,28.2135,65.12
5,"2024-05-19 16:30:00+00:00",1,17.5,27.8145,65.12
5,"2024-05-19 17:00:00+00:00",1,18,29.9775,65.12
5,"2024-05-19 17:30:00+00:00",1,18.5,32.319,65.12
5,"2024-05-19 18:00:00+00:00",1,19,22.575,65.12
5,"2024-05-19 18:30:00+00:00",1,19.5,21.735,65.12
5,"2024-05-19 19:00:00+00:00",1,20,24.15,65.12
5,"2024-05-19 19:30:00+00:00",1,20.5,23.5725,65.12
5,"2024-05-19 20:00:00+00:00",1,21,23.5725,65.12
5,"2024-05-19 20:30:00+00:00",1,21.5,22.218,65.12
5,"2024-05-19 21:00:00+00:00",1,22,21.126,65.12
5,"2024-05-19 21:30:00+00:00",1,22.5,16.716,65.12
5,"2024-05-19 22:00:00+00:00",1,23,21.252,65.12
5,"2024-05-19 22:30:00+00:00",1,23.5,19.32,65.12
5,"2024-05-19 23:00:00+00:00",1,0,18.354,65.12
5,"2024-05-19 23:30:00+00:00",1,0.5,17.3145,65.12
5,"2024-05-20 00:00:00+00:00",0,1,16.422,65.12
5,"2024-05-20 00:30:00+00:00",0,1.5,16.2015,65.12
5,"2024-05-20 01:00:00+00:00",0,2,16.8105,65.12
5,"2024-05-20 01:30:00+00:00",0,2.5,15.8865,65.12
5,"2024-05-20 02:00:00+00:00",0,3,16.422,65.12
5,"2024-05-20 02:30:00+00:00",0,3.5,15.939,65.12
5,"2024-05-20 03:00:00+00:00",0,4,17.871,65.12
5,"2024-05-20 03:30:00+00:00",0,4.5,17.514,65.12
5,"2024-05-20 04:00:00+00:00",0,5,16.422,65.12
5,"2024-05-20 04:30:00+00:00",0,5.5,18.354,65.12
5,"2024-05-20 05:00:00+00:00",0,6,20.286,65.12
5,"2024-05-20 05:30:00+00:00",0,6.5,21.882,65.12
5,"2024-05-20 06:00:00+00:00",0,7,21.735,65.12
5,"2024-05-20 06:30:00+00:00",0,7.5,23.9085,65.12
5,"2024-05-20 07:00:00+00:00",0,8,23.7615,65.12
5,"2024-05-20 07:30:00+00:00",0,8.5,22.533,65.12
5,"2024-05-20 08:00:00+00:00",0,9,22.9635,65.12
5,"2024-05-20 08:30:00+00:00",0,9.5,21.441,65.12
5,"2024-05-20 09:00:00+00:00",0,10,19.3935,65.12
5,"2024-05-20 09:30:00+00:00",0,10.5,18.1125,65.12
5,"2024-05-20 10:00:00+00:00",0,11,16.905,65.12
5,"2024-05-20 10:30:00+00:00",0,11.5,16.065,65.12
5,"2024-05-20 11:00:00+00:00",0,12,15.6975,65.12
5,"2024-05-20 11:30:00+00:00",0,12.5,15.267,65.12
5,"2024-05-20 12:00:00+00:00",0,13,15.4035,65.12
5,"2024-05-20 12:30:00+00:00",0,13.5,15.267,65.12
5,"2024-05-20 13:00:00+00:00",0,14,15.267,65.12
5,"2024-05-20 13:30:00+00:00",0,14.5,15.267,65.12
5,"2024-05-20 14:00:00+00:00",0,15,14.7315,65.12
5,"2024-05-20 14:30:00+00:00",0,15.5,15.5505,65.12
5,"2024-05-20 15:00:00+00:00",0,16,27.489,65.12
5,"2024-05-20 15:30:00+00:00",0,16.5,28.2135,65.12
5,"2024-05-20 16:00:00+00:00",0,17,28.917,65.12
5,"2024-05-20 16:30:00+00:00",0,17.5,28.455,65.12
5,"2024-05-20 17:00:00+00:00",0,18,32.8755,65.12
5,"2024-05-20 17:30:00+00:00",0,18.5,34.1565,65.12
5,"2024-05-20 18:00:00+00:00",0,19,24.633,65.12
5,"2024-05-20 18:30:00+00:00",0,19.5,24.486,65.12
5,"2024-05-20 19:00:00+00:00",0,20,23.4255,65.12
5,"2024-05-20 19:30:00+00:00",0,20.5,22.6275,65.12
5,"2024-05-20 20:00:00+00:00",0,21,21.735,65.12
5,"2024-05-20 20:30:00+00:00",0,21.5,19.614,65.12
5,"2024-05-20 21:00:00+00:00",0,22,18.06,65.12
5,"2024-05-20 21:30:00+00:00",0,22.5,16.905,65.12
5,"2024-05-20 22:00:00+00:00",0,23,16.9785,65.12
5,"2024-05-20 22:30:00+00:00",0,23.5,16.9785,65.12
5,"2024-05-20 23:00:00+00:00",0,0,16.4955,65.12
5,"2024-05-20 23:30:00+00:00",0,0.5,15.939,65.12
5,"2024-05-21 00:00:00+00:00",0,1,16.3485,65.12
5,"2024-05-21 00:30:00+00:00",0,1.5,16.2015,65.12
5,"2024-05-21 01:00:00+00:00",0,2,16.317,65.12
5,"2024-05-21 01:30:00+00:00",0,2.5,16.1805,65.12
5,"2024-05-21 02:00:00+00:00",0,3,16.1805,65.12
5,"2024-05-21 02:30:00+00:00",0,3.5,16.1805,65.12
5,"2024-05-21 03:00:00+00:00",0,4,16.548,65.12
5,"2024-05-21 03:30:00+00:00",0,4.5,15.939,65.12
5,"2024-05-21 04:00:00+00:00",0,5,16.758,65.12
5,"2024-05-21 04:30:00+00:00",0,5.5,18.2595,65.12
5,"2024-05-21 05:00:00+00:00",0,6,20.769,65.12
5,"2024-05-21 05:30:00+00:00",0,6.5,23.184,65.12
5,"2024-05-21 06:00:00+00:00",0,7,20.286,65.12
5,"2024-05-21 06:30:00+00:00",0,7.5,23.2575,65.12
5,"2024-05-21 07:00:00+00:00",0,8,21.882,65.12
5,"2024-05-21 07:30:00+00:00",0,8.5,21.441,65.12
5,"2024-05-21 08:00:00+00:00",0,9,22.092,65.12
5,"2024-05-21 08:30:00+00:00",0,9.5,21.0105,65.12
5,"2024-05-21 09:00:00+00:00",0,10,20.9895,65.12
5,"2024-05-21 09:30:00+00:00",0,10.5,20.097,65.12
5,"2024-05-21 10:00:00+00:00",0,11,19.7505,65.12
5,"2024-05-21 10:30:00+00:00",0,11.5,19.2675,65.12
5,"2024-05-21 11:00:00+00:00",0,12,19.8765,65.12
5,"2024-05-21 11:30:00+00:00",0,12.5,19.0785,65.12
5,"2024-05-21 12:00:00+00:00",0,13,19.803,65.12
5,"2024-05-21 12:30:00+00:00",0,13.5,18.1125,65.12
5,"2024-05-21 13:00:00+00:00",0,14,17.1465,65.12
5,"2024-05-21 13:30:00+00:00",0,14.5,16.9995,65.12
5,"2024-05-21 14:00:00+00:00",0,15,16.905,65.12
5,"2024-05-21 14:30:00+00:00",0,15.5,17.199,65.12
5,"2024-05-21 15:00:00+00:00",0,16,29.1795,65.12
5,"2024-05-21 15:30:00+00:00",0,16.5,31.353,65.12
5,"2024-05-21 16:00:00+00:00",0,17,33.936,65.12
5,"2024-05-21 16:30:00+00:00",0,17.5,35.217,65.12
5,"2024-05-21 17:00:00+00:00",0,18,34.86,65.12
5,"2024-05-21 17:30:00+00:00",0,18.5,34.86,65.12
5,"2024-05-21 18:00:00+00:00",0,19,22.9425,65.12
5,"2024-05-21 18:30:00+00:00",0,19.5,22.4595,65.12
5,"2024-05-21 19:00:00+00:00",0,20,22.701,65.12
5,"2024-05-21 19:30:00+00:00",0,20.5,22.218,65.12
5,"2024-05-21 20:00:00+00:00",0,21,22.701,65.12
5,"2024-05-21 20:30:00+00:00",0,21.5,20.2125,65.12
5,"2024-05-21 21:00:00+00:00",0,22,20.286,65.12
5,"2024-05-21 21:30:00+00:00",0,22.5,18.921,65.12
5,"2024-05-21 22:00:00+00:00",0,23,20.769,65.12
5,"2024-05-21 22:30:00+00:00",0,23.5,21.6405,65.12
5,"2024-05-21 23:00:00+00:00",0,0,19.2465,65.12
5,"2024-05-21 23:30:00+00:00",0,0.5,18.2805,65.12
5,"2024-05-22 00:00:00+00:00",0,1,17.4615,65.12
5,"2024-05-22 00:30:00+00:00",0,1.5,16.4955,65.12
5,"2024-05-22 01:00:00+00:00",0,2,16.065,65.12
5,"2024-05-22 01:30:00+00:00",0,2.5,15.2145,65.12
5,"2024-05-22 02:00:00+00:00",0,3,15.2145,65.12
5,"2024-05-22 02:30:00+00:00",0,3.5,15.2145,65.12
5,"2024-05-22 03:00:00+00:00",0,4,15.2145,65.12
5,"2024-05-22 03:30:00+00:00",0,4.5,15.2145,65.12
5,"2024-05-22 04:00:00+00:00",0,5,15.2145,65.12
5,"2024-05-22 04:30:00+00:00",0,5.5,15.645,65.12
5,"2024-05-22 05:00:00+00:00",0,6,19.32,65.12
5,"2024-05-22 05:30:00+00:00",0,6.5,22.701,65.12
5,"2024-05-22 06:00:00+00:00",0,7,20.7165,65.12
5,"2024-05-22 06:30:00+00:00",0,7.5,23.835,65.12
5,"2024-05-22 07:00:00+00:00",0,8,23.9085,65.12
5,"2024-05-22 07:30:00+00:00",0,8.5,23.5305,65.12
5,"2024-05-22 08:00:00+00:00",0,9,24.15,65.12
5,"2024-05-22 08:30:00+00:00",0,9.5,23.184,65.12
5,"2024-05-22 09:00:00+00:00",0,10,22.407,65.12
5,"2024-05-22 09:30:00+00:00",0,10.5,20.895,65.12
5,"2024-05-22 10:00:00+00:00",0,11,19.32,65.12
5,"2024-05-22 10:30:00+00:00",0,11.5,19.32,65.12
5,"2024-05-22 11:00:00+00:00",0,12,18.984,65.12
5,"2024-05-22 11:30:00+00:00",0,12.5,19.0785,65.12
5,"2024-05-22 12:00:00+00:00",0,13,19.803,65.12
5,"2024-05-22 12:30:00+00:00",0,13.5,19.5615,65.12
5,"2024-05-22 13:00:00+00:00",0,14,16.905,65.12
5,"2024-05-22 13:30:00+00:00",0,14.5,15.6975,65.12
5,"2024-05-22 14:00:00+00:00",0,15,15.456,65.12
5,"2024-05-22 14:30:00+00:00",0,15.5,16.065,65.12
5,"2024-05-22 15:00:00+00:00",0,16,26.2815,65.12
5,"2024-05-22 15:30:00+00:00",0,16.5,27.363,65.12
5,"2024-05-22 16:00:00+00:00",0,17,30.408,65.12
5,"2024-05-22 16:30:00+00:00",0,17.5,30.87,65.12
5,"2024-05-22 17:00:00+00:00",0,18,30.87,65.12
5,"2024-05-22 17:30:00+00:00",0,18.5,29.6625,65.12
5,"2024-05-22 18:00:00+00:00",0,19,20.1915,65.12
5,"2024-05-22 18:30:00+00:00",0,19.5,18.9525,65.12
5,"2024-05-22 19:00:00+00:00",0,20,17.577,65.12
5,"2024-05-22 19:30:00+00:00",0,20.5,16.905,65.12
5,"2024-05-22 20:00:00+00:00",0,21,16.9785,65.12
5,"2024-05-22 20:30:00+00:00",0,21.5,16.9575,65.12
5,"2024-05-22 21:00:00+00:00",0,22,15.0465,65.12
5,"2024-05-22 21:30:00+00:00",0,22.5,14.49,65.12
5,"2024-05-22 22:00:00+00:00",0,23,13.2615,65.12
5,"2024-05-22 22:30:00+00:00",0,23.5,9.1455,65.12
5,"2024-05-22 23:00:00+00:00",0,0,8.358,65.12
5,"2024-05-22 23:30:00+00:00",0,0.5,6.762,65.12
5,"2024-05-23 00:00:00+00:00",0,1,7.0035,65.12
5,"2024-05-23 00:30:00+00:00",0,1.5,7.077,65.12
5,"2024-05-23 01:00:00+00:00",0,2,5.8905,65.12
5,"2024-05-23 01:30:00+00:00",0,2.5,5.922,65.12
5,"2024-05-23 02:00:00+00:00",0,3,4.956,65.12
5,"2024-05-23 02:30:00+00:00",0,3.5,5.0715,65.12
5,"2024-05-23 03:00:00+00:00",0,4,4.83,65.12
5,"2024-05-23 03:30:00+00:00",0,4.5,4.1055,65.12
5,"2024-05-23 04:00:00+00:00",0,5,7.4865,65.12
5,"2024-05-23 04:30:00+00:00",0,5.5,9.66,65.12
5,"2024-05-23 05:00:00+00:00",0,6,14.4375,65.12
5,"2024-05-23 05:30:00+00:00",0,6.5,18.837,65.12
5,"2024-05-23 06:00:00+00:00",0,7,16.1805,65.12
5,"2024-05-23 06:30:00+00:00",0,7.5,20.5275,65.12
5,"2024-05-23 07:00:00+00:00",0,8,17.388,65.12
5,"2024-05-23 07:30:00+00:00",0,8.5,17.1465,65.12
5,"2024-05-23 08:00:00+00:00",0,9,17.871,65.12
5,"2024-05-23 08:30:00+00:00",0,9.5,17.577,65.12
5,"2024-05-23 09:00:00+00:00",0,10,17.388,65.12
5,"2024-05-23 09:30:00+00:00",0,10.5,17.052,65.12
5,"2024-05-23 10:00:00+00:00",0,11,17.388,65.12
5,"2024-05-23 10:30:00+00:00",0,11.5,17.388,65.12
5,"2024-05-23 11:00:00+00:00",0,12,17.892,65.12
5,"2024-05-23 11:30:00+00:00",0,12.5,17.7765,65.12
5,"2024-05-23 12:00:00+00:00",0,13,17.388,65.12
5,"2024-05-23 12:30:00+00:00",0,13.5,17.1465,65.12
5,"2024-05-23 13:00:00+00:00",0,14,16.422,65.12
5,"2024-05-23 13:30:00+00:00",0,14.5,16.9995,65.12
5,"2024-05-23 14:00:00+00:00",0,15,16.905,65.12
5,"2024-05-23 14:30:00+00:00",0,15.5,16.905,65.12
5,"2024-05-23 15:00:00+00:00",0,16,29.3685,65.12
5,"2024-05-23 15:30:00+00:00",0,16.5,29.0115,65.12
5,"2024-05-23 16:00:00+00:00",0,17,30.534,65.12
5,"2024-05-23 16:30:00+00:00",0,17.5,30.891,65.12
5,"2024-05-23 17:00:00+00:00",0,18,32.2665,65.12
5,"2024-05-23 17:30:00+00:00",0,18.5,32.802,65.12
5,"2024-05-23 18:00:00+00:00",0,19,22.575,65.12
5,"2024-05-23 18:30:00+00:00",0,19.5,22.8375,65.12
5,"2024-05-23 19:00:00+00:00",0,20,22.575,65.12
5,"2024-05-23 19:30:00+00:00",0,20.5,22.575,65.12
5,"2024-05-23 20:00:00+00:00",0,21,22.7955,65.12
5,"2024-05-23 20:30:00+00:00",0,21.5,21.7875,65.12
5,"2024-05-23 21:00:00+00:00",0,22,20.475,65.12
5,"2024-05-23 21:30:00+00:00",0,22.5,17.262,65.12
5,"2024-05-23 22:00:00+00:00",0,23,21.609,65.12
5,"2024-05-23 22:30:00+00:00",0,23.5,19.32,65.12
5,"2024-05-23 23:00:00+00:00",0,0,19.32,65.12
5,"2024-05-23 23:30:00+00:00",0,0.5,18.837,65.12
5,"2024-05-24 00:00:00+00:00",0,1,18.9105,65.12
5,"2024-05-24 00:30:00+00:00",0,1.5,19.32,65.12
5,"2024-05-24 01:00:00+00:00",0,2,19.32,65.12
5,"2024-05-24 01:30:00+00:00",0,2.5,19.32,65.12
5,"2024-05-24 02:00:00+00:00",0,3,19.2465,65.12
5,"2024-05-24 02:30:00+00:00",0,3.5,18.669,65.12
5,"2024-05-24 03:00:00+00:00",0,4,19.32,65.12
5,"2024-05-24 03:30:00+00:00",0,4.5,18.5955,65.12
5,"2024-05-24 04:00:00+00:00",0,5,20.286,65.12
5,"2024-05-24 04:30:00+00:00",0,5.5,19.32,65.12
5,"2024-05-24 05:00:00+00:00",0,6,22.848,65.12
5,"2024-05-24 05:30:00+00:00",0,6.5,24.5385,65.12
5,"2024-05-24 06:00:00+00:00",0,7,22.218,65.12
5,"2024-05-24 06:30:00+00:00",0,7.5,24.3915,65.12
5,"2024-05-24 07:00:00+00:00",0,8,22.827,65.12
5,"2024-05-24 07:30:00+00:00",0,8.5,23.478,65.12
5,"2024-05-24 08:00:00+00:00",0,9,23.961,65.12
5,"2024-05-24 08:30:00+00:00",0,9.5,22.722,65.12
5,"2024-05-24 09:00:00+00:00",0,10,22.386,65.12
5,"2024-05-24 09:30:00+00:00",0,10.5,21.252,65.12
5,"2024-05-24 10:00:00+00:00",0,11,21.252,65.12
5,"2024-05-24 10:30:00+00:00",0,11.5,21.21,65.12
5,"2024-05-24 11:00:00+00:00",0,12,21.6405,65.12
5,"2024-05-24 11:30:00+00:00",0,12.5,20.5485,65.12
5,"2024-05-24 12:00:00+00:00",0,13,18.1125,65.12
5,"2024-05-24 12:30:00+00:00",0,13.5,17.3145,65.12
5,"2024-05-24 13:00:00+00:00",0,14,17.3355,65.12
5,"2024-05-24 13:30:00+00:00",0,14.5,16.905,65.12
5,"2024-05-24 14:00:00+00:00",0,15,17.3355,65.12
5,"2024-05-24 14:30:00+00:00",0,15.5,17.388,65.12
5,"2024-05-24 15:00:00+00:00",0,16,29.3685,65.12
5,"2024-05-24 15:30:00+00:00",0,16.5,31.7625,65.12
5,"2024-05-24 16:00:00+00:00",0,17,33.4215,65.12
5,"2024-05-24 16:30:00+00:00",0,17.5,35.7,65.12
5,"2024-05-24 17:00:00+00:00",0,18,36.8235,65.12
5,"2024-05-24 17:30:00+00:00",0,18.5,37.0545,65.12
5,"2024-05-24 18:00:00+00:00",0,19,25.3575,65.12
5,"2024-05-24 18:30:00+00:00",0,19.5,24.3915,65.12
5,"2024-05-24 19:00:00+00:00",0,20,24.78,65.12
5,"2024-05-24 19:30:00+00:00",0,20.5,24.003,65.12
5,"2024-05-24 20:00:00+00:00",0,21,22.827,65.12
5,"2024-05-24 20:30:00+00:00",0,21.5,21.252,65.12
5,"2024-05-24 21:00:00+00:00",0,22,20.769,65.12
5,"2024-05-24 21:30:00+00:00",0,22.5,20.286,65.12
5,"2024-05-24 22:00:00+00:00",0,23,20.097,65.12
5,"2024-05-24 22:30:00+00:00",0,23.5,21.1575,65.12
5,"2024-05-24 23:00:00+00:00",0,0,21.252,65.12
5,"2024-05-24 23:30:00+00:00",0,0.5,20.8215,65.12
5,"2024-05-25 00:00:00+00:00",1,1,20.6745,65.12
5,"2024-05-25 00:30:00+00:00",1,1.5,20.2335,65.12
5,"2024-05-25 01:00:00+00:00",1,2,20.769,65.12
5,"2024-05-25 01:30:00+00:00",1,2.5,19.971,65.12
5,"2024-05-25 02:00:00+00:00",1,3,17.871,65.12
5,"2024-05-25 02:30:00+00:00",1,3.5,17.871,65.12
5,"2024-05-25 03:00:00+00:00",1,4,18.1125,65.12
5,"2024-05-25 03:30:00+00:00",1,4.5,17.871,65.12
5,"2024-05-25 04:00:00+00:00",1,5,17.871,65.12
5,"2024-05-25 04:30:00+00:00",1,5.5,18.1125,65.12
5,"2024-05-25 05:00:00+00:00",1,6,18.5955,65.12
5,"2024-05-25 05:30:00+00:00",1,6.5,19.194,65.12
5,"2024-05-25 06:00:00+00:00",1,7,19.488,65.12
5,"2024-05-25 06:30:00+00:00",1,7.5,21.168,65.12
5,"2024-05-25 07:00:00+00:00",1,8,21.735,65.12
5,"2024-05-25 07:30:00+00:00",1,8.5,21.6405,65.12
5,"2024-05-25 08:00:00+00:00",1,9,20.2335,65.12
5,"2024-05-25 08:30:00+00:00",1,9.5,18.984,65.12
5,"2024-05-25 09:00:00+00:00",1,10,17.997,65.12
5,"2024-05-25 09:30:00+00:00",1,10.5,17.514,65.12
5,"2024-05-25 10:00:00+00:00",1,11,16.905,65.12
5,"2024-05-25 10:30:00+00:00",1,11.5,15.939,65.12
5,"2024-05-25 11:00:00+00:00",1,12,15.456,65.12
5,"2024-05-25 11:30:00+00:00",1,12.5,15.456,65.12
5,"2024-05-25 12:00:00+00:00",1,13,14.973,65.12
5,"2024-05-25 12:30:00+00:00",1,13.5,14.49,65.12
5,"2024-05-25 13:00:00+00:00",1,14,13.524,65.12
5,"2024-05-25 13:30:00+00:00",1,14.5,13.335,65.12
5,"2024-05-25 14:00:00+00:00",1,15,14.2485,65.12
5,"2024-05-25 14:30:00+00:00",1,15.5,14.973,65.12
5,"2024-05-25 15:00:00+00:00",1,16,26.523,65.12
5,"2024-05-25 15:30:00+00:00",1,16.5,27.846,65.12
5,"2024-05-25 16:00:00+00:00",1,17,29.064,65.12
5,"2024-05-25 16:30:00+00:00",1,17.5,28.8855,65.12
5,"2024-05-25 17:00:00+00:00",1,18,32.445,65.12
5,"2024-05-25 17:30:00+00:00",1,18.5,33.285,65.12
5,"2024-05-25 18:00:00+00:00",1,19,24.171,65.12
5,"2024-05-25 18:30:00+00:00",1,19.5,23.184,65.12
5,"2024-05-25 19:00:00+00:00",1,20,24.339,65.12
5,"2024-05-25 19:30:00+00:00",1,20.5,22.6065,65.12
5,"2024-05-25 20:00:00+00:00",1,21,23.205,65.12
5,"2024-05-25 20:30:00+00:00",1,21.5,21.9765,65.12
5,"2024-05-25 21:00:00+00:00",1,22,20.769,65.12
5,"2024-05-25 21:30:00+00:00",1,22.5,20.1915,65.12
5,"2024-05-25 22:00:00+00:00",1,23,19.551,65.12
5,"2024-05-25 22:30:00+00:00",1,23.5,21.0105,65.12
5,"2024-05-25 23:00:00+00:00",1,0,20.286,65.12
5,"2024-05-25 23:30:00+00:00",1,0.5,20.1915,65.12
5,"2024-05-26 00:00:00+00:00",1,1,19.0575,65.12
5,"2024-05-26 00:30:00+00:00",1,1.5,19.005,65.12
5,"2024-05-26 01:00:00+00:00",1,2,20.475,65.12
5,"2024-05-26 01:30:00+00:00",1,2.5,18.7845,65.12
5,"2024-05-26 02:00:00+00:00",1,3,18.711,65.12
5,"2024-05-26 02:30:00+00:00",1,3.5,18.711,65.12
5,"2024-05-26 03:00:00+00:00",1,4,17.7765,65.12
5,"2024-05-26 03:30:00+00:00",1,4.5,17.199,65.12
5,"2024-05-26 04:00:00+00:00",1,5,15.771,65.12
5,"2024-05-26 04:30:00+00:00",1,5.5,14.973,65.12
5,"2024-05-26 05:00:00+00:00",1,6,15.939,65.12
5,"2024-05-26 05:30:00+00:00",1,6.5,16.275,65.12
5,"2024-05-26 06:00:00+00:00",1,7,16.422,65.12
5,"2024-05-26 06:30:00+00:00",1,7.5,19.0785,65.12
5,"2024-05-26 07:00:00+00:00",1,8,17.388,65.12
5,"2024-05-26 07:30:00+00:00",1,8.5,19.0785,65.12
5,"2024-05-26 08:00:00+00:00",1,9,20.0445,65.12
5,"2024-05-26 08:30:00+00:00",1,9.5,20.769,65.12
5,"2024-05-26 09:00:00+00:00",1,10,20.769,65.12
5,"2024-05-26 09:30:00+00:00",1,10.5,20.097,65.12
5,"2024-05-26 10:00:00+00:00",1,11,19.0575,65.12
5,"2024-05-26 10:30:00+00:00",1,11.5,19.299,65.12
5,"2024-05-26 11:00:00+00:00",1,12,17.388,65.12
5,"2024-05-26 11:30:00+00:00",1,12.5,16.1595,65.12
5,"2024-05-26 12:00:00+00:00",1,13,13.86,65.12
5,"2024-05-26 12:30:00+00:00",1,13.5,12.3165,65.12
5,"2024-05-26 13:00:00+00:00",1,14,10.7205,65.12
5,"2024-05-26 13:30:00+00:00",1,14.5,11.592,65.12
5,"2024-05-26 14:00:00+00:00",1,15,13.2825,65.12
5,"2024-05-26 14:30:00+00:00",1,15.5,14.805,65.12
5,"2024-05-26 15:00:00+00:00",1,16,26.5755,65.12
5,"2024-05-26 15:30:00+00:00",1,16.5,27.972,65.12
5,"2024-05-26 16:00:00+00:00",1,17,28.938,65.12
5,"2024-05-26 16:30:00+00:00",1,17.5,30.387,65.12
5,"2024-05-26 17:00:00+00:00",1,18,31.857,65.12
5,"2024-05-26 17:30:00+00:00",1,18.5,32.7495,65.12
5,"2024-05-26 18:00:00+00:00",1,19,23.184,65.12
5,"2024-05-26 18:30:00+00:00",1,19.5,21.9765,65.12
5,"2024-05-26 19:00:00+00:00",1,20,22.9425,65.12
5,"2024-05-26 19:30:00+00:00",1,20.5,21.735,65.12
5,"2024-05-26 20:00:00+00:00",1,21,22.764,65.12
5,"2024-05-26 20:30:00+00:00",1,21.5,21.3045,65.12
5,"2024-05-26 21:00:00+00:00",1,22,18.5955,65.12
5,"2024-05-26 21:30:00+00:00",1,22.5,17.0835,65.12
5,"2024-05-26 22:00:00+00:00",1,23,16.233,65.12
5,"2024-05-26 22:30:00+00:00",1,23.5,12.768,65.12
5,"2024-05-26 23:00:00+00:00",1,0,14.301,65.12
5,"2024-05-26 23:30:00+00:00",1,0.5,14.1855,65.12
5,"2024-05-27 00:00:00+00:00",0,1,12.747,65.12
5,"2024-05-27 00:30:00+00:00",0,1.5,15.2145,65.12
5,"2024-05-27 01:00:00+00:00",0,2,14.1435,65.12
5,"2024-05-27 01:30:00+00:00",0,2.5,13.839,65.12
5,"2024-05-27 02:00:00+00:00",0,3,15.7185,65.12
5,"2024-05-27 02:30:00+00:00",0,3.5,15.2145,65.12
5,"2024-05-27 03:00:00+00:00",0,4,16.3695,65.12
5,"2024-05-27 03:30:00+00:00",0,4.5,14.511,65.12
5,"2024-05-27 04:00:00+00:00",0,5,18.228,65.12
5,"2024-05-27 04:30:00+00:00",0,5.5,18.354,65.12
5,"2024-05-27 05:00:00+00:00",0,6,21.6405,65.12
5,"2024-05-27 05:30:00+00:00",0,6.5,23.667,65.12
5,"2024-05-27 06:00:00+00:00",0,7,20.832,65.12
5,"2024-05-27 06:30:00+00:00",0,7.5,22.407,65.12
5,"2024-05-27 07:00:00+00:00",0,8,18.7635,65.12
5,"2024-05-27 07:30:00+00:00",0,8.5,20.433,65.12
5,"2024-05-27 08:00:00+00:00",0,9,17.388,65.12
5,"2024-05-27 08:30:00+00:00",0,9.5,17.6295,65.12
5,"2024-05-27 09:00:00+00:00",0,10,17.6295,65.12
5,"2024-05-27 09:30:00+00:00",0,10.5,16.6635,65.12
5,"2024-05-27 10:00:00+00:00",0,11,17.7765,65.12
5,"2024-05-27 10:30:00+00:00",0,11.5,17.4825,65.12
5,"2024-05-27 11:00:00+00:00",0,12,17.4615,65.12
5,"2024-05-27 11:30:00+00:00",0,12.5,16.4745,65.12
5,"2024-05-27 12:00:00+00:00",0,13,15.7185,65.12
5,"2024-05-27 12:30:00+00:00",0,13.5,15.477,65.12
5,"2024-05-27 13:00:00+00:00",0,14,15.5505,65.12
5,"2024-05-27 13:30:00+00:00",0,14.5,15.4035,65.12
5,"2024-05-27 14:00:00+00:00",0,15,15.939,65.12
5,"2024-05-27 14:30:00+00:00",0,15.5,15.2145,65.12
5,"2024-05-27 15:00:00+00:00",0,16,30.093,65.12
5,"2024-05-27 15:30:00+00:00",0,16.5,30.6285,65.12
5,"2024-05-27 16:00:00+00:00",0,17,32.97,65.12
5,"2024-05-27 16:30:00+00:00",0,17.5,34.4925,65.12
5,"2024-05-27 17:00:00+00:00",0,18,36.2775,65.12
5,"2024-05-27 17:30:00+00:00",0,18.5,37.632,65.12
5,"2024-05-27 18:00:00+00:00",0,19,27.2895,65.12
5,"2024-05-27 18:30:00+00:00",0,19.5,26.4705,65.12
5,"2024-05-27 19:00:00+00:00",0,20,24.2445,65.12
5,"2024-05-27 19:30:00+00:00",0,20.5,24.633,65.12
5,"2024-05-27 20:00:00+00:00",0,21,25.5045,65.12
5,"2024-05-27 20:30:00+00:00",0,21.5,23.667,65.12
5,"2024-05-27 21:00:00+00:00",0,22,21.6405,65.12
5,"2024-05-27 21:30:00+00:00",0,22.5,16.905,65.12
5,"2024-05-27 22:00:00+00:00",0,23,19.3305,65.12
5,"2024-05-27 22:30:00+00:00",0,23.5,20.769,65.12
5,"2024-05-27 23:00:00+00:00",0,0,20.769,65.12
5,"2024-05-27 23:30:00+00:00",0,0.5,18.816,65.12
5,"2024-05-28 00:00:00+00:00",0,1,18.207,65.12
5,"2024-05-28 00:30:00+00:00",0,1.5,18.1335,65.12
5,"2024-05-28 01:00:00+00:00",0,2,17.871,65.12
5,"2024-05-28 01:30:00+00:00",0,2.5,17.514,65.12
5,"2024-05-28 02:00:00+00:00",0,3,17.871,65.12
5,"2024-05-28 02:30:00+00:00",0,3.5,17.3145,65.12
5,"2024-05-28 03:00:00+00:00",0,4,17.577,65.12
5,"2024-05-28 03:30:00+00:00",0,4.5,16.6845,65.12
5,"2024-05-28 04:00:00+00:00",0,5,18.354,65.12
5,"2024-05-28 04:30:00+00:00",0,5.5,19.5405,65.12
5,"2024-05-28 05:00:00+00:00",0,6,19.3515,65.12
5,"2024-05-28 05:30:00+00:00",0,6.5,21.8085,65.12
5,"2024-05-28 06:00:00+00:00",0,7,19.929,65.12
5,"2024-05-28 06:30:00+00:00",0,7.5,22.7955,65.12
5,"2024-05-28 07:00:00+00:00",0,8,23.9085,65.12
5,"2024-05-28 07:30:00+00:00",0,8.5,24.8745,65.12
5,"2024-05-28 08:00:00+00:00",0,9,25.5045,65.12
5,"2024-05-28 08:30:00+00:00",0,9.5,23.5725,65.12
5,"2024-05-28 09:00:00+00:00",0,10,22.9635,65.12
5,"2024-05-28 09:30:00+00:00",0,10.5,21.6405,65.12
5,"2024-05-28 10:00:00+00:00",0,11,20.5275,65.12
5,"2024-05-28 10:30:00+00:00",0,11.5,20.3385,65.12
5,"2024-05-28 11:00:00+00:00",0,12,19.131,65.12
5,"2024-05-28 11:30:00+00:00",0,12.5,17.871,65.12
5,"2024-05-28 12:00:00+00:00",0,13,17.871,65.12
5,"2024-05-28 12:30:00+00:00",0,13.5,16.6845,65.12
5,"2024-05-28 13:00:00+00:00",0,14,17.871,65.12
5,"2024-05-28 13:30:00+00:00",0,14.5,17.409,65.12
5,"2024-05-28 14:00:00+00:00",0,15,17.2935,65.12
5,"2024-05-28 14:30:00+00:00",0,15.5,17.7765,65.12
5,"2024-05-28 15:00:00+00:00",0,16,28.455,65.12
5,"2024-05-28 15:30:00+00:00",0,16.5,28.287,65.12
5,"2024-05-28 16:00:00+00:00",0,17,29.547,65.12
5,"2024-05-28 16:30:00+00:00",0,17.5,30.3345,65.12
5,"2024-05-28 17:00:00+00:00",0,18,34.734,65.12
5,"2024-05-28 17:30:00+00:00",0,18.5,34.4925,65.12
5,"2024-05-28 18:00:00+00:00",0,19,21.6405,65.12
5,"2024-05-28 18:30:00+00:00",0,19.5,20.832,65.12
5,"2024-05-28 19:00:00+00:00",0,20,22.9425,65.12
5,"2024-05-28 19:30:00+00:00",0,20.5,21.6405,65.12
5,"2024-05-28 20:00:00+00:00",0,21,19.8975,65.12
5,"2024-05-28 20:30:00+00:00",0,21.5,18.1125,65.12
5,"2024-05-28 21:00:00+00:00",0,22,17.976,65.12
5,"2024-05-28 21:30:00+00:00",0,22.5,17.031,65.12
5,"2024-05-28 22:00:00+00:00",0,23,15.9915,65.12
5,"2024-05-28 22:30:00+00:00",0,23.5,12.075,65.12
5,"2024-05-28 23:00:00+00:00",0,0,11.256,65.12
5,"2024-05-28 23:30:00+00:00",0,0.5,9.66,65.12
5,"2024-05-29 00:00:00+00:00",0,1,8.4525,65.12
5,"2024-05-29 00:30:00+00:00",0,1.5,9.66,65.12
5,"2024-05-29 01:00:00+00:00",0,2,8.9355,65.12
5,"2024-05-29 01:30:00+00:00",0,2.5,7.8225,65.12
5,"2024-05-29 02:00:00+00:00",0,3,7.9695,65.12
5,"2024-05-29 02:30:00+00:00",0,3.5,7.875,65.12
5,"2024-05-29 03:00:00+00:00",0,4,8.9355,65.12
5,"2024-05-29 03:30:00+00:00",0,4.5,7.8645,65.12
5,"2024-05-29 04:00:00+00:00",0,5,9.66,65.12
5,"2024-05-29 04:30:00+00:00",0,5.5,10.626,65.12
5,"2024-05-29 05:00:00+00:00",0,6,14.49,65.12
5,"2024-05-29 05:30:00+00:00",0,6.5,17.6295,65.12
5,"2024-05-29 06:00:00+00:00",0,7,15.456,65.12
5,"2024-05-29 06:30:00+00:00",0,7.5,18.1125,65.12
5,"2024-05-29 07:00:00+00:00",0,8,17.6085,65.12
5,"2024-05-29 07:30:00+00:00",0,8.5,18.6165,65.12
5,"2024-05-29 08:00:00+00:00",0,9,19.803,65.12
5,"2024-05-29 08:30:00+00:00",0,9.5,19.3725,65.12
5,"2024-05-29 09:00:00+00:00",0,10,21.252,65.12
5,"2024-05-29 09:30:00+00:00",0,10.5,21.0105,65.12
5,"2024-05-29 10:00:00+00:00",0,11,21.0105,65.12
5,"2024-05-29 10:30:00+00:00",0,11.5,21.0105,65.12
5,"2024-05-29 11:00:00+00:00",0,12,20.5275,65.12
5,"2024-05-29 11:30:00+00:00",0,12.5,20.0445,65.12
5,"2024-05-29 12:00:00+00:00",0,13,18.354,65.12
5,"2024-05-29 12:30:00+00:00",0,13.5,17.6505,65.12
5,"2024-05-29 13:00:00+00:00",0,14,17.052,65.12
5,"2024-05-29 13:30:00+00:00",0,14.5,16.926,65.12
5,"2024-05-29 14:00:00+00:00",0,15,16.6845,65.12
5,"2024-05-29 14:30:00+00:00",0,15.5,17.241,65.12
5,"2024-05-29 15:00:00+00:00",0,16,27.972,65.12
5,"2024-05-29 15:30:00+00:00",0,16.5,28.938,65.12
5,"2024-05-29 16:00:00+00:00",0,17,29.904,65.12
5,"2024-05-29 16:30:00+00:00",0,17.5,30.387,65.12
5,"2024-05-29 17:00:00+00:00",0,18,32.0775,65.12
5,"2024-05-29 17:30:00+00:00",0,18.5,32.0775,65.12
5,"2024-05-29 18:00:00+00:00",0,19,24.15,65.12
5,"2024-05-29 18:30:00+00:00",0,19.5,23.4465,65.12
5,"2024-05-29 19:00:00+00:00",0,20,23.9295,65.12
5,"2024-05-29 19:30:00+00:00",0,20.5,22.7535,65.12
5,"2024-05-29 20:00:00+00:00",0,21,22.533,65.12
5,"2024-05-29 20:30:00+00:00",0,21.5,21.8715,65.12
5,"2024-05-29 21:00:00+00:00",0,22,20.895,65.12
5,"2024-05-29 21:30:00+00:00",0,22.5,18.354,65.12
5,"2024-05-29 22:00:00+00:00",0,23,18.774,65.12
5,"2024-05-29 22:30:00+00:00",0,23.5,19.32,65.12
5,"2024-05-29 23:00:00+00:00",0,0,17.9235,65.12
5,"2024-05-29 23:30:00+00:00",0,0.5,17.7765,65.12
5,"2024-05-30 00:00:00+00:00",0,1,16.9995,65.12
5,"2024-05-30 00:30:00+00:00",0,1.5,16.422,65.12
5,"2024-05-30 01:00:00+00:00",0,2,15.4035,65.12
5,"2024-05-30 01:30:00+00:00",0,2.5,13.587,65.12
5,"2024-05-30 02:00:00+00:00",0,3,12.747,65.12
5,"2024-05-30 02:30:00+00:00",0,3.5,11.592,65.12
5,"2024-05-30 03:00:00+00:00",0,4,11.928,65.12
5,"2024-05-30 03:30:00+00:00",0,4.5,11.592,65.12
5,"2024-05-30 04:00:00+00:00",0,5,13.2825,65.12
5,"2024-05-30 04:30:00+00:00",0,5.5,13.2825,65.12
5,"2024-05-30 05:00:00+00:00",0,6,16.9995,65.12
5,"2024-05-30 05:30:00+00:00",0,6.5,20.0655,65.12
5,"2024-05-30 06:00:00+00:00",0,7,15.456,65.12
5,"2024-05-30 06:30:00+00:00",0,7.5,18.3015,65.12
5,"2024-05-30 07:00:00+00:00",0,8,18.207,65.12
5,"2024-05-30 07:30:00+00:00",0,8.5,19.2255,65.12
5,"2024-05-30 08:00:00+00:00",0,9,17.871,65.12
5,"2024-05-30 08:30:00+00:00",0,9.5,17.388,65.12
5,"2024-05-30 09:00:00+00:00",0,10,16.905,65.12
5,"2024-05-30 09:30:00+00:00",0,10.5,15.351,65.12
5,"2024-05-30 10:00:00+00:00",0,11,14.49,65.12
5,"2024-05-30 10:30:00+00:00",0,11.5,13.2825,65.12
5,"2024-05-30 11:00:00+00:00",0,12,13.524,65.12
5,"2024-05-30 11:30:00+00:00",0,12.5,12.558,65.12
5,"2024-05-30 12:00:00+00:00",0,13,11.7495,65.12
5,"2024-05-30 12:30:00+00:00",0,13.5,9.849,65.12
5,"2024-05-30 13:00:00+00:00",0,14,11.7705,65.12
5,"2024-05-30 13:30:00+00:00",0,14.5,11.445,65.12
5,"2024-05-30 14:00:00+00:00",0,15,12.7995,65.12
5,"2024-05-30 14:30:00+00:00",0,15.5,13.1355,65.12
5,"2024-05-30 15:00:00+00:00",0,16,24.8325,65.12
5,"2024-05-30 15:30:00+00:00",0,16.5,26.859,65.12
5,"2024-05-30 16:00:00+00:00",0,17,28.791,65.12
5,"2024-05-30 16:30:00+00:00",0,17.5,29.421,65.12
5,"2024-05-30 17:00:00+00:00",0,18,32.5605,65.12
5,"2024-05-30 17:30:00+00:00",0,18.5,32.508,65.12
5,"2024-05-30 18:00:00+00:00",0,19,22.7955,65.12
5,"2024-05-30 18:30:00+00:00",0,19.5,22.218,65.12
5,"2024-05-30 19:00:00+00:00",0,20,22.029,65.12
5,"2024-05-30 19:30:00+00:00",0,20.5,21.105,65.12
5,"2024-05-30 20:00:00+00:00",0,21,19.32,65.12
5,"2024-05-30 20:30:00+00:00",0,21.5,18.9105,65.12
5,"2024-05-30 21:00:00+00:00",0,22,19.992,65.12
5,"2024-05-30 21:30:00+00:00",0,22.5,17.4615,65.12
5,"2024-05-30 22:00:00+00:00",0,23,15.12,65.12
5,"2024-05-30 22:30:00+00:00",0,23.5,14.49,65.12
5,"2024-05-30 23:00:00+00:00",0,0,14.301,65.12
5,"2024-05-30 23:30:00+00:00",0,0.5,13.5975,65.12
5,"2024-05-31 00:00:00+00:00",0,1,12.243,65.12
5,"2024-05-31 00:30:00+00:00",0,1.5,12.894,65.12
5,"2024-05-31 01:00:00+00:00",0,2,14.49,65.12
5,"2024-05-31 01:30:00+00:00",0,2.5,11.718,65.12
5,"2024-05-31 02:00:00+00:00",0,3,13.524,65.12
5,"2024-05-31 02:30:00+00:00",0,3.5,12.558,65.12
5,"2024-05-31 03:00:00+00:00",0,4,12.6105,65.12
5,"2024-05-31 03:30:00+00:00",0,4.5,10.8675,65.12
5,"2024-05-31 04:00:00+00:00",0,5,13.9125,65.12
5,"2024-05-31 04:30:00+00:00",0,5.5,16.6635,65.12
5,"2024-05-31 05:00:00+00:00",0,6,17.871,65.12
5,"2024-05-31 05:30:00+00:00",0,6.5,20.475,65.12
5,"2024-05-31 06:00:00+00:00",0,7,19.32,65.12
5,"2024-05-31 06:30:00+00:00",0,7.5,21.9975,65.12
5,"2024-05-31 07:00:00+00:00",0,8,20.286,65.12
5,"2024-05-31 07:30:00+00:00",0,8.5,20.5275,65.12
5,"2024-05-31 08:00:00+00:00",0,9,20.475,65.12
5,"2024-05-31 08:30:00+00:00",0,9.5,20.097,65.12
5,"2024-05-31 09:00:00+00:00",0,10,21.252,65.12
5,"2024-05-31 09:30:00+00:00",0,10.5,20.8635,65.12
5,"2024-05-31 10:00:00+00:00",0,11,20.5275,65.12
5,"2024-05-31 10:30:00+00:00",0,11.5,20.475,65.12
5,"2024-05-31 11:00:00+00:00",0,12,20.769,65.12
5,"2024-05-31 11:30:00+00:00",0,12.5,19.992,65.12
5,"2024-05-31 12:00:00+00:00",0,13,17.388,65.12
5,"2024-05-31 12:30:00+00:00",0,13.5,16.611,65.12
5,"2024-05-31 13:00:00+00:00",0,14,14.679,65.12
5,"2024-05-31 13:30:00+00:00",0,14.5,14.2485,65.12
5,"2024-05-31 14:00:00+00:00",0,15,14.364,65.12
5,"2024-05-31 14:30:00+00:00",0,15.5,14.973,65.12
5,"2024-05-31 15:00:00+00:00",0,16,26.7855,65.12
5,"2024-05-31 15:30:00+00:00",0,16.5,29.1585,65.12
5,"2024-05-31 16:00:00+00:00",0,17,31.353,65.12
5,"2024-05-31 16:30:00+00:00",0,17.5,33.285,65.12
5,"2024-05-31 17:00:00+00:00",0,18,32.13,65.12
5,"2024-05-31 17:30:00+00:00",0,18.5,32.151,65.12
5,"2024-05-31 18:00:00+00:00",0,19,21.9765,65.12
5,"2024-05-31 18:30:00+00:00",0,19.5,20.5275,65.12
5,"2024-05-31 19:00:00+00:00",0,20,22.4595,65.12
5,"2024-05-31 19:30:00+00:00",0,20.5,21.063,65.12
5,"2024-05-31 20:00:00+00:00",0,21,21.735,65.12
5,"2024-05-31 20:30:00+00:00",0,21.5,20.8635,65.12
5,"2024-05-31 21:00:00+00:00",0,22,20.0445,65.12
5,"2024-05-31 21:30:00+00:00",0,22.5,17.388,65.12
5,"2024-05-31 22:00:00+00:00",0,23,22.701,65.12
5,"2024-05-31 22:30:00+00:00",0,23.5,19.992,65.12
5,"2024-05-31 23:00:00+00:00",0,0,19.32,65.12
5,"2024-05-31 23:30:00+00:00",0,0.5,18.4485,65.12
6,"2024-06-01 00:00:00+00:00",1,1,16.296,65.12
6,"2024-06-01 00:30:00+00:00",1,1.5,16.296,65.12
6,"2024-06-01 01:00:00+00:00",1,2,15.645,65.12
6,"2024-06-01 01:30:00+00:00",1,2.5,12.558,65.12
6,"2024-06-01 02:00:00+00:00",1,3,16.149,65.12
6,"2024-06-01 02:30:00+00:00",1,3.5,13.5975,65.12
6,"2024-06-01 03:00:00+00:00",1,4,16.296,65.12
6,"2024-06-01 03:30:00+00:00",1,4.5,14.49,65.12
6,"2024-06-01 04:00:00+00:00",1,5,14.8785,65.12
6,"2024-06-01 04:30:00+00:00",1,5.5,14.973,65.12
6,"2024-06-01 05:00:00+00:00",1,6,14.973,65.12
6,"2024-06-01 05:30:00+00:00",1,6.5,16.905,65.12
6,"2024-06-01 06:00:00+00:00",1,7,15.4035,65.12
6,"2024-06-01 06:30:00+00:00",1,7.5,16.422,65.12
6,"2024-06-01 07:00:00+00:00",1,8,15.456,65.12
6,"2024-06-01 07:30:00+00:00",1,8.5,18.3015,65.12
6,"2024-06-01 08:00:00+00:00",1,9,19.803,65.12
6,"2024-06-01 08:30:00+00:00",1,9.5,18.837,65.12
6,"2024-06-01 09:00:00+00:00",1,10,19.5825,65.12
6,"2024-06-01 09:30:00+00:00",1,10.5,17.871,65.12
6,"2024-06-01 10:00:00+00:00",1,11,17.052,65.12
6,"2024-06-01 10:30:00+00:00",1,11.5,15.456,65.12
6,"2024-06-01 11:00:00+00:00",1,12,17.9655,65.12
6,"2024-06-01 11:30:00+00:00",1,12.5,14.49,65.12
6,"2024-06-01 12:00:00+00:00",1,13,14.826,65.12
6,"2024-06-01 12:30:00+00:00",1,13.5,11.256,65.12
6,"2024-06-01 13:00:00+00:00",1,14,13.041,65.12
6,"2024-06-01 13:30:00+00:00",1,14.5,9.9015,65.12
6,"2024-06-01 14:00:00+00:00",1,15,10.752,65.12
6,"2024-06-01 14:30:00+00:00",1,15.5,14.0595,65.12
6,"2024-06-01 15:00:00+00:00",1,16,21.9345,65.12
6,"2024-06-01 15:30:00+00:00",1,16.5,29.232,65.12
6,"2024-06-01 16:00:00+00:00",1,17,31.2585,65.12
6,"2024-06-01 16:30:00+00:00",1,17.5,35.1225,65.12
6,"2024-06-01 17:00:00+00:00",1,18,33.8625,65.12
6,"2024-06-01 17:30:00+00:00",1,18.5,34.734,65.12
6,"2024-06-01 18:00:00+00:00",1,19,22.197,65.12
6,"2024-06-01 18:30:00+00:00",1,19.5,21.7875,65.12
6,"2024-06-01 19:00:00+00:00",1,20,22.7955,65.12
6,"2024-06-01 19:30:00+00:00",1,20.5,22.7955,65.12
6,"2024-06-01 20:00:00+00:00",1,21,22.4595,65.12
6,"2024-06-01 20:30:00+00:00",1,21.5,21.735,65.12
6,"2024-06-01 21:00:00+00:00",1,22,23.541,65.12
6,"2024-06-01 21:30:00+00:00",1,22.5,20.6955,65.12
6,"2024-06-01 22:00:00+00:00",1,23,20.0445,65.12
6,"2024-06-01 22:30:00+00:00",1,23.5,17.409,65.12
6,"2024-06-01 23:00:00+00:00",1,0,17.1465,65.12
6,"2024-06-01 23:30:00+00:00",1,0.5,17.1465,65.12
6,"2024-06-02 00:00:00+00:00",1,1,17.1465,65.12
6,"2024-06-02 00:30:00+00:00",1,1.5,17.1465,65.12
6,"2024-06-02 01:00:00+00:00",1,2,17.1465,65.12
6,"2024-06-02 01:30:00+00:00",1,2.5,16.905,65.12
6,"2024-06-02 02:00:00+00:00",1,3,14.7315,65.12
6,"2024-06-02 02:30:00+00:00",1,3.5,14.7315,65.12
6,"2024-06-02 03:00:00+00:00",1,4,14.7315,65.12
6,"2024-06-02 03:30:00+00:00",1,4.5,14.49,65.12
6,"2024-06-02 04:00:00+00:00",1,5,13.7655,65.12
6,"2024-06-02 04:30:00+00:00",1,5.5,12.096,65.12
6,"2024-06-02 05:00:00+00:00",1,6,11.592,65.12
6,"2024-06-02 05:30:00+00:00",1,6.5,13.9125,65.12
6,"2024-06-02 06:00:00+00:00",1,7,12.558,65.12
6,"2024-06-02 06:30:00+00:00",1,7.5,14.973,65.12
6,"2024-06-02 07:00:00+00:00",1,8,14.1015,65.12
6,"2024-06-02 07:30:00+00:00",1,8.5,14.973,65.12
6,"2024-06-02 08:00:00+00:00",1,9,13.7655,65.12
6,"2024-06-02 08:30:00+00:00",1,9.5,13.7655,65.12
6,"2024-06-02 09:00:00+00:00",1,10,13.7655,65.12
6,"2024-06-02 09:30:00+00:00",1,10.5,13.7655,65.12
6,"2024-06-02 10:00:00+00:00",1,11,13.7655,65.12
6,"2024-06-02 10:30:00+00:00",1,11.5,12.075,65.12
6,"2024-06-02 11:00:00+00:00",1,12,12.558,65.12
6,"2024-06-02 11:30:00+00:00",1,12.5,12.075,65.12
6,"2024-06-02 12:00:00+00:00",1,13,14.973,65.12
6,"2024-06-02 12:30:00+00:00",1,13.5,12.096,65.12
6,"2024-06-02 13:00:00+00:00",1,14,12.075,65.12
6,"2024-06-02 13:30:00+00:00",1,14.5,12.075,65.12
6,"2024-06-02 14:00:00+00:00",1,15,12.075,65.12
6,"2024-06-02 14:30:00+00:00",1,15.5,12.096,65.12
6,"2024-06-02 15:00:00+00:00",1,16,23.625,65.12
6,"2024-06-02 15:30:00+00:00",1,16.5,26.523,65.12
6,"2024-06-02 16:00:00+00:00",1,17,31.2585,65.12
6,"2024-06-02 16:30:00+00:00",1,17.5,33.138,65.12
6,"2024-06-02 17:00:00+00:00",1,18,32.319,65.12
6,"2024-06-02 17:30:00+00:00",1,18.5,33.621,65.12
6,"2024-06-02 18:00:00+00:00",1,19,21.756,65.12
6,"2024-06-02 18:30:00+00:00",1,19.5,22.365,65.12
6,"2024-06-02 19:00:00+00:00",1,20,22.05,65.12
6,"2024-06-02 19:30:00+00:00",1,20.5,20.769,65.12
6,"2024-06-02 20:00:00+00:00",1,21,22.239,65.12
6,"2024-06-02 20:30:00+00:00",1,21.5,21.252,65.12
6,"2024-06-02 21:00:00+00:00",1,22,21.252,65.12
6,"2024-06-02 21:30:00+00:00",1,22.5,20.412,65.12
6,"2024-06-02 22:00:00+00:00",1,23,19.803,65.12
6,"2024-06-02 22:30:00+00:00",1,23.5,19.32,65.12
6,"2024-06-02 23:00:00+00:00",1,0,18.2595,65.12
6,"2024-06-02 23:30:00+00:00",1,0.5,17.7765,65.12
6,"2024-06-03 00:00:00+00:00",0,1,16.611,65.12
6,"2024-06-03 00:30:00+00:00",0,1.5,16.611,65.12
6,"2024-06-03 01:00:00+00:00",0,2,15.456,65.12
6,"2024-06-03 01:30:00+00:00",0,2.5,15.456,65.12
6,"2024-06-03 02:00:00+00:00",0,3,15.456,65.12
6,"2024-06-03 02:30:00+00:00",0,3.5,14.7525,65.12
6,"2024-06-03 03:00:00+00:00",0,4,15.96,65.12
6,"2024-06-03 03:30:00+00:00",0,4.5,15.0675,65.12
6,"2024-06-03 04:00:00+00:00",0,5,16.1805,65.12
6,"2024-06-03 04:30:00+00:00",0,5.5,17.1255,65.12
6,"2024-06-03 05:00:00+00:00",0,6,19.32,65.12
6,"2024-06-03 05:30:00+00:00",0,6.5,21.714,65.12
6,"2024-06-03 06:00:00+00:00",0,7,23.793,65.12
6,"2024-06-03 06:30:00+00:00",0,7.5,28.2555,65.12
6,"2024-06-03 07:00:00+00:00",0,8,22.701,65.12
6,"2024-06-03 07:30:00+00:00",0,8.5,23.184,65.12
6,"2024-06-03 08:00:00+00:00",0,9,21.0105,65.12
6,"2024-06-03 08:30:00+00:00",0,9.5,19.7085,65.12
6,"2024-06-03 09:00:00+00:00",0,10,20.8635,65.12
6,"2024-06-03 09:30:00+00:00",0,10.5,20.769,65.12
6,"2024-06-03 10:00:00+00:00",0,11,19.803,65.12
6,"2024-06-03 10:30:00+00:00",0,11.5,19.005,65.12
6,"2024-06-03 11:00:00+00:00",0,12,18.984,65.12
6,"2024-06-03 11:30:00+00:00",0,12.5,18.1125,65.12
6,"2024-06-03 12:00:00+00:00",0,13,17.6295,65.12
6,"2024-06-03 12:30:00+00:00",0,13.5,17.388,65.12
6,"2024-06-03 13:00:00+00:00",0,14,17.388,65.12
6,"2024-06-03 13:30:00+00:00",0,14.5,16.716,65.12
6,"2024-06-03 14:00:00+00:00",0,15,17.346,65.12
6,"2024-06-03 14:30:00+00:00",0,15.5,18.375,65.12
6,"2024-06-03 15:00:00+00:00",0,16,29.3685,65.12
6,"2024-06-03 15:30:00+00:00",0,16.5,31.4055,65.12
6,"2024-06-03 16:00:00+00:00",0,17,34.797,65.12
6,"2024-06-03 16:30:00+00:00",0,17.5,33.285,65.12
6,"2024-06-03 17:00:00+00:00",0,18,36.855,65.12
6,"2024-06-03 17:30:00+00:00",0,18.5,35.9415,65.12
6,"2024-06-03 18:00:00+00:00",0,19,28.497,65.12
6,"2024-06-03 18:30:00+00:00",0,19.5,27.048,65.12
6,"2024-06-03 19:00:00+00:00",0,20,26.8065,65.12
6,"2024-06-03 19:30:00+00:00",0,20.5,26.3025,65.12
6,"2024-06-03 20:00:00+00:00",0,21,24.8745,65.12
6,"2024-06-03 20:30:00+00:00",0,21.5,22.7745,65.12
6,"2024-06-03 21:00:00+00:00",0,22,22.407,65.12
6,"2024-06-03 21:30:00+00:00",0,22.5,20.286,65.12
6,"2024-06-03 22:00:00+00:00",0,23,21.4935,65.12
6,"2024-06-03 22:30:00+00:00",0,23.5,23.184,65.12
6,"2024-06-03 23:00:00+00:00",0,0,20.601,65.12
6,"2024-06-03 23:30:00+00:00",0,0.5,20.2335,65.12
6,"2024-06-04 00:00:00+00:00",0,1,19.8975,65.12
6,"2024-06-04 00:30:00+00:00",0,1.5,19.509,65.12
6,"2024-06-04 01:00:00+00:00",0,2,17.997,65.12
6,"2024-06-04 01:30:00+00:00",0,2.5,16.422,65.12
6,"2024-06-04 02:00:00+00:00",0,3,15.267,65.12
6,"2024-06-04 02:30:00+00:00",0,3.5,13.7655,65.12
6,"2024-06-04 03:00:00+00:00",0,4,16.9575,65.12
6,"2024-06-04 03:30:00+00:00",0,4.5,15.6975,65.12
6,"2024-06-04 04:00:00+00:00",0,5,17.388,65.12
6,"2024-06-04 04:30:00+00:00",0,5.5,17.9445,65.12
6,"2024-06-04 05:00:00+00:00",0,6,23.205,65.12
6,"2024-06-04 05:30:00+00:00",0,6.5,26.565,65.12
6,"2024-06-04 06:00:00+00:00",0,7,26.3235,65.12
6,"2024-06-04 06:30:00+00:00",0,7.5,29.2425,65.12
6,"2024-06-04 07:00:00+00:00",0,8,21.735,65.12
6,"2024-06-04 07:30:00+00:00",0,8.5,20.433,65.12
6,"2024-06-04 08:00:00+00:00",0,9,18.1125,65.12
6,"2024-06-04 08:30:00+00:00",0,9.5,16.548,65.12
6,"2024-06-04 09:00:00+00:00",0,10,15.12,65.12
6,"2024-06-04 09:30:00+00:00",0,10.5,13.545,65.12
6,"2024-06-04 10:00:00+00:00",0,11,13.041,65.12
6,"2024-06-04 10:30:00+00:00",0,11.5,12.3165,65.12
6,"2024-06-04 11:00:00+00:00",0,12,9.954,65.12
6,"2024-06-04 11:30:00+00:00",0,12.5,8.568,65.12
6,"2024-06-04 12:00:00+00:00",0,13,7.56,65.12
6,"2024-06-04 12:30:00+00:00",0,13.5,5.376,65.12
6,"2024-06-04 13:00:00+00:00",0,14,9.66,65.12
6,"2024-06-04 13:30:00+00:00",0,14.5,7.9695,65.12
6,"2024-06-04 14:00:00+00:00",0,15,7.896,65.12
6,"2024-06-04 14:30:00+00:00",0,15.5,9.4185,65.12
6,"2024-06-04 15:00:00+00:00",0,16,22.533,65.12
6,"2024-06-04 15:30:00+00:00",0,16.5,26.2815,65.12
6,"2024-06-04 16:00:00+00:00",0,17,28.6965,65.12
6,"2024-06-04 16:30:00+00:00",0,17.5,30.366,65.12
6,"2024-06-04 17:00:00+00:00",0,18,35.1225,65.12
6,"2024-06-04 17:30:00+00:00",0,18.5,34.9755,65.12
6,"2024-06-04 18:00:00+00:00",0,19,24.633,65.12
6,"2024-06-04 18:30:00+00:00",0,19.5,23.961,65.12
6,"2024-06-04 19:00:00+00:00",0,20,25.1895,65.12
6,"2024-06-04 19:30:00+00:00",0,20.5,25.893,65.12
6,"2024-06-04 20:00:00+00:00",0,21,23.9085,65.12
6,"2024-06-04 20:30:00+00:00",0,21.5,21.42,65.12
6,"2024-06-04 21:00:00+00:00",0,22,18.207,65.12
6,"2024-06-04 21:30:00+00:00",0,22.5,14.2485,65.12
6,"2024-06-04 22:00:00+00:00",0,23,10.962,65.12
6,"2024-06-04 22:30:00+00:00",0,23.5,5.796,65.12
6,"2024-06-04 23:00:00+00:00",0,0,7.581,65.12
6,"2024-06-04 23:30:00+00:00",0,0.5,3.738,65.12
6,"2024-06-05 00:00:00+00:00",0,1,7.875,65.12
6,"2024-06-05 00:30:00+00:00",0,1.5,8.694,65.12
6,"2024-06-05 01:00:00+00:00",0,2,7.9695,65.12
6,"2024-06-05 01:30:00+00:00",0,2.5,6.0375,65.12
6,"2024-06-05 02:00:00+00:00",0,3,8.694,65.12
6,"2024-06-05 02:30:00+00:00",0,3.5,8.4,65.12
6,"2024-06-05 03:00:00+00:00",0,4,7.917,65.12
6,"2024-06-05 03:30:00+00:00",0,4.5,6.5205,65.12
6,"2024-06-05 04:00:00+00:00",0,5,10.143,65.12
6,"2024-06-05 04:30:00+00:00",0,5.5,11.8335,65.12
6,"2024-06-05 05:00:00+00:00",0,6,15.6975,65.12
6,"2024-06-05 05:30:00+00:00",0,6.5,21.924,65.12
6,"2024-06-05 06:00:00+00:00",0,7,18.9105,65.12
6,"2024-06-05 06:30:00+00:00",0,7.5,21.1785,65.12
6,"2024-06-05 07:00:00+00:00",0,8,21.714,65.12
6,"2024-06-05 07:30:00+00:00",0,8.5,21.252,65.12
6,"2024-06-05 08:00:00+00:00",0,9,19.0575,65.12
6,"2024-06-05 08:30:00+00:00",0,9.5,18.1125,65.12
6,"2024-06-05 09:00:00+00:00",0,10,14.1015,65.12
6,"2024-06-05 09:30:00+00:00",0,10.5,12.39,65.12
6,"2024-06-05 10:00:00+00:00",0,11,12.0645,65.12
6,"2024-06-05 10:30:00+00:00",0,11.5,11.592,65.12
6,"2024-06-05 11:00:00+00:00",0,12,11.403,65.12
6,"2024-06-05 11:30:00+00:00",0,12.5,10.2375,65.12
6,"2024-06-05 12:00:00+00:00",0,13,8.211,65.12
6,"2024-06-05 12:30:00+00:00",0,13.5,6.447,65.12
6,"2024-06-05 13:00:00+00:00",0,14,6.279,65.12
6,"2024-06-05 13:30:00+00:00",0,14.5,5.313,65.12
6,"2024-06-05 14:00:00+00:00",0,15,7.728,65.12
6,"2024-06-05 14:30:00+00:00",0,15.5,9.471,65.12
6,"2024-06-05 15:00:00+00:00",0,16,22.176,65.12
6,"2024-06-05 15:30:00+00:00",0,16.5,24.108,65.12
6,"2024-06-05 16:00:00+00:00",0,17,28.455,65.12
6,"2024-06-05 16:30:00+00:00",0,17.5,29.421,65.12
6,"2024-06-05 17:00:00+00:00",0,18,33.768,65.12
6,"2024-06-05 17:30:00+00:00",0,18.5,32.802,65.12
6,"2024-06-05 18:00:00+00:00",0,19,25.5045,65.12
6,"2024-06-05 18:30:00+00:00",0,19.5,25.5045,65.12
6,"2024-06-05 19:00:00+00:00",0,20,25.3575,65.12
6,"2024-06-05 19:30:00+00:00",0,20.5,25.116,65.12
6,"2024-06-05 20:00:00+00:00",0,21,25.263,65.12
6,"2024-06-05 20:30:00+00:00",0,21.5,23.667,65.12
6,"2024-06-05 21:00:00+00:00",0,22,23.184,65.12
6,"2024-06-05 21:30:00+00:00",0,22.5,19.0575,65.12
6,"2024-06-05 22:00:00+00:00",0,23,18.4065,65.12
6,"2024-06-05 22:30:00+00:00",0,23.5,17.871,65.12
6,"2024-06-05 23:00:00+00:00",0,0,15.6975,65.12
6,"2024-06-05 23:30:00+00:00",0,0.5,15.603,65.12
6,"2024-06-06 00:00:00+00:00",0,1,15.96,65.12
6,"2024-06-06 00:30:00+00:00",0,1.5,17.556,65.12
6,"2024-06-06 01:00:00+00:00",0,2,15.6975,65.12
6,"2024-06-06 01:30:00+00:00",0,2.5,15.6975,65.12
6,"2024-06-06 02:00:00+00:00",0,3,15.6765,65.12
6,"2024-06-06 02:30:00+00:00",0,3.5,15.6975,65.12
6,"2024-06-06 03:00:00+00:00",0,4,18.837,65.12
6,"2024-06-06 03:30:00+00:00",0,4.5,16.968,65.12
6,"2024-06-06 04:00:00+00:00",0,5,21.252,65.12
6,"2024-06-06 04:30:00+00:00",0,5.5,22.575,65.12
6,"2024-06-06 05:00:00+00:00",0,6,22.7955,65.12
6,"2024-06-06 05:30:00+00:00",0,6.5,25.3575,65.12
6,"2024-06-06 06:00:00+00:00",0,7,21.735,65.12
6,"2024-06-06 06:30:00+00:00",0,7.5,23.5725,65.12
6,"2024-06-06 07:00:00+00:00",0,8,22.9215,65.12
6,"2024-06-06 07:30:00+00:00",0,8.5,22.2705,65.12
6,"2024-06-06 08:00:00+00:00",0,9,21.3045,65.12
6,"2024-06-06 08:30:00+00:00",0,9.5,20.097,65.12
6,"2024-06-06 09:00:00+00:00",0,10,17.997,65.12
6,"2024-06-06 09:30:00+00:00",0,10.5,17.997,65.12
6,"2024-06-06 10:00:00+00:00",0,11,17.997,65.12
6,"2024-06-06 10:30:00+00:00",0,11.5,17.997,65.12
6,"2024-06-06 11:00:00+00:00",0,12,16.926,65.12
6,"2024-06-06 11:30:00+00:00",0,12.5,15.918,65.12
6,"2024-06-06 12:00:00+00:00",0,13,14.826,65.12
6,"2024-06-06 12:30:00+00:00",0,13.5,13.503,65.12
6,"2024-06-06 13:00:00+00:00",0,14,12.7995,65.12
6,"2024-06-06 13:30:00+00:00",0,14.5,11.9805,65.12
6,"2024-06-06 14:00:00+00:00",0,15,12.558,65.12
6,"2024-06-06 14:30:00+00:00",0,15.5,12.7995,65.12
6,"2024-06-06 15:00:00+00:00",0,16,27.006,65.12
6,"2024-06-06 15:30:00+00:00",0,16.5,27.972,65.12
6,"2024-06-06 16:00:00+00:00",0,17,31.206,65.12
6,"2024-06-06 16:30:00+00:00",0,17.5,30.387,65.12
6,"2024-06-06 17:00:00+00:00",0,18,33.6735,65.12
6,"2024-06-06 17:30:00+00:00",0,18.5,34.1565,65.12
6,"2024-06-06 18:00:00+00:00",0,19,27.195,65.12
6,"2024-06-06 18:30:00+00:00",0,19.5,26.4705,65.12
6,"2024-06-06 19:00:00+00:00",0,20,27.4575,65.12
6,"2024-06-06 19:30:00+00:00",0,20.5,27.4575,65.12
6,"2024-06-06 20:00:00+00:00",0,21,25.116,65.12
6,"2024-06-06 20:30:00+00:00",0,21.5,23.184,65.12
6,"2024-06-06 21:00:00+00:00",0,22,21.735,65.12
6,"2024-06-06 21:30:00+00:00",0,22.5,19.194,65.12
6,"2024-06-06 22:00:00+00:00",0,23,20.769,65.12
6,"2024-06-06 22:30:00+00:00",0,23.5,20.5275,65.12
6,"2024-06-06 23:00:00+00:00",0,0,18.963,65.12
6,"2024-06-06 23:30:00+00:00",0,0.5,19.782,65.12
6,"2024-06-07 00:00:00+00:00",0,1,17.997,65.12
6,"2024-06-07 00:30:00+00:00",0,1.5,20.5905,65.12
6,"2024-06-07 01:00:00+00:00",0,2,20.286,65.12
6,"2024-06-07 01:30:00+00:00",0,2.5,17.892,65.12
6,"2024-06-07 02:00:00+00:00",0,3,17.892,65.12
6,"2024-06-07 02:30:00+00:00",0,3.5,17.388,65.12
6,"2024-06-07 03:00:00+00:00",0,4,17.892,65.12
6,"2024-06-07 03:30:00+00:00",0,4.5,16.422,65.12
6,"2024-06-07 04:00:00+00:00",0,5,17.892,65.12
6,"2024-06-07 04:30:00+00:00",0,5.5,18.543,65.12
6,"2024-06-07 05:00:00+00:00",0,6,18.4275,65.12
6,"2024-06-07 05:30:00+00:00",0,6.5,24.3705,65.12
6,"2024-06-07 06:00:00+00:00",0,7,18.165,65.12
6,"2024-06-07 06:30:00+00:00",0,7.5,21.3675,65.12
6,"2024-06-07 07:00:00+00:00",0,8,17.892,65.12
6,"2024-06-07 07:30:00+00:00",0,8.5,17.1675,65.12
6,"2024-06-07 08:00:00+00:00",0,9,16.3275,65.12
6,"2024-06-07 08:30:00+00:00",0,9.5,14.301,65.12
6,"2024-06-07 09:00:00+00:00",0,10,12.075,65.12
6,"2024-06-07 09:30:00+00:00",0,10.5,10.941,65.12
6,"2024-06-07 10:00:00+00:00",0,11,9.66,65.12
6,"2024-06-07 10:30:00+00:00",0,11.5,9.9015,65.12
6,"2024-06-07 11:00:00+00:00",0,12,9.6075,65.12
6,"2024-06-07 11:30:00+00:00",0,12.5,8.4525,65.12
6,"2024-06-07 12:00:00+00:00",0,13,6.762,65.12
6,"2024-06-07 12:30:00+00:00",0,13.5,4.6095,65.12
6,"2024-06-07 13:00:00+00:00",0,14,4.83,65.12
6,"2024-06-07 13:30:00+00:00",0,14.5,4.83,65.12
6,"2024-06-07 14:00:00+00:00",0,15,6.279,65.12
6,"2024-06-07 14:30:00+00:00",0,15.5,8.4525,65.12
6,"2024-06-07 15:00:00+00:00",0,16,21.189,65.12
6,"2024-06-07 15:30:00+00:00",0,16.5,24.8325,65.12
6,"2024-06-07 16:00:00+00:00",0,17,26.4495,65.12
6,"2024-06-07 16:30:00+00:00",0,17.5,28.5285,65.12
6,"2024-06-07 17:00:00+00:00",0,18,31.5735,65.12
6,"2024-06-07 17:30:00+00:00",0,18.5,32.508,65.12
6,"2024-06-07 18:00:00+00:00",0,19,22.9425,65.12
6,"2024-06-07 18:30:00+00:00",0,19.5,23.037,65.12
6,"2024-06-07 19:00:00+00:00",0,20,24.003,65.12
6,"2024-06-07 19:30:00+00:00",0,20.5,23.5725,65.12
6,"2024-06-07 20:00:00+00:00",0,21,22.7955,65.12
6,"2024-06-07 20:30:00+00:00",0,21.5,22.701,65.12
6,"2024-06-07 21:00:00+00:00",0,22,21.735,65.12
6,"2024-06-07 21:30:00+00:00",0,22.5,16.989,65.12
6,"2024-06-07 22:00:00+00:00",0,23,21.0105,65.12
6,"2024-06-07 22:30:00+00:00",0,23.5,17.262,65.12
6,"2024-06-07 23:00:00+00:00",0,0,15.645,65.12
6,"2024-06-07 23:30:00+00:00",0,0.5,11.046,65.12
6,"2024-06-08 00:00:00+00:00",1,1,8.4,65.12
6,"2024-06-08 00:30:00+00:00",1,1.5,8.82,65.12
6,"2024-06-08 01:00:00+00:00",1,2,10.0485,65.12
6,"2024-06-08 01:30:00+00:00",1,2.5,6.8145,65.12
6,"2024-06-08 02:00:00+00:00",1,3,7.245,65.12
6,"2024-06-08 02:30:00+00:00",1,3.5,8.4525,65.12
6,"2024-06-08 03:00:00+00:00",1,4,8.4315,65.12
6,"2024-06-08 03:30:00+00:00",1,4.5,8.4525,65.12
6,"2024-06-08 04:00:00+00:00",1,5,8.337,65.12
6,"2024-06-08 04:30:00+00:00",1,5.5,8.211,65.12
6,"2024-06-08 05:00:00+00:00",1,6,8.505,65.12
6,"2024-06-08 05:30:00+00:00",1,6.5,11.3505,65.12
6,"2024-06-08 06:00:00+00:00",1,7,6.3315,65.12
6,"2024-06-08 06:30:00+00:00",1,7.5,6.5205,65.12
6,"2024-06-08 07:00:00+00:00",1,8,3.507,65.12
6,"2024-06-08 07:30:00+00:00",1,8.5,3.6225,65.12
6,"2024-06-08 08:00:00+00:00",1,9,1.323,65.12
6,"2024-06-08 08:30:00+00:00",1,9.5,1.8795,65.12
6,"2024-06-08 09:00:00+00:00",1,10,0.8925,65.12
6,"2024-06-08 09:30:00+00:00",1,10.5,0.3885,65.12
6,"2024-06-08 10:00:00+00:00",1,11,-0.966,65.12
6,"2024-06-08 10:30:00+00:00",1,11.5,-2.226,65.12
6,"2024-06-08 11:00:00+00:00",1,12,-2.1735,65.12
6,"2024-06-08 11:30:00+00:00",1,12.5,-6.636,65.12
6,"2024-06-08 12:00:00+00:00",1,13,-7.4865,65.12
6,"2024-06-08 12:30:00+00:00",1,13.5,-9.66,65.12
6,"2024-06-08 13:00:00+00:00",1,14,-7.0035,65.12
6,"2024-06-08 13:30:00+00:00",1,14.5,-7.245,65.12
6,"2024-06-08 14:00:00+00:00",1,15,-2.0265,65.12
6,"2024-06-08 14:30:00+00:00",1,15.5,0.966,65.12
6,"2024-06-08 15:00:00+00:00",1,16,8.022,65.12
6,"2024-06-08 15:30:00+00:00",1,16.5,14.154,65.12
6,"2024-06-08 16:00:00+00:00",1,17,13.965,65.12
6,"2024-06-08 16:30:00+00:00",1,17.5,25.074,65.12
6,"2024-06-08 17:00:00+00:00",1,18,27.7305,65.12
6,"2024-06-08 17:30:00+00:00",1,18.5,30.87,65.12
6,"2024-06-08 18:00:00+00:00",1,19,20.5275,65.12
6,"2024-06-08 18:30:00+00:00",1,19.5,20.5275,65.12
6,"2024-06-08 19:00:00+00:00",1,20,23.0265,65.12
6,"2024-06-08 19:30:00+00:00",1,20.5,22.218,65.12
6,"2024-06-08 20:00:00+00:00",1,21,22.9425,65.12
6,"2024-06-08 20:30:00+00:00",1,21.5,21.0315,65.12
6,"2024-06-08 21:00:00+00:00",1,22,20.412,65.12
6,"2024-06-08 21:30:00+00:00",1,22.5,17.1675,65.12
6,"2024-06-08 22:00:00+00:00",1,23,14.4165,65.12
6,"2024-06-08 22:30:00+00:00",1,23.5,10.017,65.12
6,"2024-06-08 23:00:00+00:00",1,0,8.1165,65.12
6,"2024-06-08 23:30:00+00:00",1,0.5,4.2735,65.12
6,"2024-06-09 00:00:00+00:00",1,1,2.877,65.12
6,"2024-06-09 00:30:00+00:00",1,1.5,2.877,65.12
6,"2024-06-09 01:00:00+00:00",1,2,3.3285,65.12
6,"2024-06-09 01:30:00+00:00",1,2.5,0.147,65.12
6,"2024-06-09 02:00:00+00:00",1,3,2.3625,65.12
6,"2024-06-09 02:30:00+00:00",1,3.5,2.415,65.12
6,"2024-06-09 03:00:00+00:00",1,4,4.347,65.12
6,"2024-06-09 03:30:00+00:00",1,4.5,2.541,65.12
6,"2024-06-09 04:00:00+00:00",1,5,2.541,65.12
6,"2024-06-09 04:30:00+00:00",1,5.5,2.541,65.12
6,"2024-06-09 05:00:00+00:00",1,6,1.5435,65.12
6,"2024-06-09 05:30:00+00:00",1,6.5,5.2395,65.12
6,"2024-06-09 06:00:00+00:00",1,7,0,65.12
6,"2024-06-09 06:30:00+00:00",1,7.5,0,65.12
6,"2024-06-09 07:00:00+00:00",1,8,-0.357,65.12
6,"2024-06-09 07:30:00+00:00",1,8.5,2.415,65.12
6,"2024-06-09 08:00:00+00:00",1,9,-1.5435,65.12
6,"2024-06-09 08:30:00+00:00",1,9.5,2.3415,65.12
6,"2024-06-09 09:00:00+00:00",1,10,-2.289,65.12
6,"2024-06-09 09:30:00+00:00",1,10.5,-1.6905,65.12
6,"2024-06-09 10:00:00+00:00",1,11,-1.281,65.12
6,"2024-06-09 10:30:00+00:00",1,11.5,0.483,65.12
6,"2024-06-09 11:00:00+00:00",1,12,2.898,65.12
6,"2024-06-09 11:30:00+00:00",1,12.5,1.155,65.12
6,"2024-06-09 12:00:00+00:00",1,13,2.247,65.12
6,"2024-06-09 12:30:00+00:00",1,13.5,2.415,65.12
6,"2024-06-09 13:00:00+00:00",1,14,-0.2415,65.12
6,"2024-06-09 13:30:00+00:00",1,14.5,0.2415,65.12
6,"2024-06-09 14:00:00+00:00",1,15,3.507,65.12
6,"2024-06-09 14:30:00+00:00",1,15.5,8.2635,65.12
6,"2024-06-09 15:00:00+00:00",1,16,24.8325,65.12
6,"2024-06-09 15:30:00+00:00",1,16.5,29.421,65.12
6,"2024-06-09 16:00:00+00:00",1,17,31.353,65.12
6,"2024-06-09 16:30:00+00:00",1,17.5,32.613,65.12
6,"2024-06-09 17:00:00+00:00",1,18,32.3925,65.12
6,"2024-06-09 17:30:00+00:00",1,18.5,33.2325,65.12
6,"2024-06-09 18:00:00+00:00",1,19,22.1235,65.12
6,"2024-06-09 18:30:00+00:00",1,19.5,22.4595,65.12
6,"2024-06-09 19:00:00+00:00",1,20,25.5885,65.12
6,"2024-06-09 19:30:00+00:00",1,20.5,23.5725,65.12
6,"2024-06-09 20:00:00+00:00",1,21,24.444,65.12
6,"2024-06-09 20:30:00+00:00",1,21.5,22.9425,65.12
6,"2024-06-09 21:00:00+00:00",1,22,20.769,65.12
6,"2024-06-09 21:30:00+00:00",1,22.5,15.6975,65.12
6,"2024-06-09 22:00:00+00:00",1,23,21.0105,65.12
6,"2024-06-09 22:30:00+00:00",1,23.5,19.32,65.12
6,"2024-06-09 23:00:00+00:00",1,0,16.422,65.12
6,"2024-06-09 23:30:00+00:00",1,0.5,13.524,65.12
6,"2024-06-10 00:00:00+00:00",0,1,13.2825,65.12
6,"2024-06-10 00:30:00+00:00",0,1.5,12.075,65.12
6,"2024-06-10 01:00:00+00:00",0,2,14.007,65.12
6,"2024-06-10 01:30:00+00:00",0,2.5,10.8675,65.12
6,"2024-06-10 02:00:00+00:00",0,3,11.9805,65.12
6,"2024-06-10 02:30:00+00:00",0,3.5,12.5055,65.12
6,"2024-06-10 03:00:00+00:00",0,4,15.6975,65.12
6,"2024-06-10 03:30:00+00:00",0,4.5,15.6975,65.12
6,"2024-06-10 04:00:00+00:00",0,5,15.6975,65.12
6,"2024-06-10 04:30:00+00:00",0,5.5,13.524,65.12
6,"2024-06-10 05:00:00+00:00",0,6,18.522,65.12
6,"2024-06-10 05:30:00+00:00",0,6.5,24.339,65.12
6,"2024-06-10 06:00:00+00:00",0,7,23.184,65.12
6,"2024-06-10 06:30:00+00:00",0,7.5,26.565,65.12
6,"2024-06-10 07:00:00+00:00",0,8,25.5045,65.12
6,"2024-06-10 07:30:00+00:00",0,8.5,22.7535,65.12
6,"2024-06-10 08:00:00+00:00",0,9,21.273,65.12
6,"2024-06-10 08:30:00+00:00",0,9.5,19.32,65.12
6,"2024-06-10 09:00:00+00:00",0,10,17.745,65.12
6,"2024-06-10 09:30:00+00:00",0,10.5,17.9445,65.12
6,"2024-06-10 10:00:00+00:00",0,11,15.5295,65.12
6,"2024-06-10 10:30:00+00:00",0,11.5,14.49,65.12
6,"2024-06-10 11:00:00+00:00",0,12,13.1145,65.12
6,"2024-06-10 11:30:00+00:00",0,12.5,12.5055,65.12
6,"2024-06-10 12:00:00+00:00",0,13,12.7995,65.12
6,"2024-06-10 12:30:00+00:00",0,13.5,12.7995,65.12
6,"2024-06-10 13:00:00+00:00",0,14,11.592,65.12
6,"2024-06-10 13:30:00+00:00",0,14.5,12.075,65.12
6,"2024-06-10 14:00:00+00:00",0,15,11.6445,65.12
6,"2024-06-10 14:30:00+00:00",0,15.5,13.7655,65.12
6,"2024-06-10 15:00:00+00:00",0,16,22.4175,65.12
6,"2024-06-10 15:30:00+00:00",0,16.5,26.04,65.12
6,"2024-06-10 16:00:00+00:00",0,17,28.455,65.12
6,"2024-06-10 16:30:00+00:00",0,17.5,29.232,65.12
6,"2024-06-10 17:00:00+00:00",0,18,33.285,65.12
6,"2024-06-10 17:30:00+00:00",0,18.5,34.0095,65.12
6,"2024-06-10 18:00:00+00:00",0,19,23.184,65.12
6,"2024-06-10 18:30:00+00:00",0,19.5,22.89,65.12
6,"2024-06-10 19:00:00+00:00",0,20,21.735,65.12
6,"2024-06-10 19:30:00+00:00",0,20.5,21.252,65.12
6,"2024-06-10 20:00:00+00:00",0,21,20.769,65.12
6,"2024-06-10 20:30:00+00:00",0,21.5,19.32,65.12
6,"2024-06-10 21:00:00+00:00",0,22,17.9445,65.12
6,"2024-06-10 21:30:00+00:00",0,22.5,14.343,65.12
6,"2024-06-10 22:00:00+00:00",0,23,16.086,65.12
6,"2024-06-10 22:30:00+00:00",0,23.5,13.2825,65.12
6,"2024-06-10 23:00:00+00:00",0,0,14.4165,65.12
6,"2024-06-10 23:30:00+00:00",0,0.5,13.524,65.12
6,"2024-06-11 00:00:00+00:00",0,1,13.209,65.12
6,"2024-06-11 00:30:00+00:00",0,1.5,13.041,65.12
6,"2024-06-11 01:00:00+00:00",0,2,11.718,65.12
6,"2024-06-11 01:30:00+00:00",0,2.5,11.592,65.12
6,"2024-06-11 02:00:00+00:00",0,3,12.5055,65.12
6,"2024-06-11 02:30:00+00:00",0,3.5,11.235,65.12
6,"2024-06-11 03:00:00+00:00",0,4,12.558,65.12
6,"2024-06-11 03:30:00+00:00",0,4.5,11.592,65.12
6,"2024-06-11 04:00:00+00:00",0,5,14.007,65.12
6,"2024-06-11 04:30:00+00:00",0,5.5,15.624,65.12
6,"2024-06-11 05:00:00+00:00",0,6,15.6975,65.12
6,"2024-06-11 05:30:00+00:00",0,6.5,18.7425,65.12
6,"2024-06-11 06:00:00+00:00",0,7,16.905,65.12
6,"2024-06-11 06:30:00+00:00",0,7.5,19.95,65.12
6,"2024-06-11 07:00:00+00:00",0,8,18.9315,65.12
6,"2024-06-11 07:30:00+00:00",0,8.5,18.3645,65.12
6,"2024-06-11 08:00:00+00:00",0,9,18.228,65.12
6,"2024-06-11 08:30:00+00:00",0,9.5,17.6295,65.12
6,"2024-06-11 09:00:00+00:00",0,10,17.8185,65.12
6,"2024-06-11 09:30:00+00:00",0,10.5,17.6295,65.12
6,"2024-06-11 10:00:00+00:00",0,11,18.5955,65.12
6,"2024-06-11 10:30:00+00:00",0,11.5,18.837,65.12
6,"2024-06-11 11:00:00+00:00",0,12,20.58,65.12
6,"2024-06-11 11:30:00+00:00",0,12.5,20.769,65.12
6,"2024-06-11 12:00:00+00:00",0,13,20.58,65.12
6,"2024-06-11 12:30:00+00:00",0,13.5,19.803,65.12
6,"2024-06-11 13:00:00+00:00",0,14,18.837,65.12
6,"2024-06-11 13:30:00+00:00",0,14.5,17.136,65.12
6,"2024-06-11 14:00:00+00:00",0,15,16.6635,65.12
6,"2024-06-11 14:30:00+00:00",0,15.5,17.577,65.12
6,"2024-06-11 15:00:00+00:00",0,16,29.757,65.12
6,"2024-06-11 15:30:00+00:00",0,16.5,31.038,65.12
6,"2024-06-11 16:00:00+00:00",0,17,30.87,65.12
6,"2024-06-11 16:30:00+00:00",0,17.5,32.2455,65.12
6,"2024-06-11 17:00:00+00:00",0,18,33.0435,65.12
6,"2024-06-11 17:30:00+00:00",0,18.5,33.285,65.12
6,"2024-06-11 18:00:00+00:00",0,19,24.969,65.12
6,"2024-06-11 18:30:00+00:00",0,19.5,24.465,65.12
6,"2024-06-11 19:00:00+00:00",0,20,25.284,65.12
6,"2024-06-11 19:30:00+00:00",0,20.5,24.969,65.12
6,"2024-06-11 20:00:00+00:00",0,21,25.3575,65.12
6,"2024-06-11 20:30:00+00:00",0,21.5,22.512,65.12
6,"2024-06-11 21:00:00+00:00",0,22,22.344,65.12
6,"2024-06-11 21:30:00+00:00",0,22.5,18.1125,65.12
6,"2024-06-11 22:00:00+00:00",0,23,19.32,65.12
6,"2024-06-11 22:30:00+00:00",0,23.5,19.677,65.12
6,"2024-06-11 23:00:00+00:00",0,0,17.9445,65.12
6,"2024-06-11 23:30:00+00:00",0,0.5,17.1675,65.12
6,"2024-06-12 00:00:00+00:00",0,1,17.22,65.12
6,"2024-06-12 00:30:00+00:00",0,1.5,17.199,65.12
6,"2024-06-12 01:00:00+00:00",0,2,17.1465,65.12
6,"2024-06-12 01:30:00+00:00",0,2.5,17.073,65.12
6,"2024-06-12 02:00:00+00:00",0,3,16.8105,65.12
6,"2024-06-12 02:30:00+00:00",0,3.5,16.6845,65.12
6,"2024-06-12 03:00:00+00:00",0,4,18.1125,65.12
6,"2024-06-12 03:30:00+00:00",0,4.5,17.682,65.12
6,"2024-06-12 04:00:00+00:00",0,5,23.1315,65.12
6,"2024-06-12 04:30:00+00:00",0,5.5,23.6145,65.12
6,"2024-06-12 05:00:00+00:00",0,6,22.701,65.12
6,"2024-06-12 05:30:00+00:00",0,6.5,21.252,65.12
6,"2024-06-12 06:00:00+00:00",0,7,19.782,65.12
6,"2024-06-12 06:30:00+00:00",0,7.5,22.701,65.12
6,"2024-06-12 07:00:00+00:00",0,8,20.5275,65.12
6,"2024-06-12 07:30:00+00:00",0,8.5,20.643,65.12
6,"2024-06-12 08:00:00+00:00",0,9,21.1575,65.12
6,"2024-06-12 08:30:00+00:00",0,9.5,20.8425,65.12
6,"2024-06-12 09:00:00+00:00",0,10,20.8425,65.12
6,"2024-06-12 09:30:00+00:00",0,10.5,20.748,65.12
6,"2024-06-12 10:00:00+00:00",0,11,22.407,65.12
6,"2024-06-12 10:30:00+00:00",0,11.5,21.8295,65.12
6,"2024-06-12 11:00:00+00:00",0,12,22.7955,65.12
6,"2024-06-12 11:30:00+00:00",0,12.5,22.218,65.12
6,"2024-06-12 12:00:00+00:00",0,13,22.7745,65.12
6,"2024-06-12 12:30:00+00:00",0,13.5,20.286,65.12
6,"2024-06-12 13:00:00+00:00",0,14,19.3725,65.12
6,"2024-06-12 13:30:00+00:00",0,14.5,19.5615,65.12
6,"2024-06-12 14:00:00+00:00",0,15,18.564,65.12
6,"2024-06-12 14:30:00+00:00",0,15.5,20.8425,65.12
6,"2024-06-12 15:00:00+00:00",0,16,30.681,65.12
6,"2024-06-12 15:30:00+00:00",0,16.5,33.285,65.12
6,"2024-06-12 16:00:00+00:00",0,17,31.2585,65.12
6,"2024-06-12 16:30:00+00:00",0,17.5,32.7495,65.12
6,"2024-06-12 17:00:00+00:00",0,18,35.7,65.12
6,"2024-06-12 17:30:00+00:00",0,18.5,35.7,65.12
6,"2024-06-12 18:00:00+00:00",0,19,28.98,65.12
6,"2024-06-12 18:30:00+00:00",0,19.5,28.623,65.12
6,"2024-06-12 19:00:00+00:00",0,20,27.7725,65.12
6,"2024-06-12 19:30:00+00:00",0,20.5,26.9535,65.12
6,"2024-06-12 20:00:00+00:00",0,21,26.6175,65.12
6,"2024-06-12 20:30:00+00:00",0,21.5,24.3705,65.12
6,"2024-06-12 21:00:00+00:00",0,22,22.197,65.12
6,"2024-06-12 21:30:00+00:00",0,22.5,20.0445,65.12
6,"2024-06-12 22:00:00+00:00",0,23,20.5275,65.12
6,"2024-06-12 22:30:00+00:00",0,23.5,21.735,65.12
6,"2024-06-12 23:00:00+00:00",0,0,19.194,65.12
6,"2024-06-12 23:30:00+00:00",0,0.5,18.501,65.12
6,"2024-06-13 00:00:00+00:00",0,1,18.4485,65.12
6,"2024-06-13 00:30:00+00:00",0,1.5,18.354,65.12
6,"2024-06-13 01:00:00+00:00",0,2,18.1125,65.12
6,"2024-06-13 01:30:00+00:00",0,2.5,17.4825,65.12
6,"2024-06-13 02:00:00+00:00",0,3,17.6085,65.12
6,"2024-06-13 02:30:00+00:00",0,3.5,16.422,65.12
6,"2024-06-13 03:00:00+00:00",0,4,18.48,65.12
6,"2024-06-13 03:30:00+00:00",0,4.5,17.871,65.12
6,"2024-06-13 04:00:00+00:00",0,5,16.9785,65.12
6,"2024-06-13 04:30:00+00:00",0,5.5,17.9445,65.12
6,"2024-06-13 05:00:00+00:00",0,6,21.735,65.12
6,"2024-06-13 05:30:00+00:00",0,6.5,23.5725,65.12
6,"2024-06-13 06:00:00+00:00",0,7,21.546,65.12
6,"2024-06-13 06:30:00+00:00",0,7.5,23.667,65.12
6,"2024-06-13 07:00:00+00:00",0,8,22.386,65.12
6,"2024-06-13 07:30:00+00:00",0,8.5,21.7875,65.12
6,"2024-06-13 08:00:00+00:00",0,9,22.2705,65.12
6,"2024-06-13 08:30:00+00:00",0,9.5,21.735,65.12
6,"2024-06-13 09:00:00+00:00",0,10,20.286,65.12
6,"2024-06-13 09:30:00+00:00",0,10.5,19.5615,65.12
6,"2024-06-13 10:00:00+00:00",0,11,20.3385,65.12
6,"2024-06-13 10:30:00+00:00",0,11.5,20.454,65.12
6,"2024-06-13 11:00:00+00:00",0,12,18.837,65.12
6,"2024-06-13 11:30:00+00:00",0,12.5,18.7845,65.12
6,"2024-06-13 12:00:00+00:00",0,13,17.8185,65.12
6,"2024-06-13 12:30:00+00:00",0,13.5,16.9575,65.12
6,"2024-06-13 13:00:00+00:00",0,14,15.8445,65.12
6,"2024-06-13 13:30:00+00:00",0,14.5,15.645,65.12
6,"2024-06-13 14:00:00+00:00",0,15,15.267,65.12
6,"2024-06-13 14:30:00+00:00",0,15.5,16.1805,65.12
6,"2024-06-13 15:00:00+00:00",0,16,27.006,65.12
6,"2024-06-13 15:30:00+00:00",0,16.5,28.329,65.12
6,"2024-06-13 16:00:00+00:00",0,17,33.0435,65.12
6,"2024-06-13 16:30:00+00:00",0,17.5,33.0435,65.12
6,"2024-06-13 17:00:00+00:00",0,18,35.721,65.12
6,"2024-06-13 17:30:00+00:00",0,18.5,34.8075,65.12
6,"2024-06-13 18:00:00+00:00",0,19,23.205,65.12
6,"2024-06-13 18:30:00+00:00",0,19.5,21.735,65.12
6,"2024-06-13 19:00:00+00:00",0,20,23.373,65.12
6,"2024-06-13 19:30:00+00:00",0,20.5,20.307,65.12
6,"2024-06-13 20:00:00+00:00",0,21,19.824,65.12
6,"2024-06-13 20:30:00+00:00",0,21.5,18.186,65.12
6,"2024-06-13 21:00:00+00:00",0,22,16.6425,65.12
6,"2024-06-13 21:30:00+00:00",0,22.5,10.6785,65.12
6,"2024-06-13 22:00:00+00:00",0,23,13.524,65.12
6,"2024-06-13 22:30:00+00:00",0,23.5,9.828,65.12
6,"2024-06-13 23:00:00+00:00",0,0,9.4185,65.12
6,"2024-06-13 23:30:00+00:00",0,0.5,9.4185,65.12
6,"2024-06-14 00:00:00+00:00",0,1,7.728,65.12
6,"2024-06-14 00:30:00+00:00",0,1.5,9.009,65.12
6,"2024-06-14 01:00:00+00:00",0,2,8.9355,65.12
6,"2024-06-14 01:30:00+00:00",0,2.5,8.2635,65.12
6,"2024-06-14 02:00:00+00:00",0,3,8.6205,65.12
6,"2024-06-14 02:30:00+00:00",0,3.5,8.82,65.12
6,"2024-06-14 03:00:00+00:00",0,4,9.45,65.12
6,"2024-06-14 03:30:00+00:00",0,4.5,9.534,65.12
6,"2024-06-14 04:00:00+00:00",0,5,10.626,65.12
6,"2024-06-14 04:30:00+00:00",0,5.5,12.474,65.12
6,"2024-06-14 05:00:00+00:00",0,6,12.4005,65.12
6,"2024-06-14 05:30:00+00:00",0,6.5,21.4935,65.12
6,"2024-06-14 06:00:00+00:00",0,7,21.0105,65.12
6,"2024-06-14 06:30:00+00:00",0,7.5,22.9425,65.12
6,"2024-06-14 07:00:00+00:00",0,8,21.0105,65.12
6,"2024-06-14 07:30:00+00:00",0,8.5,21.6405,65.12
6,"2024-06-14 08:00:00+00:00",0,9,22.218,65.12
6,"2024-06-14 08:30:00+00:00",0,9.5,21.6405,65.12
6,"2024-06-14 09:00:00+00:00",0,10,22.1655,65.12
6,"2024-06-14 09:30:00+00:00",0,10.5,21.735,65.12
6,"2024-06-14 10:00:00+00:00",0,11,21.735,65.12
6,"2024-06-14 10:30:00+00:00",0,11.5,21.735,65.12
6,"2024-06-14 11:00:00+00:00",0,12,21.252,65.12
6,"2024-06-14 11:30:00+00:00",0,12.5,20.139,65.12
6,"2024-06-14 12:00:00+00:00",0,13,19.5615,65.12
6,"2024-06-14 12:30:00+00:00",0,13.5,18.186,65.12
6,"2024-06-14 13:00:00+00:00",0,14,15.6975,65.12
6,"2024-06-14 13:30:00+00:00",0,14.5,16.065,65.12
6,"2024-06-14 14:00:00+00:00",0,15,14.2485,65.12
6,"2024-06-14 14:30:00+00:00",0,15.5,15.456,65.12
6,"2024-06-14 15:00:00+00:00",0,16,25.9455,65.12
6,"2024-06-14 15:30:00+00:00",0,16.5,28.6965,65.12
6,"2024-06-14 16:00:00+00:00",0,17,28.938,65.12
6,"2024-06-14 16:30:00+00:00",0,17.5,31.353,65.12
6,"2024-06-14 17:00:00+00:00",0,18,33.285,65.12
6,"2024-06-14 17:30:00+00:00",0,18.5,33.285,65.12
6,"2024-06-14 18:00:00+00:00",0,19,25.6515,65.12
6,"2024-06-14 18:30:00+00:00",0,19.5,25.3575,65.12
6,"2024-06-14 19:00:00+00:00",0,20,24.2445,65.12
6,"2024-06-14 19:30:00+00:00",0,20.5,24.15,65.12
6,"2024-06-14 20:00:00+00:00",0,21,22.9425,65.12
6,"2024-06-14 20:30:00+00:00",0,21.5,21.735,65.12
6,"2024-06-14 21:00:00+00:00",0,22,20.7585,65.12
6,"2024-06-14 21:30:00+00:00",0,22.5,19.32,65.12
6,"2024-06-14 22:00:00+00:00",0,23,25.242,65.12
6,"2024-06-14 22:30:00+00:00",0,23.5,23.5725,65.12
6,"2024-06-14 23:00:00+00:00",0,0,21.6825,65.12
6,"2024-06-14 23:30:00+00:00",0,0.5,19.7505,65.12
6,"2024-06-15 00:00:00+00:00",1,1,17.9235,65.12
6,"2024-06-15 00:30:00+00:00",1,1.5,18.2805,65.12
6,"2024-06-15 01:00:00+00:00",1,2,17.241,65.12
6,"2024-06-15 01:30:00+00:00",1,2.5,15.96,65.12
6,"2024-06-15 02:00:00+00:00",1,3,15.456,65.12
6,"2024-06-15 02:30:00+00:00",1,3.5,14.7525,65.12
6,"2024-06-15 03:00:00+00:00",1,4,16.065,65.12
6,"2024-06-15 03:30:00+00:00",1,4.5,15.456,65.12
6,"2024-06-15 04:00:00+00:00",1,5,15.456,65.12
6,"2024-06-15 04:30:00+00:00",1,5.5,15.0675,65.12
6,"2024-06-15 05:00:00+00:00",1,6,16.1805,65.12
6,"2024-06-15 05:30:00+00:00",1,6.5,18.669,65.12
6,"2024-06-15 06:00:00+00:00",1,7,18.5955,65.12
6,"2024-06-15 06:30:00+00:00",1,7.5,19.803,65.12
6,"2024-06-15 07:00:00+00:00",1,8,21.7035,65.12
6,"2024-06-15 07:30:00+00:00",1,8.5,22.218,65.12
6,"2024-06-15 08:00:00+00:00",1,9,22.9425,65.12
6,"2024-06-15 08:30:00+00:00",1,9.5,22.995,65.12
6,"2024-06-15 09:00:00+00:00",1,10,22.7955,65.12
6,"2024-06-15 09:30:00+00:00",1,10.5,22.386,65.12
6,"2024-06-15 10:00:00+00:00",1,11,19.32,65.12
6,"2024-06-15 10:30:00+00:00",1,11.5,18.837,65.12
6,"2024-06-15 11:00:00+00:00",1,12,18.1125,65.12
6,"2024-06-15 11:30:00+00:00",1,12.5,17.052,65.12
6,"2024-06-15 12:00:00+00:00",1,13,15.6975,65.12
6,"2024-06-15 12:30:00+00:00",1,13.5,14.5635,65.12
6,"2024-06-15 13:00:00+00:00",1,14,14.007,65.12
6,"2024-06-15 13:30:00+00:00",1,14.5,13.7655,65.12
6,"2024-06-15 14:00:00+00:00",1,15,14.49,65.12
6,"2024-06-15 14:30:00+00:00",1,15.5,14.5635,65.12
6,"2024-06-15 15:00:00+00:00",1,16,27.489,65.12
6,"2024-06-15 15:30:00+00:00",1,16.5,30.219,65.12
6,"2024-06-15 16:00:00+00:00",1,17,32.13,65.12
6,"2024-06-15 16:30:00+00:00",1,17.5,34.251,65.12
6,"2024-06-15 17:00:00+00:00",1,18,33.8205,65.12
6,"2024-06-15 17:30:00+00:00",1,18.5,33.936,65.12
6,"2024-06-15 18:00:00+00:00",1,19,23.373,65.12
6,"2024-06-15 18:30:00+00:00",1,19.5,23.4255,65.12
6,"2024-06-15 19:00:00+00:00",1,20,22.1235,65.12
6,"2024-06-15 19:30:00+00:00",1,20.5,21.7875,65.12
6,"2024-06-15 20:00:00+00:00",1,21,24.15,65.12
6,"2024-06-15 20:30:00+00:00",1,21.5,21.735,65.12
6,"2024-06-15 21:00:00+00:00",1,22,19.992,65.12
6,"2024-06-15 21:30:00+00:00",1,22.5,16.296,65.12
6,"2024-06-15 22:00:00+00:00",1,23,20.412,65.12
6,"2024-06-15 22:30:00+00:00",1,23.5,19.803,65.12
6,"2024-06-15 23:00:00+00:00",1,0,16.422,65.12
6,"2024-06-15 23:30:00+00:00",1,0.5,12.369,65.12
6,"2024-06-16 00:00:00+00:00",1,1,10.3845,65.12
6,"2024-06-16 00:30:00+00:00",1,1.5,13.6185,65.12
6,"2024-06-16 01:00:00+00:00",1,2,11.592,65.12
6,"2024-06-16 01:30:00+00:00",1,2.5,7.245,65.12
6,"2024-06-16 02:00:00+00:00",1,3,5.145,65.12
6,"2024-06-16 02:30:00+00:00",1,3.5,4.683,65.12
6,"2024-06-16 03:00:00+00:00",1,4,4.83,65.12
6,"2024-06-16 03:30:00+00:00",1,4.5,2.415,65.12
6,"2024-06-16 04:00:00+00:00",1,5,1.932,65.12
6,"2024-06-16 04:30:00+00:00",1,5.5,1.6905,65.12
6,"2024-06-16 05:00:00+00:00",1,6,2.1525,65.12
6,"2024-06-16 05:30:00+00:00",1,6.5,2.8245,65.12
6,"2024-06-16 06:00:00+00:00",1,7,5.796,65.12
6,"2024-06-16 06:30:00+00:00",1,7.5,10.794,65.12
6,"2024-06-16 07:00:00+00:00",1,8,10.8675,65.12
6,"2024-06-16 07:30:00+00:00",1,8.5,12.558,65.12
6,"2024-06-16 08:00:00+00:00",1,9,12.7995,65.12
6,"2024-06-16 08:30:00+00:00",1,9.5,14.2485,65.12
6,"2024-06-16 09:00:00+00:00",1,10,15.939,65.12
6,"2024-06-16 09:30:00+00:00",1,10.5,15.918,65.12
6,"2024-06-16 10:00:00+00:00",1,11,16.6845,65.12
6,"2024-06-16 10:30:00+00:00",1,11.5,16.548,65.12
6,"2024-06-16 11:00:00+00:00",1,12,17.871,65.12
6,"2024-06-16 11:30:00+00:00",1,12.5,16.275,65.12
6,"2024-06-16 12:00:00+00:00",1,13,14.973,65.12
6,"2024-06-16 12:30:00+00:00",1,13.5,13.2825,65.12
6,"2024-06-16 13:00:00+00:00",1,14,12.3165,65.12
6,"2024-06-16 13:30:00+00:00",1,14.5,13.2825,65.12
6,"2024-06-16 14:00:00+00:00",1,15,13.2825,65.12
6,"2024-06-16 14:30:00+00:00",1,15.5,15.918,65.12
6,"2024-06-16 15:00:00+00:00",1,16,27.51,65.12
6,"2024-06-16 15:30:00+00:00",1,16.5,29.715,65.12
6,"2024-06-16 16:00:00+00:00",1,17,30.555,65.12
6,"2024-06-16 16:30:00+00:00",1,17.5,32.193,65.12
6,"2024-06-16 17:00:00+00:00",1,18,31.7835,65.12
6,"2024-06-16 17:30:00+00:00",1,18.5,31.5945,65.12
6,"2024-06-16 18:00:00+00:00",1,19,23.352,65.12
6,"2024-06-16 18:30:00+00:00",1,19.5,23.856,65.12
6,"2024-06-16 19:00:00+00:00",1,20,25.872,65.12
6,"2024-06-16 19:30:00+00:00",1,20.5,23.9085,65.12
6,"2024-06-16 20:00:00+00:00",1,21,24.3915,65.12
6,"2024-06-16 20:30:00+00:00",1,21.5,23.4255,65.12
6,"2024-06-16 21:00:00+00:00",1,22,20.643,65.12
6,"2024-06-16 21:30:00+00:00",1,22.5,18.711,65.12
6,"2024-06-16 22:00:00+00:00",1,23,19.2255,65.12
6,"2024-06-16 22:30:00+00:00",1,23.5,19.32,65.12
6,"2024-06-16 23:00:00+00:00",1,0,17.4825,65.12
6,"2024-06-16 23:30:00+00:00",1,0.5,16.716,65.12
6,"2024-06-17 00:00:00+00:00",0,1,16.3695,65.12
6,"2024-06-17 00:30:00+00:00",0,1.5,16.422,65.12
6,"2024-06-17 01:00:00+00:00",0,2,17.388,65.12
6,"2024-06-17 01:30:00+00:00",0,2.5,16.758,65.12
6,"2024-06-17 02:00:00+00:00",0,3,17.871,65.12
6,"2024-06-17 02:30:00+00:00",0,3.5,17.094,65.12
6,"2024-06-17 03:00:00+00:00",0,4,17.1465,65.12
6,"2024-06-17 03:30:00+00:00",0,4.5,17.1465,65.12
6,"2024-06-17 04:00:00+00:00",0,5,20.286,65.12
6,"2024-06-17 04:30:00+00:00",0,5.5,20.8215,65.12
6,"2024-06-17 05:00:00+00:00",0,6,22.9425,65.12
6,"2024-06-17 05:30:00+00:00",0,6.5,24.8745,65.12
6,"2024-06-17 06:00:00+00:00",0,7,21.252,65.12
6,"2024-06-17 06:30:00+00:00",0,7.5,25.3575,65.12
6,"2024-06-17 07:00:00+00:00",0,8,21.3465,65.12
6,"2024-06-17 07:30:00+00:00",0,8.5,20.7165,65.12
6,"2024-06-17 08:00:00+00:00",0,9,20.937,65.12
6,"2024-06-17 08:30:00+00:00",0,9.5,20.3805,65.12
6,"2024-06-17 09:00:00+00:00",0,10,19.803,65.12
6,"2024-06-17 09:30:00+00:00",0,10.5,18.1125,65.12
6,"2024-06-17 10:00:00+00:00",0,11,20.286,65.12
6,"2024-06-17 10:30:00+00:00",0,11.5,19.8975,65.12
6,"2024-06-17 11:00:00+00:00",0,12,21.4935,65.12
6,"2024-06-17 11:30:00+00:00",0,12.5,21.0105,65.12
6,"2024-06-17 12:00:00+00:00",0,13,20.769,65.12
6,"2024-06-17 12:30:00+00:00",0,13.5,19.0785,65.12
6,"2024-06-17 13:00:00+00:00",0,14,19.2255,65.12
6,"2024-06-17 13:30:00+00:00",0,14.5,18.5955,65.12
6,"2024-06-17 14:00:00+00:00",0,15,18.858,65.12
6,"2024-06-17 14:30:00+00:00",0,15.5,19.0785,65.12
6,"2024-06-17 15:00:00+00:00",0,16,28.5495,65.12
6,"2024-06-17 15:30:00+00:00",0,16.5,30.6285,65.12
6,"2024-06-17 16:00:00+00:00",0,17,31.983,65.12
6,"2024-06-17 16:30:00+00:00",0,17.5,33.453,65.12
6,"2024-06-17 17:00:00+00:00",0,18,37.632,65.12
6,"2024-06-17 17:30:00+00:00",0,18.5,38.115,65.12
6,"2024-06-17 18:00:00+00:00",0,19,29.0745,65.12
6,"2024-06-17 18:30:00+00:00",0,19.5,28.791,65.12
6,"2024-06-17 19:00:00+00:00",0,20,27.1425,65.12
6,"2024-06-17 19:30:00+00:00",0,20.5,26.8275,65.12
6,"2024-06-17 20:00:00+00:00",0,21,25.3575,65.12
6,"2024-06-17 20:30:00+00:00",0,21.5,24.3915,65.12
6,"2024-06-17 21:00:00+00:00",0,22,22.1445,65.12
6,"2024-06-17 21:30:00+00:00",0,22.5,21.0105,65.12
6,"2024-06-17 22:00:00+00:00",0,23,19.2675,65.12
6,"2024-06-17 22:30:00+00:00",0,23.5,18.837,65.12
6,"2024-06-17 23:00:00+00:00",0,0,18.4485,65.12
6,"2024-06-17 23:30:00+00:00",0,0.5,18.354,65.12
6,"2024-06-18 00:00:00+00:00",0,1,17.514,65.12
6,"2024-06-18 00:30:00+00:00",0,1.5,18.06,65.12
6,"2024-06-18 01:00:00+00:00",0,2,18.1125,65.12
6,"2024-06-18 01:30:00+00:00",0,2.5,17.85,65.12
6,"2024-06-18 02:00:00+00:00",0,3,18.018,65.12
6,"2024-06-18 02:30:00+00:00",0,3.5,17.871,65.12
6,"2024-06-18 03:00:00+00:00",0,4,18.165,65.12
6,"2024-06-18 03:30:00+00:00",0,4.5,17.2935,65.12
6,"2024-06-18 04:00:00+00:00",0,5,19.677,65.12
6,"2024-06-18 04:30:00+00:00",0,5.5,18.7425,65.12
6,"2024-06-18 05:00:00+00:00",0,6,21.252,65.12
6,"2024-06-18 05:30:00+00:00",0,6.5,23.184,65.12
6,"2024-06-18 06:00:00+00:00",0,7,19.005,65.12
6,"2024-06-18 06:30:00+00:00",0,7.5,24.003,65.12
6,"2024-06-18 07:00:00+00:00",0,8,24.8745,65.12
6,"2024-06-18 07:30:00+00:00",0,8.5,24.633,65.12
6,"2024-06-18 08:00:00+00:00",0,9,24.276,65.12
6,"2024-06-18 08:30:00+00:00",0,9.5,23.9085,65.12
6,"2024-06-18 09:00:00+00:00",0,10,22.7535,65.12
6,"2024-06-18 09:30:00+00:00",0,10.5,22.407,65.12
6,"2024-06-18 10:00:00+00:00",0,11,21.7455,65.12
6,"2024-06-18 10:30:00+00:00",0,11.5,21.6405,65.12
6,"2024-06-18 11:00:00+00:00",0,12,21.252,65.12
6,"2024-06-18 11:30:00+00:00",0,12.5,20.5065,65.12
6,"2024-06-18 12:00:00+00:00",0,13,18.984,65.12
6,"2024-06-18 12:30:00+00:00",0,13.5,18.1965,65.12
6,"2024-06-18 13:00:00+00:00",0,14,17.724,65.12
6,"2024-06-18 13:30:00+00:00",0,14.5,17.682,65.12
6,"2024-06-18 14:00:00+00:00",0,15,17.6295,65.12
6,"2024-06-18 14:30:00+00:00",0,15.5,18.1125,65.12
6,"2024-06-18 15:00:00+00:00",0,16,29.736,65.12
6,"2024-06-18 15:30:00+00:00",0,16.5,31.857,65.12
6,"2024-06-18 16:00:00+00:00",0,17,33.306,65.12
6,"2024-06-18 16:30:00+00:00",0,17.5,34.9755,65.12
6,"2024-06-18 17:00:00+00:00",0,18,34.8075,65.12
6,"2024-06-18 17:30:00+00:00",0,18.5,35.217,65.12
6,"2024-06-18 18:00:00+00:00",0,19,26.6595,65.12
6,"2024-06-18 18:30:00+00:00",0,19.5,26.6595,65.12
6,"2024-06-18 19:00:00+00:00",0,20,24.297,65.12
6,"2024-06-18 19:30:00+00:00",0,20.5,23.9715,65.12
6,"2024-06-18 20:00:00+00:00",0,21,21.903,65.12
6,"2024-06-18 20:30:00+00:00",0,21.5,20.79,65.12
6,"2024-06-18 21:00:00+00:00",0,22,19.446,65.12
6,"2024-06-18 21:30:00+00:00",0,22.5,17.703,65.12
6,"2024-06-18 22:00:00+00:00",0,23,18.963,65.12
6,"2024-06-18 22:30:00+00:00",0,23.5,20.5275,65.12
6,"2024-06-18 23:00:00+00:00",0,0,18.207,65.12
6,"2024-06-18 23:30:00+00:00",0,0.5,18.039,65.12
6,"2024-06-19 00:00:00+00:00",0,1,17.1465,65.12
6,"2024-06-19 00:30:00+00:00",0,1.5,17.304,65.12
6,"2024-06-19 01:00:00+00:00",0,2,16.8525,65.12
6,"2024-06-19 01:30:00+00:00",0,2.5,16.4955,65.12
6,"2024-06-19 02:00:00+00:00",0,3,16.443,65.12
6,"2024-06-19 02:30:00+00:00",0,3.5,16.4115,65.12
6,"2024-06-19 03:00:00+00:00",0,4,16.422,65.12
6,"2024-06-19 03:30:00+00:00",0,4.5,15.4245,65.12
6,"2024-06-19 04:00:00+00:00",0,5,18.039,65.12
6,"2024-06-19 04:30:00+00:00",0,5.5,18.165,65.12
6,"2024-06-19 05:00:00+00:00",0,6,20.5275,65.12
6,"2024-06-19 05:30:00+00:00",0,6.5,21.6405,65.12
6,"2024-06-19 06:00:00+00:00",0,7,19.446,65.12
6,"2024-06-19 06:30:00+00:00",0,7.5,23.667,65.12
6,"2024-06-19 07:00:00+00:00",0,8,25.116,65.12
6,"2024-06-19 07:30:00+00:00",0,8.5,24.3915,65.12
6,"2024-06-19 08:00:00+00:00",0,9,23.6145,65.12
6,"2024-06-19 08:30:00+00:00",0,9.5,22.029,65.12
6,"2024-06-19 09:00:00+00:00",0,10,21.6405,65.12
6,"2024-06-19 09:30:00+00:00",0,10.5,21.252,65.12
6,"2024-06-19 10:00:00+00:00",0,11,21.0105,65.12
6,"2024-06-19 10:30:00+00:00",0,11.5,20.5275,65.12
6,"2024-06-19 11:00:00+00:00",0,12,20.16,65.12
6,"2024-06-19 11:30:00+00:00",0,12.5,18.816,65.12
6,"2024-06-19 12:00:00+00:00",0,13,17.6295,65.12
6,"2024-06-19 12:30:00+00:00",0,13.5,16.548,65.12
6,"2024-06-19 13:00:00+00:00",0,14,16.422,65.12
6,"2024-06-19 13:30:00+00:00",0,14.5,15.6975,65.12
6,"2024-06-19 14:00:00+00:00",0,15,15.6975,65.12
6,"2024-06-19 14:30:00+00:00",0,15.5,16.548,65.12
6,"2024-06-19 15:00:00+00:00",0,16,26.523,65.12
6,"2024-06-19 15:30:00+00:00",0,16.5,28.77,65.12
6,"2024-06-19 16:00:00+00:00",0,17,29.3265,65.12
6,"2024-06-19 16:30:00+00:00",0,17.5,31.353,65.12
6,"2024-06-19 17:00:00+00:00",0,18,32.5605,65.12
6,"2024-06-19 17:30:00+00:00",0,18.5,33.1905,65.12
6,"2024-06-19 18:00:00+00:00",0,19,24.633,65.12
6,"2024-06-19 18:30:00+00:00",0,19.5,24.633,65.12
6,"2024-06-19 19:00:00+00:00",0,20,23.961,65.12
6,"2024-06-19 19:30:00+00:00",0,20.5,23.184,65.12
6,"2024-06-19 20:00:00+00:00",0,21,23.2365,65.12
6,"2024-06-19 20:30:00+00:00",0,21.5,20.475,65.12
6,"2024-06-19 21:00:00+00:00",0,22,20.0655,65.12
6,"2024-06-19 21:30:00+00:00",0,22.5,18.039,65.12
6,"2024-06-19 22:00:00+00:00",0,23,18.522,65.12
6,"2024-06-19 22:30:00+00:00",0,23.5,18.186,65.12
6,"2024-06-19 23:00:00+00:00",0,0,17.871,65.12
6,"2024-06-19 23:30:00+00:00",0,0.5,17.1465,65.12
6,"2024-06-20 00:00:00+00:00",0,1,16.296,65.12
6,"2024-06-20 00:30:00+00:00",0,1.5,17.094,65.12
6,"2024-06-20 01:00:00+00:00",0,2,17.514,65.12
6,"2024-06-20 01:30:00+00:00",0,2.5,17.7765,65.12
6,"2024-06-20 02:00:00+00:00",0,3,17.7765,65.12
6,"2024-06-20 02:30:00+00:00",0,3.5,17.724,65.12
6,"2024-06-20 03:00:00+00:00",0,4,18.333,65.12
6,"2024-06-20 03:30:00+00:00",0,4.5,18.186,65.12
6,"2024-06-20 04:00:00+00:00",0,5,21.8295,65.12
6,"2024-06-20 04:30:00+00:00",0,5.5,21.9765,65.12
6,"2024-06-20 05:00:00+00:00",0,6,21.9765,65.12
6,"2024-06-20 05:30:00+00:00",0,6.5,22.827,65.12
6,"2024-06-20 06:00:00+00:00",0,7,20.475,65.12
6,"2024-06-20 06:30:00+00:00",0,7.5,24.2865,65.12
6,"2024-06-20 07:00:00+00:00",0,8,22.848,65.12
6,"2024-06-20 07:30:00+00:00",0,8.5,21.735,65.12
6,"2024-06-20 08:00:00+00:00",0,9,22.197,65.12
6,"2024-06-20 08:30:00+00:00",0,9.5,20.3595,65.12
6,"2024-06-20 09:00:00+00:00",0,10,18.963,65.12
6,"2024-06-20 09:30:00+00:00",0,10.5,18.186,65.12
6,"2024-06-20 10:00:00+00:00",0,11,18.2805,65.12
6,"2024-06-20 10:30:00+00:00",0,11.5,18.039,65.12
6,"2024-06-20 11:00:00+00:00",0,12,17.514,65.12
6,"2024-06-20 11:30:00+00:00",0,12.5,16.6845,65.12
6,"2024-06-20 12:00:00+00:00",0,13,17.388,65.12
6,"2024-06-20 12:30:00+00:00",0,13.5,16.7055,65.12
6,"2024-06-20 13:00:00+00:00",0,14,16.884,65.12
6,"2024-06-20 13:30:00+00:00",0,14.5,16.422,65.12
6,"2024-06-20 14:00:00+00:00",0,15,16.422,65.12
6,"2024-06-20 14:30:00+00:00",0,15.5,17.6085,65.12
6,"2024-06-20 15:00:00+00:00",0,16,29.6625,65.12
6,"2024-06-20 15:30:00+00:00",0,16.5,30.387,65.12
6,"2024-06-20 16:00:00+00:00",0,17,32.739,65.12
6,"2024-06-20 16:30:00+00:00",0,17.5,34.251,65.12
6,"2024-06-20 17:00:00+00:00",0,18,36.855,65.12
6,"2024-06-20 17:30:00+00:00",0,18.5,37.3695,65.12
6,"2024-06-20 18:00:00+00:00",0,19,26.25,65.12
6,"2024-06-20 18:30:00+00:00",0,19.5,25.893,65.12
6,"2024-06-20 19:00:00+00:00",0,20,26.082,65.12
6,"2024-06-20 19:30:00+00:00",0,20.5,25.3365,65.12
6,"2024-06-20 20:00:00+00:00",0,21,24.297,65.12
6,"2024-06-20 20:30:00+00:00",0,21.5,22.554,65.12
6,"2024-06-20 21:00:00+00:00",0,22,22.89,65.12
6,"2024-06-20 21:30:00+00:00",0,22.5,19.803,65.12
6,"2024-06-20 22:00:00+00:00",0,23,19.0785,65.12
6,"2024-06-20 22:30:00+00:00",0,23.5,21.42,65.12
6,"2024-06-20 23:00:00+00:00",0,0,20.58,65.12
6,"2024-06-20 23:30:00+00:00",0,0.5,19.8555,65.12
6,"2024-06-21 00:00:00+00:00",0,1,19.0575,65.12
6,"2024-06-21 00:30:00+00:00",0,1.5,19.803,65.12
6,"2024-06-21 01:00:00+00:00",0,2,17.6085,65.12
6,"2024-06-21 01:30:00+00:00",0,2.5,17.199,65.12
6,"2024-06-21 02:00:00+00:00",0,3,17.031,65.12
6,"2024-06-21 02:30:00+00:00",0,3.5,17.1255,65.12
6,"2024-06-21 03:00:00+00:00",0,4,17.4615,65.12
6,"2024-06-21 03:30:00+00:00",0,4.5,16.779,65.12
6,"2024-06-21 04:00:00+00:00",0,5,18.7845,65.12
6,"2024-06-21 04:30:00+00:00",0,5.5,19.488,65.12
6,"2024-06-21 05:00:00+00:00",0,6,22.533,65.12
6,"2024-06-21 05:30:00+00:00",0,6.5,24.15,65.12
6,"2024-06-21 06:00:00+00:00",0,7,22.7955,65.12
6,"2024-06-21 06:30:00+00:00",0,7.5,24.507,65.12
6,"2024-06-21 07:00:00+00:00",0,8,22.7955,65.12
6,"2024-06-21 07:30:00+00:00",0,8.5,21.945,65.12
6,"2024-06-21 08:00:00+00:00",0,9,20.958,65.12
6,"2024-06-21 08:30:00+00:00",0,9.5,18.837,65.12
6,"2024-06-21 09:00:00+00:00",0,10,16.905,65.12
6,"2024-06-21 09:30:00+00:00",0,10.5,17.4825,65.12
6,"2024-06-21 10:00:00+00:00",0,11,17.388,65.12
6,"2024-06-21 10:30:00+00:00",0,11.5,16.548,65.12
6,"2024-06-21 11:00:00+00:00",0,12,15.939,65.12
6,"2024-06-21 11:30:00+00:00",0,12.5,15.2145,65.12
6,"2024-06-21 12:00:00+00:00",0,13,15.0675,65.12
6,"2024-06-21 12:30:00+00:00",0,13.5,14.637,65.12
6,"2024-06-21 13:00:00+00:00",0,14,14.679,65.12
6,"2024-06-21 13:30:00+00:00",0,14.5,14.49,65.12
6,"2024-06-21 14:00:00+00:00",0,15,15.2145,65.12
6,"2024-06-21 14:30:00+00:00",0,15.5,16.905,65.12
6,"2024-06-21 15:00:00+00:00",0,16,28.812,65.12
6,"2024-06-21 15:30:00+00:00",0,16.5,31.227,65.12
6,"2024-06-21 16:00:00+00:00",0,17,30.87,65.12
6,"2024-06-21 16:30:00+00:00",0,17.5,31.2585,65.12
6,"2024-06-21 17:00:00+00:00",0,18,32.7075,65.12
6,"2024-06-21 17:30:00+00:00",0,18.5,32.949,65.12
6,"2024-06-21 18:00:00+00:00",0,19,22.9425,65.12
6,"2024-06-21 18:30:00+00:00",0,19.5,22.701,65.12
6,"2024-06-21 19:00:00+00:00",0,20,22.029,65.12
6,"2024-06-21 19:30:00+00:00",0,20.5,21.378,65.12
6,"2024-06-21 20:00:00+00:00",0,21,22.701,65.12
6,"2024-06-21 20:30:00+00:00",0,21.5,20.8635,65.12
6,"2024-06-21 21:00:00+00:00",0,22,21.252,65.12
6,"2024-06-21 21:30:00+00:00",0,22.5,18.354,65.12
6,"2024-06-21 22:00:00+00:00",0,23,19.32,65.12
6,"2024-06-21 22:30:00+00:00",0,23.5,19.32,65.12
6,"2024-06-21 23:00:00+00:00",0,0,18.1125,65.12
6,"2024-06-21 23:30:00+00:00",0,0.5,17.388,65.12
6,"2024-06-22 00:00:00+00:00",1,1,17.85,65.12
6,"2024-06-22 00:30:00+00:00",1,1.5,19.2675,65.12
6,"2024-06-22 01:00:00+00:00",1,2,18.354,65.12
6,"2024-06-22 01:30:00+00:00",1,2.5,16.905,65.12
6,"2024-06-22 02:00:00+00:00",1,3,17.4825,65.12
6,"2024-06-22 02:30:00+00:00",1,3.5,16.548,65.12
6,"2024-06-22 03:00:00+00:00",1,4,18.522,65.12
6,"2024-06-22 03:30:00+00:00",1,4.5,17.514,65.12
6,"2024-06-22 04:00:00+00:00",1,5,18.4485,65.12
6,"2024-06-22 04:30:00+00:00",1,5.5,19.32,65.12
6,"2024-06-22 05:00:00+00:00",1,6,17.871,65.12
6,"2024-06-22 05:30:00+00:00",1,6.5,16.905,65.12
6,"2024-06-22 06:00:00+00:00",1,7,16.6635,65.12
6,"2024-06-22 06:30:00+00:00",1,7.5,19.824,65.12
6,"2024-06-22 07:00:00+00:00",1,8,22.9425,65.12
6,"2024-06-22 07:30:00+00:00",1,8.5,22.9425,65.12
6,"2024-06-22 08:00:00+00:00",1,9,23.31,65.12
6,"2024-06-22 08:30:00+00:00",1,9.5,21.4725,65.12
6,"2024-06-22 09:00:00+00:00",1,10,22.9425,65.12
6,"2024-06-22 09:30:00+00:00",1,10.5,22.218,65.12
6,"2024-06-22 10:00:00+00:00",1,11,21.9975,65.12
6,"2024-06-22 10:30:00+00:00",1,11.5,21.714,65.12
6,"2024-06-22 11:00:00+00:00",1,12,20.3595,65.12
6,"2024-06-22 11:30:00+00:00",1,12.5,19.0785,65.12
6,"2024-06-22 12:00:00+00:00",1,13,17.115,65.12
6,"2024-06-22 12:30:00+00:00",1,13.5,15.603,65.12
6,"2024-06-22 13:00:00+00:00",1,14,14.49,65.12
6,"2024-06-22 13:30:00+00:00",1,14.5,14.49,65.12
6,"2024-06-22 14:00:00+00:00",1,15,14.49,65.12
6,"2024-06-22 14:30:00+00:00",1,15.5,14.49,65.12
6,"2024-06-22 15:00:00+00:00",1,16,26.04,65.12
6,"2024-06-22 15:30:00+00:00",1,16.5,27.615,65.12
6,"2024-06-22 16:00:00+00:00",1,17,26.523,65.12
6,"2024-06-22 16:30:00+00:00",1,17.5,31.5945,65.12
6,"2024-06-22 17:00:00+00:00",1,18,33.285,65.12
6,"2024-06-22 17:30:00+00:00",1,18.5,33.285,65.12
6,"2024-06-22 18:00:00+00:00",1,19,22.701,65.12
6,"2024-06-22 18:30:00+00:00",1,19.5,22.701,65.12
6,"2024-06-22 19:00:00+00:00",1,20,22.3125,65.12
6,"2024-06-22 19:30:00+00:00",1,20.5,21.4935,65.12
6,"2024-06-22 20:00:00+00:00",1,21,21.6825,65.12
6,"2024-06-22 20:30:00+00:00",1,21.5,20.601,65.12
6,"2024-06-22 21:00:00+00:00",1,22,18.543,65.12
6,"2024-06-22 21:30:00+00:00",1,22.5,16.905,65.12
6,"2024-06-22 22:00:00+00:00",1,23,19.803,65.12
6,"2024-06-22 22:30:00+00:00",1,23.5,20.769,65.12
6,"2024-06-22 23:00:00+00:00",1,0,16.905,65.12
6,"2024-06-22 23:30:00+00:00",1,0.5,16.905,65.12
6,"2024-06-23 00:00:00+00:00",1,1,18.165,65.12
6,"2024-06-23 00:30:00+00:00",1,1.5,18.018,65.12
6,"2024-06-23 01:00:00+00:00",1,2,17.745,65.12
6,"2024-06-23 01:30:00+00:00",1,2.5,15.939,65.12
6,"2024-06-23 02:00:00+00:00",1,3,16.422,65.12
6,"2024-06-23 02:30:00+00:00",1,3.5,17.031,65.12
6,"2024-06-23 03:00:00+00:00",1,4,18.1125,65.12
6,"2024-06-23 03:30:00+00:00",1,4.5,16.758,65.12
6,"2024-06-23 04:00:00+00:00",1,5,17.199,65.12
6,"2024-06-23 04:30:00+00:00",1,5.5,17.745,65.12
6,"2024-06-23 05:00:00+00:00",1,6,16.0335,65.12
6,"2024-06-23 05:30:00+00:00",1,6.5,15.6975,65.12
6,"2024-06-23 06:00:00+00:00",1,7,13.986,65.12
6,"2024-06-23 06:30:00+00:00",1,7.5,15.6975,65.12
6,"2024-06-23 07:00:00+00:00",1,8,15.939,65.12
6,"2024-06-23 07:30:00+00:00",1,8.5,17.388,65.12
6,"2024-06-23 08:00:00+00:00",1,9,18.1125,65.12
6,"2024-06-23 08:30:00+00:00",1,9.5,16.2015,65.12
6,"2024-06-23 09:00:00+00:00",1,10,17.745,65.12
6,"2024-06-23 09:30:00+00:00",1,10.5,19.026,65.12
6,"2024-06-23 10:00:00+00:00",1,11,20.286,65.12
6,"2024-06-23 10:30:00+00:00",1,11.5,20.0445,65.12
6,"2024-06-23 11:00:00+00:00",1,12,21.231,65.12
6,"2024-06-23 11:30:00+00:00",1,12.5,20.79,65.12
6,"2024-06-23 12:00:00+00:00",1,13,19.929,65.12
6,"2024-06-23 12:30:00+00:00",1,13.5,18.228,65.12
6,"2024-06-23 13:00:00+00:00",1,14,17.724,65.12
6,"2024-06-23 13:30:00+00:00",1,14.5,18.354,65.12
6,"2024-06-23 14:00:00+00:00",1,15,18.354,65.12
6,"2024-06-23 14:30:00+00:00",1,15.5,18.48,65.12
6,"2024-06-23 15:00:00+00:00",1,16,30.9435,65.12
6,"2024-06-23 15:30:00+00:00",1,16.5,30.387,65.12
6,"2024-06-23 16:00:00+00:00",1,17,31.542,65.12
6,"2024-06-23 16:30:00+00:00",1,17.5,32.319,65.12
6,"2024-06-23 17:00:00+00:00",1,18,31.4475,65.12
6,"2024-06-23 17:30:00+00:00",1,18.5,31.353,65.12
6,"2024-06-23 18:00:00+00:00",1,19,22.827,65.12
6,"2024-06-23 18:30:00+00:00",1,19.5,21.4725,65.12
6,"2024-06-23 19:00:00+00:00",1,20,24.15,65.12
6,"2024-06-23 19:30:00+00:00",1,20.5,23.5725,65.12
6,"2024-06-23 20:00:00+00:00",1,21,23.961,65.12
6,"2024-06-23 20:30:00+00:00",1,21.5,22.9425,65.12
6,"2024-06-23 21:00:00+00:00",1,22,21.9975,65.12
6,"2024-06-23 21:30:00+00:00",1,22.5,17.7975,65.12
6,"2024-06-23 22:00:00+00:00",1,23,19.32,65.12
6,"2024-06-23 22:30:00+00:00",1,23.5,20.475,65.12
6,"2024-06-23 23:00:00+00:00",1,0,19.32,65.12
6,"2024-06-23 23:30:00+00:00",1,0.5,18.228,65.12
6,"2024-06-24 00:00:00+00:00",0,1,17.6295,65.12
6,"2024-06-24 00:30:00+00:00",0,1.5,17.451,65.12
6,"2024-06-24 01:00:00+00:00",0,2,16.905,65.12
6,"2024-06-24 01:30:00+00:00",0,2.5,16.905,65.12
6,"2024-06-24 02:00:00+00:00",0,3,17.6085,65.12
6,"2024-06-24 02:30:00+00:00",0,3.5,16.737,65.12
6,"2024-06-24 03:00:00+00:00",0,4,18.018,65.12
6,"2024-06-24 03:30:00+00:00",0,4.5,17.703,65.12
6,"2024-06-24 04:00:00+00:00",0,5,19.32,65.12
6,"2024-06-24 04:30:00+00:00",0,5.5,20.286,65.12
6,"2024-06-24 05:00:00+00:00",0,6,21.609,65.12
6,"2024-06-24 05:30:00+00:00",0,6.5,22.6275,65.12
6,"2024-06-24 06:00:00+00:00",0,7,19.32,65.12
6,"2024-06-24 06:30:00+00:00",0,7.5,22.512,65.12
6,"2024-06-24 07:00:00+00:00",0,8,21.9765,65.12
6,"2024-06-24 07:30:00+00:00",0,8.5,21.5985,65.12
6,"2024-06-24 08:00:00+00:00",0,9,21.252,65.12
6,"2024-06-24 08:30:00+00:00",0,9.5,19.2465,65.12
6,"2024-06-24 09:00:00+00:00",0,10,18.375,65.12
6,"2024-06-24 09:30:00+00:00",0,10.5,18.837,65.12
6,"2024-06-24 10:00:00+00:00",0,11,19.4145,65.12
6,"2024-06-24 10:30:00+00:00",0,11.5,18.543,65.12
6,"2024-06-24 11:00:00+00:00",0,12,19.32,65.12
6,"2024-06-24 11:30:00+00:00",0,12.5,18.7845,65.12
6,"2024-06-24 12:00:00+00:00",0,13,17.871,65.12
6,"2024-06-24 12:30:00+00:00",0,13.5,17.7765,65.12
6,"2024-06-24 13:00:00+00:00",0,14,16.884,65.12
6,"2024-06-24 13:30:00+00:00",0,14.5,16.6425,65.12
6,"2024-06-24 14:00:00+00:00",0,15,17.388,65.12
6,"2024-06-24 14:30:00+00:00",0,15.5,17.388,65.12
6,"2024-06-24 15:00:00+00:00",0,16,28.749,65.12
6,"2024-06-24 15:30:00+00:00",0,16.5,29.3265,65.12
6,"2024-06-24 16:00:00+00:00",0,17,30.534,65.12
6,"2024-06-24 16:30:00+00:00",0,17.5,31.2585,65.12
6,"2024-06-24 17:00:00+00:00",0,18,37.632,65.12
6,"2024-06-24 17:30:00+00:00",0,18.5,37.149,65.12
6,"2024-06-24 18:00:00+00:00",0,19,26.565,65.12
6,"2024-06-24 18:30:00+00:00",0,19.5,25.893,65.12
6,"2024-06-24 19:00:00+00:00",0,20,25.8405,65.12
6,"2024-06-24 19:30:00+00:00",0,20.5,25.305,65.12
6,"2024-06-24 20:00:00+00:00",0,21,24.15,65.12
6,"2024-06-24 20:30:00+00:00",0,21.5,23.0055,65.12
6,"2024-06-24 21:00:00+00:00",0,22,19.509,65.12
6,"2024-06-24 21:30:00+00:00",0,22.5,17.7765,65.12
6,"2024-06-24 22:00:00+00:00",0,23,18.501,65.12
6,"2024-06-24 22:30:00+00:00",0,23.5,18.1125,65.12
6,"2024-06-24 23:00:00+00:00",0,0,16.296,65.12
6,"2024-06-24 23:30:00+00:00",0,0.5,15.939,65.12
6,"2024-06-25 00:00:00+00:00",0,1,16.296,65.12
6,"2024-06-25 00:30:00+00:00",0,1.5,16.716,65.12
6,"2024-06-25 01:00:00+00:00",0,2,16.296,65.12
6,"2024-06-25 01:30:00+00:00",0,2.5,16.1805,65.12
6,"2024-06-25 02:00:00+00:00",0,3,15.2145,65.12
6,"2024-06-25 02:30:00+00:00",0,3.5,14.5845,65.12
6,"2024-06-25 03:00:00+00:00",0,4,18.9105,65.12
6,"2024-06-25 03:30:00+00:00",0,4.5,17.514,65.12
6,"2024-06-25 04:00:00+00:00",0,5,20.538,65.12
6,"2024-06-25 04:30:00+00:00",0,5.5,19.32,65.12
6,"2024-06-25 05:00:00+00:00",0,6,22.9425,65.12
6,"2024-06-25 05:30:00+00:00",0,6.5,25.3785,65.12
6,"2024-06-25 06:00:00+00:00",0,7,21.4725,65.12
6,"2024-06-25 06:30:00+00:00",0,7.5,26.082,65.12
6,"2024-06-25 07:00:00+00:00",0,8,22.218,65.12
6,"2024-06-25 07:30:00+00:00",0,8.5,20.9475,65.12
6,"2024-06-25 08:00:00+00:00",0,9,21.1575,65.12
6,"2024-06-25 08:30:00+00:00",0,9.5,19.32,65.12
6,"2024-06-25 09:00:00+00:00",0,10,17.4615,65.12
6,"2024-06-25 09:30:00+00:00",0,10.5,17.1465,65.12
6,"2024-06-25 10:00:00+00:00",0,11,17.745,65.12
6,"2024-06-25 10:30:00+00:00",0,11.5,17.703,65.12
6,"2024-06-25 11:00:00+00:00",0,12,17.997,65.12
6,"2024-06-25 11:30:00+00:00",0,12.5,17.7765,65.12
6,"2024-06-25 12:00:00+00:00",0,13,17.577,65.12
6,"2024-06-25 12:30:00+00:00",0,13.5,17.4615,65.12
6,"2024-06-25 13:00:00+00:00",0,14,17.367,65.12
6,"2024-06-25 13:30:00+00:00",0,14.5,17.409,65.12
6,"2024-06-25 14:00:00+00:00",0,15,17.4615,65.12
6,"2024-06-25 14:30:00+00:00",0,15.5,18.2595,65.12
6,"2024-06-25 15:00:00+00:00",0,16,30.072,65.12
6,"2024-06-25 15:30:00+00:00",0,16.5,32.508,65.12
6,"2024-06-25 16:00:00+00:00",0,17,32.0775,65.12
6,"2024-06-25 16:30:00+00:00",0,17.5,34.083,65.12
6,"2024-06-25 17:00:00+00:00",0,18,37.128,65.12
6,"2024-06-25 17:30:00+00:00",0,18.5,36.834,65.12
6,"2024-06-25 18:00:00+00:00",0,19,27.9195,65.12
6,"2024-06-25 18:30:00+00:00",0,19.5,27.195,65.12
6,"2024-06-25 19:00:00+00:00",0,20,25.5045,65.12
6,"2024-06-25 19:30:00+00:00",0,20.5,24.4125,65.12
6,"2024-06-25 20:00:00+00:00",0,21,22.869,65.12
6,"2024-06-25 20:30:00+00:00",0,21.5,21.735,65.12
6,"2024-06-25 21:00:00+00:00",0,22,20.5275,65.12
6,"2024-06-25 21:30:00+00:00",0,22.5,18.0915,65.12
6,"2024-06-25 22:00:00+00:00",0,23,21.4935,65.12
6,"2024-06-25 22:30:00+00:00",0,23.5,21.735,65.12
6,"2024-06-25 23:00:00+00:00",0,0,19.803,65.12
6,"2024-06-25 23:30:00+00:00",0,0.5,19.3095,65.12
6,"2024-06-26 00:00:00+00:00",0,1,18.9,65.12
6,"2024-06-26 00:30:00+00:00",0,1.5,19.257,65.12
6,"2024-06-26 01:00:00+00:00",0,2,19.7505,65.12
6,"2024-06-26 01:30:00+00:00",0,2.5,18.354,65.12
6,"2024-06-26 02:00:00+00:00",0,3,19.32,65.12
6,"2024-06-26 02:30:00+00:00",0,3.5,18.354,65.12
6,"2024-06-26 03:00:00+00:00",0,4,19.95,65.12
6,"2024-06-26 03:30:00+00:00",0,4.5,18.165,65.12
6,"2024-06-26 04:00:00+00:00",0,5,20.475,65.12
6,"2024-06-26 04:30:00+00:00",0,5.5,21.252,65.12
6,"2024-06-26 05:00:00+00:00",0,6,23.4255,65.12
6,"2024-06-26 05:30:00+00:00",0,6.5,26.3025,65.12
6,"2024-06-26 06:00:00+00:00",0,7,23.184,65.12
6,"2024-06-26 06:30:00+00:00",0,7.5,25.893,65.12
6,"2024-06-26 07:00:00+00:00",0,8,22.9425,65.12
6,"2024-06-26 07:30:00+00:00",0,8.5,22.218,65.12
6,"2024-06-26 08:00:00+00:00",0,9,21.252,65.12
6,"2024-06-26 08:30:00+00:00",0,9.5,19.446,65.12
6,"2024-06-26 09:00:00+00:00",0,10,18.6165,65.12
6,"2024-06-26 09:30:00+00:00",0,10.5,17.871,65.12
6,"2024-06-26 10:00:00+00:00",0,11,17.388,65.12
6,"2024-06-26 10:30:00+00:00",0,11.5,16.527,65.12
6,"2024-06-26 11:00:00+00:00",0,12,16.9785,65.12
6,"2024-06-26 11:30:00+00:00",0,12.5,15.813,65.12
6,"2024-06-26 12:00:00+00:00",0,13,16.422,65.12
6,"2024-06-26 12:30:00+00:00",0,13.5,15.9915,65.12
6,"2024-06-26 13:00:00+00:00",0,14,16.6005,65.12
6,"2024-06-26 13:30:00+00:00",0,14.5,16.065,65.12
6,"2024-06-26 14:00:00+00:00",0,15,16.296,65.12
6,"2024-06-26 14:30:00+00:00",0,15.5,16.8105,65.12
6,"2024-06-26 15:00:00+00:00",0,16,29.6625,65.12
6,"2024-06-26 15:30:00+00:00",0,16.5,31.017,65.12
6,"2024-06-26 16:00:00+00:00",0,17,32.445,65.12
6,"2024-06-26 16:30:00+00:00",0,17.5,32.676,65.12
6,"2024-06-26 17:00:00+00:00",0,18,37.506,65.12
6,"2024-06-26 17:30:00+00:00",0,18.5,37.3905,65.12
6,"2024-06-26 18:00:00+00:00",0,19,27.6255,65.12
6,"2024-06-26 18:30:00+00:00",0,19.5,26.565,65.12
6,"2024-06-26 19:00:00+00:00",0,20,26.082,65.12
6,"2024-06-26 19:30:00+00:00",0,20.5,24.0555,65.12
6,"2024-06-26 20:00:00+00:00",0,21,23.604,65.12
6,"2024-06-26 20:30:00+00:00",0,21.5,21.8085,65.12
6,"2024-06-26 21:00:00+00:00",0,22,22.029,65.12
6,"2024-06-26 21:30:00+00:00",0,22.5,17.5665,65.12
6,"2024-06-26 22:00:00+00:00",0,23,19.2675,65.12
6,"2024-06-26 22:30:00+00:00",0,23.5,20.6115,65.12
6,"2024-06-26 23:00:00+00:00",0,0,18.354,65.12
6,"2024-06-26 23:30:00+00:00",0,0.5,19.026,65.12
6,"2024-06-27 00:00:00+00:00",0,1,16.9575,65.12
6,"2024-06-27 00:30:00+00:00",0,1.5,16.6635,65.12
6,"2024-06-27 01:00:00+00:00",0,2,15.435,65.12
6,"2024-06-27 01:30:00+00:00",0,2.5,13.545,65.12
6,"2024-06-27 02:00:00+00:00",0,3,13.65,65.12
6,"2024-06-27 02:30:00+00:00",0,3.5,14.1015,65.12
6,"2024-06-27 03:00:00+00:00",0,4,14.7315,65.12
6,"2024-06-27 03:30:00+00:00",0,4.5,13.2825,65.12
6,"2024-06-27 04:00:00+00:00",0,5,13.1355,65.12
6,"2024-06-27 04:30:00+00:00",0,5.5,15.5085,65.12
6,"2024-06-27 05:00:00+00:00",0,6,20.79,65.12
6,"2024-06-27 05:30:00+00:00",0,6.5,23.5725,65.12
6,"2024-06-27 06:00:00+00:00",0,7,20.769,65.12
6,"2024-06-27 06:30:00+00:00",0,7.5,23.184,65.12
6,"2024-06-27 07:00:00+00:00",0,8,19.152,65.12
6,"2024-06-27 07:30:00+00:00",0,8.5,17.6295,65.12
6,"2024-06-27 08:00:00+00:00",0,9,15.2145,65.12
6,"2024-06-27 08:30:00+00:00",0,9.5,12.075,65.12
6,"2024-06-27 09:00:00+00:00",0,10,10.8675,65.12
6,"2024-06-27 09:30:00+00:00",0,10.5,9.66,65.12
6,"2024-06-27 10:00:00+00:00",0,11,8.2425,65.12
6,"2024-06-27 10:30:00+00:00",0,11.5,6.762,65.12
6,"2024-06-27 11:00:00+00:00",0,12,4.83,65.12
6,"2024-06-27 11:30:00+00:00",0,12.5,3.6225,65.12
6,"2024-06-27 12:00:00+00:00",0,13,2.898,65.12
6,"2024-06-27 12:30:00+00:00",0,13.5,1.932,65.12
6,"2024-06-27 13:00:00+00:00",0,14,2.898,65.12
6,"2024-06-27 13:30:00+00:00",0,14.5,1.932,65.12
6,"2024-06-27 14:00:00+00:00",0,15,1.848,65.12
6,"2024-06-27 14:30:00+00:00",0,15.5,3.99,65.12
6,"2024-06-27 15:00:00+00:00",0,16,17.1045,65.12
6,"2024-06-27 15:30:00+00:00",0,16.5,21.21,65.12
6,"2024-06-27 16:00:00+00:00",0,17,23.5305,65.12
6,"2024-06-27 16:30:00+00:00",0,17.5,25.683,65.12
6,"2024-06-27 17:00:00+00:00",0,18,28.2765,65.12
6,"2024-06-27 17:30:00+00:00",0,18.5,28.6755,65.12
6,"2024-06-27 18:00:00+00:00",0,19,20.097,65.12
6,"2024-06-27 18:30:00+00:00",0,19.5,19.803,65.12
6,"2024-06-27 19:00:00+00:00",0,20,20.286,65.12
6,"2024-06-27 19:30:00+00:00",0,20.5,18.354,65.12
6,"2024-06-27 20:00:00+00:00",0,21,19.3725,65.12
6,"2024-06-27 20:30:00+00:00",0,21.5,18.1125,65.12
6,"2024-06-27 21:00:00+00:00",0,22,17.514,65.12
6,"2024-06-27 21:30:00+00:00",0,22.5,13.524,65.12
6,"2024-06-27 22:00:00+00:00",0,23,7.371,65.12
6,"2024-06-27 22:30:00+00:00",0,23.5,4.7775,65.12
6,"2024-06-27 23:00:00+00:00",0,0,4.011,65.12
6,"2024-06-27 23:30:00+00:00",0,0.5,2.247,65.12
6,"2024-06-28 00:00:00+00:00",0,1,1.323,65.12
6,"2024-06-28 00:30:00+00:00",0,1.5,1.6905,65.12
6,"2024-06-28 01:00:00+00:00",0,2,2.121,65.12
6,"2024-06-28 01:30:00+00:00",0,2.5,1.155,65.12
6,"2024-06-28 02:00:00+00:00",0,3,1.428,65.12
6,"2024-06-28 02:30:00+00:00",0,3.5,1.2285,65.12
6,"2024-06-28 03:00:00+00:00",0,4,2.9505,65.12
6,"2024-06-28 03:30:00+00:00",0,4.5,1.9845,65.12
6,"2024-06-28 04:00:00+00:00",0,5,0.777,65.12
6,"2024-06-28 04:30:00+00:00",0,5.5,2.3625,65.12
6,"2024-06-28 05:00:00+00:00",0,6,4.347,65.12
6,"2024-06-28 05:30:00+00:00",0,6.5,9.513,65.12
6,"2024-06-28 06:00:00+00:00",0,7,6.0375,65.12
6,"2024-06-28 06:30:00+00:00",0,7.5,10.8675,65.12
6,"2024-06-28 07:00:00+00:00",0,8,5.124,65.12
6,"2024-06-28 07:30:00+00:00",0,8.5,5.2185,65.12
6,"2024-06-28 08:00:00+00:00",0,9,2.415,65.12
6,"2024-06-28 08:30:00+00:00",0,9.5,1.0395,65.12
6,"2024-06-28 09:00:00+00:00",0,10,0.2415,65.12
6,"2024-06-28 09:30:00+00:00",0,10.5,1.2075,65.12
6,"2024-06-28 10:00:00+00:00",0,11,0,65.12
6,"2024-06-28 10:30:00+00:00",0,11.5,0.147,65.12
6,"2024-06-28 11:00:00+00:00",0,12,0.2415,65.12
6,"2024-06-28 11:30:00+00:00",0,12.5,0.483,65.12
6,"2024-06-28 12:00:00+00:00",0,13,0.0525,65.12
6,"2024-06-28 12:30:00+00:00",0,13.5,0,65.12
6,"2024-06-28 13:00:00+00:00",0,14,0.504,65.12
6,"2024-06-28 13:30:00+00:00",0,14.5,-1.2075,65.12
6,"2024-06-28 14:00:00+00:00",0,15,-3.108,65.12
6,"2024-06-28 14:30:00+00:00",0,15.5,1.092,65.12
6,"2024-06-28 15:00:00+00:00",0,16,11.319,65.12
6,"2024-06-28 15:30:00+00:00",0,16.5,17.0835,65.12
6,"2024-06-28 16:00:00+00:00",0,17,19.0365,65.12
6,"2024-06-28 16:30:00+00:00",0,17.5,22.47,65.12
6,"2024-06-28 17:00:00+00:00",0,18,27.699,65.12
6,"2024-06-28 17:30:00+00:00",0,18.5,29.6625,65.12
6,"2024-06-28 18:00:00+00:00",0,19,19.8975,65.12
6,"2024-06-28 18:30:00+00:00",0,19.5,20.832,65.12
6,"2024-06-28 19:00:00+00:00",0,20,22.4385,65.12
6,"2024-06-28 19:30:00+00:00",0,20.5,22.7955,65.12
6,"2024-06-28 20:00:00+00:00",0,21,23.4255,65.12
6,"2024-06-28 20:30:00+00:00",0,21.5,23.4255,65.12
6,"2024-06-28 21:00:00+00:00",0,22,23.4255,65.12
6,"2024-06-28 21:30:00+00:00",0,22.5,21.735,65.12
6,"2024-06-28 22:00:00+00:00",0,23,21.735,65.12
6,"2024-06-28 22:30:00+00:00",0,23.5,22.575,65.12
6,"2024-06-28 23:00:00+00:00",0,0,22.029,65.12
6,"2024-06-28 23:30:00+00:00",0,0.5,22.9425,65.12
6,"2024-06-29 00:00:00+00:00",1,1,22.218,65.12
6,"2024-06-29 00:30:00+00:00",1,1.5,22.533,65.12
6,"2024-06-29 01:00:00+00:00",1,2,20.2335,65.12
6,"2024-06-29 01:30:00+00:00",1,2.5,18.837,65.12
6,"2024-06-29 02:00:00+00:00",1,3,20.0445,65.12
6,"2024-06-29 02:30:00+00:00",1,3.5,19.32,65.12
6,"2024-06-29 03:00:00+00:00",1,4,19.8555,65.12
6,"2024-06-29 03:30:00+00:00",1,4.5,17.6295,65.12
6,"2024-06-29 04:00:00+00:00",1,5,19.7085,65.12
6,"2024-06-29 04:30:00+00:00",1,5.5,20.0445,65.12
6,"2024-06-29 05:00:00+00:00",1,6,16.2855,65.12
6,"2024-06-29 05:30:00+00:00",1,6.5,20.286,65.12
6,"2024-06-29 06:00:00+00:00",1,7,16.611,65.12
6,"2024-06-29 06:30:00+00:00",1,7.5,18.1125,65.12
6,"2024-06-29 07:00:00+00:00",1,8,20.0445,65.12
6,"2024-06-29 07:30:00+00:00",1,8.5,21.0105,65.12
6,"2024-06-29 08:00:00+00:00",1,9,21.609,65.12
6,"2024-06-29 08:30:00+00:00",1,9.5,21.735,65.12
6,"2024-06-29 09:00:00+00:00",1,10,21.252,65.12
6,"2024-06-29 09:30:00+00:00",1,10.5,19.446,65.12
6,"2024-06-29 10:00:00+00:00",1,11,18.837,65.12
6,"2024-06-29 10:30:00+00:00",1,11.5,18.354,65.12
6,"2024-06-29 11:00:00+00:00",1,12,16.905,65.12
6,"2024-06-29 11:30:00+00:00",1,12.5,16.1595,65.12
6,"2024-06-29 12:00:00+00:00",1,13,15.456,65.12
6,"2024-06-29 12:30:00+00:00",1,13.5,13.2825,65.12
6,"2024-06-29 13:00:00+00:00",1,14,13.041,65.12
6,"2024-06-29 13:30:00+00:00",1,14.5,13.041,65.12
6,"2024-06-29 14:00:00+00:00",1,15,14.952,65.12
6,"2024-06-29 14:30:00+00:00",1,15.5,14.364,65.12
6,"2024-06-29 15:00:00+00:00",1,16,28.6965,65.12
6,"2024-06-29 15:30:00+00:00",1,16.5,28.455,65.12
6,"2024-06-29 16:00:00+00:00",1,17,30.387,65.12
6,"2024-06-29 16:30:00+00:00",1,17.5,31.2585,65.12
6,"2024-06-29 17:00:00+00:00",1,18,35.1225,65.12
6,"2024-06-29 17:30:00+00:00",1,18.5,35.511,65.12
6,"2024-06-29 18:00:00+00:00",1,19,24.8745,65.12
6,"2024-06-29 18:30:00+00:00",1,19.5,24.402,65.12
6,"2024-06-29 19:00:00+00:00",1,20,22.701,65.12
6,"2024-06-29 19:30:00+00:00",1,20.5,23.0895,65.12
6,"2024-06-29 20:00:00+00:00",1,21,22.1445,65.12
6,"2024-06-29 20:30:00+00:00",1,21.5,21.0105,65.12
6,"2024-06-29 21:00:00+00:00",1,22,20.223,65.12
6,"2024-06-29 21:30:00+00:00",1,22.5,18.354,65.12
6,"2024-06-29 22:00:00+00:00",1,23,19.0785,65.12
6,"2024-06-29 22:30:00+00:00",1,23.5,19.152,65.12
6,"2024-06-29 23:00:00+00:00",1,0,18.5745,65.12
6,"2024-06-29 23:30:00+00:00",1,0.5,18.837,65.12
6,"2024-06-30 00:00:00+00:00",1,1,18.816,65.12
6,"2024-06-30 00:30:00+00:00",1,1.5,18.5955,65.12
6,"2024-06-30 01:00:00+00:00",1,2,17.871,65.12
6,"2024-06-30 01:30:00+00:00",1,2.5,16.6425,65.12
6,"2024-06-30 02:00:00+00:00",1,3,15.6975,65.12
6,"2024-06-30 02:30:00+00:00",1,3.5,14.973,65.12
6,"2024-06-30 03:00:00+00:00",1,4,14.637,65.12
6,"2024-06-30 03:30:00+00:00",1,4.5,12.705,65.12
6,"2024-06-30 04:00:00+00:00",1,5,11.088,65.12
6,"2024-06-30 04:30:00+00:00",1,5.5,10.626,65.12
6,"2024-06-30 05:00:00+00:00",1,6,9.7545,65.12
6,"2024-06-30 05:30:00+00:00",1,6.5,10.4685,65.12
6,"2024-06-30 06:00:00+00:00",1,7,9.3975,65.12
6,"2024-06-30 06:30:00+00:00",1,7.5,10.4685,65.12
6,"2024-06-30 07:00:00+00:00",1,8,12.558,65.12
6,"2024-06-30 07:30:00+00:00",1,8.5,14.007,65.12
6,"2024-06-30 08:00:00+00:00",1,9,17.0835,65.12
6,"2024-06-30 08:30:00+00:00",1,9.5,18.1125,65.12
6,"2024-06-30 09:00:00+00:00",1,10,18.837,65.12
6,"2024-06-30 09:30:00+00:00",1,10.5,19.026,65.12
6,"2024-06-30 10:00:00+00:00",1,11,18.837,65.12
6,"2024-06-30 10:30:00+00:00",1,11.5,18.837,65.12
6,"2024-06-30 11:00:00+00:00",1,12,19.782,65.12
6,"2024-06-30 11:30:00+00:00",1,12.5,18.837,65.12
6,"2024-06-30 12:00:00+00:00",1,13,19.32,65.12
6,"2024-06-30 12:30:00+00:00",1,13.5,18.837,65.12
6,"2024-06-30 13:00:00+00:00",1,14,19.0785,65.12
6,"2024-06-30 13:30:00+00:00",1,14.5,18.837,65.12
6,"2024-06-30 14:00:00+00:00",1,15,18.375,65.12
6,"2024-06-30 14:30:00+00:00",1,15.5,18.837,65.12
6,"2024-06-30 15:00:00+00:00",1,16,29.757,65.12
6,"2024-06-30 15:30:00+00:00",1,16.5,30.072,65.12
6,"2024-06-30 16:00:00+00:00",1,17,31.71,65.12
6,"2024-06-30 16:30:00+00:00",1,17.5,31.668,65.12
6,"2024-06-30 17:00:00+00:00",1,18,31.353,65.12
6,"2024-06-30 17:30:00+00:00",1,18.5,32.193,65.12
6,"2024-06-30 18:00:00+00:00",1,19,22.701,65.12
6,"2024-06-30 18:30:00+00:00",1,19.5,21.903,65.12
6,"2024-06-30 19:00:00+00:00",1,20,22.68,65.12
6,"2024-06-30 19:30:00+00:00",1,20.5,21.252,65.12
6,"2024-06-30 20:00:00+00:00",1,21,23.205,65.12
6,"2024-06-30 20:30:00+00:00",1,21.5,22.701,65.12
6,"2024-06-30 21:00:00+00:00",1,22,22.4595,65.12
6,"2024-06-30 21:30:00+00:00",1,22.5,20.0445,65.12
6,"2024-06-30 22:00:00+00:00",1,23,19.0785,65.12
6,"2024-06-30 22:30:00+00:00",1,23.5,19.803,65.12
6,"2024-06-30 23:00:00+00:00",1,0,19.8765,65.12
6,"2024-06-30 23:30:00+00:00",1,0.5,18.69,65.12
7,"2024-07-01 00:00:00+00:00",0,1,17.0835,65.12
7,"2024-07-01 00:30:00+00:00",0,1.5,16.7055,65.12
7,"2024-07-01 01:00:00+00:00",0,2,16.443,65.12
7,"2024-07-01 01:30:00+00:00",0,2.5,15.939,65.12
7,"2024-07-01 02:00:00+00:00",0,3,16.8315,65.12
7,"2024-07-01 02:30:00+00:00",0,3.5,16.296,65.12
7,"2024-07-01 03:00:00+00:00",0,4,16.233,65.12
7,"2024-07-01 03:30:00+00:00",0,4.5,15.6975,65.12
7,"2024-07-01 04:00:00+00:00",0,5,18.1125,65.12
7,"2024-07-01 04:30:00+00:00",0,5.5,19.446,65.12
7,"2024-07-01 05:00:00+00:00",0,6,19.32,65.12
7,"2024-07-01 05:30:00+00:00",0,6.5,21.4935,65.12
7,"2024-07-01 06:00:00+00:00",0,7,21.735,65.12
7,"2024-07-01 06:30:00+00:00",0,7.5,23.4465,65.12
7,"2024-07-01 07:00:00+00:00",0,8,21.924,65.12
7,"2024-07-01 07:30:00+00:00",0,8.5,21.882,65.12
7,"2024-07-01 08:00:00+00:00",0,9,21.8295,65.12
7,"2024-07-01 08:30:00+00:00",0,9.5,21.588,65.12
7,"2024-07-01 09:00:00+00:00",0,10,21.0105,65.12
7,"2024-07-01 09:30:00+00:00",0,10.5,19.509,65.12
7,"2024-07-01 10:00:00+00:00",0,11,21.063,65.12
7,"2024-07-01 10:30:00+00:00",0,11.5,20.6955,65.12
7,"2024-07-01 11:00:00+00:00",0,12,20.811,65.12
7,"2024-07-01 11:30:00+00:00",0,12.5,19.803,65.12
7,"2024-07-01 12:00:00+00:00",0,13,17.871,65.12
7,"2024-07-01 12:30:00+00:00",0,13.5,17.6295,65.12
7,"2024-07-01 13:00:00+00:00",0,14,17.2935,65.12
7,"2024-07-01 13:30:00+00:00",0,14.5,16.905,65.12
7,"2024-07-01 14:00:00+00:00",0,15,15.5295,65.12
7,"2024-07-01 14:30:00+00:00",0,15.5,16.1805,65.12
7,"2024-07-01 15:00:00+00:00",0,16,27.8985,65.12
7,"2024-07-01 15:30:00+00:00",0,16.5,29.4735,65.12
7,"2024-07-01 16:00:00+00:00",0,17,29.2215,65.12
7,"2024-07-01 16:30:00+00:00",0,17.5,30.3135,65.12
7,"2024-07-01 17:00:00+00:00",0,18,32.865,65.12
7,"2024-07-01 17:30:00+00:00",0,18.5,32.76,65.12
7,"2024-07-01 18:00:00+00:00",0,19,22.4595,65.12
7,"2024-07-01 18:30:00+00:00",0,19.5,21.756,65.12
7,"2024-07-01 19:00:00+00:00",0,20,22.4595,65.12
7,"2024-07-01 19:30:00+00:00",0,20.5,20.8635,65.12
7,"2024-07-01 20:00:00+00:00",0,21,20.874,65.12
7,"2024-07-01 20:30:00+00:00",0,21.5,19.8555,65.12
7,"2024-07-01 21:00:00+00:00",0,22,20.5275,65.12
7,"2024-07-01 21:30:00+00:00",0,22.5,17.703,65.12
7,"2024-07-01 22:00:00+00:00",0,23,17.052,65.12
7,"2024-07-01 22:30:00+00:00",0,23.5,12.285,65.12
7,"2024-07-01 23:00:00+00:00",0,0,12.0015,65.12
7,"2024-07-01 23:30:00+00:00",0,0.5,10.8675,65.12
7,"2024-07-02 00:00:00+00:00",0,1,10.458,65.12
7,"2024-07-02 00:30:00+00:00",0,1.5,10.8675,65.12
7,"2024-07-02 01:00:00+00:00",0,2,10.626,65.12
7,"2024-07-02 01:30:00+00:00",0,2.5,10.5,65.12
7,"2024-07-02 02:00:00+00:00",0,3,10.8675,65.12
7,"2024-07-02 02:30:00+00:00",0,3.5,10.626,65.12
7,"2024-07-02 03:00:00+00:00",0,4,11.235,65.12
7,"2024-07-02 03:30:00+00:00",0,4.5,10.983,65.12
7,"2024-07-02 04:00:00+00:00",0,5,12.285,65.12
7,"2024-07-02 04:30:00+00:00",0,5.5,13.041,65.12
7,"2024-07-02 05:00:00+00:00",0,6,14.784,65.12
7,"2024-07-02 05:30:00+00:00",0,6.5,17.871,65.12
7,"2024-07-02 06:00:00+00:00",0,7,16.8105,65.12
7,"2024-07-02 06:30:00+00:00",0,7.5,20.0445,65.12
7,"2024-07-02 07:00:00+00:00",0,8,19.7085,65.12
7,"2024-07-02 07:30:00+00:00",0,8.5,19.299,65.12
7,"2024-07-02 08:00:00+00:00",0,9,19.4985,65.12
7,"2024-07-02 08:30:00+00:00",0,9.5,19.173,65.12
7,"2024-07-02 09:00:00+00:00",0,10,18.963,65.12
7,"2024-07-02 09:30:00+00:00",0,10.5,19.026,65.12
7,"2024-07-02 10:00:00+00:00",0,11,19.7085,65.12
7,"2024-07-02 10:30:00+00:00",0,11.5,19.5615,65.12
7,"2024-07-02 11:00:00+00:00",0,12,19.32,65.12
7,"2024-07-02 11:30:00+00:00",0,12.5,18.6165,65.12
7,"2024-07-02 12:00:00+00:00",0,13,19.782,65.12
7,"2024-07-02 12:30:00+00:00",0,13.5,18.7425,65.12
7,"2024-07-02 13:00:00+00:00",0,14,18.48,65.12
7,"2024-07-02 13:30:00+00:00",0,14.5,17.2935,65.12
7,"2024-07-02 14:00:00+00:00",0,15,17.745,65.12
7,"2024-07-02 14:30:00+00:00",0,15.5,18.711,65.12
7,"2024-07-02 15:00:00+00:00",0,16,31.6575,65.12
7,"2024-07-02 15:30:00+00:00",0,16.5,32.0775,65.12
7,"2024-07-02 16:00:00+00:00",0,17,32.0775,65.12
7,"2024-07-02 16:30:00+00:00",0,17.5,35.7,65.12
7,"2024-07-02 17:00:00+00:00",0,18,35.7,65.12
7,"2024-07-02 17:30:00+00:00",0,18.5,35.7,65.12
7,"2024-07-02 18:00:00+00:00",0,19,23.793,65.12
7,"2024-07-02 18:30:00+00:00",0,19.5,23.058,65.12
7,"2024-07-02 19:00:00+00:00",0,20,23.4255,65.12
7,"2024-07-02 19:30:00+00:00",0,20.5,21.735,65.12
7,"2024-07-02 20:00:00+00:00",0,21,22.68,65.12
7,"2024-07-02 20:30:00+00:00",0,21.5,20.286,65.12
7,"2024-07-02 21:00:00+00:00",0,22,19.32,65.12
7,"2024-07-02 21:30:00+00:00",0,22.5,16.905,65.12
7,"2024-07-02 22:00:00+00:00",0,23,20.286,65.12
7,"2024-07-02 22:30:00+00:00",0,23.5,20.118,65.12
7,"2024-07-02 23:00:00+00:00",0,0,20.139,65.12
7,"2024-07-02 23:30:00+00:00",0,0.5,19.8135,65.12
7,"2024-07-03 00:00:00+00:00",0,1,15.792,65.12
7,"2024-07-03 00:30:00+00:00",0,1.5,15.8445,65.12
7,"2024-07-03 01:00:00+00:00",0,2,14.301,65.12
7,"2024-07-03 01:30:00+00:00",0,2.5,13.062,65.12
7,"2024-07-03 02:00:00+00:00",0,3,11.9805,65.12
7,"2024-07-03 02:30:00+00:00",0,3.5,11.6865,65.12
7,"2024-07-03 03:00:00+00:00",0,4,11.6655,65.12
7,"2024-07-03 03:30:00+00:00",0,4.5,11.0775,65.12
7,"2024-07-03 04:00:00+00:00",0,5,14.2485,65.12
7,"2024-07-03 04:30:00+00:00",0,5.5,14.49,65.12
7,"2024-07-03 05:00:00+00:00",0,6,18.5745,65.12
7,"2024-07-03 05:30:00+00:00",0,6.5,20.475,65.12
7,"2024-07-03 06:00:00+00:00",0,7,20.5275,65.12
7,"2024-07-03 06:30:00+00:00",0,7.5,22.7955,65.12
7,"2024-07-03 07:00:00+00:00",0,8,22.2915,65.12
7,"2024-07-03 07:30:00+00:00",0,8.5,21.567,65.12
7,"2024-07-03 08:00:00+00:00",0,9,20.3595,65.12
7,"2024-07-03 08:30:00+00:00",0,9.5,20.3385,65.12
7,"2024-07-03 09:00:00+00:00",0,10,18.837,65.12
7,"2024-07-03 09:30:00+00:00",0,10.5,17.997,65.12
7,"2024-07-03 10:00:00+00:00",0,11,17.6295,65.12
7,"2024-07-03 10:30:00+00:00",0,11.5,17.1465,65.12
7,"2024-07-03 11:00:00+00:00",0,12,15.939,65.12
7,"2024-07-03 11:30:00+00:00",0,12.5,16.065,65.12
7,"2024-07-03 12:00:00+00:00",0,13,15.456,65.12
7,"2024-07-03 12:30:00+00:00",0,13.5,15.5505,65.12
7,"2024-07-03 13:00:00+00:00",0,14,14.49,65.12
7,"2024-07-03 13:30:00+00:00",0,14.5,13.2825,65.12
7,"2024-07-03 14:00:00+00:00",0,15,12.075,65.12
7,"2024-07-03 14:30:00+00:00",0,15.5,13.8285,65.12
7,"2024-07-03 15:00:00+00:00",0,16,27.489,65.12
7,"2024-07-03 15:30:00+00:00",0,16.5,29.421,65.12
7,"2024-07-03 16:00:00+00:00",0,17,29.526,65.12
7,"2024-07-03 16:30:00+00:00",0,17.5,30.513,65.12
7,"2024-07-03 17:00:00+00:00",0,18,30.8175,65.12
7,"2024-07-03 17:30:00+00:00",0,18.5,29.925,65.12
7,"2024-07-03 18:00:00+00:00",0,19,19.0785,65.12
7,"2024-07-03 18:30:00+00:00",0,19.5,18.1125,65.12
7,"2024-07-03 19:00:00+00:00",0,20,16.905,65.12
7,"2024-07-03 19:30:00+00:00",0,20.5,14.7315,65.12
7,"2024-07-03 20:00:00+00:00",0,21,14.3535,65.12
7,"2024-07-03 20:30:00+00:00",0,21.5,9.681,65.12
7,"2024-07-03 21:00:00+00:00",0,22,8.988,65.12
7,"2024-07-03 21:30:00+00:00",0,22.5,2.772,65.12
7,"2024-07-03 22:00:00+00:00",0,23,6.6255,65.12
7,"2024-07-03 22:30:00+00:00",0,23.5,0.294,65.12
7,"2024-07-03 23:00:00+00:00",0,0,1.9635,65.12
7,"2024-07-03 23:30:00+00:00",0,0.5,1.0395,65.12
7,"2024-07-04 00:00:00+00:00",0,1,-0.483,65.12
7,"2024-07-04 00:30:00+00:00",0,1.5,-0.63,65.12
7,"2024-07-04 01:00:00+00:00",0,2,0.0315,65.12
7,"2024-07-04 01:30:00+00:00",0,2.5,-0.189,65.12
7,"2024-07-04 02:00:00+00:00",0,3,-0.2415,65.12
7,"2024-07-04 02:30:00+00:00",0,3.5,-0.2415,65.12
7,"2024-07-04 03:00:00+00:00",0,4,0.7245,65.12
7,"2024-07-04 03:30:00+00:00",0,4.5,0.7245,65.12
7,"2024-07-04 04:00:00+00:00",0,5,0.336,65.12
7,"2024-07-04 04:30:00+00:00",0,5.5,1.26,65.12
7,"2024-07-04 05:00:00+00:00",0,6,2.142,65.12
7,"2024-07-04 05:30:00+00:00",0,6.5,7.4865,65.12
7,"2024-07-04 06:00:00+00:00",0,7,4.83,65.12
7,"2024-07-04 06:30:00+00:00",0,7.5,7.7805,65.12
7,"2024-07-04 07:00:00+00:00",0,8,3.087,65.12
7,"2024-07-04 07:30:00+00:00",0,8.5,1.638,65.12
7,"2024-07-04 08:00:00+00:00",0,9,1.428,65.12
7,"2024-07-04 08:30:00+00:00",0,9.5,-0.8715,65.12
7,"2024-07-04 09:00:00+00:00",0,10,-0.882,65.12
7,"2024-07-04 09:30:00+00:00",0,10.5,-1.134,65.12
7,"2024-07-04 10:00:00+00:00",0,11,-0.7035,65.12
7,"2024-07-04 10:30:00+00:00",0,11.5,-1.302,65.12
7,"2024-07-04 11:00:00+00:00",0,12,-1.2075,65.12
7,"2024-07-04 11:30:00+00:00",0,12.5,-2.1735,65.12
7,"2024-07-04 12:00:00+00:00",0,13,-2.0475,65.12
7,"2024-07-04 12:30:00+00:00",0,13.5,-2.604,65.12
7,"2024-07-04 13:00:00+00:00",0,14,-1.6905,65.12
7,"2024-07-04 13:30:00+00:00",0,14.5,-2.415,65.12
7,"2024-07-04 14:00:00+00:00",0,15,-2.289,65.12
7,"2024-07-04 14:30:00+00:00",0,15.5,-0.7455,65.12
7,"2024-07-04 15:00:00+00:00",0,16,7.077,65.12
7,"2024-07-04 15:30:00+00:00",0,16.5,12.327,65.12
7,"2024-07-04 16:00:00+00:00",0,17,12.495,65.12
7,"2024-07-04 16:30:00+00:00",0,17.5,15.876,65.12
7,"2024-07-04 17:00:00+00:00",0,18,18.816,65.12
7,"2024-07-04 17:30:00+00:00",0,18.5,19.278,65.12
7,"2024-07-04 18:00:00+00:00",0,19,9.5655,65.12
7,"2024-07-04 18:30:00+00:00",0,19.5,9.9015,65.12
7,"2024-07-04 19:00:00+00:00",0,20,11.781,65.12
7,"2024-07-04 19:30:00+00:00",0,20.5,10.143,65.12
7,"2024-07-04 20:00:00+00:00",0,21,11.571,65.12
7,"2024-07-04 20:30:00+00:00",0,21.5,7.728,65.12
7,"2024-07-04 21:00:00+00:00",0,22,12.9885,65.12
7,"2024-07-04 21:30:00+00:00",0,22.5,3.864,65.12
7,"2024-07-04 22:00:00+00:00",0,23,4.347,65.12
7,"2024-07-04 22:30:00+00:00",0,23.5,-2.121,65.12
7,"2024-07-04 23:00:00+00:00",0,0,1.134,65.12
7,"2024-07-04 23:30:00+00:00",0,0.5,-2.1525,65.12
7,"2024-07-05 00:00:00+00:00",0,1,1.113,65.12
7,"2024-07-05 00:30:00+00:00",0,1.5,1.449,65.12
7,"2024-07-05 01:00:00+00:00",0,2,1.5015,65.12
7,"2024-07-05 01:30:00+00:00",0,2.5,1.281,65.12
7,"2024-07-05 02:00:00+00:00",0,3,1.575,65.12
7,"2024-07-05 02:30:00+00:00",0,3.5,2.583,65.12
7,"2024-07-05 03:00:00+00:00",0,4,1.911,65.12
7,"2024-07-05 03:30:00+00:00",0,4.5,1.932,65.12
7,"2024-07-05 04:00:00+00:00",0,5,-1.7745,65.12
7,"2024-07-05 04:30:00+00:00",0,5.5,2.415,65.12
7,"2024-07-05 05:00:00+00:00",0,6,3.864,65.12
7,"2024-07-05 05:30:00+00:00",0,6.5,14.49,65.12
7,"2024-07-05 06:00:00+00:00",0,7,6.888,65.12
7,"2024-07-05 06:30:00+00:00",0,7.5,13.2825,65.12
7,"2024-07-05 07:00:00+00:00",0,8,16.422,65.12
7,"2024-07-05 07:30:00+00:00",0,8.5,16.905,65.12
7,"2024-07-05 08:00:00+00:00",0,9,18.3015,65.12
7,"2024-07-05 08:30:00+00:00",0,9.5,17.388,65.12
7,"2024-07-05 09:00:00+00:00",0,10,18.648,65.12
7,"2024-07-05 09:30:00+00:00",0,10.5,18.543,65.12
7,"2024-07-05 10:00:00+00:00",0,11,16.9995,65.12
7,"2024-07-05 10:30:00+00:00",0,11.5,17.724,65.12
7,"2024-07-05 11:00:00+00:00",0,12,20.475,65.12
7,"2024-07-05 11:30:00+00:00",0,12.5,20.475,65.12
7,"2024-07-05 12:00:00+00:00",0,13,21.0105,65.12
7,"2024-07-05 12:30:00+00:00",0,13.5,19.656,65.12
7,"2024-07-05 13:00:00+00:00",0,14,19.635,65.12
7,"2024-07-05 13:30:00+00:00",0,14.5,18.8895,65.12
7,"2024-07-05 14:00:00+00:00",0,15,18.207,65.12
7,"2024-07-05 14:30:00+00:00",0,15.5,18.8895,65.12
7,"2024-07-05 15:00:00+00:00",0,16,30.8175,65.12
7,"2024-07-05 15:30:00+00:00",0,16.5,33.579,65.12
7,"2024-07-05 16:00:00+00:00",0,17,33.474,65.12
7,"2024-07-05 16:30:00+00:00",0,17.5,35.889,65.12
7,"2024-07-05 17:00:00+00:00",0,18,34.125,65.12
7,"2024-07-05 17:30:00+00:00",0,18.5,34.4715,65.12
7,"2024-07-05 18:00:00+00:00",0,19,23.9085,65.12
7,"2024-07-05 18:30:00+00:00",0,19.5,22.9635,65.12
7,"2024-07-05 19:00:00+00:00",0,20,23.184,65.12
7,"2024-07-05 19:30:00+00:00",0,20.5,21.9765,65.12
7,"2024-07-05 20:00:00+00:00",0,21,21.9765,65.12
7,"2024-07-05 20:30:00+00:00",0,21.5,21.3045,65.12
7,"2024-07-05 21:00:00+00:00",0,22,20.4225,65.12
7,"2024-07-05 21:30:00+00:00",0,22.5,16.905,65.12
7,"2024-07-05 22:00:00+00:00",0,23,19.5615,65.12
7,"2024-07-05 22:30:00+00:00",0,23.5,20.769,65.12
7,"2024-07-05 23:00:00+00:00",0,0,18.1125,65.12
7,"2024-07-05 23:30:00+00:00",0,0.5,18.1125,65.12
7,"2024-07-06 00:00:00+00:00",1,1,19.4145,65.12
7,"2024-07-06 00:30:00+00:00",1,1.5,19.95,65.12
7,"2024-07-06 01:00:00+00:00",1,2,16.422,65.12
7,"2024-07-06 01:30:00+00:00",1,2.5,14.49,65.12
7,"2024-07-06 02:00:00+00:00",1,3,9.387,65.12
7,"2024-07-06 02:30:00+00:00",1,3.5,9.198,65.12
7,"2024-07-06 03:00:00+00:00",1,4,8.694,65.12
7,"2024-07-06 03:30:00+00:00",1,4.5,8.19,65.12
7,"2024-07-06 04:00:00+00:00",1,5,9.9015,65.12
7,"2024-07-06 04:30:00+00:00",1,5.5,9.66,65.12
7,"2024-07-06 05:00:00+00:00",1,6,14.175,65.12
7,"2024-07-06 05:30:00+00:00",1,6.5,16.275,65.12
7,"2024-07-06 06:00:00+00:00",1,7,16.401,65.12
7,"2024-07-06 06:30:00+00:00",1,7.5,17.2095,65.12
7,"2024-07-06 07:00:00+00:00",1,8,19.0995,65.12
7,"2024-07-06 07:30:00+00:00",1,8.5,18.837,65.12
7,"2024-07-06 08:00:00+00:00",1,9,17.871,65.12
7,"2024-07-06 08:30:00+00:00",1,9.5,14.364,65.12
7,"2024-07-06 09:00:00+00:00",1,10,11.3505,65.12
7,"2024-07-06 09:30:00+00:00",1,10.5,9.177,65.12
7,"2024-07-06 10:00:00+00:00",1,11,5.0925,65.12
7,"2024-07-06 10:30:00+00:00",1,11.5,4.494,65.12
7,"2024-07-06 11:00:00+00:00",1,12,0.021,65.12
7,"2024-07-06 11:30:00+00:00",1,12.5,-0.2415,65.12
7,"2024-07-06 12:00:00+00:00",1,13,-1.47,65.12
7,"2024-07-06 12:30:00+00:00",1,13.5,-2.415,65.12
7,"2024-07-06 13:00:00+00:00",1,14,-4.2,65.12
7,"2024-07-06 13:30:00+00:00",1,14.5,-4.347,65.12
7,"2024-07-06 14:00:00+00:00",1,15,-3.36,65.12
7,"2024-07-06 14:30:00+00:00",1,15.5,-2.415,65.12
7,"2024-07-06 15:00:00+00:00",1,16,6.426,65.12
7,"2024-07-06 15:30:00+00:00",1,16.5,11.0145,65.12
7,"2024-07-06 16:00:00+00:00",1,17,10.0065,65.12
7,"2024-07-06 16:30:00+00:00",1,17.5,13.965,65.12
7,"2024-07-06 17:00:00+00:00",1,18,16.674,65.12
7,"2024-07-06 17:30:00+00:00",1,18.5,19.0365,65.12
7,"2024-07-06 18:00:00+00:00",1,19,14.5425,65.12
7,"2024-07-06 18:30:00+00:00",1,19.5,15.6975,65.12
7,"2024-07-06 19:00:00+00:00",1,20,17.6505,65.12
7,"2024-07-06 19:30:00+00:00",1,20.5,16.905,65.12
7,"2024-07-06 20:00:00+00:00",1,21,18.06,65.12
7,"2024-07-06 20:30:00+00:00",1,21.5,18.3015,65.12
7,"2024-07-06 21:00:00+00:00",1,22,18.333,65.12
7,"2024-07-06 21:30:00+00:00",1,22.5,16.548,65.12
7,"2024-07-06 22:00:00+00:00",1,23,13.041,65.12
7,"2024-07-06 22:30:00+00:00",1,23.5,10.8675,65.12
7,"2024-07-06 23:00:00+00:00",1,0,9.0195,65.12
7,"2024-07-06 23:30:00+00:00",1,0.5,8.4525,65.12
7,"2024-07-07 00:00:00+00:00",1,1,8.211,65.12
7,"2024-07-07 00:30:00+00:00",1,1.5,8.883,65.12
7,"2024-07-07 01:00:00+00:00",1,2,8.211,65.12
7,"2024-07-07 01:30:00+00:00",1,2.5,7.245,65.12
7,"2024-07-07 02:00:00+00:00",1,3,6.279,65.12
7,"2024-07-07 02:30:00+00:00",1,3.5,4.83,65.12
7,"2024-07-07 03:00:00+00:00",1,4,7.245,65.12
7,"2024-07-07 03:30:00+00:00",1,4.5,6.762,65.12
7,"2024-07-07 04:00:00+00:00",1,5,6.636,65.12
7,"2024-07-07 04:30:00+00:00",1,5.5,7.371,65.12
7,"2024-07-07 05:00:00+00:00",1,6,7.7595,65.12
7,"2024-07-07 05:30:00+00:00",1,6.5,11.3505,65.12
7,"2024-07-07 06:00:00+00:00",1,7,10.143,65.12
7,"2024-07-07 06:30:00+00:00",1,7.5,14.616,65.12
7,"2024-07-07 07:00:00+00:00",1,8,12.201,65.12
7,"2024-07-07 07:30:00+00:00",1,8.5,14.973,65.12
7,"2024-07-07 08:00:00+00:00",1,9,18.354,65.12
7,"2024-07-07 08:30:00+00:00",1,9.5,19.803,65.12
7,"2024-07-07 09:00:00+00:00",1,10,21.399,65.12
7,"2024-07-07 09:30:00+00:00",1,10.5,20.6955,65.12
7,"2024-07-07 10:00:00+00:00",1,11,20.16,65.12
7,"2024-07-07 10:30:00+00:00",1,11.5,20.097,65.12
7,"2024-07-07 11:00:00+00:00",1,12,21.252,65.12
7,"2024-07-07 11:30:00+00:00",1,12.5,20.0445,65.12
7,"2024-07-07 12:00:00+00:00",1,13,20.433,65.12
7,"2024-07-07 12:30:00+00:00",1,13.5,17.514,65.12
7,"2024-07-07 13:00:00+00:00",1,14,13.7655,65.12
7,"2024-07-07 13:30:00+00:00",1,14.5,14.49,65.12
7,"2024-07-07 14:00:00+00:00",1,15,14.973,65.12
7,"2024-07-07 14:30:00+00:00",1,15.5,16.422,65.12
7,"2024-07-07 15:00:00+00:00",1,16,28.308,65.12
7,"2024-07-07 15:30:00+00:00",1,16.5,29.6625,65.12
7,"2024-07-07 16:00:00+00:00",1,17,29.904,65.12
7,"2024-07-07 16:30:00+00:00",1,17.5,30.093,65.12
7,"2024-07-07 17:00:00+00:00",1,18,30.849,65.12
7,"2024-07-07 17:30:00+00:00",1,18.5,30.6285,65.12
7,"2024-07-07 18:00:00+00:00",1,19,22.344,65.12
7,"2024-07-07 18:30:00+00:00",1,19.5,22.7955,65.12
7,"2024-07-07 19:00:00+00:00",1,20,23.0895,65.12
7,"2024-07-07 19:30:00+00:00",1,20.5,21.42,65.12
7,"2024-07-07 20:00:00+00:00",1,21,22.533,65.12
7,"2024-07-07 20:30:00+00:00",1,21.5,21.6825,65.12
7,"2024-07-07 21:00:00+00:00",1,22,21.735,65.12
7,"2024-07-07 21:30:00+00:00",1,22.5,19.0785,65.12
7,"2024-07-07 22:00:00+00:00",1,23,17.388,65.12
7,"2024-07-07 22:30:00+00:00",1,23.5,17.6505,65.12
7,"2024-07-07 23:00:00+00:00",1,0,17.1465,65.12
7,"2024-07-07 23:30:00+00:00",1,0.5,17.514,65.12
7,"2024-07-08 00:00:00+00:00",0,1,16.548,65.12
7,"2024-07-08 00:30:00+00:00",0,1.5,16.884,65.12
7,"2024-07-08 01:00:00+00:00",0,2,16.548,65.12
7,"2024-07-08 01:30:00+00:00",0,2.5,16.548,65.12
7,"2024-07-08 02:00:00+00:00",0,3,16.611,65.12
7,"2024-07-08 02:30:00+00:00",0,3.5,16.548,65.12
7,"2024-07-08 03:00:00+00:00",0,4,16.6635,65.12
7,"2024-07-08 03:30:00+00:00",0,4.5,15.582,65.12
7,"2024-07-08 04:00:00+00:00",0,5,18.648,65.12
7,"2024-07-08 04:30:00+00:00",0,5.5,17.871,65.12
7,"2024-07-08 05:00:00+00:00",0,6,20.286,65.12
7,"2024-07-08 05:30:00+00:00",0,6.5,20.643,65.12
7,"2024-07-08 06:00:00+00:00",0,7,20.286,65.12
7,"2024-07-08 06:30:00+00:00",0,7.5,22.7955,65.12
7,"2024-07-08 07:00:00+00:00",0,8,21.3045,65.12
7,"2024-07-08 07:30:00+00:00",0,8.5,20.5275,65.12
7,"2024-07-08 08:00:00+00:00",0,9,19.8345,65.12
7,"2024-07-08 08:30:00+00:00",0,9.5,17.871,65.12
7,"2024-07-08 09:00:00+00:00",0,10,17.367,65.12
7,"2024-07-08 09:30:00+00:00",0,10.5,16.905,65.12
7,"2024-07-08 10:00:00+00:00",0,11,19.152,65.12
7,"2024-07-08 10:30:00+00:00",0,11.5,19.32,65.12
7,"2024-07-08 11:00:00+00:00",0,12,20.265,65.12
7,"2024-07-08 11:30:00+00:00",0,12.5,19.7505,65.12
7,"2024-07-08 12:00:00+00:00",0,13,19.32,65.12
7,"2024-07-08 12:30:00+00:00",0,13.5,17.9445,65.12
7,"2024-07-08 13:00:00+00:00",0,14,17.7975,65.12
7,"2024-07-08 13:30:00+00:00",0,14.5,16.905,65.12
7,"2024-07-08 14:00:00+00:00",0,15,16.9155,65.12
7,"2024-07-08 14:30:00+00:00",0,15.5,18.1125,65.12
7,"2024-07-08 15:00:00+00:00",0,16,29.0325,65.12
7,"2024-07-08 15:30:00+00:00",0,16.5,31.7415,65.12
7,"2024-07-08 16:00:00+00:00",0,17,33.726,65.12
7,"2024-07-08 16:30:00+00:00",0,17.5,35.196,65.12
7,"2024-07-08 17:00:00+00:00",0,18,36.183,65.12
7,"2024-07-08 17:30:00+00:00",0,18.5,35.9415,65.12
7,"2024-07-08 18:00:00+00:00",0,19,26.901,65.12
7,"2024-07-08 18:30:00+00:00",0,19.5,27.09,65.12
7,"2024-07-08 19:00:00+00:00",0,20,25.599,65.12
7,"2024-07-08 19:30:00+00:00",0,20.5,24.15,65.12
7,"2024-07-08 20:00:00+00:00",0,21,23.7405,65.12
7,"2024-07-08 20:30:00+00:00",0,21.5,21.3045,65.12
7,"2024-07-08 21:00:00+00:00",0,22,19.803,65.12
7,"2024-07-08 21:30:00+00:00",0,22.5,17.262,65.12
7,"2024-07-08 22:00:00+00:00",0,23,17.871,65.12
7,"2024-07-08 22:30:00+00:00",0,23.5,20.8215,65.12
7,"2024-07-08 23:00:00+00:00",0,0,19.32,65.12
7,"2024-07-08 23:30:00+00:00",0,0.5,19.7085,65.12
7,"2024-07-09 00:00:00+00:00",0,1,16.905,65.12
7,"2024-07-09 00:30:00+00:00",0,1.5,18.1755,65.12
7,"2024-07-09 01:00:00+00:00",0,2,18.0915,65.12
7,"2024-07-09 01:30:00+00:00",0,2.5,16.296,65.12
7,"2024-07-09 02:00:00+00:00",0,3,16.233,65.12
7,"2024-07-09 02:30:00+00:00",0,3.5,15.6975,65.12
7,"2024-07-09 03:00:00+00:00",0,4,13.2825,65.12
7,"2024-07-09 03:30:00+00:00",0,4.5,11.8545,65.12
7,"2024-07-09 04:00:00+00:00",0,5,12.075,65.12
7,"2024-07-09 04:30:00+00:00",0,5.5,12.663,65.12
7,"2024-07-09 05:00:00+00:00",0,6,13.2825,65.12
7,"2024-07-09 05:30:00+00:00",0,6.5,16.611,65.12
7,"2024-07-09 06:00:00+00:00",0,7,15.7185,65.12
7,"2024-07-09 06:30:00+00:00",0,7.5,19.0785,65.12
7,"2024-07-09 07:00:00+00:00",0,8,16.422,65.12
7,"2024-07-09 07:30:00+00:00",0,8.5,16.905,65.12
7,"2024-07-09 08:00:00+00:00",0,9,18.501,65.12
7,"2024-07-09 08:30:00+00:00",0,9.5,18.039,65.12
7,"2024-07-09 09:00:00+00:00",0,10,17.4825,65.12
7,"2024-07-09 09:30:00+00:00",0,10.5,18.543,65.12
7,"2024-07-09 10:00:00+00:00",0,11,18.48,65.12
7,"2024-07-09 10:30:00+00:00",0,11.5,19.0785,65.12
7,"2024-07-09 11:00:00+00:00",0,12,20.2125,65.12
7,"2024-07-09 11:30:00+00:00",0,12.5,19.7085,65.12
7,"2024-07-09 12:00:00+00:00",0,13,19.32,65.12
7,"2024-07-09 12:30:00+00:00",0,13.5,18.816,65.12
7,"2024-07-09 13:00:00+00:00",0,14,18.69,65.12
7,"2024-07-09 13:30:00+00:00",0,14.5,17.7765,65.12
7,"2024-07-09 14:00:00+00:00",0,15,17.0205,65.12
7,"2024-07-09 14:30:00+00:00",0,15.5,17.1675,65.12
7,"2024-07-09 15:00:00+00:00",0,16,28.8435,65.12
7,"2024-07-09 15:30:00+00:00",0,16.5,29.232,65.12
7,"2024-07-09 16:00:00+00:00",0,17,30.9645,65.12
7,"2024-07-09 16:30:00+00:00",0,17.5,33.285,65.12
7,"2024-07-09 17:00:00+00:00",0,18,32.8755,65.12
7,"2024-07-09 17:30:00+00:00",0,18.5,32.802,65.12
7,"2024-07-09 18:00:00+00:00",0,19,22.701,65.12
7,"2024-07-09 18:30:00+00:00",0,19.5,22.3125,65.12
7,"2024-07-09 19:00:00+00:00",0,20,21.3255,65.12
7,"2024-07-09 19:30:00+00:00",0,20.5,20.5905,65.12
7,"2024-07-09 20:00:00+00:00",0,21,18.354,65.12
7,"2024-07-09 20:30:00+00:00",0,21.5,17.997,65.12
7,"2024-07-09 21:00:00+00:00",0,22,17.6295,65.12
7,"2024-07-09 21:30:00+00:00",0,22.5,16.065,65.12
7,"2024-07-09 22:00:00+00:00",0,23,17.1465,65.12
7,"2024-07-09 22:30:00+00:00",0,23.5,17.1465,65.12
7,"2024-07-09 23:00:00+00:00",0,0,14.4165,65.12
7,"2024-07-09 23:30:00+00:00",0,0.5,14.49,65.12
7,"2024-07-10 00:00:00+00:00",0,1,12.558,65.12
7,"2024-07-10 00:30:00+00:00",0,1.5,12.075,65.12
7,"2024-07-10 01:00:00+00:00",0,2,12.558,65.12
7,"2024-07-10 01:30:00+00:00",0,2.5,11.2035,65.12
7,"2024-07-10 02:00:00+00:00",0,3,10.8675,65.12
7,"2024-07-10 02:30:00+00:00",0,3.5,10.626,65.12
7,"2024-07-10 03:00:00+00:00",0,4,11.781,65.12
7,"2024-07-10 03:30:00+00:00",0,4.5,10.626,65.12
7,"2024-07-10 04:00:00+00:00",0,5,12.075,65.12
7,"2024-07-10 04:30:00+00:00",0,5.5,13.524,65.12
7,"2024-07-10 05:00:00+00:00",0,6,13.524,65.12
7,"2024-07-10 05:30:00+00:00",0,6.5,17.073,65.12
7,"2024-07-10 06:00:00+00:00",0,7,18.7635,65.12
7,"2024-07-10 06:30:00+00:00",0,7.5,20.895,65.12
7,"2024-07-10 07:00:00+00:00",0,8,20.8635,65.12
7,"2024-07-10 07:30:00+00:00",0,8.5,20.769,65.12
7,"2024-07-10 08:00:00+00:00",0,9,21.42,65.12
7,"2024-07-10 08:30:00+00:00",0,9.5,20.769,65.12
7,"2024-07-10 09:00:00+00:00",0,10,17.388,65.12
7,"2024-07-10 09:30:00+00:00",0,10.5,16.8,65.12
7,"2024-07-10 10:00:00+00:00",0,11,16.1805,65.12
7,"2024-07-10 10:30:00+00:00",0,11.5,16.905,65.12
7,"2024-07-10 11:00:00+00:00",0,12,15.939,65.12
7,"2024-07-10 11:30:00+00:00",0,12.5,14.616,65.12
7,"2024-07-10 12:00:00+00:00",0,13,12.7995,65.12
7,"2024-07-10 12:30:00+00:00",0,13.5,11.8335,65.12
7,"2024-07-10 13:00:00+00:00",0,14,11.9805,65.12
7,"2024-07-10 13:30:00+00:00",0,14.5,10.815,65.12
7,"2024-07-10 14:00:00+00:00",0,15,11.8335,65.12
7,"2024-07-10 14:30:00+00:00",0,15.5,12.6525,65.12
7,"2024-07-10 15:00:00+00:00",0,16,26.6175,65.12
7,"2024-07-10 15:30:00+00:00",0,16.5,27.8355,65.12
7,"2024-07-10 16:00:00+00:00",0,17,28.308,65.12
7,"2024-07-10 16:30:00+00:00",0,17.5,27.531,65.12
7,"2024-07-10 17:00:00+00:00",0,18,30.87,65.12
7,"2024-07-10 17:30:00+00:00",0,18.5,30.387,65.12
7,"2024-07-10 18:00:00+00:00",0,19,20.748,65.12
7,"2024-07-10 18:30:00+00:00",0,19.5,20.2965,65.12
7,"2024-07-10 19:00:00+00:00",0,20,20.8005,65.12
7,"2024-07-10 19:30:00+00:00",0,20.5,19.5825,65.12
7,"2024-07-10 20:00:00+00:00",0,21,21.252,65.12
7,"2024-07-10 20:30:00+00:00",0,21.5,21.252,65.12
7,"2024-07-10 21:00:00+00:00",0,22,19.8975,65.12
7,"2024-07-10 21:30:00+00:00",0,22.5,18.5955,65.12
7,"2024-07-10 22:00:00+00:00",0,23,19.2675,65.12
7,"2024-07-10 22:30:00+00:00",0,23.5,18.816,65.12
7,"2024-07-10 23:00:00+00:00",0,0,16.3485,65.12
7,"2024-07-10 23:30:00+00:00",0,0.5,15.7185,65.12
7,"2024-07-11 00:00:00+00:00",0,1,15.2145,65.12
7,"2024-07-11 00:30:00+00:00",0,1.5,15.7185,65.12
7,"2024-07-11 01:00:00+00:00",0,2,15.7185,65.12
7,"2024-07-11 01:30:00+00:00",0,2.5,15.456,65.12
7,"2024-07-11 02:00:00+00:00",0,3,14.9835,65.12
7,"2024-07-11 02:30:00+00:00",0,3.5,14.91,65.12
7,"2024-07-11 03:00:00+00:00",0,4,15.939,65.12
7,"2024-07-11 03:30:00+00:00",0,4.5,15.099,65.12
7,"2024-07-11 04:00:00+00:00",0,5,15.9705,65.12
7,"2024-07-11 04:30:00+00:00",0,5.5,15.6975,65.12
7,"2024-07-11 05:00:00+00:00",0,6,18.081,65.12
7,"2024-07-11 05:30:00+00:00",0,6.5,19.3725,65.12
7,"2024-07-11 06:00:00+00:00",0,7,18.7845,65.12
7,"2024-07-11 06:30:00+00:00",0,7.5,21.735,65.12
7,"2024-07-11 07:00:00+00:00",0,8,18.7845,65.12
7,"2024-07-11 07:30:00+00:00",0,8.5,19.026,65.12
7,"2024-07-11 08:00:00+00:00",0,9,18.2595,65.12
7,"2024-07-11 08:30:00+00:00",0,9.5,17.6505,65.12
7,"2024-07-11 09:00:00+00:00",0,10,15.7185,65.12
7,"2024-07-11 09:30:00+00:00",0,10.5,15.2145,65.12
7,"2024-07-11 10:00:00+00:00",0,11,16.275,65.12
7,"2024-07-11 10:30:00+00:00",0,11.5,18.354,65.12
7,"2024-07-11 11:00:00+00:00",0,12,16.905,65.12
7,"2024-07-11 11:30:00+00:00",0,12.5,16.422,65.12
7,"2024-07-11 12:00:00+00:00",0,13,15.1305,65.12
7,"2024-07-11 12:30:00+00:00",0,13.5,14.658,65.12
7,"2024-07-11 13:00:00+00:00",0,14,15.0675,65.12
7,"2024-07-11 13:30:00+00:00",0,14.5,14.973,65.12
7,"2024-07-11 14:00:00+00:00",0,15,14.973,65.12
7,"2024-07-11 14:30:00+00:00",0,15.5,15.12,65.12
7,"2024-07-11 15:00:00+00:00",0,16,26.523,65.12
7,"2024-07-11 15:30:00+00:00",0,16.5,27.7305,65.12
7,"2024-07-11 16:00:00+00:00",0,17,29.6625,65.12
7,"2024-07-11 16:30:00+00:00",0,17.5,29.442,65.12
7,"2024-07-11 17:00:00+00:00",0,18,33.285,65.12
7,"2024-07-11 17:30:00+00:00",0,18.5,33.2745,65.12
7,"2024-07-11 18:00:00+00:00",0,19,22.9425,65.12
7,"2024-07-11 18:30:00+00:00",0,19.5,22.218,65.12
7,"2024-07-11 19:00:00+00:00",0,20,22.7745,65.12
7,"2024-07-11 19:30:00+00:00",0,20.5,22.764,65.12
7,"2024-07-11 20:00:00+00:00",0,21,22.785,65.12
7,"2024-07-11 20:30:00+00:00",0,21.5,21.735,65.12
7,"2024-07-11 21:00:00+00:00",0,22,20.0445,65.12
7,"2024-07-11 21:30:00+00:00",0,22.5,18.648,65.12
7,"2024-07-11 22:00:00+00:00",0,23,18.1125,65.12
7,"2024-07-11 22:30:00+00:00",0,23.5,18.606,65.12
7,"2024-07-11 23:00:00+00:00",0,0,17.619,65.12
7,"2024-07-11 23:30:00+00:00",0,0.5,18.1125,65.12
7,"2024-07-12 00:00:00+00:00",0,1,17.8185,65.12
7,"2024-07-12 00:30:00+00:00",0,1.5,17.577,65.12
7,"2024-07-12 01:00:00+00:00",0,2,17.199,65.12
7,"2024-07-12 01:30:00+00:00",0,2.5,16.0335,65.12
7,"2024-07-12 02:00:00+00:00",0,3,15.7605,65.12
7,"2024-07-12 02:30:00+00:00",0,3.5,15.456,65.12
7,"2024-07-12 03:00:00+00:00",0,4,16.1595,65.12
7,"2024-07-12 03:30:00+00:00",0,4.5,15.33,65.12
7,"2024-07-12 04:00:00+00:00",0,5,15.456,65.12
7,"2024-07-12 04:30:00+00:00",0,5.5,15.6975,65.12
7,"2024-07-12 05:00:00+00:00",0,6,17.22,65.12
7,"2024-07-12 05:30:00+00:00",0,6.5,16.6635,65.12
7,"2024-07-12 06:00:00+00:00",0,7,18.837,65.12
7,"2024-07-12 06:30:00+00:00",0,7.5,19.971,65.12
7,"2024-07-12 07:00:00+00:00",0,8,20.286,65.12
7,"2024-07-12 07:30:00+00:00",0,8.5,20.6955,65.12
7,"2024-07-12 08:00:00+00:00",0,9,20.286,65.12
7,"2024-07-12 08:30:00+00:00",0,9.5,19.509,65.12
7,"2024-07-12 09:00:00+00:00",0,10,19.173,65.12
7,"2024-07-12 09:30:00+00:00",0,10.5,19.3935,65.12
7,"2024-07-12 10:00:00+00:00",0,11,18.543,65.12
7,"2024-07-12 10:30:00+00:00",0,11.5,19.005,65.12
7,"2024-07-12 11:00:00+00:00",0,12,17.871,65.12
7,"2024-07-12 11:30:00+00:00",0,12.5,17.367,65.12
7,"2024-07-12 12:00:00+00:00",0,13,15.6765,65.12
7,"2024-07-12 12:30:00+00:00",0,13.5,15.477,65.12
7,"2024-07-12 13:00:00+00:00",0,14,15.687,65.12
7,"2024-07-12 13:30:00+00:00",0,14.5,14.511,65.12
7,"2024-07-12 14:00:00+00:00",0,15,14.973,65.12
7,"2024-07-12 14:30:00+00:00",0,15.5,14.973,65.12
7,"2024-07-12 15:00:00+00:00",0,16,25.9455,65.12
7,"2024-07-12 15:30:00+00:00",0,16.5,27.006,65.12
7,"2024-07-12 16:00:00+00:00",0,17,29.1795,65.12
7,"2024-07-12 16:30:00+00:00",0,17.5,29.904,65.12
7,"2024-07-12 17:00:00+00:00",0,18,30.4395,65.12
7,"2024-07-12 17:30:00+00:00",0,18.5,31.1325,65.12
7,"2024-07-12 18:00:00+00:00",0,19,19.5825,65.12
7,"2024-07-12 18:30:00+00:00",0,19.5,19.194,65.12
7,"2024-07-12 19:00:00+00:00",0,20,19.488,65.12
7,"2024-07-12 19:30:00+00:00",0,20.5,19.635,65.12
7,"2024-07-12 20:00:00+00:00",0,21,19.0785,65.12
7,"2024-07-12 20:30:00+00:00",0,21.5,18.501,65.12
7,"2024-07-12 21:00:00+00:00",0,22,17.9445,65.12
7,"2024-07-12 21:30:00+00:00",0,22.5,15.7605,65.12
7,"2024-07-12 22:00:00+00:00",0,23,18.354,65.12
7,"2024-07-12 22:30:00+00:00",0,23.5,19.7085,65.12
7,"2024-07-12 23:00:00+00:00",0,0,18.354,65.12
7,"2024-07-12 23:30:00+00:00",0,0.5,19.32,65.12
7,"2024-07-13 00:00:00+00:00",1,1,17.7765,65.12
7,"2024-07-13 00:30:00+00:00",1,1.5,16.065,65.12
7,"2024-07-13 01:00:00+00:00",1,2,15.939,65.12
7,"2024-07-13 01:30:00+00:00",1,2.5,13.4715,65.12
7,"2024-07-13 02:00:00+00:00",1,3,14.49,65.12
7,"2024-07-13 02:30:00+00:00",1,3.5,12.7995,65.12
7,"2024-07-13 03:00:00+00:00",1,4,14.973,65.12
7,"2024-07-13 03:30:00+00:00",1,4.5,12.8205,65.12
7,"2024-07-13 04:00:00+00:00",1,5,13.524,65.12
7,"2024-07-13 04:30:00+00:00",1,5.5,14.49,65.12
7,"2024-07-13 05:00:00+00:00",1,6,14.343,65.12
7,"2024-07-13 05:30:00+00:00",1,6.5,14.1015,65.12
7,"2024-07-13 06:00:00+00:00",1,7,15.477,65.12
7,"2024-07-13 06:30:00+00:00",1,7.5,17.6295,65.12
7,"2024-07-13 07:00:00+00:00",1,8,17.6295,65.12
7,"2024-07-13 07:30:00+00:00",1,8.5,17.6295,65.12
7,"2024-07-13 08:00:00+00:00",1,9,19.803,65.12
7,"2024-07-13 08:30:00+00:00",1,9.5,16.1805,65.12
7,"2024-07-13 09:00:00+00:00",1,10,19.152,65.12
7,"2024-07-13 09:30:00+00:00",1,10.5,19.32,65.12
7,"2024-07-13 10:00:00+00:00",1,11,19.3935,65.12
7,"2024-07-13 10:30:00+00:00",1,11.5,19.7295,65.12
7,"2024-07-13 11:00:00+00:00",1,12,19.803,65.12
7,"2024-07-13 11:30:00+00:00",1,12.5,18.9315,65.12
7,"2024-07-13 12:00:00+00:00",1,13,16.065,65.12
7,"2024-07-13 12:30:00+00:00",1,13.5,15.1935,65.12
7,"2024-07-13 13:00:00+00:00",1,14,15.162,65.12
7,"2024-07-13 13:30:00+00:00",1,14.5,15.2355,65.12
7,"2024-07-13 14:00:00+00:00",1,15,14.49,65.12
7,"2024-07-13 14:30:00+00:00",1,15.5,15.0675,65.12
7,"2024-07-13 15:00:00+00:00",1,16,25.074,65.12
7,"2024-07-13 15:30:00+00:00",1,16.5,28.0455,65.12
7,"2024-07-13 16:00:00+00:00",1,17,28.2345,65.12
7,"2024-07-13 16:30:00+00:00",1,17.5,30.681,65.12
7,"2024-07-13 17:00:00+00:00",1,18,31.5945,65.12
7,"2024-07-13 17:30:00+00:00",1,18.5,31.1115,65.12
7,"2024-07-13 18:00:00+00:00",1,19,20.58,65.12
7,"2024-07-13 18:30:00+00:00",1,19.5,20.8635,65.12
7,"2024-07-13 19:00:00+00:00",1,20,21.378,65.12
7,"2024-07-13 19:30:00+00:00",1,20.5,19.803,65.12
7,"2024-07-13 20:00:00+00:00",1,21,18.963,65.12
7,"2024-07-13 20:30:00+00:00",1,21.5,17.241,65.12
7,"2024-07-13 21:00:00+00:00",1,22,16.737,65.12
7,"2024-07-13 21:30:00+00:00",1,22.5,13.713,65.12
7,"2024-07-13 22:00:00+00:00",1,23,16.6635,65.12
7,"2024-07-13 22:30:00+00:00",1,23.5,18.858,65.12
7,"2024-07-13 23:00:00+00:00",1,0,14.973,65.12
7,"2024-07-13 23:30:00+00:00",1,0.5,13.7445,65.12
7,"2024-07-14 00:00:00+00:00",1,1,13.2825,65.12
7,"2024-07-14 00:30:00+00:00",1,1.5,12.411,65.12
7,"2024-07-14 01:00:00+00:00",1,2,9.9015,65.12
7,"2024-07-14 01:30:00+00:00",1,2.5,7.728,65.12
7,"2024-07-14 02:00:00+00:00",1,3,7.6125,65.12
7,"2024-07-14 02:30:00+00:00",1,3.5,7.119,65.12
7,"2024-07-14 03:00:00+00:00",1,4,8.211,65.12
7,"2024-07-14 03:30:00+00:00",1,4.5,7.245,65.12
7,"2024-07-14 04:00:00+00:00",1,5,6.468,65.12
7,"2024-07-14 04:30:00+00:00",1,5.5,7.245,65.12
7,"2024-07-14 05:00:00+00:00",1,6,5.019,65.12
7,"2024-07-14 05:30:00+00:00",1,6.5,6.279,65.12
7,"2024-07-14 06:00:00+00:00",1,7,6.0375,65.12
7,"2024-07-14 06:30:00+00:00",1,7.5,7.0245,65.12
7,"2024-07-14 07:00:00+00:00",1,8,10.3635,65.12
7,"2024-07-14 07:30:00+00:00",1,8.5,12.0015,65.12
7,"2024-07-14 08:00:00+00:00",1,9,11.0145,65.12
7,"2024-07-14 08:30:00+00:00",1,9.5,11.655,65.12
7,"2024-07-14 09:00:00+00:00",1,10,14.007,65.12
7,"2024-07-14 09:30:00+00:00",1,10.5,14.2485,65.12
7,"2024-07-14 10:00:00+00:00",1,11,14.469,65.12
7,"2024-07-14 10:30:00+00:00",1,11.5,15.6975,65.12
7,"2024-07-14 11:00:00+00:00",1,12,18.228,65.12
7,"2024-07-14 11:30:00+00:00",1,12.5,16.422,65.12
7,"2024-07-14 12:00:00+00:00",1,13,17.871,65.12
7,"2024-07-14 12:30:00+00:00",1,13.5,17.871,65.12
7,"2024-07-14 13:00:00+00:00",1,14,17.1465,65.12
7,"2024-07-14 13:30:00+00:00",1,14.5,17.1465,65.12
7,"2024-07-14 14:00:00+00:00",1,15,17.388,65.12
7,"2024-07-14 14:30:00+00:00",1,15.5,16.905,65.12
7,"2024-07-14 15:00:00+00:00",1,16,28.1925,65.12
7,"2024-07-14 15:30:00+00:00",1,16.5,27.972,65.12
7,"2024-07-14 16:00:00+00:00",1,17,27.3945,65.12
7,"2024-07-14 16:30:00+00:00",1,17.5,29.4,65.12
7,"2024-07-14 17:00:00+00:00",1,18,30.87,65.12
7,"2024-07-14 17:30:00+00:00",1,18.5,30.996,65.12
7,"2024-07-14 18:00:00+00:00",1,19,20.286,65.12
7,"2024-07-14 18:30:00+00:00",1,19.5,19.971,65.12
7,"2024-07-14 19:00:00+00:00",1,20,19.5615,65.12
7,"2024-07-14 19:30:00+00:00",1,20.5,18.837,65.12
7,"2024-07-14 20:00:00+00:00",1,21,20.5275,65.12
7,"2024-07-14 20:30:00+00:00",1,21.5,19.5615,65.12
7,"2024-07-14 21:00:00+00:00",1,22,18.1125,65.12
7,"2024-07-14 21:30:00+00:00",1,22.5,13.9545,65.12
7,"2024-07-14 22:00:00+00:00",1,23,19.194,65.12
7,"2024-07-14 22:30:00+00:00",1,23.5,18.186,65.12
7,"2024-07-14 23:00:00+00:00",1,0,16.191,65.12
7,"2024-07-14 23:30:00+00:00",1,0.5,15.918,65.12
7,"2024-07-15 00:00:00+00:00",0,1,15.162,65.12
7,"2024-07-15 00:30:00+00:00",0,1.5,15.2145,65.12
7,"2024-07-15 01:00:00+00:00",0,2,16.9995,65.12
7,"2024-07-15 01:30:00+00:00",0,2.5,16.422,65.12
7,"2024-07-15 02:00:00+00:00",0,3,15.456,65.12
7,"2024-07-15 02:30:00+00:00",0,3.5,14.784,65.12
7,"2024-07-15 03:00:00+00:00",0,4,15.918,65.12
7,"2024-07-15 03:30:00+00:00",0,4.5,14.49,65.12
7,"2024-07-15 04:00:00+00:00",0,5,15.8445,65.12
7,"2024-07-15 04:30:00+00:00",0,5.5,15.939,65.12
7,"2024-07-15 05:00:00+00:00",0,6,17.703,65.12
7,"2024-07-15 05:30:00+00:00",0,6.5,18.837,65.12
7,"2024-07-15 06:00:00+00:00",0,7,14.973,65.12
7,"2024-07-15 06:30:00+00:00",0,7.5,18.333,65.12
7,"2024-07-15 07:00:00+00:00",0,8,17.6295,65.12
7,"2024-07-15 07:30:00+00:00",0,8.5,17.556,65.12
7,"2024-07-15 08:00:00+00:00",0,9,18.48,65.12
7,"2024-07-15 08:30:00+00:00",0,9.5,16.9575,65.12
7,"2024-07-15 09:00:00+00:00",0,10,18.711,65.12
7,"2024-07-15 09:30:00+00:00",0,10.5,18.9315,65.12
7,"2024-07-15 10:00:00+00:00",0,11,18.984,65.12
7,"2024-07-15 10:30:00+00:00",0,11.5,19.7085,65.12
7,"2024-07-15 11:00:00+00:00",0,12,20.5275,65.12
7,"2024-07-15 11:30:00+00:00",0,12.5,20.5275,65.12
7,"2024-07-15 12:00:00+00:00",0,13,21.0105,65.12
7,"2024-07-15 12:30:00+00:00",0,13.5,20.286,65.12
7,"2024-07-15 13:00:00+00:00",0,14,18.522,65.12
7,"2024-07-15 13:30:00+00:00",0,14.5,17.871,65.12
7,"2024-07-15 14:00:00+00:00",0,15,16.443,65.12
7,"2024-07-15 14:30:00+00:00",0,15.5,17.031,65.12
7,"2024-07-15 15:00:00+00:00",0,16,28.602,65.12
7,"2024-07-15 15:30:00+00:00",0,16.5,29.6625,65.12
7,"2024-07-15 16:00:00+00:00",0,17,33.768,65.12
7,"2024-07-15 16:30:00+00:00",0,17.5,34.713,65.12
7,"2024-07-15 17:00:00+00:00",0,18,35.1225,65.12
7,"2024-07-15 17:30:00+00:00",0,18.5,34.734,65.12
7,"2024-07-15 18:00:00+00:00",0,19,23.856,65.12
7,"2024-07-15 18:30:00+00:00",0,19.5,23.352,65.12
7,"2024-07-15 19:00:00+00:00",0,20,23.184,65.12
7,"2024-07-15 19:30:00+00:00",0,20.5,22.701,65.12
7,"2024-07-15 20:00:00+00:00",0,21,20.8635,65.12
7,"2024-07-15 20:30:00+00:00",0,21.5,19.2465,65.12
7,"2024-07-15 21:00:00+00:00",0,22,18.963,65.12
7,"2024-07-15 21:30:00+00:00",0,22.5,16.6635,65.12
7,"2024-07-15 22:00:00+00:00",0,23,16.8105,65.12
7,"2024-07-15 22:30:00+00:00",0,23.5,18.5955,65.12
7,"2024-07-15 23:00:00+00:00",0,0,17.052,65.12
7,"2024-07-15 23:30:00+00:00",0,0.5,16.422,65.12
7,"2024-07-16 00:00:00+00:00",0,1,15.435,65.12
7,"2024-07-16 00:30:00+00:00",0,1.5,14.8785,65.12
7,"2024-07-16 01:00:00+00:00",0,2,14.0595,65.12
7,"2024-07-16 01:30:00+00:00",0,2.5,13.2825,65.12
7,"2024-07-16 02:00:00+00:00",0,3,13.2825,65.12
7,"2024-07-16 02:30:00+00:00",0,3.5,13.2825,65.12
7,"2024-07-16 03:00:00+00:00",0,4,13.2825,65.12
7,"2024-07-16 03:30:00+00:00",0,4.5,13.146,65.12
7,"2024-07-16 04:00:00+00:00",0,5,13.524,65.12
7,"2024-07-16 04:30:00+00:00",0,5.5,14.7315,65.12
7,"2024-07-16 05:00:00+00:00",0,6,16.3905,65.12
7,"2024-07-16 05:30:00+00:00",0,6.5,16.548,65.12
7,"2024-07-16 06:00:00+00:00",0,7,15.603,65.12
7,"2024-07-16 06:30:00+00:00",0,7.5,18.4065,65.12
7,"2024-07-16 07:00:00+00:00",0,8,19.971,65.12
7,"2024-07-16 07:30:00+00:00",0,8.5,20.286,65.12
7,"2024-07-16 08:00:00+00:00",0,9,20.9895,65.12
7,"2024-07-16 08:30:00+00:00",0,9.5,19.467,65.12
7,"2024-07-16 09:00:00+00:00",0,10,20.475,65.12
7,"2024-07-16 09:30:00+00:00",0,10.5,19.341,65.12
7,"2024-07-16 10:00:00+00:00",0,11,18.018,65.12
7,"2024-07-16 10:30:00+00:00",0,11.5,17.724,65.12
7,"2024-07-16 11:00:00+00:00",0,12,16.611,65.12
7,"2024-07-16 11:30:00+00:00",0,12.5,14.973,65.12
7,"2024-07-16 12:00:00+00:00",0,13,15.0465,65.12
7,"2024-07-16 12:30:00+00:00",0,13.5,14.7315,65.12
7,"2024-07-16 13:00:00+00:00",0,14,14.658,65.12
7,"2024-07-16 13:30:00+00:00",0,14.5,14.8575,65.12
7,"2024-07-16 14:00:00+00:00",0,15,14.5845,65.12
7,"2024-07-16 14:30:00+00:00",0,15.5,16.3905,65.12
7,"2024-07-16 15:00:00+00:00",0,16,26.523,65.12
7,"2024-07-16 15:30:00+00:00",0,16.5,27.363,65.12
7,"2024-07-16 16:00:00+00:00",0,17,27.006,65.12
7,"2024-07-16 16:30:00+00:00",0,17.5,28.917,65.12
7,"2024-07-16 17:00:00+00:00",0,18,30.4815,65.12
7,"2024-07-16 17:30:00+00:00",0,18.5,30.555,65.12
7,"2024-07-16 18:00:00+00:00",0,19,22.407,65.12
7,"2024-07-16 18:30:00+00:00",0,19.5,22.1445,65.12
7,"2024-07-16 19:00:00+00:00",0,20,22.386,65.12
7,"2024-07-16 19:30:00+00:00",0,20.5,22.092,65.12
7,"2024-07-16 20:00:00+00:00",0,21,22.3545,65.12
7,"2024-07-16 20:30:00+00:00",0,21.5,21.6405,65.12
7,"2024-07-16 21:00:00+00:00",0,22,21.252,65.12
7,"2024-07-16 21:30:00+00:00",0,22.5,16.737,65.12
7,"2024-07-16 22:00:00+00:00",0,23,22.029,65.12
7,"2024-07-16 22:30:00+00:00",0,23.5,20.769,65.12
7,"2024-07-16 23:00:00+00:00",0,0,19.005,65.12
7,"2024-07-16 23:30:00+00:00",0,0.5,18.039,65.12
7,"2024-07-17 00:00:00+00:00",0,1,17.388,65.12
7,"2024-07-17 00:30:00+00:00",0,1.5,16.737,65.12
7,"2024-07-17 01:00:00+00:00",0,2,17.1465,65.12
7,"2024-07-17 01:30:00+00:00",0,2.5,17.1255,65.12
7,"2024-07-17 02:00:00+00:00",0,3,16.905,65.12
7,"2024-07-17 02:30:00+00:00",0,3.5,16.6635,65.12
7,"2024-07-17 03:00:00+00:00",0,4,16.6635,65.12
7,"2024-07-17 03:30:00+00:00",0,4.5,16.6635,65.12
7,"2024-07-17 04:00:00+00:00",0,5,16.6635,65.12
7,"2024-07-17 04:30:00+00:00",0,5.5,16.6635,65.12
7,"2024-07-17 05:00:00+00:00",0,6,19.32,65.12
7,"2024-07-17 05:30:00+00:00",0,6.5,21.4935,65.12
7,"2024-07-17 06:00:00+00:00",0,7,20.5275,65.12
7,"2024-07-17 06:30:00+00:00",0,7.5,22.2705,65.12
7,"2024-07-17 07:00:00+00:00",0,8,20.475,65.12
7,"2024-07-17 07:30:00+00:00",0,8.5,19.803,65.12
7,"2024-07-17 08:00:00+00:00",0,9,18.648,65.12
7,"2024-07-17 08:30:00+00:00",0,9.5,17.262,65.12
7,"2024-07-17 09:00:00+00:00",0,10,16.296,65.12
7,"2024-07-17 09:30:00+00:00",0,10.5,16.149,65.12
7,"2024-07-17 10:00:00+00:00",0,11,15.162,65.12
7,"2024-07-17 10:30:00+00:00",0,11.5,15.2145,65.12
7,"2024-07-17 11:00:00+00:00",0,12,15.582,65.12
7,"2024-07-17 11:30:00+00:00",0,12.5,14.847,65.12
7,"2024-07-17 12:00:00+00:00",0,13,15.456,65.12
7,"2024-07-17 12:30:00+00:00",0,13.5,15.2355,65.12
7,"2024-07-17 13:00:00+00:00",0,14,15.309,65.12
7,"2024-07-17 13:30:00+00:00",0,14.5,15.456,65.12
7,"2024-07-17 14:00:00+00:00",0,15,15.246,65.12
7,"2024-07-17 14:30:00+00:00",0,15.5,15.939,65.12
7,"2024-07-17 15:00:00+00:00",0,16,27.132,65.12
7,"2024-07-17 15:30:00+00:00",0,16.5,27.2475,65.12
7,"2024-07-17 16:00:00+00:00",0,17,28.455,65.12
7,"2024-07-17 16:30:00+00:00",0,17.5,30.198,65.12
7,"2024-07-17 17:00:00+00:00",0,18,33.5265,65.12
7,"2024-07-17 17:30:00+00:00",0,18.5,33.7155,65.12
7,"2024-07-17 18:00:00+00:00",0,19,26.082,65.12
7,"2024-07-17 18:30:00+00:00",0,19.5,25.4625,65.12
7,"2024-07-17 19:00:00+00:00",0,20,26.271,65.12
7,"2024-07-17 19:30:00+00:00",0,20.5,24.801,65.12
7,"2024-07-17 20:00:00+00:00",0,21,22.365,65.12
7,"2024-07-17 20:30:00+00:00",0,21.5,20.895,65.12
7,"2024-07-17 21:00:00+00:00",0,22,19.929,65.12
7,"2024-07-17 21:30:00+00:00",0,22.5,17.871,65.12
7,"2024-07-17 22:00:00+00:00",0,23,18.1125,65.12
7,"2024-07-17 22:30:00+00:00",0,23.5,18.501,65.12
7,"2024-07-17 23:00:00+00:00",0,0,15.225,65.12
7,"2024-07-17 23:30:00+00:00",0,0.5,16.611,65.12
7,"2024-07-18 00:00:00+00:00",0,1,14.3955,65.12
7,"2024-07-18 00:30:00+00:00",0,1.5,15.7185,65.12
7,"2024-07-18 01:00:00+00:00",0,2,14.889,65.12
7,"2024-07-18 01:30:00+00:00",0,2.5,15.267,65.12
7,"2024-07-18 02:00:00+00:00",0,3,15.099,65.12
7,"2024-07-18 02:30:00+00:00",0,3.5,15.099,65.12
7,"2024-07-18 03:00:00+00:00",0,4,16.086,65.12
7,"2024-07-18 03:30:00+00:00",0,4.5,15.2145,65.12
7,"2024-07-18 04:00:00+00:00",0,5,16.1805,65.12
7,"2024-07-18 04:30:00+00:00",0,5.5,16.422,65.12
7,"2024-07-18 05:00:00+00:00",0,6,19.32,65.12
7,"2024-07-18 05:30:00+00:00",0,6.5,20.475,65.12
7,"2024-07-18 06:00:00+00:00",0,7,17.7765,65.12
7,"2024-07-18 06:30:00+00:00",0,7.5,20.097,65.12
7,"2024-07-18 07:00:00+00:00",0,8,18.354,65.12
7,"2024-07-18 07:30:00+00:00",0,8.5,17.6295,65.12
7,"2024-07-18 08:00:00+00:00",0,9,17.871,65.12
7,"2024-07-18 08:30:00+00:00",0,9.5,16.611,65.12
7,"2024-07-18 09:00:00+00:00",0,10,16.422,65.12
7,"2024-07-18 09:30:00+00:00",0,10.5,16.1805,65.12
7,"2024-07-18 10:00:00+00:00",0,11,14.7315,65.12
7,"2024-07-18 10:30:00+00:00",0,11.5,15.33,65.12
7,"2024-07-18 11:00:00+00:00",0,12,16.0335,65.12
7,"2024-07-18 11:30:00+00:00",0,12.5,15.939,65.12
7,"2024-07-18 12:00:00+00:00",0,13,16.128,65.12
7,"2024-07-18 12:30:00+00:00",0,13.5,15.939,65.12
7,"2024-07-18 13:00:00+00:00",0,14,16.3485,65.12
7,"2024-07-18 13:30:00+00:00",0,14.5,16.569,65.12
7,"2024-07-18 14:00:00+00:00",0,15,15.939,65.12
7,"2024-07-18 14:30:00+00:00",0,15.5,16.0125,65.12
7,"2024-07-18 15:00:00+00:00",0,16,27.489,65.12
7,"2024-07-18 15:30:00+00:00",0,16.5,27.489,65.12
7,"2024-07-18 16:00:00+00:00",0,17,28.812,65.12
7,"2024-07-18 16:30:00+00:00",0,17.5,29.904,65.12
7,"2024-07-18 17:00:00+00:00",0,18,33.0435,65.12
7,"2024-07-18 17:30:00+00:00",0,18.5,33.642,65.12
7,"2024-07-18 18:00:00+00:00",0,19,25.599,65.12
7,"2024-07-18 18:30:00+00:00",0,19.5,25.389,65.12
7,"2024-07-18 19:00:00+00:00",0,20,25.599,65.12
7,"2024-07-18 19:30:00+00:00",0,20.5,25.6725,65.12
7,"2024-07-18 20:00:00+00:00",0,21,25.3575,65.12
7,"2024-07-18 20:30:00+00:00",0,21.5,24.066,65.12
7,"2024-07-18 21:00:00+00:00",0,22,22.407,65.12
7,"2024-07-18 21:30:00+00:00",0,22.5,19.11,65.12
7,"2024-07-18 22:00:00+00:00",0,23,18.606,65.12
7,"2024-07-18 22:30:00+00:00",0,23.5,18.5955,65.12
7,"2024-07-18 23:00:00+00:00",0,0,17.8185,65.12
7,"2024-07-18 23:30:00+00:00",0,0.5,17.094,65.12
7,"2024-07-19 00:00:00+00:00",0,1,16.905,65.12
7,"2024-07-19 00:30:00+00:00",0,1.5,16.443,65.12
7,"2024-07-19 01:00:00+00:00",0,2,17.388,65.12
7,"2024-07-19 01:30:00+00:00",0,2.5,15.771,65.12
7,"2024-07-19 02:00:00+00:00",0,3,15.6975,65.12
7,"2024-07-19 02:30:00+00:00",0,3.5,15.6765,65.12
7,"2024-07-19 03:00:00+00:00",0,4,16.1385,65.12
7,"2024-07-19 03:30:00+00:00",0,4.5,15.792,65.12
7,"2024-07-19 04:00:00+00:00",0,5,14.805,65.12
7,"2024-07-19 04:30:00+00:00",0,5.5,16.548,65.12
7,"2024-07-19 05:00:00+00:00",0,6,17.808,65.12
7,"2024-07-19 05:30:00+00:00",0,6.5,21.4935,65.12
7,"2024-07-19 06:00:00+00:00",0,7,21.609,65.12
7,"2024-07-19 06:30:00+00:00",0,7.5,22.848,65.12
7,"2024-07-19 07:00:00+00:00",0,8,22.344,65.12
7,"2024-07-19 07:30:00+00:00",0,8.5,22.071,65.12
7,"2024-07-19 08:00:00+00:00",0,9,18.5955,65.12
7,"2024-07-19 08:30:00+00:00",0,9.5,18.06,65.12
7,"2024-07-19 09:00:00+00:00",0,10,16.233,65.12
7,"2024-07-19 09:30:00+00:00",0,10.5,16.548,65.12
7,"2024-07-19 10:00:00+00:00",0,11,17.4615,65.12
7,"2024-07-19 10:30:00+00:00",0,11.5,16.233,65.12
7,"2024-07-19 11:00:00+00:00",0,12,16.1385,65.12
7,"2024-07-19 11:30:00+00:00",0,12.5,14.49,65.12
7,"2024-07-19 12:00:00+00:00",0,13,14.9205,65.12
7,"2024-07-19 12:30:00+00:00",0,13.5,13.7235,65.12
7,"2024-07-19 13:00:00+00:00",0,14,13.524,65.12
7,"2024-07-19 13:30:00+00:00",0,14.5,13.041,65.12
7,"2024-07-19 14:00:00+00:00",0,15,13.7235,65.12
7,"2024-07-19 14:30:00+00:00",0,15.5,13.7655,65.12
7,"2024-07-19 15:00:00+00:00",0,16,29.6205,65.12
7,"2024-07-19 15:30:00+00:00",0,16.5,27.594,65.12
7,"2024-07-19 16:00:00+00:00",0,17,29.2215,65.12
7,"2024-07-19 16:30:00+00:00",0,17.5,27.7305,65.12
7,"2024-07-19 17:00:00+00:00",0,18,30.87,65.12
7,"2024-07-19 17:30:00+00:00",0,18.5,32.025,65.12
7,"2024-07-19 18:00:00+00:00",0,19,23.184,65.12
7,"2024-07-19 18:30:00+00:00",0,19.5,22.701,65.12
7,"2024-07-19 19:00:00+00:00",0,20,23.4465,65.12
7,"2024-07-19 19:30:00+00:00",0,20.5,23.373,65.12
7,"2024-07-19 20:00:00+00:00",0,21,21.5145,65.12
7,"2024-07-19 20:30:00+00:00",0,21.5,20.5275,65.12
7,"2024-07-19 21:00:00+00:00",0,22,18.4065,65.12
7,"2024-07-19 21:30:00+00:00",0,22.5,18.354,65.12
7,"2024-07-19 22:00:00+00:00",0,23,17.9655,65.12
7,"2024-07-19 22:30:00+00:00",0,23.5,18.417,65.12
7,"2024-07-19 23:00:00+00:00",0,0,15.2985,65.12
7,"2024-07-19 23:30:00+00:00",0,0.5,15.939,65.12
7,"2024-07-20 00:00:00+00:00",1,1,15.456,65.12
7,"2024-07-20 00:30:00+00:00",1,1.5,15.2145,65.12
7,"2024-07-20 01:00:00+00:00",1,2,15.393,65.12
7,"2024-07-20 01:30:00+00:00",1,2.5,15.2355,65.12
7,"2024-07-20 02:00:00+00:00",1,3,16.737,65.12
7,"2024-07-20 02:30:00+00:00",1,3.5,16.905,65.12
7,"2024-07-20 03:00:00+00:00",1,4,16.611,65.12
7,"2024-07-20 03:30:00+00:00",1,4.5,16.002,65.12
7,"2024-07-20 04:00:00+00:00",1,5,14.49,65.12
7,"2024-07-20 04:30:00+00:00",1,5.5,15.8445,65.12
7,"2024-07-20 05:00:00+00:00",1,6,15.6975,65.12
7,"2024-07-20 05:30:00+00:00",1,6.5,15.6975,65.12
7,"2024-07-20 06:00:00+00:00",1,7,15.6975,65.12
7,"2024-07-20 06:30:00+00:00",1,7.5,15.939,65.12
7,"2024-07-20 07:00:00+00:00",1,8,14.973,65.12
7,"2024-07-20 07:30:00+00:00",1,8.5,17.199,65.12
7,"2024-07-20 08:00:00+00:00",1,9,18.354,65.12
7,"2024-07-20 08:30:00+00:00",1,9.5,19.4145,65.12
7,"2024-07-20 09:00:00+00:00",1,10,18.837,65.12
7,"2024-07-20 09:30:00+00:00",1,10.5,18.1125,65.12
7,"2024-07-20 10:00:00+00:00",1,11,18.9315,65.12
7,"2024-07-20 10:30:00+00:00",1,11.5,19.2675,65.12
7,"2024-07-20 11:00:00+00:00",1,12,20.286,65.12
7,"2024-07-20 11:30:00+00:00",1,12.5,19.7085,65.12
7,"2024-07-20 12:00:00+00:00",1,13,18.228,65.12
7,"2024-07-20 12:30:00+00:00",1,13.5,17.388,65.12
7,"2024-07-20 13:00:00+00:00",1,14,16.7475,65.12
7,"2024-07-20 13:30:00+00:00",1,14.5,16.401,65.12
7,"2024-07-20 14:00:00+00:00",1,15,16.4955,65.12
7,"2024-07-20 14:30:00+00:00",1,15.5,17.6295,65.12
7,"2024-07-20 15:00:00+00:00",1,16,29.421,65.12
7,"2024-07-20 15:30:00+00:00",1,16.5,29.904,65.12
7,"2024-07-20 16:00:00+00:00",1,17,29.904,65.12
7,"2024-07-20 16:30:00+00:00",1,17.5,31.206,65.12
7,"2024-07-20 17:00:00+00:00",1,18,33.285,65.12
7,"2024-07-20 17:30:00+00:00",1,18.5,33.285,65.12
7,"2024-07-20 18:00:00+00:00",1,19,22.4595,65.12
7,"2024-07-20 18:30:00+00:00",1,19.5,22.4385,65.12
7,"2024-07-20 19:00:00+00:00",1,20,21.4725,65.12
7,"2024-07-20 19:30:00+00:00",1,20.5,20.916,65.12
7,"2024-07-20 20:00:00+00:00",1,21,20.265,65.12
7,"2024-07-20 20:30:00+00:00",1,21.5,18.9315,65.12
7,"2024-07-20 21:00:00+00:00",1,22,18.606,65.12
7,"2024-07-20 21:30:00+00:00",1,22.5,16.905,65.12
7,"2024-07-20 22:00:00+00:00",1,23,16.905,65.12
7,"2024-07-20 22:30:00+00:00",1,23.5,15.939,65.12
7,"2024-07-20 23:00:00+00:00",1,0,16.905,65.12
7,"2024-07-20 23:30:00+00:00",1,0.5,16.1805,65.12
7,"2024-07-21 00:00:00+00:00",1,1,13.167,65.12
7,"2024-07-21 00:30:00+00:00",1,1.5,14.343,65.12
7,"2024-07-21 01:00:00+00:00",1,2,13.1145,65.12
7,"2024-07-21 01:30:00+00:00",1,2.5,12.558,65.12
7,"2024-07-21 02:00:00+00:00",1,3,12.558,65.12
7,"2024-07-21 02:30:00+00:00",1,3.5,13.209,65.12
7,"2024-07-21 03:00:00+00:00",1,4,13.839,65.12
7,"2024-07-21 03:30:00+00:00",1,4.5,13.881,65.12
7,"2024-07-21 04:00:00+00:00",1,5,14.9835,65.12
7,"2024-07-21 04:30:00+00:00",1,5.5,15.456,65.12
7,"2024-07-21 05:00:00+00:00",1,6,15.456,65.12
7,"2024-07-21 05:30:00+00:00",1,6.5,14.8575,65.12
7,"2024-07-21 06:00:00+00:00",1,7,14.7315,65.12
7,"2024-07-21 06:30:00+00:00",1,7.5,16.9785,65.12
7,"2024-07-21 07:00:00+00:00",1,8,14.616,65.12
7,"2024-07-21 07:30:00+00:00",1,8.5,14.7525,65.12
7,"2024-07-21 08:00:00+00:00",1,9,16.59,65.12
7,"2024-07-21 08:30:00+00:00",1,9.5,17.22,65.12
7,"2024-07-21 09:00:00+00:00",1,10,17.094,65.12
7,"2024-07-21 09:30:00+00:00",1,10.5,17.514,65.12
7,"2024-07-21 10:00:00+00:00",1,11,15.7185,65.12
7,"2024-07-21 10:30:00+00:00",1,11.5,17.6295,65.12
7,"2024-07-21 11:00:00+00:00",1,12,19.7085,65.12
7,"2024-07-21 11:30:00+00:00",1,12.5,19.32,65.12
7,"2024-07-21 12:00:00+00:00",1,13,18.354,65.12
7,"2024-07-21 12:30:00+00:00",1,13.5,16.0125,65.12
7,"2024-07-21 13:00:00+00:00",1,14,15.1935,65.12
7,"2024-07-21 13:30:00+00:00",1,14.5,13.3035,65.12
7,"2024-07-21 14:00:00+00:00",1,15,11.8335,65.12
7,"2024-07-21 14:30:00+00:00",1,15.5,12.558,65.12
7,"2024-07-21 15:00:00+00:00",1,16,26.523,65.12
7,"2024-07-21 15:30:00+00:00",1,16.5,26.523,65.12
7,"2024-07-21 16:00:00+00:00",1,17,27.2685,65.12
7,"2024-07-21 16:30:00+00:00",1,17.5,28.2135,65.12
7,"2024-07-21 17:00:00+00:00",1,18,31.479,65.12
7,"2024-07-21 17:30:00+00:00",1,18.5,31.647,65.12
7,"2024-07-21 18:00:00+00:00",1,19,22.029,65.12
7,"2024-07-21 18:30:00+00:00",1,19.5,21.609,65.12
7,"2024-07-21 19:00:00+00:00",1,20,21.21,65.12
7,"2024-07-21 19:30:00+00:00",1,20.5,22.4595,65.12
7,"2024-07-21 20:00:00+00:00",1,21,21.609,65.12
7,"2024-07-21 20:30:00+00:00",1,21.5,21.252,65.12
7,"2024-07-21 21:00:00+00:00",1,22,20.8635,65.12
7,"2024-07-21 21:30:00+00:00",1,22.5,17.535,65.12
7,"2024-07-21 22:00:00+00:00",1,23,20.769,65.12
7,"2024-07-21 22:30:00+00:00",1,23.5,19.32,65.12
7,"2024-07-21 23:00:00+00:00",1,0,18.6165,65.12
7,"2024-07-21 23:30:00+00:00",1,0.5,18.543,65.12
7,"2024-07-22 00:00:00+00:00",0,1,16.443,65.12
7,"2024-07-22 00:30:00+00:00",0,1.5,15.8655,65.12
7,"2024-07-22 01:00:00+00:00",0,2,15.435,65.12
7,"2024-07-22 01:30:00+00:00",0,2.5,14.49,65.12
7,"2024-07-22 02:00:00+00:00",0,3,14.49,65.12
7,"2024-07-22 02:30:00+00:00",0,3.5,14.49,65.12
7,"2024-07-22 03:00:00+00:00",0,4,14.49,65.12
7,"2024-07-22 03:30:00+00:00",0,4.5,14.49,65.12
7,"2024-07-22 04:00:00+00:00",0,5,15.435,65.12
7,"2024-07-22 04:30:00+00:00",0,5.5,15.8655,65.12
7,"2024-07-22 05:00:00+00:00",0,6,17.9235,65.12
7,"2024-07-22 05:30:00+00:00",0,6.5,21.735,65.12
7,"2024-07-22 06:00:00+00:00",0,7,18.6165,65.12
7,"2024-07-22 06:30:00+00:00",0,7.5,21.5145,65.12
7,"2024-07-22 07:00:00+00:00",0,8,20.601,65.12
7,"2024-07-22 07:30:00+00:00",0,8.5,21.4305,65.12
7,"2024-07-22 08:00:00+00:00",0,9,21.714,65.12
7,"2024-07-22 08:30:00+00:00",0,9.5,19.299,65.12
7,"2024-07-22 09:00:00+00:00",0,10,18.2805,65.12
7,"2024-07-22 09:30:00+00:00",0,10.5,18.2805,65.12
7,"2024-07-22 10:00:00+00:00",0,11,19.0785,65.12
7,"2024-07-22 10:30:00+00:00",0,11.5,17.031,65.12
7,"2024-07-22 11:00:00+00:00",0,12,15.75,65.12
7,"2024-07-22 11:30:00+00:00",0,12.5,14.154,65.12
7,"2024-07-22 12:00:00+00:00",0,13,15.2145,65.12
7,"2024-07-22 12:30:00+00:00",0,13.5,14.7315,65.12
7,"2024-07-22 13:00:00+00:00",0,14,12.747,65.12
7,"2024-07-22 13:30:00+00:00",0,14.5,12.558,65.12
7,"2024-07-22 14:00:00+00:00",0,15,12.558,65.12
7,"2024-07-22 14:30:00+00:00",0,15.5,14.007,65.12
7,"2024-07-22 15:00:00+00:00",0,16,25.3155,65.12
7,"2024-07-22 15:30:00+00:00",0,16.5,27.2475,65.12
7,"2024-07-22 16:00:00+00:00",0,17,27.7305,65.12
7,"2024-07-22 16:30:00+00:00",0,17.5,28.2135,65.12
7,"2024-07-22 17:00:00+00:00",0,18,29.421,65.12
7,"2024-07-22 17:30:00+00:00",0,18.5,30.387,65.12
7,"2024-07-22 18:00:00+00:00",0,19,21.252,65.12
7,"2024-07-22 18:30:00+00:00",0,19.5,20.979,65.12
7,"2024-07-22 19:00:00+00:00",0,20,22.218,65.12
7,"2024-07-22 19:30:00+00:00",0,20.5,21.903,65.12
7,"2024-07-22 20:00:00+00:00",0,21,21.735,65.12
7,"2024-07-22 20:30:00+00:00",0,21.5,21.609,65.12
7,"2024-07-22 21:00:00+00:00",0,22,18.6165,65.12
7,"2024-07-22 21:30:00+00:00",0,22.5,15.456,65.12
7,"2024-07-22 22:00:00+00:00",0,23,16.905,65.12
7,"2024-07-22 22:30:00+00:00",0,23.5,19.194,65.12
7,"2024-07-22 23:00:00+00:00",0,0,16.548,65.12
7,"2024-07-22 23:30:00+00:00",0,0.5,16.8525,65.12
7,"2024-07-23 00:00:00+00:00",0,1,17.388,65.12
7,"2024-07-23 00:30:00+00:00",0,1.5,17.64,65.12
7,"2024-07-23 01:00:00+00:00",0,2,15.4035,65.12
7,"2024-07-23 01:30:00+00:00",0,2.5,15.309,65.12
7,"2024-07-23 02:00:00+00:00",0,3,14.49,65.12
7,"2024-07-23 02:30:00+00:00",0,3.5,14.49,65.12
7,"2024-07-23 03:00:00+00:00",0,4,17.871,65.12
7,"2024-07-23 03:30:00+00:00",0,4.5,16.422,65.12
7,"2024-07-23 04:00:00+00:00",0,5,18.354,65.12
7,"2024-07-23 04:30:00+00:00",0,5.5,17.22,65.12
7,"2024-07-23 05:00:00+00:00",0,6,19.32,65.12
7,"2024-07-23 05:30:00+00:00",0,6.5,20.8635,65.12
7,"2024-07-23 06:00:00+00:00",0,7,21.4935,65.12
7,"2024-07-23 06:30:00+00:00",0,7.5,23.4675,65.12
7,"2024-07-23 07:00:00+00:00",0,8,21.9765,65.12
7,"2024-07-23 07:30:00+00:00",0,8.5,21.6405,65.12
7,"2024-07-23 08:00:00+00:00",0,9,21.777,65.12
7,"2024-07-23 08:30:00+00:00",0,9.5,20.475,65.12
7,"2024-07-23 09:00:00+00:00",0,10,19.3935,65.12
7,"2024-07-23 09:30:00+00:00",0,10.5,18.543,65.12
7,"2024-07-23 10:00:00+00:00",0,11,18.354,65.12
7,"2024-07-23 10:30:00+00:00",0,11.5,16.779,65.12
7,"2024-07-23 11:00:00+00:00",0,12,16.2015,65.12
7,"2024-07-23 11:30:00+00:00",0,12.5,14.8785,65.12
7,"2024-07-23 12:00:00+00:00",0,13,14.973,65.12
7,"2024-07-23 12:30:00+00:00",0,13.5,14.49,65.12
7,"2024-07-23 13:00:00+00:00",0,14,13.7865,65.12
7,"2024-07-23 13:30:00+00:00",0,14.5,14.49,65.12
7,"2024-07-23 14:00:00+00:00",0,15,14.49,65.12
7,"2024-07-23 14:30:00+00:00",0,15.5,14.49,65.12
7,"2024-07-23 15:00:00+00:00",0,16,26.523,65.12
7,"2024-07-23 15:30:00+00:00",0,16.5,27.468,65.12
7,"2024-07-23 16:00:00+00:00",0,17,27.804,65.12
7,"2024-07-23 16:30:00+00:00",0,17.5,29.421,65.12
7,"2024-07-23 17:00:00+00:00",0,18,31.7415,65.12
7,"2024-07-23 17:30:00+00:00",0,18.5,32.655,65.12
7,"2024-07-23 18:00:00+00:00",0,19,23.0895,65.12
7,"2024-07-23 18:30:00+00:00",0,19.5,22.218,65.12
7,"2024-07-23 19:00:00+00:00",0,20,21.735,65.12
7,"2024-07-23 19:30:00+00:00",0,20.5,21.672,65.12
7,"2024-07-23 20:00:00+00:00",0,21,21.903,65.12
7,"2024-07-23 20:30:00+00:00",0,21.5,21.672,65.12
7,"2024-07-23 21:00:00+00:00",0,22,19.446,65.12
7,"2024-07-23 21:30:00+00:00",0,22.5,18.1125,65.12
7,"2024-07-23 22:00:00+00:00",0,23,22.701,65.12
7,"2024-07-23 22:30:00+00:00",0,23.5,20.475,65.12
7,"2024-07-23 23:00:00+00:00",0,0,20.5275,65.12
7,"2024-07-23 23:30:00+00:00",0,0.5,17.1465,65.12
7,"2024-07-24 00:00:00+00:00",0,1,16.422,65.12
7,"2024-07-24 00:30:00+00:00",0,1.5,15.813,65.12
7,"2024-07-24 01:00:00+00:00",0,2,14.973,65.12
7,"2024-07-24 01:30:00+00:00",0,2.5,14.8995,65.12
7,"2024-07-24 02:00:00+00:00",0,3,14.8995,65.12
7,"2024-07-24 02:30:00+00:00",0,3.5,14.8995,65.12
7,"2024-07-24 03:00:00+00:00",0,4,14.9205,65.12
7,"2024-07-24 03:30:00+00:00",0,4.5,14.8995,65.12
7,"2024-07-24 04:00:00+00:00",0,5,14.8995,65.12
7,"2024-07-24 04:30:00+00:00",0,5.5,15.6975,65.12
7,"2024-07-24 05:00:00+00:00",0,6,15.33,65.12
7,"2024-07-24 05:30:00+00:00",0,6.5,19.5825,65.12
7,"2024-07-24 06:00:00+00:00",0,7,19.194,65.12
7,"2024-07-24 06:30:00+00:00",0,7.5,21.735,65.12
7,"2024-07-24 07:00:00+00:00",0,8,21.378,65.12
7,"2024-07-24 07:30:00+00:00",0,8.5,22.4595,65.12
7,"2024-07-24 08:00:00+00:00",0,9,21.4935,65.12
7,"2024-07-24 08:30:00+00:00",0,9.5,20.286,65.12
7,"2024-07-24 09:00:00+00:00",0,10,18.963,65.12
7,"2024-07-24 09:30:00+00:00",0,10.5,18.669,65.12
7,"2024-07-24 10:00:00+00:00",0,11,18.669,65.12
7,"2024-07-24 10:30:00+00:00",0,11.5,17.724,65.12
7,"2024-07-24 11:00:00+00:00",0,12,17.892,65.12
7,"2024-07-24 11:30:00+00:00",0,12.5,17.514,65.12
7,"2024-07-24 12:00:00+00:00",0,13,16.9575,65.12
7,"2024-07-24 12:30:00+00:00",0,13.5,16.107,65.12
7,"2024-07-24 13:00:00+00:00",0,14,15.603,65.12
7,"2024-07-24 13:30:00+00:00",0,14.5,15.3825,65.12
7,"2024-07-24 14:00:00+00:00",0,15,14.826,65.12
7,"2024-07-24 14:30:00+00:00",0,15.5,14.973,65.12
7,"2024-07-24 15:00:00+00:00",0,16,26.607,65.12
7,"2024-07-24 15:30:00+00:00",0,16.5,26.7645,65.12
7,"2024-07-24 16:00:00+00:00",0,17,26.4285,65.12
7,"2024-07-24 16:30:00+00:00",0,17.5,27.972,65.12
7,"2024-07-24 17:00:00+00:00",0,18,30.744,65.12
7,"2024-07-24 17:30:00+00:00",0,18.5,30.513,65.12
7,"2024-07-24 18:00:00+00:00",0,19,21.714,65.12
7,"2024-07-24 18:30:00+00:00",0,19.5,20.433,65.12
7,"2024-07-24 19:00:00+00:00",0,20,20.769,65.12
7,"2024-07-24 19:30:00+00:00",0,20.5,19.803,65.12
7,"2024-07-24 20:00:00+00:00",0,21,20.5275,65.12
7,"2024-07-24 20:30:00+00:00",0,21.5,18.9315,65.12
7,"2024-07-24 21:00:00+00:00",0,22,18.4485,65.12
7,"2024-07-24 21:30:00+00:00",0,22.5,15.3825,65.12
7,"2024-07-24 22:00:00+00:00",0,23,16.1805,65.12
7,"2024-07-24 22:30:00+00:00",0,23.5,16.296,65.12
7,"2024-07-24 23:00:00+00:00",0,0,15.2775,65.12
7,"2024-07-24 23:30:00+00:00",0,0.5,15.6975,65.12
7,"2024-07-25 00:00:00+00:00",0,1,15.456,65.12
7,"2024-07-25 00:30:00+00:00",0,1.5,15.813,65.12
7,"2024-07-25 01:00:00+00:00",0,2,16.1595,65.12
7,"2024-07-25 01:30:00+00:00",0,2.5,14.868,65.12
7,"2024-07-25 02:00:00+00:00",0,3,15.456,65.12
7,"2024-07-25 02:30:00+00:00",0,3.5,15.6975,65.12
7,"2024-07-25 03:00:00+00:00",0,4,16.1595,65.12
7,"2024-07-25 03:30:00+00:00",0,4.5,15.813,65.12
7,"2024-07-25 04:00:00+00:00",0,5,17.262,65.12
7,"2024-07-25 04:30:00+00:00",0,5.5,18.1335,65.12
7,"2024-07-25 05:00:00+00:00",0,6,18.1125,65.12
7,"2024-07-25 05:30:00+00:00",0,6.5,18.354,65.12
7,"2024-07-25 06:00:00+00:00",0,7,16.1595,65.12
7,"2024-07-25 06:30:00+00:00",0,7.5,19.32,65.12
7,"2024-07-25 07:00:00+00:00",0,8,17.4615,65.12
7,"2024-07-25 07:30:00+00:00",0,8.5,20.286,65.12
7,"2024-07-25 08:00:00+00:00",0,9,21.252,65.12
7,"2024-07-25 08:30:00+00:00",0,9.5,19.929,65.12
7,"2024-07-25 09:00:00+00:00",0,10,21.0105,65.12
7,"2024-07-25 09:30:00+00:00",0,10.5,20.097,65.12
7,"2024-07-25 10:00:00+00:00",0,11,20.5275,65.12
7,"2024-07-25 10:30:00+00:00",0,11.5,20.16,65.12
7,"2024-07-25 11:00:00+00:00",0,12,20.0445,65.12
7,"2024-07-25 11:30:00+00:00",0,12.5,19.509,65.12
7,"2024-07-25 12:00:00+00:00",0,13,17.871,65.12
7,"2024-07-25 12:30:00+00:00",0,13.5,16.1595,65.12
7,"2024-07-25 13:00:00+00:00",0,14,15.771,65.12
7,"2024-07-25 13:30:00+00:00",0,14.5,15.8445,65.12
7,"2024-07-25 14:00:00+00:00",0,15,14.847,65.12
7,"2024-07-25 14:30:00+00:00",0,15.5,16.065,65.12
7,"2024-07-25 15:00:00+00:00",0,16,27.2475,65.12
7,"2024-07-25 15:30:00+00:00",0,16.5,28.455,65.12
7,"2024-07-25 16:00:00+00:00",0,17,29.2005,65.12
7,"2024-07-25 16:30:00+00:00",0,17.5,30.1245,65.12
7,"2024-07-25 17:00:00+00:00",0,18,33.285,65.12
7,"2024-07-25 17:30:00+00:00",0,18.5,32.319,65.12
7,"2024-07-25 18:00:00+00:00",0,19,22.764,65.12
7,"2024-07-25 18:30:00+00:00",0,19.5,21.9765,65.12
7,"2024-07-25 19:00:00+00:00",0,20,21.1575,65.12
7,"2024-07-25 19:30:00+00:00",0,20.5,20.8635,65.12
7,"2024-07-25 20:00:00+00:00",0,21,20.874,65.12
7,"2024-07-25 20:30:00+00:00",0,21.5,20.5275,65.12
7,"2024-07-25 21:00:00+00:00",0,22,19.803,65.12
7,"2024-07-25 21:30:00+00:00",0,22.5,17.871,65.12
7,"2024-07-25 22:00:00+00:00",0,23,15.6975,65.12
7,"2024-07-25 22:30:00+00:00",0,23.5,16.947,65.12
7,"2024-07-25 23:00:00+00:00",0,0,15.645,65.12
7,"2024-07-25 23:30:00+00:00",0,0.5,15.456,65.12
7,"2024-07-26 00:00:00+00:00",0,1,15.0675,65.12
7,"2024-07-26 00:30:00+00:00",0,1.5,15.2145,65.12
7,"2024-07-26 01:00:00+00:00",0,2,15.162,65.12
7,"2024-07-26 01:30:00+00:00",0,2.5,14.9625,65.12
7,"2024-07-26 02:00:00+00:00",0,3,14.7105,65.12
7,"2024-07-26 02:30:00+00:00",0,3.5,14.5845,65.12
7,"2024-07-26 03:00:00+00:00",0,4,14.679,65.12
7,"2024-07-26 03:30:00+00:00",0,4.5,14.658,65.12
7,"2024-07-26 04:00:00+00:00",0,5,15.456,65.12
7,"2024-07-26 04:30:00+00:00",0,5.5,15.288,65.12
7,"2024-07-26 05:00:00+00:00",0,6,17.8185,65.12
7,"2024-07-26 05:30:00+00:00",0,6.5,17.871,65.12
7,"2024-07-26 06:00:00+00:00",0,7,19.803,65.12
7,"2024-07-26 06:30:00+00:00",0,7.5,20.8635,65.12
7,"2024-07-26 07:00:00+00:00",0,8,20.265,65.12
7,"2024-07-26 07:30:00+00:00",0,8.5,20.286,65.12
7,"2024-07-26 08:00:00+00:00",0,9,19.677,65.12
7,"2024-07-26 08:30:00+00:00",0,9.5,18.9315,65.12
7,"2024-07-26 09:00:00+00:00",0,10,17.871,65.12
7,"2024-07-26 09:30:00+00:00",0,10.5,16.422,65.12
7,"2024-07-26 10:00:00+00:00",0,11,17.01,65.12
7,"2024-07-26 10:30:00+00:00",0,11.5,15.834,65.12
7,"2024-07-26 11:00:00+00:00",0,12,16.6635,65.12
7,"2024-07-26 11:30:00+00:00",0,12.5,15.456,65.12
7,"2024-07-26 12:00:00+00:00",0,13,14.973,65.12
7,"2024-07-26 12:30:00+00:00",0,13.5,14.847,65.12
7,"2024-07-26 13:00:00+00:00",0,14,14.616,65.12
7,"2024-07-26 13:30:00+00:00",0,14.5,14.49,65.12
7,"2024-07-26 14:00:00+00:00",0,15,14.6895,65.12
7,"2024-07-26 14:30:00+00:00",0,15.5,14.9625,65.12
7,"2024-07-26 15:00:00+00:00",0,16,27.489,65.12
7,"2024-07-26 15:30:00+00:00",0,16.5,29.904,65.12
7,"2024-07-26 16:00:00+00:00",0,17,28.5495,65.12
7,"2024-07-26 16:30:00+00:00",0,17.5,29.442,65.12
7,"2024-07-26 17:00:00+00:00",0,18,32.487,65.12
7,"2024-07-26 17:30:00+00:00",0,18.5,32.3715,65.12
7,"2024-07-26 18:00:00+00:00",0,19,21.42,65.12
7,"2024-07-26 18:30:00+00:00",0,19.5,21.1785,65.12
7,"2024-07-26 19:00:00+00:00",0,20,20.118,65.12
7,"2024-07-26 19:30:00+00:00",0,20.5,21.252,65.12
7,"2024-07-26 20:00:00+00:00",0,21,22.365,65.12
7,"2024-07-26 20:30:00+00:00",0,21.5,21.9345,65.12
7,"2024-07-26 21:00:00+00:00",0,22,21.252,65.12
7,"2024-07-26 21:30:00+00:00",0,22.5,18.5745,65.12
7,"2024-07-26 22:00:00+00:00",0,23,20.286,65.12
7,"2024-07-26 22:30:00+00:00",0,23.5,18.9315,65.12
7,"2024-07-26 23:00:00+00:00",0,0,17.388,65.12
7,"2024-07-26 23:30:00+00:00",0,0.5,17.43,65.12
7,"2024-07-27 00:00:00+00:00",1,1,16.905,65.12
7,"2024-07-27 00:30:00+00:00",1,1.5,16.905,65.12
7,"2024-07-27 01:00:00+00:00",1,2,16.905,65.12
7,"2024-07-27 01:30:00+00:00",1,2.5,16.2435,65.12
7,"2024-07-27 02:00:00+00:00",1,3,16.611,65.12
7,"2024-07-27 02:30:00+00:00",1,3.5,16.2435,65.12
7,"2024-07-27 03:00:00+00:00",1,4,16.422,65.12
7,"2024-07-27 03:30:00+00:00",1,4.5,16.422,65.12
7,"2024-07-27 04:00:00+00:00",1,5,16.2435,65.12
7,"2024-07-27 04:30:00+00:00",1,5.5,16.0335,65.12
7,"2024-07-27 05:00:00+00:00",1,6,16.275,65.12
7,"2024-07-27 05:30:00+00:00",1,6.5,16.737,65.12
7,"2024-07-27 06:00:00+00:00",1,7,15.6975,65.12
7,"2024-07-27 06:30:00+00:00",1,7.5,15.939,65.12
7,"2024-07-27 07:00:00+00:00",1,8,16.674,65.12
7,"2024-07-27 07:30:00+00:00",1,8.5,17.9445,65.12
7,"2024-07-27 08:00:00+00:00",1,9,17.9025,65.12
7,"2024-07-27 08:30:00+00:00",1,9.5,17.4825,65.12
7,"2024-07-27 09:00:00+00:00",1,10,18.3015,65.12
7,"2024-07-27 09:30:00+00:00",1,10.5,17.388,65.12
7,"2024-07-27 10:00:00+00:00",1,11,17.7975,65.12
7,"2024-07-27 10:30:00+00:00",1,11.5,16.9785,65.12
7,"2024-07-27 11:00:00+00:00",1,12,17.871,65.12
7,"2024-07-27 11:30:00+00:00",1,12.5,16.2435,65.12
7,"2024-07-27 12:00:00+00:00",1,13,16.296,65.12
7,"2024-07-27 12:30:00+00:00",1,13.5,15.6975,65.12
7,"2024-07-27 13:00:00+00:00",1,14,15.3615,65.12
7,"2024-07-27 13:30:00+00:00",1,14.5,15.3615,65.12
7,"2024-07-27 14:00:00+00:00",1,15,16.1805,65.12
7,"2024-07-27 14:30:00+00:00",1,15.5,16.611,65.12
7,"2024-07-27 15:00:00+00:00",1,16,28.4235,65.12
7,"2024-07-27 15:30:00+00:00",1,16.5,29.4315,65.12
7,"2024-07-27 16:00:00+00:00",1,17,29.925,65.12
7,"2024-07-27 16:30:00+00:00",1,17.5,32.0775,65.12
7,"2024-07-27 17:00:00+00:00",1,18,33.579,65.12
7,"2024-07-27 17:30:00+00:00",1,18.5,34.3245,65.12
7,"2024-07-27 18:00:00+00:00",1,19,23.184,65.12
7,"2024-07-27 18:30:00+00:00",1,19.5,23.184,65.12
7,"2024-07-27 19:00:00+00:00",1,20,22.7745,65.12
7,"2024-07-27 19:30:00+00:00",1,20.5,22.7745,65.12
7,"2024-07-27 20:00:00+00:00",1,21,22.218,65.12
7,"2024-07-27 20:30:00+00:00",1,21.5,21.6405,65.12
7,"2024-07-27 21:00:00+00:00",1,22,21.252,65.12
7,"2024-07-27 21:30:00+00:00",1,22.5,19.11,65.12
7,"2024-07-27 22:00:00+00:00",1,23,20.769,65.12
7,"2024-07-27 22:30:00+00:00",1,23.5,20.937,65.12
7,"2024-07-27 23:00:00+00:00",1,0,19.0785,65.12
7,"2024-07-27 23:30:00+00:00",1,0.5,21.1365,65.12
7,"2024-07-28 00:00:00+00:00",1,1,19.5405,65.12
7,"2024-07-28 00:30:00+00:00",1,1.5,19.32,65.12
7,"2024-07-28 01:00:00+00:00",1,2,19.32,65.12
7,"2024-07-28 01:30:00+00:00",1,2.5,17.2935,65.12
7,"2024-07-28 02:00:00+00:00",1,3,18.837,65.12
7,"2024-07-28 02:30:00+00:00",1,3.5,17.535,65.12
7,"2024-07-28 03:00:00+00:00",1,4,17.6295,65.12
7,"2024-07-28 03:30:00+00:00",1,4.5,16.191,65.12
7,"2024-07-28 04:00:00+00:00",1,5,16.191,65.12
7,"2024-07-28 04:30:00+00:00",1,5.5,16.6845,65.12
7,"2024-07-28 05:00:00+00:00",1,6,16.716,65.12
7,"2024-07-28 05:30:00+00:00",1,6.5,17.388,65.12
7,"2024-07-28 06:00:00+00:00",1,7,17.766,65.12
7,"2024-07-28 06:30:00+00:00",1,7.5,17.871,65.12
7,"2024-07-28 07:00:00+00:00",1,8,19.5615,65.12
7,"2024-07-28 07:30:00+00:00",1,8.5,19.992,65.12
7,"2024-07-28 08:00:00+00:00",1,9,18.795,65.12
7,"2024-07-28 08:30:00+00:00",1,9.5,18.354,65.12
7,"2024-07-28 09:00:00+00:00",1,10,19.0785,65.12
7,"2024-07-28 09:30:00+00:00",1,10.5,17.6295,65.12
7,"2024-07-28 10:00:00+00:00",1,11,17.1465,65.12
7,"2024-07-28 10:30:00+00:00",1,11.5,16.422,65.12
7,"2024-07-28 11:00:00+00:00",1,12,17.6295,65.12
7,"2024-07-28 11:30:00+00:00",1,12.5,17.388,65.12
7,"2024-07-28 12:00:00+00:00",1,13,16.107,65.12
7,"2024-07-28 12:30:00+00:00",1,13.5,16.107,65.12
7,"2024-07-28 13:00:00+00:00",1,14,14.994,65.12
7,"2024-07-28 13:30:00+00:00",1,14.5,14.994,65.12
7,"2024-07-28 14:00:00+00:00",1,15,16.254,65.12
7,"2024-07-28 14:30:00+00:00",1,15.5,16.548,65.12
7,"2024-07-28 15:00:00+00:00",1,16,28.455,65.12
7,"2024-07-28 15:30:00+00:00",1,16.5,28.0245,65.12
7,"2024-07-28 16:00:00+00:00",1,17,29.1795,65.12
7,"2024-07-28 16:30:00+00:00",1,17.5,29.8095,65.12
7,"2024-07-28 17:00:00+00:00",1,18,32.5605,65.12
7,"2024-07-28 17:30:00+00:00",1,18.5,33.0435,65.12
7,"2024-07-28 18:00:00+00:00",1,19,22.029,65.12
7,"2024-07-28 18:30:00+00:00",1,19.5,21.9765,65.12
7,"2024-07-28 19:00:00+00:00",1,20,21.252,65.12
7,"2024-07-28 19:30:00+00:00",1,20.5,20.8635,65.12
7,"2024-07-28 20:00:00+00:00",1,21,20.9895,65.12
7,"2024-07-28 20:30:00+00:00",1,21.5,19.8555,65.12
7,"2024-07-28 21:00:00+00:00",1,22,17.1255,65.12
7,"2024-07-28 21:30:00+00:00",1,22.5,15.456,65.12
7,"2024-07-28 22:00:00+00:00",1,23,17.1465,65.12
7,"2024-07-28 22:30:00+00:00",1,23.5,16.086,65.12
7,"2024-07-28 23:00:00+00:00",1,0,16.212,65.12
7,"2024-07-28 23:30:00+00:00",1,0.5,15.6975,65.12
7,"2024-07-29 00:00:00+00:00",0,1,14.9205,65.12
7,"2024-07-29 00:30:00+00:00",0,1.5,13.9125,65.12
7,"2024-07-29 01:00:00+00:00",0,2,14.5845,65.12
7,"2024-07-29 01:30:00+00:00",0,2.5,13.1145,65.12
7,"2024-07-29 02:00:00+00:00",0,3,14.616,65.12
7,"2024-07-29 02:30:00+00:00",0,3.5,14.952,65.12
7,"2024-07-29 03:00:00+00:00",0,4,14.427,65.12
7,"2024-07-29 03:30:00+00:00",0,4.5,14.238,65.12
7,"2024-07-29 04:00:00+00:00",0,5,14.784,65.12
7,"2024-07-29 04:30:00+00:00",0,5.5,14.007,65.12
7,"2024-07-29 05:00:00+00:00",0,6,18.1125,65.12
7,"2024-07-29 05:30:00+00:00",0,6.5,17.388,65.12
7,"2024-07-29 06:00:00+00:00",0,7,18.1125,65.12
7,"2024-07-29 06:30:00+00:00",0,7.5,21.1995,65.12
7,"2024-07-29 07:00:00+00:00",0,8,21.252,65.12
7,"2024-07-29 07:30:00+00:00",0,8.5,21.3885,65.12
7,"2024-07-29 08:00:00+00:00",0,9,20.5275,65.12
7,"2024-07-29 08:30:00+00:00",0,9.5,17.556,65.12
7,"2024-07-29 09:00:00+00:00",0,10,17.1465,65.12
7,"2024-07-29 09:30:00+00:00",0,10.5,17.6295,65.12
7,"2024-07-29 10:00:00+00:00",0,11,17.1465,65.12
7,"2024-07-29 10:30:00+00:00",0,11.5,17.1465,65.12
7,"2024-07-29 11:00:00+00:00",0,12,17.2305,65.12
7,"2024-07-29 11:30:00+00:00",0,12.5,16.6635,65.12
7,"2024-07-29 12:00:00+00:00",0,13,16.905,65.12
7,"2024-07-29 12:30:00+00:00",0,13.5,15.6975,65.12
7,"2024-07-29 13:00:00+00:00",0,14,16.086,65.12
7,"2024-07-29 13:30:00+00:00",0,14.5,15.7605,65.12
7,"2024-07-29 14:00:00+00:00",0,15,15.6975,65.12
7,"2024-07-29 14:30:00+00:00",0,15.5,15.9495,65.12
7,"2024-07-29 15:00:00+00:00",0,16,27.972,65.12
7,"2024-07-29 15:30:00+00:00",0,16.5,27.972,65.12
7,"2024-07-29 16:00:00+00:00",0,17,28.938,65.12
7,"2024-07-29 16:30:00+00:00",0,17.5,31.836,65.12
7,"2024-07-29 17:00:00+00:00",0,18,33.3165,65.12
7,"2024-07-29 17:30:00+00:00",0,18.5,33.5475,65.12
7,"2024-07-29 18:00:00+00:00",0,19,21.735,65.12
7,"2024-07-29 18:30:00+00:00",0,19.5,21.252,65.12
7,"2024-07-29 19:00:00+00:00",0,20,21.6405,65.12
7,"2024-07-29 19:30:00+00:00",0,20.5,19.95,65.12
7,"2024-07-29 20:00:00+00:00",0,21,19.95,65.12
7,"2024-07-29 20:30:00+00:00",0,21.5,17.871,65.12
7,"2024-07-29 21:00:00+00:00",0,22,20.286,65.12
7,"2024-07-29 21:30:00+00:00",0,22.5,15.0045,65.12
7,"2024-07-29 22:00:00+00:00",0,23,16.0125,65.12
7,"2024-07-29 22:30:00+00:00",0,23.5,14.973,65.12
7,"2024-07-29 23:00:00+00:00",0,0,15.8865,65.12
7,"2024-07-29 23:30:00+00:00",0,0.5,15.6975,65.12
7,"2024-07-30 00:00:00+00:00",0,1,16.1805,65.12
7,"2024-07-30 00:30:00+00:00",0,1.5,16.1805,65.12
7,"2024-07-30 01:00:00+00:00",0,2,17.304,65.12
7,"2024-07-30 01:30:00+00:00",0,2.5,16.989,65.12
7,"2024-07-30 02:00:00+00:00",0,3,17.388,65.12
7,"2024-07-30 02:30:00+00:00",0,3.5,16.401,65.12
7,"2024-07-30 03:00:00+00:00",0,4,16.989,65.12
7,"2024-07-30 03:30:00+00:00",0,4.5,16.989,65.12
7,"2024-07-30 04:00:00+00:00",0,5,16.9575,65.12
7,"2024-07-30 04:30:00+00:00",0,5.5,17.1465,65.12
7,"2024-07-30 05:00:00+00:00",0,6,19.32,65.12
7,"2024-07-30 05:30:00+00:00",0,6.5,20.5275,65.12
7,"2024-07-30 06:00:00+00:00",0,7,20.9265,65.12
7,"2024-07-30 06:30:00+00:00",0,7.5,23.184,65.12
7,"2024-07-30 07:00:00+00:00",0,8,21.399,65.12
7,"2024-07-30 07:30:00+00:00",0,8.5,20.622,65.12
7,"2024-07-30 08:00:00+00:00",0,9,20.475,65.12
7,"2024-07-30 08:30:00+00:00",0,9.5,17.682,65.12
7,"2024-07-30 09:00:00+00:00",0,10,16.4745,65.12
7,"2024-07-30 09:30:00+00:00",0,10.5,15.6975,65.12
7,"2024-07-30 10:00:00+00:00",0,11,16.2855,65.12
7,"2024-07-30 10:30:00+00:00",0,11.5,15.6975,65.12
7,"2024-07-30 11:00:00+00:00",0,12,16.59,65.12
7,"2024-07-30 11:30:00+00:00",0,12.5,16.611,65.12
7,"2024-07-30 12:00:00+00:00",0,13,17.388,65.12
7,"2024-07-30 12:30:00+00:00",0,13.5,16.275,65.12
7,"2024-07-30 13:00:00+00:00",0,14,16.7055,65.12
7,"2024-07-30 13:30:00+00:00",0,14.5,17.031,65.12
7,"2024-07-30 14:00:00+00:00",0,15,16.989,65.12
7,"2024-07-30 14:30:00+00:00",0,15.5,17.073,65.12
7,"2024-07-30 15:00:00+00:00",0,16,27.006,65.12
7,"2024-07-30 15:30:00+00:00",0,16.5,27.489,65.12
7,"2024-07-30 16:00:00+00:00",0,17,30.2505,65.12
7,"2024-07-30 16:30:00+00:00",0,17.5,33.411,65.12
7,"2024-07-30 17:00:00+00:00",0,18,35.4585,65.12
7,"2024-07-30 17:30:00+00:00",0,18.5,35.7,65.12
7,"2024-07-30 18:00:00+00:00",0,19,25.3575,65.12
7,"2024-07-30 18:30:00+00:00",0,19.5,24.801,65.12
7,"2024-07-30 19:00:00+00:00",0,20,24.339,65.12
7,"2024-07-30 19:30:00+00:00",0,20.5,24.339,65.12
7,"2024-07-30 20:00:00+00:00",0,21,24.15,65.12
7,"2024-07-30 20:30:00+00:00",0,21.5,22.197,65.12
7,"2024-07-30 21:00:00+00:00",0,22,21.252,65.12
7,"2024-07-30 21:30:00+00:00",0,22.5,18.9315,65.12
7,"2024-07-30 22:00:00+00:00",0,23,20.895,65.12
7,"2024-07-30 22:30:00+00:00",0,23.5,21.4935,65.12
7,"2024-07-30 23:00:00+00:00",0,0,18.0915,65.12
7,"2024-07-30 23:30:00+00:00",0,0.5,19.32,65.12
7,"2024-07-31 00:00:00+00:00",0,1,18.9315,65.12
7,"2024-07-31 00:30:00+00:00",0,1.5,17.4825,65.12
7,"2024-07-31 01:00:00+00:00",0,2,17.1465,65.12
7,"2024-07-31 01:30:00+00:00",0,2.5,17.1465,65.12
7,"2024-07-31 02:00:00+00:00",0,3,17.031,65.12
7,"2024-07-31 02:30:00+00:00",0,3.5,17.031,65.12
7,"2024-07-31 03:00:00+00:00",0,4,17.388,65.12
7,"2024-07-31 03:30:00+00:00",0,4.5,17.1465,65.12
7,"2024-07-31 04:00:00+00:00",0,5,17.1465,65.12
7,"2024-07-31 04:30:00+00:00",0,5.5,17.871,65.12
7,"2024-07-31 05:00:00+00:00",0,6,18.1125,65.12
7,"2024-07-31 05:30:00+00:00",0,6.5,21.1575,65.12
7,"2024-07-31 06:00:00+00:00",0,7,19.7085,65.12
7,"2024-07-31 06:30:00+00:00",0,7.5,22.4595,65.12
7,"2024-07-31 07:00:00+00:00",0,8,21.6405,65.12
7,"2024-07-31 07:30:00+00:00",0,8.5,21.252,65.12
7,"2024-07-31 08:00:00+00:00",0,9,21.735,65.12
7,"2024-07-31 08:30:00+00:00",0,9.5,19.089,65.12
7,"2024-07-31 09:00:00+00:00",0,10,19.803,65.12
7,"2024-07-31 09:30:00+00:00",0,10.5,18.837,65.12
7,"2024-07-31 10:00:00+00:00",0,11,18.9,65.12
7,"2024-07-31 10:30:00+00:00",0,11.5,17.745,65.12
7,"2024-07-31 11:00:00+00:00",0,12,18.9315,65.12
7,"2024-07-31 11:30:00+00:00",0,12.5,17.829,65.12
7,"2024-07-31 12:00:00+00:00",0,13,17.388,65.12
7,"2024-07-31 12:30:00+00:00",0,13.5,16.2855,65.12
7,"2024-07-31 13:00:00+00:00",0,14,16.4745,65.12
7,"2024-07-31 13:30:00+00:00",0,14.5,16.779,65.12
7,"2024-07-31 14:00:00+00:00",0,15,17.535,65.12
7,"2024-07-31 14:30:00+00:00",0,15.5,19.32,65.12
7,"2024-07-31 15:00:00+00:00",0,16,28.455,65.12
7,"2024-07-31 15:30:00+00:00",0,16.5,29.904,65.12
7,"2024-07-31 16:00:00+00:00",0,17,30.996,65.12
7,"2024-07-31 16:30:00+00:00",0,17.5,32.319,65.12
7,"2024-07-31 17:00:00+00:00",0,18,35.091,65.12
7,"2024-07-31 17:30:00+00:00",0,18.5,35.7,65.12
7,"2024-07-31 18:00:00+00:00",0,19,24.633,65.12
7,"2024-07-31 18:30:00+00:00",0,19.5,24.15,65.12
7,"2024-07-31 19:00:00+00:00",0,20,23.667,65.12
7,"2024-07-31 19:30:00+00:00",0,20.5,23.5725,65.12
7,"2024-07-31 20:00:00+00:00",0,21,23.184,65.12
7,"2024-07-31 20:30:00+00:00",0,21.5,22.029,65.12
7,"2024-07-31 21:00:00+00:00",0,22,21.735,65.12
7,"2024-07-31 21:30:00+00:00",0,22.5,19.3095,65.12
7,"2024-07-31 22:00:00+00:00",0,23,19.3725,65.12
7,"2024-07-31 22:30:00+00:00",0,23.5,19.467,65.12
7,"2024-07-31 23:00:00+00:00",0,0,19.74,65.12
7,"2024-07-31 23:30:00+00:00",0,0.5,17.871,65.12
8,"2024-08-01 00:00:00+00:00",0,1,17.871,65.12
8,"2024-08-01 00:30:00+00:00",0,1.5,16.9785,65.12
8,"2024-08-01 01:00:00+00:00",0,2,17.22,65.12
8,"2024-08-01 01:30:00+00:00",0,2.5,16.9995,65.12
8,"2024-08-01 02:00:00+00:00",0,3,17.388,65.12
8,"2024-08-01 02:30:00+00:00",0,3.5,17.01,65.12
8,"2024-08-01 03:00:00+00:00",0,4,16.59,65.12
8,"2024-08-01 03:30:00+00:00",0,4.5,16.569,65.12
8,"2024-08-01 04:00:00+00:00",0,5,18.1125,65.12
8,"2024-08-01 04:30:00+00:00",0,5.5,19.446,65.12
8,"2024-08-01 05:00:00+00:00",0,6,20.286,65.12
8,"2024-08-01 05:30:00+00:00",0,6.5,21.084,65.12
8,"2024-08-01 06:00:00+00:00",0,7,22.1235,65.12
8,"2024-08-01 06:30:00+00:00",0,7.5,24.15,65.12
8,"2024-08-01 07:00:00+00:00",0,8,23.5725,65.12
8,"2024-08-01 07:30:00+00:00",0,8.5,23.667,65.12
8,"2024-08-01 08:00:00+00:00",0,9,23.31,65.12
8,"2024-08-01 08:30:00+00:00",0,9.5,21.588,65.12
8,"2024-08-01 09:00:00+00:00",0,10,21.735,65.12
8,"2024-08-01 09:30:00+00:00",0,10.5,20.769,65.12
8,"2024-08-01 10:00:00+00:00",0,11,20.769,65.12
8,"2024-08-01 10:30:00+00:00",0,11.5,18.984,65.12
8,"2024-08-01 11:00:00+00:00",0,12,18.6165,65.12
8,"2024-08-01 11:30:00+00:00",0,12.5,18.207,65.12
8,"2024-08-01 12:00:00+00:00",0,13,17.409,65.12
8,"2024-08-01 12:30:00+00:00",0,13.5,16.7895,65.12
8,"2024-08-01 13:00:00+00:00",0,14,16.7895,65.12
8,"2024-08-01 13:30:00+00:00",0,14.5,16.7895,65.12
8,"2024-08-01 14:00:00+00:00",0,15,16.758,65.12
8,"2024-08-01 14:30:00+00:00",0,15.5,16.905,65.12
8,"2024-08-01 15:00:00+00:00",0,16,28.3395,65.12
8,"2024-08-01 15:30:00+00:00",0,16.5,30.387,65.12
8,"2024-08-01 16:00:00+00:00",0,17,31.521,65.12
8,"2024-08-01 16:30:00+00:00",0,17.5,32.445,65.12
8,"2024-08-01 17:00:00+00:00",0,18,34.419,65.12
8,"2024-08-01 17:30:00+00:00",0,18.5,34.4925,65.12
8,"2024-08-01 18:00:00+00:00",0,19,24.0135,65.12
8,"2024-08-01 18:30:00+00:00",0,19.5,24.7275,65.12
8,"2024-08-01 19:00:00+00:00",0,20,23.184,65.12
8,"2024-08-01 19:30:00+00:00",0,20.5,22.701,65.12
8,"2024-08-01 20:00:00+00:00",0,21,23.373,65.12
8,"2024-08-01 20:30:00+00:00",0,21.5,22.218,65.12
8,"2024-08-01 21:00:00+00:00",0,22,20.769,65.12
8,"2024-08-01 21:30:00+00:00",0,22.5,17.871,65.12
8,"2024-08-01 22:00:00+00:00",0,23,19.845,65.12
8,"2024-08-01 22:30:00+00:00",0,23.5,21.735,65.12
8,"2024-08-01 23:00:00+00:00",0,0,19.2255,65.12
8,"2024-08-01 23:30:00+00:00",0,0.5,19.026,65.12
8,"2024-08-02 00:00:00+00:00",0,1,18.0285,65.12
8,"2024-08-02 00:30:00+00:00",0,1.5,17.871,65.12
8,"2024-08-02 01:00:00+00:00",0,2,17.5665,65.12
8,"2024-08-02 01:30:00+00:00",0,2.5,16.3275,65.12
8,"2024-08-02 02:00:00+00:00",0,3,17.514,65.12
8,"2024-08-02 02:30:00+00:00",0,3.5,16.905,65.12
8,"2024-08-02 03:00:00+00:00",0,4,17.388,65.12
8,"2024-08-02 03:30:00+00:00",0,4.5,16.422,65.12
8,"2024-08-02 04:00:00+00:00",0,5,18.018,65.12
8,"2024-08-02 04:30:00+00:00",0,5.5,18.501,65.12
8,"2024-08-02 05:00:00+00:00",0,6,21.0105,65.12
8,"2024-08-02 05:30:00+00:00",0,6.5,22.4595,65.12
8,"2024-08-02 06:00:00+00:00",0,7,20.8425,65.12
8,"2024-08-02 06:30:00+00:00",0,7.5,22.218,65.12
8,"2024-08-02 07:00:00+00:00",0,8,21.861,65.12
8,"2024-08-02 07:30:00+00:00",0,8.5,21.252,65.12
8,"2024-08-02 08:00:00+00:00",0,9,19.4145,65.12
8,"2024-08-02 08:30:00+00:00",0,9.5,18.543,65.12
8,"2024-08-02 09:00:00+00:00",0,10,17.6295,65.12
8,"2024-08-02 09:30:00+00:00",0,10.5,17.388,65.12
8,"2024-08-02 10:00:00+00:00",0,11,15.12,65.12
8,"2024-08-02 10:30:00+00:00",0,11.5,14.49,65.12
8,"2024-08-02 11:00:00+00:00",0,12,14.007,65.12
8,"2024-08-02 11:30:00+00:00",0,12.5,13.881,65.12
8,"2024-08-02 12:00:00+00:00",0,13,14.3325,65.12
8,"2024-08-02 12:30:00+00:00",0,13.5,13.1985,65.12
8,"2024-08-02 13:00:00+00:00",0,14,14.007,65.12
8,"2024-08-02 13:30:00+00:00",0,14.5,14.007,65.12
8,"2024-08-02 14:00:00+00:00",0,15,15.0675,65.12
8,"2024-08-02 14:30:00+00:00",0,15.5,15.2355,65.12
8,"2024-08-02 15:00:00+00:00",0,16,27.7305,65.12
8,"2024-08-02 15:30:00+00:00",0,16.5,29.0115,65.12
8,"2024-08-02 16:00:00+00:00",0,17,32.0775,65.12
8,"2024-08-02 16:30:00+00:00",0,17.5,29.904,65.12
8,"2024-08-02 17:00:00+00:00",0,18,32.0775,65.12
8,"2024-08-02 17:30:00+00:00",0,18.5,32.0775,65.12
8,"2024-08-02 18:00:00+00:00",0,19,23.8035,65.12
8,"2024-08-02 18:30:00+00:00",0,19.5,22.6065,65.12
8,"2024-08-02 19:00:00+00:00",0,20,22.407,65.12
8,"2024-08-02 19:30:00+00:00",0,20.5,22.7535,65.12
8,"2024-08-02 20:00:00+00:00",0,21,21.735,65.12
8,"2024-08-02 20:30:00+00:00",0,21.5,21.714,65.12
8,"2024-08-02 21:00:00+00:00",0,22,21.0105,65.12
8,"2024-08-02 21:30:00+00:00",0,22.5,17.6295,65.12
8,"2024-08-02 22:00:00+00:00",0,23,18.5955,65.12
8,"2024-08-02 22:30:00+00:00",0,23.5,19.32,65.12
8,"2024-08-02 23:00:00+00:00",0,0,18.7425,65.12
8,"2024-08-02 23:30:00+00:00",0,0.5,18.837,65.12
8,"2024-08-03 00:00:00+00:00",1,1,18.564,65.12
8,"2024-08-03 00:30:00+00:00",1,1.5,17.682,65.12
8,"2024-08-03 01:00:00+00:00",1,2,17.7765,65.12
8,"2024-08-03 01:30:00+00:00",1,2.5,17.514,65.12
8,"2024-08-03 02:00:00+00:00",1,3,17.01,65.12
8,"2024-08-03 02:30:00+00:00",1,3.5,17.1465,65.12
8,"2024-08-03 03:00:00+00:00",1,4,17.6295,65.12
8,"2024-08-03 03:30:00+00:00",1,4.5,17.7975,65.12
8,"2024-08-03 04:00:00+00:00",1,5,18.06,65.12
8,"2024-08-03 04:30:00+00:00",1,5.5,18.9315,65.12
8,"2024-08-03 05:00:00+00:00",1,6,19.803,65.12
8,"2024-08-03 05:30:00+00:00",1,6.5,20.475,65.12
8,"2024-08-03 06:00:00+00:00",1,7,16.905,65.12
8,"2024-08-03 06:30:00+00:00",1,7.5,18.564,65.12
8,"2024-08-03 07:00:00+00:00",1,8,21.735,65.12
8,"2024-08-03 07:30:00+00:00",1,8.5,22.9425,65.12
8,"2024-08-03 08:00:00+00:00",1,9,23.205,65.12
8,"2024-08-03 08:30:00+00:00",1,9.5,22.5645,65.12
8,"2024-08-03 09:00:00+00:00",1,10,22.701,65.12
8,"2024-08-03 09:30:00+00:00",1,10.5,20.958,65.12
8,"2024-08-03 10:00:00+00:00",1,11,21.126,65.12
8,"2024-08-03 10:30:00+00:00",1,11.5,20.286,65.12
8,"2024-08-03 11:00:00+00:00",1,12,20.769,65.12
8,"2024-08-03 11:30:00+00:00",1,12.5,18.543,65.12
8,"2024-08-03 12:00:00+00:00",1,13,15.939,65.12
8,"2024-08-03 12:30:00+00:00",1,13.5,15.162,65.12
8,"2024-08-03 13:00:00+00:00",1,14,14.2485,65.12
8,"2024-08-03 13:30:00+00:00",1,14.5,15.0675,65.12
8,"2024-08-03 14:00:00+00:00",1,15,14.658,65.12
8,"2024-08-03 14:30:00+00:00",1,15.5,15.456,65.12
8,"2024-08-03 15:00:00+00:00",1,16,26.2815,65.12
8,"2024-08-03 15:30:00+00:00",1,16.5,27.489,65.12
8,"2024-08-03 16:00:00+00:00",1,17,29.253,65.12
8,"2024-08-03 16:30:00+00:00",1,17.5,31.7835,65.12
8,"2024-08-03 17:00:00+00:00",1,18,31.1115,65.12
8,"2024-08-03 17:30:00+00:00",1,18.5,32.802,65.12
8,"2024-08-03 18:00:00+00:00",1,19,22.239,65.12
8,"2024-08-03 18:30:00+00:00",1,19.5,23.1315,65.12
8,"2024-08-03 19:00:00+00:00",1,20,22.9425,65.12
8,"2024-08-03 19:30:00+00:00",1,20.5,21.9975,65.12
8,"2024-08-03 20:00:00+00:00",1,21,22.722,65.12
8,"2024-08-03 20:30:00+00:00",1,21.5,22.4595,65.12
8,"2024-08-03 21:00:00+00:00",1,22,21.252,65.12
8,"2024-08-03 21:30:00+00:00",1,22.5,17.3145,65.12
8,"2024-08-03 22:00:00+00:00",1,23,21.693,65.12
8,"2024-08-03 22:30:00+00:00",1,23.5,22.218,65.12
8,"2024-08-03 23:00:00+00:00",1,0,19.5615,65.12
8,"2024-08-03 23:30:00+00:00",1,0.5,19.488,65.12
8,"2024-08-04 00:00:00+00:00",1,1,18.9105,65.12
8,"2024-08-04 00:30:00+00:00",1,1.5,18.8895,65.12
8,"2024-08-04 01:00:00+00:00",1,2,17.892,65.12
8,"2024-08-04 01:30:00+00:00",1,2.5,17.724,65.12
8,"2024-08-04 02:00:00+00:00",1,3,17.871,65.12
8,"2024-08-04 02:30:00+00:00",1,3.5,17.388,65.12
8,"2024-08-04 03:00:00+00:00",1,4,16.254,65.12
8,"2024-08-04 03:30:00+00:00",1,4.5,16.1595,65.12
8,"2024-08-04 04:00:00+00:00",1,5,15.3825,65.12
8,"2024-08-04 04:30:00+00:00",1,5.5,15.939,65.12
8,"2024-08-04 05:00:00+00:00",1,6,15.3825,65.12
8,"2024-08-04 05:30:00+00:00",1,6.5,15.3825,65.12
8,"2024-08-04 06:00:00+00:00",1,7,16.5165,65.12
8,"2024-08-04 06:30:00+00:00",1,7.5,18.354,65.12
8,"2024-08-04 07:00:00+00:00",1,8,18.9105,65.12
8,"2024-08-04 07:30:00+00:00",1,8.5,20.0445,65.12
8,"2024-08-04 08:00:00+00:00",1,9,21.252,65.12
8,"2024-08-04 08:30:00+00:00",1,9.5,20.0025,65.12
8,"2024-08-04 09:00:00+00:00",1,10,21.252,65.12
8,"2024-08-04 09:30:00+00:00",1,10.5,20.475,65.12
8,"2024-08-04 10:00:00+00:00",1,11,20.5695,65.12
8,"2024-08-04 10:30:00+00:00",1,11.5,20.433,65.12
8,"2024-08-04 11:00:00+00:00",1,12,19.8975,65.12
8,"2024-08-04 11:30:00+00:00",1,12.5,19.0785,65.12
8,"2024-08-04 12:00:00+00:00",1,13,16.905,65.12
8,"2024-08-04 12:30:00+00:00",1,13.5,15.645,65.12
8,"2024-08-04 13:00:00+00:00",1,14,12.558,65.12
8,"2024-08-04 13:30:00+00:00",1,14.5,12.18,65.12
8,"2024-08-04 14:00:00+00:00",1,15,10.9515,65.12
8,"2024-08-04 14:30:00+00:00",1,15.5,12.075,65.12
8,"2024-08-04 15:00:00+00:00",1,16,23.142,65.12
8,"2024-08-04 15:30:00+00:00",1,16.5,26.04,65.12
8,"2024-08-04 16:00:00+00:00",1,17,26.817,65.12
8,"2024-08-04 16:30:00+00:00",1,17.5,28.455,65.12
8,"2024-08-04 17:00:00+00:00",1,18,29.9985,65.12
8,"2024-08-04 17:30:00+00:00",1,18.5,30.345,65.12
8,"2024-08-04 18:00:00+00:00",1,19,19.5615,65.12
8,"2024-08-04 18:30:00+00:00",1,19.5,19.6245,65.12
8,"2024-08-04 19:00:00+00:00",1,20,19.32,65.12
8,"2024-08-04 19:30:00+00:00",1,20.5,18.8055,65.12
8,"2024-08-04 20:00:00+00:00",1,21,20.2335,65.12
8,"2024-08-04 20:30:00+00:00",1,21.5,17.3355,65.12
8,"2024-08-04 21:00:00+00:00",1,22,15.939,65.12
8,"2024-08-04 21:30:00+00:00",1,22.5,14.007,65.12
8,"2024-08-04 22:00:00+00:00",1,23,11.3505,65.12
8,"2024-08-04 22:30:00+00:00",1,23.5,10.8675,65.12
8,"2024-08-04 23:00:00+00:00",1,0,9.8805,65.12
8,"2024-08-04 23:30:00+00:00",1,0.5,9.492,65.12
8,"2024-08-05 00:00:00+00:00",0,1,10.0905,65.12
8,"2024-08-05 00:30:00+00:00",0,1.5,9.2505,65.12
8,"2024-08-05 01:00:00+00:00",0,2,9.5655,65.12
8,"2024-08-05 01:30:00+00:00",0,2.5,8.988,65.12
8,"2024-08-05 02:00:00+00:00",0,3,11.592,65.12
8,"2024-08-05 02:30:00+00:00",0,3.5,11.3505,65.12
8,"2024-08-05 03:00:00+00:00",0,4,10.8675,65.12
8,"2024-08-05 03:30:00+00:00",0,4.5,10.8675,65.12
8,"2024-08-05 04:00:00+00:00",0,5,9.66,65.12
8,"2024-08-05 04:30:00+00:00",0,5.5,11.592,65.12
8,"2024-08-05 05:00:00+00:00",0,6,12.222,65.12
8,"2024-08-05 05:30:00+00:00",0,6.5,12.558,65.12
8,"2024-08-05 06:00:00+00:00",0,7,12.558,65.12
8,"2024-08-05 06:30:00+00:00",0,7.5,14.3955,65.12
8,"2024-08-05 07:00:00+00:00",0,8,12.558,65.12
8,"2024-08-05 07:30:00+00:00",0,8.5,14.4165,65.12
8,"2024-08-05 08:00:00+00:00",0,9,13.041,65.12
8,"2024-08-05 08:30:00+00:00",0,9.5,12.558,65.12
8,"2024-08-05 09:00:00+00:00",0,10,12.7995,65.12
8,"2024-08-05 09:30:00+00:00",0,10.5,12.558,65.12
8,"2024-08-05 10:00:00+00:00",0,11,12.243,65.12
8,"2024-08-05 10:30:00+00:00",0,11.5,11.109,65.12
8,"2024-08-05 11:00:00+00:00",0,12,12.075,65.12
8,"2024-08-05 11:30:00+00:00",0,12.5,10.878,65.12
8,"2024-08-05 12:00:00+00:00",0,13,12.558,65.12
8,"2024-08-05 12:30:00+00:00",0,13.5,12.075,65.12
8,"2024-08-05 13:00:00+00:00",0,14,12.7995,65.12
8,"2024-08-05 13:30:00+00:00",0,14.5,12.915,65.12
8,"2024-08-05 14:00:00+00:00",0,15,13.524,65.12
8,"2024-08-05 14:30:00+00:00",0,15.5,14.49,65.12
8,"2024-08-05 15:00:00+00:00",0,16,26.523,65.12
8,"2024-08-05 15:30:00+00:00",0,16.5,27.972,65.12
8,"2024-08-05 16:00:00+00:00",0,17,30.744,65.12
8,"2024-08-05 16:30:00+00:00",0,17.5,30.387,65.12
8,"2024-08-05 17:00:00+00:00",0,18,33.264,65.12
8,"2024-08-05 17:30:00+00:00",0,18.5,33.0435,65.12
8,"2024-08-05 18:00:00+00:00",0,19,23.184,65.12
8,"2024-08-05 18:30:00+00:00",0,19.5,22.9635,65.12
8,"2024-08-05 19:00:00+00:00",0,20,22.2495,65.12
8,"2024-08-05 19:30:00+00:00",0,20.5,21.735,65.12
8,"2024-08-05 20:00:00+00:00",0,21,24.15,65.12
8,"2024-08-05 20:30:00+00:00",0,21.5,22.218,65.12
8,"2024-08-05 21:00:00+00:00",0,22,20.475,65.12
8,"2024-08-05 21:30:00+00:00",0,22.5,16.905,65.12
8,"2024-08-05 22:00:00+00:00",0,23,18.1125,65.12
8,"2024-08-05 22:30:00+00:00",0,23.5,17.745,65.12
8,"2024-08-05 23:00:00+00:00",0,0,14.49,65.12
8,"2024-08-05 23:30:00+00:00",0,0.5,14.007,65.12
8,"2024-08-06 00:00:00+00:00",0,1,13.398,65.12
8,"2024-08-06 00:30:00+00:00",0,1.5,13.524,65.12
8,"2024-08-06 01:00:00+00:00",0,2,13.587,65.12
8,"2024-08-06 01:30:00+00:00",0,2.5,13.398,65.12
8,"2024-08-06 02:00:00+00:00",0,3,13.419,65.12
8,"2024-08-06 02:30:00+00:00",0,3.5,13.7655,65.12
8,"2024-08-06 03:00:00+00:00",0,4,14.3955,65.12
8,"2024-08-06 03:30:00+00:00",0,4.5,13.4715,65.12
8,"2024-08-06 04:00:00+00:00",0,5,15.6975,65.12
8,"2024-08-06 04:30:00+00:00",0,5.5,16.422,65.12
8,"2024-08-06 05:00:00+00:00",0,6,17.388,65.12
8,"2024-08-06 05:30:00+00:00",0,6.5,19.131,65.12
8,"2024-08-06 06:00:00+00:00",0,7,17.871,65.12
8,"2024-08-06 06:30:00+00:00",0,7.5,21.735,65.12
8,"2024-08-06 07:00:00+00:00",0,8,21.735,65.12
8,"2024-08-06 07:30:00+00:00",0,8.5,21.735,65.12
8,"2024-08-06 08:00:00+00:00",0,9,21.735,65.12
8,"2024-08-06 08:30:00+00:00",0,9.5,20.118,65.12
8,"2024-08-06 09:00:00+00:00",0,10,19.5195,65.12
8,"2024-08-06 09:30:00+00:00",0,10.5,18.8055,65.12
8,"2024-08-06 10:00:00+00:00",0,11,18.858,65.12
8,"2024-08-06 10:30:00+00:00",0,11.5,18.837,65.12
8,"2024-08-06 11:00:00+00:00",0,12,18.417,65.12
8,"2024-08-06 11:30:00+00:00",0,12.5,17.388,65.12
8,"2024-08-06 12:00:00+00:00",0,13,15.309,65.12
8,"2024-08-06 12:30:00+00:00",0,13.5,14.007,65.12
8,"2024-08-06 13:00:00+00:00",0,14,13.7655,65.12
8,"2024-08-06 13:30:00+00:00",0,14.5,13.7655,65.12
8,"2024-08-06 14:00:00+00:00",0,15,12.9045,65.12
8,"2024-08-06 14:30:00+00:00",0,15.5,12.9045,65.12
8,"2024-08-06 15:00:00+00:00",0,16,24.6855,65.12
8,"2024-08-06 15:30:00+00:00",0,16.5,24.4965,65.12
8,"2024-08-06 16:00:00+00:00",0,17,26.817,65.12
8,"2024-08-06 16:30:00+00:00",0,17.5,28.0245,65.12
8,"2024-08-06 17:00:00+00:00",0,18,30.4185,65.12
8,"2024-08-06 17:30:00+00:00",0,18.5,30.5235,65.12
8,"2024-08-06 18:00:00+00:00",0,19,21.4935,65.12
8,"2024-08-06 18:30:00+00:00",0,19.5,21.6405,65.12
8,"2024-08-06 19:00:00+00:00",0,20,20.5485,65.12
8,"2024-08-06 19:30:00+00:00",0,20.5,21.6825,65.12
8,"2024-08-06 20:00:00+00:00",0,21,20.769,65.12
8,"2024-08-06 20:30:00+00:00",0,21.5,19.803,65.12
8,"2024-08-06 21:00:00+00:00",0,22,18.543,65.12
8,"2024-08-06 21:30:00+00:00",0,22.5,16.905,65.12
8,"2024-08-06 22:00:00+00:00",0,23,16.842,65.12
8,"2024-08-06 22:30:00+00:00",0,23.5,16.905,65.12
8,"2024-08-06 23:00:00+00:00",0,0,15.2145,65.12
8,"2024-08-06 23:30:00+00:00",0,0.5,13.041,65.12
8,"2024-08-07 00:00:00+00:00",0,1,12.7995,65.12
8,"2024-08-07 00:30:00+00:00",0,1.5,10.6785,65.12
8,"2024-08-07 01:00:00+00:00",0,2,10.752,65.12
8,"2024-08-07 01:30:00+00:00",0,2.5,8.7885,65.12
8,"2024-08-07 02:00:00+00:00",0,3,9.954,65.12
8,"2024-08-07 02:30:00+00:00",0,3.5,9.534,65.12
8,"2024-08-07 03:00:00+00:00",0,4,9.4185,65.12
8,"2024-08-07 03:30:00+00:00",0,4.5,9.4185,65.12
8,"2024-08-07 04:00:00+00:00",0,5,8.337,65.12
8,"2024-08-07 04:30:00+00:00",0,5.5,9.177,65.12
8,"2024-08-07 05:00:00+00:00",0,6,10.626,65.12
8,"2024-08-07 05:30:00+00:00",0,6.5,14.007,65.12
8,"2024-08-07 06:00:00+00:00",0,7,13.461,65.12
8,"2024-08-07 06:30:00+00:00",0,7.5,15.939,65.12
8,"2024-08-07 07:00:00+00:00",0,8,12.5055,65.12
8,"2024-08-07 07:30:00+00:00",0,8.5,11.613,65.12
8,"2024-08-07 08:00:00+00:00",0,9,10.5,65.12
8,"2024-08-07 08:30:00+00:00",0,9.5,6.8565,65.12
8,"2024-08-07 09:00:00+00:00",0,10,8.4525,65.12
8,"2024-08-07 09:30:00+00:00",0,10.5,6.0375,65.12
8,"2024-08-07 10:00:00+00:00",0,11,6.951,65.12
8,"2024-08-07 10:30:00+00:00",0,11.5,7.119,65.12
8,"2024-08-07 11:00:00+00:00",0,12,7.728,65.12
8,"2024-08-07 11:30:00+00:00",0,12.5,7.245,65.12
8,"2024-08-07 12:00:00+00:00",0,13,8.694,65.12
8,"2024-08-07 12:30:00+00:00",0,13.5,7.245,65.12
8,"2024-08-07 13:00:00+00:00",0,14,8.694,65.12
8,"2024-08-07 13:30:00+00:00",0,14.5,7.4865,65.12
8,"2024-08-07 14:00:00+00:00",0,15,6.0585,65.12
8,"2024-08-07 14:30:00+00:00",0,15.5,8.4735,65.12
8,"2024-08-07 15:00:00+00:00",0,16,17.5875,65.12
8,"2024-08-07 15:30:00+00:00",0,16.5,21.6405,65.12
8,"2024-08-07 16:00:00+00:00",0,17,26.4705,65.12
8,"2024-08-07 16:30:00+00:00",0,17.5,27.489,65.12
8,"2024-08-07 17:00:00+00:00",0,18,30.87,65.12
8,"2024-08-07 17:30:00+00:00",0,18.5,30.3975,65.12
8,"2024-08-07 18:00:00+00:00",0,19,20.5275,65.12
8,"2024-08-07 18:30:00+00:00",0,19.5,20.769,65.12
8,"2024-08-07 19:00:00+00:00",0,20,20.916,65.12
8,"2024-08-07 19:30:00+00:00",0,20.5,20.475,65.12
8,"2024-08-07 20:00:00+00:00",0,21,18.9315,65.12
8,"2024-08-07 20:30:00+00:00",0,21.5,16.6635,65.12
8,"2024-08-07 21:00:00+00:00",0,22,20.286,65.12
8,"2024-08-07 21:30:00+00:00",0,22.5,14.973,65.12
8,"2024-08-07 22:00:00+00:00",0,23,15.435,65.12
8,"2024-08-07 22:30:00+00:00",0,23.5,12.1695,65.12
8,"2024-08-07 23:00:00+00:00",0,0,11.6655,65.12
8,"2024-08-07 23:30:00+00:00",0,0.5,10.3845,65.12
8,"2024-08-08 00:00:00+00:00",0,1,12.075,65.12
8,"2024-08-08 00:30:00+00:00",0,1.5,11.592,65.12
8,"2024-08-08 01:00:00+00:00",0,2,12.2535,65.12
8,"2024-08-08 01:30:00+00:00",0,2.5,11.466,65.12
8,"2024-08-08 02:00:00+00:00",0,3,11.109,65.12
8,"2024-08-08 02:30:00+00:00",0,3.5,12.0015,65.12
8,"2024-08-08 03:00:00+00:00",0,4,13.0935,65.12
8,"2024-08-08 03:30:00+00:00",0,4.5,13.146,65.12
8,"2024-08-08 04:00:00+00:00",0,5,9.849,65.12
8,"2024-08-08 04:30:00+00:00",0,5.5,14.007,65.12
8,"2024-08-08 05:00:00+00:00",0,6,17.913,65.12
8,"2024-08-08 05:30:00+00:00",0,6.5,22.701,65.12
8,"2024-08-08 06:00:00+00:00",0,7,19.0785,65.12
8,"2024-08-08 06:30:00+00:00",0,7.5,20.9895,65.12
8,"2024-08-08 07:00:00+00:00",0,8,19.803,65.12
8,"2024-08-08 07:30:00+00:00",0,8.5,21.252,65.12
8,"2024-08-08 08:00:00+00:00",0,9,22.1025,65.12
8,"2024-08-08 08:30:00+00:00",0,9.5,21.252,65.12
8,"2024-08-08 09:00:00+00:00",0,10,22.554,65.12
8,"2024-08-08 09:30:00+00:00",0,10.5,20.286,65.12
8,"2024-08-08 10:00:00+00:00",0,11,21.0105,65.12
8,"2024-08-08 10:30:00+00:00",0,11.5,20.097,65.12
8,"2024-08-08 11:00:00+00:00",0,12,20.769,65.12
8,"2024-08-08 11:30:00+00:00",0,12.5,19.5615,65.12
8,"2024-08-08 12:00:00+00:00",0,13,19.8975,65.12
8,"2024-08-08 12:30:00+00:00",0,13.5,17.724,65.12
8,"2024-08-08 13:00:00+00:00",0,14,17.6295,65.12
8,"2024-08-08 13:30:00+00:00",0,14.5,17.01,65.12
8,"2024-08-08 14:00:00+00:00",0,15,16.3485,65.12
8,"2024-08-08 14:30:00+00:00",0,15.5,18.1125,65.12
8,"2024-08-08 15:00:00+00:00",0,16,28.5495,65.12
8,"2024-08-08 15:30:00+00:00",0,16.5,31.647,65.12
8,"2024-08-08 16:00:00+00:00",0,17,30.576,65.12
8,"2024-08-08 16:30:00+00:00",0,17.5,31.2585,65.12
8,"2024-08-08 17:00:00+00:00",0,18,31.5,65.12
8,"2024-08-08 17:30:00+00:00",0,18.5,30.66,65.12
8,"2024-08-08 18:00:00+00:00",0,19,20.2545,65.12
8,"2024-08-08 18:30:00+00:00",0,19.5,18.6795,65.12
8,"2024-08-08 19:00:00+00:00",0,20,16.905,65.12
8,"2024-08-08 19:30:00+00:00",0,20.5,16.779,65.12
8,"2024-08-08 20:00:00+00:00",0,21,16.905,65.12
8,"2024-08-08 20:30:00+00:00",0,21.5,12.6315,65.12
8,"2024-08-08 21:00:00+00:00",0,22,11.8545,65.12
8,"2024-08-08 21:30:00+00:00",0,22.5,5.5545,65.12
8,"2024-08-08 22:00:00+00:00",0,23,4.83,65.12
8,"2024-08-08 22:30:00+00:00",0,23.5,1.5225,65.12
8,"2024-08-08 23:00:00+00:00",0,0,1.2285,65.12
8,"2024-08-08 23:30:00+00:00",0,0.5,0.021,65.12
8,"2024-08-09 00:00:00+00:00",0,1,-2.415,65.12
8,"2024-08-09 00:30:00+00:00",0,1.5,-2.583,65.12
8,"2024-08-09 01:00:00+00:00",0,2,1.2075,65.12
8,"2024-08-09 01:30:00+00:00",0,2.5,-3.4545,65.12
8,"2024-08-09 02:00:00+00:00",0,3,0,65.12
8,"2024-08-09 02:30:00+00:00",0,3.5,-0.2205,65.12
8,"2024-08-09 03:00:00+00:00",0,4,0.966,65.12
8,"2024-08-09 03:30:00+00:00",0,4.5,-1.302,65.12
8,"2024-08-09 04:00:00+00:00",0,5,-1.0395,65.12
8,"2024-08-09 04:30:00+00:00",0,5.5,1.0605,65.12
8,"2024-08-09 05:00:00+00:00",0,6,0.777,65.12
8,"2024-08-09 05:30:00+00:00",0,6.5,4.83,65.12
8,"2024-08-09 06:00:00+00:00",0,7,4.998,65.12
8,"2024-08-09 06:30:00+00:00",0,7.5,4.83,65.12
8,"2024-08-09 07:00:00+00:00",0,8,4.5885,65.12
8,"2024-08-09 07:30:00+00:00",0,8.5,2.415,65.12
8,"2024-08-09 08:00:00+00:00",0,9,3.213,65.12
8,"2024-08-09 08:30:00+00:00",0,9.5,-0.021,65.12
8,"2024-08-09 09:00:00+00:00",0,10,2.415,65.12
8,"2024-08-09 09:30:00+00:00",0,10.5,-0.7455,65.12
8,"2024-08-09 10:00:00+00:00",0,11,-1.2075,65.12
8,"2024-08-09 10:30:00+00:00",0,11.5,-1.932,65.12
8,"2024-08-09 11:00:00+00:00",0,12,-0.5565,65.12
8,"2024-08-09 11:30:00+00:00",0,12.5,-3.024,65.12
8,"2024-08-09 12:00:00+00:00",0,13,-1.3545,65.12
8,"2024-08-09 12:30:00+00:00",0,13.5,-1.26,65.12
8,"2024-08-09 13:00:00+00:00",0,14,-2.94,65.12
8,"2024-08-09 13:30:00+00:00",0,14.5,-1.26,65.12
8,"2024-08-09 14:00:00+00:00",0,15,-0.966,65.12
8,"2024-08-09 14:30:00+00:00",0,15.5,1.3755,65.12
8,"2024-08-09 15:00:00+00:00",0,16,9.135,65.12
8,"2024-08-09 15:30:00+00:00",0,16.5,15.8025,65.12
8,"2024-08-09 16:00:00+00:00",0,17,16.9575,65.12
8,"2024-08-09 16:30:00+00:00",0,17.5,21.21,65.12
8,"2024-08-09 17:00:00+00:00",0,18,23.016,65.12
8,"2024-08-09 17:30:00+00:00",0,18.5,25.347,65.12
8,"2024-08-09 18:00:00+00:00",0,19,16.443,65.12
8,"2024-08-09 18:30:00+00:00",0,19.5,17.1465,65.12
8,"2024-08-09 19:00:00+00:00",0,20,15.792,65.12
8,"2024-08-09 19:30:00+00:00",0,20.5,16.6005,65.12
8,"2024-08-09 20:00:00+00:00",0,21,17.6085,65.12
8,"2024-08-09 20:30:00+00:00",0,21.5,16.233,65.12
8,"2024-08-09 21:00:00+00:00",0,22,14.1015,65.12
8,"2024-08-09 21:30:00+00:00",0,22.5,12.9465,65.12
8,"2024-08-09 22:00:00+00:00",0,23,15.456,65.12
8,"2024-08-09 22:30:00+00:00",0,23.5,7.4865,65.12
8,"2024-08-09 23:00:00+00:00",0,0,4.83,65.12
8,"2024-08-09 23:30:00+00:00",0,0.5,3.864,65.12
8,"2024-08-10 00:00:00+00:00",1,1,2.898,65.12
8,"2024-08-10 00:30:00+00:00",1,1.5,2.562,65.12
8,"2024-08-10 01:00:00+00:00",1,2,3.6225,65.12
8,"2024-08-10 01:30:00+00:00",1,2.5,2.415,65.12
8,"2024-08-10 02:00:00+00:00",1,3,2.6565,65.12
8,"2024-08-10 02:30:00+00:00",1,3.5,2.877,65.12
8,"2024-08-10 03:00:00+00:00",1,4,3.024,65.12
8,"2024-08-10 03:30:00+00:00",1,4.5,2.772,65.12
8,"2024-08-10 04:00:00+00:00",1,5,3.024,65.12
8,"2024-08-10 04:30:00+00:00",1,5.5,3.024,65.12
8,"2024-08-10 05:00:00+00:00",1,6,3.024,65.12
8,"2024-08-10 05:30:00+00:00",1,6.5,3.6225,65.12
8,"2024-08-10 06:00:00+00:00",1,7,3.549,65.12
8,"2024-08-10 06:30:00+00:00",1,7.5,6.762,65.12
8,"2024-08-10 07:00:00+00:00",1,8,1.953,65.12
8,"2024-08-10 07:30:00+00:00",1,8.5,2.415,65.12
8,"2024-08-10 08:00:00+00:00",1,9,2.898,65.12
8,"2024-08-10 08:30:00+00:00",1,9.5,1.428,65.12
8,"2024-08-10 09:00:00+00:00",1,10,2.058,65.12
8,"2024-08-10 09:30:00+00:00",1,10.5,0.966,65.12
8,"2024-08-10 10:00:00+00:00",1,11,0.483,65.12
8,"2024-08-10 10:30:00+00:00",1,11.5,1.155,65.12
8,"2024-08-10 11:00:00+00:00",1,12,-0.2415,65.12
8,"2024-08-10 11:30:00+00:00",1,12.5,-0.294,65.12
8,"2024-08-10 12:00:00+00:00",1,13,0,65.12
8,"2024-08-10 12:30:00+00:00",1,13.5,-1.302,65.12
8,"2024-08-10 13:00:00+00:00",1,14,0.168,65.12
8,"2024-08-10 13:30:00+00:00",1,14.5,-0.5565,65.12
8,"2024-08-10 14:00:00+00:00",1,15,0.2625,65.12
8,"2024-08-10 14:30:00+00:00",1,15.5,0.2625,65.12
8,"2024-08-10 15:00:00+00:00",1,16,12.2745,65.12
8,"2024-08-10 15:30:00+00:00",1,16.5,18.5745,65.12
8,"2024-08-10 16:00:00+00:00",1,17,22.8795,65.12
8,"2024-08-10 16:30:00+00:00",1,17.5,27.909,65.12
8,"2024-08-10 17:00:00+00:00",1,18,32.235,65.12
8,"2024-08-10 17:30:00+00:00",1,18.5,31.017,65.12
8,"2024-08-10 18:00:00+00:00",1,19,22.029,65.12
8,"2024-08-10 18:30:00+00:00",1,19.5,22.848,65.12
8,"2024-08-10 19:00:00+00:00",1,20,22.218,65.12
8,"2024-08-10 19:30:00+00:00",1,20.5,22.2915,65.12
8,"2024-08-10 20:00:00+00:00",1,21,22.4595,65.12
8,"2024-08-10 20:30:00+00:00",1,21.5,20.097,65.12
8,"2024-08-10 21:00:00+00:00",1,22,22.9425,65.12
8,"2024-08-10 21:30:00+00:00",1,22.5,19.677,65.12
8,"2024-08-10 22:00:00+00:00",1,23,25.8405,65.12
8,"2024-08-10 22:30:00+00:00",1,23.5,21.126,65.12
8,"2024-08-10 23:00:00+00:00",1,0,20.5275,65.12
8,"2024-08-10 23:30:00+00:00",1,0.5,20.286,65.12
8,"2024-08-11 00:00:00+00:00",1,1,19.761,65.12
8,"2024-08-11 00:30:00+00:00",1,1.5,19.677,65.12
8,"2024-08-11 01:00:00+00:00",1,2,18.228,65.12
8,"2024-08-11 01:30:00+00:00",1,2.5,16.905,65.12
8,"2024-08-11 02:00:00+00:00",1,3,17.367,65.12
8,"2024-08-11 02:30:00+00:00",1,3.5,17.388,65.12
8,"2024-08-11 03:00:00+00:00",1,4,17.388,65.12
8,"2024-08-11 03:30:00+00:00",1,4.5,17.388,65.12
8,"2024-08-11 04:00:00+00:00",1,5,17.871,65.12
8,"2024-08-11 04:30:00+00:00",1,5.5,17.6925,65.12
8,"2024-08-11 05:00:00+00:00",1,6,16.6425,65.12
8,"2024-08-11 05:30:00+00:00",1,6.5,17.7765,65.12
8,"2024-08-11 06:00:00+00:00",1,7,17.514,65.12
8,"2024-08-11 06:30:00+00:00",1,7.5,18.5955,65.12
8,"2024-08-11 07:00:00+00:00",1,8,18.5955,65.12
8,"2024-08-11 07:30:00+00:00",1,8.5,19.803,65.12
8,"2024-08-11 08:00:00+00:00",1,9,19.803,65.12
8,"2024-08-11 08:30:00+00:00",1,9.5,19.446,65.12
8,"2024-08-11 09:00:00+00:00",1,10,20.0445,65.12
8,"2024-08-11 09:30:00+00:00",1,10.5,17.871,65.12
8,"2024-08-11 10:00:00+00:00",1,11,18.5745,65.12
8,"2024-08-11 10:30:00+00:00",1,11.5,17.997,65.12
8,"2024-08-11 11:00:00+00:00",1,12,17.388,65.12
8,"2024-08-11 11:30:00+00:00",1,12.5,17.0415,65.12
8,"2024-08-11 12:00:00+00:00",1,13,17.3775,65.12
8,"2024-08-11 12:30:00+00:00",1,13.5,15.96,65.12
8,"2024-08-11 13:00:00+00:00",1,14,15.225,65.12
8,"2024-08-11 13:30:00+00:00",1,14.5,15.225,65.12
8,"2024-08-11 14:00:00+00:00",1,15,14.2275,65.12
8,"2024-08-11 14:30:00+00:00",1,15.5,17.388,65.12
8,"2024-08-11 15:00:00+00:00",1,16,26.7645,65.12
8,"2024-08-11 15:30:00+00:00",1,16.5,29.547,65.12
8,"2024-08-11 16:00:00+00:00",1,17,33.411,65.12
8,"2024-08-11 16:30:00+00:00",1,17.5,34.902,65.12
8,"2024-08-11 17:00:00+00:00",1,18,35.4585,65.12
8,"2024-08-11 17:30:00+00:00",1,18.5,35.9415,65.12
8,"2024-08-11 18:00:00+00:00",1,19,24.7275,65.12
8,"2024-08-11 18:30:00+00:00",1,19.5,23.7615,65.12
8,"2024-08-11 19:00:00+00:00",1,20,23.0895,65.12
8,"2024-08-11 19:30:00+00:00",1,20.5,21.252,65.12
8,"2024-08-11 20:00:00+00:00",1,21,19.803,65.12
8,"2024-08-11 20:30:00+00:00",1,21.5,18.501,65.12
8,"2024-08-11 21:00:00+00:00",1,22,20.769,65.12
8,"2024-08-11 21:30:00+00:00",1,22.5,15.0675,65.12
8,"2024-08-11 22:00:00+00:00",1,23,7.4865,65.12
8,"2024-08-11 22:30:00+00:00",1,23.5,2.415,65.12
8,"2024-08-11 23:00:00+00:00",1,0,3.9585,65.12
8,"2024-08-11 23:30:00+00:00",1,0.5,0.6405,65.12
8,"2024-08-12 00:00:00+00:00",0,1,0.609,65.12
8,"2024-08-12 00:30:00+00:00",0,1.5,-0.483,65.12
8,"2024-08-12 01:00:00+00:00",0,2,0.5565,65.12
8,"2024-08-12 01:30:00+00:00",0,2.5,-0.3885,65.12
8,"2024-08-12 02:00:00+00:00",0,3,1.4175,65.12
8,"2024-08-12 02:30:00+00:00",0,3.5,-0.3885,65.12
8,"2024-08-12 03:00:00+00:00",0,4,1.743,65.12
8,"2024-08-12 03:30:00+00:00",0,4.5,1.743,65.12
8,"2024-08-12 04:00:00+00:00",0,5,1.6905,65.12
8,"2024-08-12 04:30:00+00:00",0,5.5,3.1395,65.12
8,"2024-08-12 05:00:00+00:00",0,6,3.6225,65.12
8,"2024-08-12 05:30:00+00:00",0,6.5,10.752,65.12
8,"2024-08-12 06:00:00+00:00",0,7,4.704,65.12
8,"2024-08-12 06:30:00+00:00",0,7.5,13.524,65.12
8,"2024-08-12 07:00:00+00:00",0,8,6.426,65.12
8,"2024-08-12 07:30:00+00:00",0,8.5,8.4525,65.12
8,"2024-08-12 08:00:00+00:00",0,9,10.5,65.12
8,"2024-08-12 08:30:00+00:00",0,9.5,8.337,65.12
8,"2024-08-12 09:00:00+00:00",0,10,8.4525,65.12
8,"2024-08-12 09:30:00+00:00",0,10.5,8.337,65.12
8,"2024-08-12 10:00:00+00:00",0,11,7.035,65.12
8,"2024-08-12 10:30:00+00:00",0,11.5,6.972,65.12
8,"2024-08-12 11:00:00+00:00",0,12,7.1925,65.12
8,"2024-08-12 11:30:00+00:00",0,12.5,7.728,65.12
8,"2024-08-12 12:00:00+00:00",0,13,10.8675,65.12
8,"2024-08-12 12:30:00+00:00",0,13.5,5.796,65.12
8,"2024-08-12 13:00:00+00:00",0,14,9.8175,65.12
8,"2024-08-12 13:30:00+00:00",0,14.5,10.626,65.12
8,"2024-08-12 14:00:00+00:00",0,15,9.5235,65.12
8,"2024-08-12 14:30:00+00:00",0,15.5,13.2825,65.12
8,"2024-08-12 15:00:00+00:00",0,16,27.972,65.12
8,"2024-08-12 15:30:00+00:00",0,16.5,30.1455,65.12
8,"2024-08-12 16:00:00+00:00",0,17,29.904,65.12
8,"2024-08-12 16:30:00+00:00",0,17.5,32.4135,65.12
8,"2024-08-12 17:00:00+00:00",0,18,37.9365,65.12
8,"2024-08-12 17:30:00+00:00",0,18.5,38.115,65.12
8,"2024-08-12 18:00:00+00:00",0,19,25.116,65.12
8,"2024-08-12 18:30:00+00:00",0,19.5,25.116,65.12
8,"2024-08-12 19:00:00+00:00",0,20,24.024,65.12
8,"2024-08-12 19:30:00+00:00",0,20.5,24.633,65.12
8,"2024-08-12 20:00:00+00:00",0,21,24.6015,65.12
8,"2024-08-12 20:30:00+00:00",0,21.5,20.7165,65.12
8,"2024-08-12 21:00:00+00:00",0,22,22.407,65.12
8,"2024-08-12 21:30:00+00:00",0,22.5,18.711,65.12
8,"2024-08-12 22:00:00+00:00",0,23,19.446,65.12
8,"2024-08-12 22:30:00+00:00",0,23.5,20.5905,65.12
8,"2024-08-12 23:00:00+00:00",0,0,18.963,65.12
8,"2024-08-12 23:30:00+00:00",0,0.5,17.7765,65.12
8,"2024-08-13 00:00:00+00:00",0,1,15.288,65.12
8,"2024-08-13 00:30:00+00:00",0,1.5,15.099,65.12
8,"2024-08-13 01:00:00+00:00",0,2,15.456,65.12
8,"2024-08-13 01:30:00+00:00",0,2.5,14.973,65.12
8,"2024-08-13 02:00:00+00:00",0,3,15.456,65.12
8,"2024-08-13 02:30:00+00:00",0,3.5,15.456,65.12
8,"2024-08-13 03:00:00+00:00",0,4,18.354,65.12
8,"2024-08-13 03:30:00+00:00",0,4.5,17.6295,65.12
8,"2024-08-13 04:00:00+00:00",0,5,20.16,65.12
8,"2024-08-13 04:30:00+00:00",0,5.5,22.344,65.12
8,"2024-08-13 05:00:00+00:00",0,6,22.701,65.12
8,"2024-08-13 05:30:00+00:00",0,6.5,25.116,65.12
8,"2024-08-13 06:00:00+00:00",0,7,22.9635,65.12
8,"2024-08-13 06:30:00+00:00",0,7.5,24.15,65.12
8,"2024-08-13 07:00:00+00:00",0,8,23.184,65.12
8,"2024-08-13 07:30:00+00:00",0,8.5,21.9765,65.12
8,"2024-08-13 08:00:00+00:00",0,9,19.3515,65.12
8,"2024-08-13 08:30:00+00:00",0,9.5,14.7315,65.12
8,"2024-08-13 09:00:00+00:00",0,10,12.3165,65.12
8,"2024-08-13 09:30:00+00:00",0,10.5,10.3845,65.12
8,"2024-08-13 10:00:00+00:00",0,11,10.8465,65.12
8,"2024-08-13 10:30:00+00:00",0,11.5,8.547,65.12
8,"2024-08-13 11:00:00+00:00",0,12,10.5,65.12
8,"2024-08-13 11:30:00+00:00",0,12.5,9.534,65.12
8,"2024-08-13 12:00:00+00:00",0,13,11.592,65.12
8,"2024-08-13 12:30:00+00:00",0,13.5,10.5,65.12
8,"2024-08-13 13:00:00+00:00",0,14,12.0225,65.12
8,"2024-08-13 13:30:00+00:00",0,14.5,13.5555,65.12
8,"2024-08-13 14:00:00+00:00",0,15,15.939,65.12
8,"2024-08-13 14:30:00+00:00",0,15.5,17.871,65.12
8,"2024-08-13 15:00:00+00:00",0,16,29.5155,65.12
8,"2024-08-13 15:30:00+00:00",0,16.5,28.56,65.12
8,"2024-08-13 16:00:00+00:00",0,17,30.555,65.12
8,"2024-08-13 16:30:00+00:00",0,17.5,33.936,65.12
8,"2024-08-13 17:00:00+00:00",0,18,35.4585,65.12
8,"2024-08-13 17:30:00+00:00",0,18.5,35.4585,65.12
8,"2024-08-13 18:00:00+00:00",0,19,23.4465,65.12
8,"2024-08-13 18:30:00+00:00",0,19.5,23.4465,65.12
8,"2024-08-13 19:00:00+00:00",0,20,22.7955,65.12
8,"2024-08-13 19:30:00+00:00",0,20.5,22.7955,65.12
8,"2024-08-13 20:00:00+00:00",0,21,26.2185,65.12
8,"2024-08-13 20:30:00+00:00",0,21.5,23.184,65.12
8,"2024-08-13 21:00:00+00:00",0,22,23.961,65.12
8,"2024-08-13 21:30:00+00:00",0,22.5,20.286,65.12
8,"2024-08-13 22:00:00+00:00",0,23,19.32,65.12
8,"2024-08-13 22:30:00+00:00",0,23.5,19.2465,65.12
8,"2024-08-13 23:00:00+00:00",0,0,17.535,65.12
8,"2024-08-13 23:30:00+00:00",0,0.5,17.073,65.12
8,"2024-08-14 00:00:00+00:00",0,1,18.5955,65.12
8,"2024-08-14 00:30:00+00:00",0,1.5,18.669,65.12
8,"2024-08-14 01:00:00+00:00",0,2,18.039,65.12
8,"2024-08-14 01:30:00+00:00",0,2.5,17.388,65.12
8,"2024-08-14 02:00:00+00:00",0,3,17.4405,65.12
8,"2024-08-14 02:30:00+00:00",0,3.5,18.165,65.12
8,"2024-08-14 03:00:00+00:00",0,4,19.5825,65.12
8,"2024-08-14 03:30:00+00:00",0,4.5,19.5825,65.12
8,"2024-08-14 04:00:00+00:00",0,5,18.753,65.12
8,"2024-08-14 04:30:00+00:00",0,5.5,20.475,65.12
8,"2024-08-14 05:00:00+00:00",0,6,21.4935,65.12
8,"2024-08-14 05:30:00+00:00",0,6.5,20.5275,65.12
8,"2024-08-14 06:00:00+00:00",0,7,18.837,65.12
8,"2024-08-14 06:30:00+00:00",0,7.5,26.103,65.12
8,"2024-08-14 07:00:00+00:00",0,8,21.735,65.12
8,"2024-08-14 07:30:00+00:00",0,8.5,22.1655,65.12
8,"2024-08-14 08:00:00+00:00",0,9,21.735,65.12
8,"2024-08-14 08:30:00+00:00",0,9.5,21.3465,65.12
8,"2024-08-14 09:00:00+00:00",0,10,20.475,65.12
8,"2024-08-14 09:30:00+00:00",0,10.5,19.2255,65.12
8,"2024-08-14 10:00:00+00:00",0,11,18.963,65.12
8,"2024-08-14 10:30:00+00:00",0,11.5,17.535,65.12
8,"2024-08-14 11:00:00+00:00",0,12,17.724,65.12
8,"2024-08-14 11:30:00+00:00",0,12.5,16.3275,65.12
8,"2024-08-14 12:00:00+00:00",0,13,16.422,65.12
8,"2024-08-14 12:30:00+00:00",0,13.5,15.645,65.12
8,"2024-08-14 13:00:00+00:00",0,14,16.3275,65.12
8,"2024-08-14 13:30:00+00:00",0,14.5,16.233,65.12
8,"2024-08-14 14:00:00+00:00",0,15,16.737,65.12
8,"2024-08-14 14:30:00+00:00",0,15.5,16.443,65.12
8,"2024-08-14 15:00:00+00:00",0,16,27.195,65.12
8,"2024-08-14 15:30:00+00:00",0,16.5,28.8855,65.12
8,"2024-08-14 16:00:00+00:00",0,17,30.87,65.12
8,"2024-08-14 16:30:00+00:00",0,17.5,33.285,65.12
8,"2024-08-14 17:00:00+00:00",0,18,34.6395,65.12
8,"2024-08-14 17:30:00+00:00",0,18.5,34.5975,65.12
8,"2024-08-14 18:00:00+00:00",0,19,23.184,65.12
8,"2024-08-14 18:30:00+00:00",0,19.5,22.68,65.12
8,"2024-08-14 19:00:00+00:00",0,20,22.407,65.12
8,"2024-08-14 19:30:00+00:00",0,20.5,21.735,65.12
8,"2024-08-14 20:00:00+00:00",0,21,22.218,65.12
8,"2024-08-14 20:30:00+00:00",0,21.5,18.669,65.12
8,"2024-08-14 21:00:00+00:00",0,22,18.354,65.12
8,"2024-08-14 21:30:00+00:00",0,22.5,17.367,65.12
8,"2024-08-14 22:00:00+00:00",0,23,17.6295,65.12
8,"2024-08-14 22:30:00+00:00",0,23.5,18.1125,65.12
8,"2024-08-14 23:00:00+00:00",0,0,14.49,65.12
8,"2024-08-14 23:30:00+00:00",0,0.5,11.9805,65.12
8,"2024-08-15 00:00:00+00:00",0,1,13.1355,65.12
8,"2024-08-15 00:30:00+00:00",0,1.5,12.201,65.12
8,"2024-08-15 01:00:00+00:00",0,2,13.2825,65.12
8,"2024-08-15 01:30:00+00:00",0,2.5,11.2035,65.12
8,"2024-08-15 02:00:00+00:00",0,3,8.358,65.12
8,"2024-08-15 02:30:00+00:00",0,3.5,9.66,65.12
8,"2024-08-15 03:00:00+00:00",0,4,10.815,65.12
8,"2024-08-15 03:30:00+00:00",0,4.5,10.8675,65.12
8,"2024-08-15 04:00:00+00:00",0,5,10.752,65.12
8,"2024-08-15 04:30:00+00:00",0,5.5,12.684,65.12
8,"2024-08-15 05:00:00+00:00",0,6,12.3165,65.12
8,"2024-08-15 05:30:00+00:00",0,6.5,17.367,65.12
8,"2024-08-15 06:00:00+00:00",0,7,14.973,65.12
8,"2024-08-15 06:30:00+00:00",0,7.5,18.543,65.12
8,"2024-08-15 07:00:00+00:00",0,8,16.422,65.12
8,"2024-08-15 07:30:00+00:00",0,8.5,16.905,65.12
8,"2024-08-15 08:00:00+00:00",0,9,15.267,65.12
8,"2024-08-15 08:30:00+00:00",0,9.5,12.558,65.12
8,"2024-08-15 09:00:00+00:00",0,10,11.109,65.12
8,"2024-08-15 09:30:00+00:00",0,10.5,9.576,65.12
8,"2024-08-15 10:00:00+00:00",0,11,7.266,65.12
8,"2024-08-15 10:30:00+00:00",0,11.5,7.1925,65.12
8,"2024-08-15 11:00:00+00:00",0,12,5.4075,65.12
8,"2024-08-15 11:30:00+00:00",0,12.5,4.4415,65.12
8,"2024-08-15 12:00:00+00:00",0,13,4.5885,65.12
8,"2024-08-15 12:30:00+00:00",0,13.5,3.4755,65.12
8,"2024-08-15 13:00:00+00:00",0,14,5.1135,65.12
8,"2024-08-15 13:30:00+00:00",0,14.5,5.1135,65.12
8,"2024-08-15 14:00:00+00:00",0,15,6.0375,65.12
8,"2024-08-15 14:30:00+00:00",0,15.5,7.728,65.12
8,"2024-08-15 15:00:00+00:00",0,16,18.5745,65.12
8,"2024-08-15 15:30:00+00:00",0,16.5,23.7825,65.12
8,"2024-08-15 16:00:00+00:00",0,17,28.455,65.12
8,"2024-08-15 16:30:00+00:00",0,17.5,30.744,65.12
8,"2024-08-15 17:00:00+00:00",0,18,31.1325,65.12
8,"2024-08-15 17:30:00+00:00",0,18.5,30.3135,65.12
8,"2024-08-15 18:00:00+00:00",0,19,21.735,65.12
8,"2024-08-15 18:30:00+00:00",0,19.5,22.1655,65.12
8,"2024-08-15 19:00:00+00:00",0,20,21.966,65.12
8,"2024-08-15 19:30:00+00:00",0,20.5,21.987,65.12
8,"2024-08-15 20:00:00+00:00",0,21,21.4935,65.12
8,"2024-08-15 20:30:00+00:00",0,21.5,19.635,65.12
8,"2024-08-15 21:00:00+00:00",0,22,20.2335,65.12
8,"2024-08-15 21:30:00+00:00",0,22.5,17.115,65.12
8,"2024-08-15 22:00:00+00:00",0,23,18.375,65.12
8,"2024-08-15 22:30:00+00:00",0,23.5,16.233,65.12
8,"2024-08-15 23:00:00+00:00",0,0,16.8525,65.12
8,"2024-08-15 23:30:00+00:00",0,0.5,15.1935,65.12
8,"2024-08-16 00:00:00+00:00",0,1,14.2275,65.12
8,"2024-08-16 00:30:00+00:00",0,1.5,13.7655,65.12
8,"2024-08-16 01:00:00+00:00",0,2,13.503,65.12
8,"2024-08-16 01:30:00+00:00",0,2.5,13.23,65.12
8,"2024-08-16 02:00:00+00:00",0,3,12.7995,65.12
8,"2024-08-16 02:30:00+00:00",0,3.5,12.7995,65.12
8,"2024-08-16 03:00:00+00:00",0,4,13.713,65.12
8,"2024-08-16 03:30:00+00:00",0,4.5,14.028,65.12
8,"2024-08-16 04:00:00+00:00",0,5,16.422,65.12
8,"2024-08-16 04:30:00+00:00",0,5.5,18.837,65.12
8,"2024-08-16 05:00:00+00:00",0,6,19.803,65.12
8,"2024-08-16 05:30:00+00:00",0,6.5,22.7535,65.12
8,"2024-08-16 06:00:00+00:00",0,7,20.9685,65.12
8,"2024-08-16 06:30:00+00:00",0,7.5,22.1445,65.12
8,"2024-08-16 07:00:00+00:00",0,8,21.3465,65.12
8,"2024-08-16 07:30:00+00:00",0,8.5,21.735,65.12
8,"2024-08-16 08:00:00+00:00",0,9,19.9395,65.12
8,"2024-08-16 08:30:00+00:00",0,9.5,18.543,65.12
8,"2024-08-16 09:00:00+00:00",0,10,16.905,65.12
8,"2024-08-16 09:30:00+00:00",0,10.5,16.254,65.12
8,"2024-08-16 10:00:00+00:00",0,11,13.545,65.12
8,"2024-08-16 10:30:00+00:00",0,11.5,12.1695,65.12
8,"2024-08-16 11:00:00+00:00",0,12,11.109,65.12
8,"2024-08-16 11:30:00+00:00",0,12.5,8.694,65.12
8,"2024-08-16 12:00:00+00:00",0,13,10.8675,65.12
8,"2024-08-16 12:30:00+00:00",0,13.5,8.505,65.12
8,"2024-08-16 13:00:00+00:00",0,14,11.13,65.12
8,"2024-08-16 13:30:00+00:00",0,14.5,10.5525,65.12
8,"2024-08-16 14:00:00+00:00",0,15,12.81,65.12
8,"2024-08-16 14:30:00+00:00",0,15.5,13.986,65.12
8,"2024-08-16 15:00:00+00:00",0,16,25.053,65.12
8,"2024-08-16 15:30:00+00:00",0,16.5,26.229,65.12
8,"2024-08-16 16:00:00+00:00",0,17,28.8435,65.12
8,"2024-08-16 16:30:00+00:00",0,17.5,29.1795,65.12
8,"2024-08-16 17:00:00+00:00",0,18,31.311,65.12
8,"2024-08-16 17:30:00+00:00",0,18.5,31.311,65.12
8,"2024-08-16 18:00:00+00:00",0,19,21.567,65.12
8,"2024-08-16 18:30:00+00:00",0,19.5,21.0105,65.12
8,"2024-08-16 19:00:00+00:00",0,20,21.105,65.12
8,"2024-08-16 19:30:00+00:00",0,20.5,21.735,65.12
8,"2024-08-16 20:00:00+00:00",0,21,24.0555,65.12
8,"2024-08-16 20:30:00+00:00",0,21.5,21.735,65.12
8,"2024-08-16 21:00:00+00:00",0,22,21.861,65.12
8,"2024-08-16 21:30:00+00:00",0,22.5,19.2255,65.12
8,"2024-08-16 22:00:00+00:00",0,23,19.299,65.12
8,"2024-08-16 22:30:00+00:00",0,23.5,19.341,65.12
8,"2024-08-16 23:00:00+00:00",0,0,16.422,65.12
8,"2024-08-16 23:30:00+00:00",0,0.5,18.354,65.12
8,"2024-08-17 00:00:00+00:00",1,1,19.194,65.12
8,"2024-08-17 00:30:00+00:00",1,1.5,19.026,65.12
8,"2024-08-17 01:00:00+00:00",1,2,18.627,65.12
8,"2024-08-17 01:30:00+00:00",1,2.5,18.522,65.12
8,"2024-08-17 02:00:00+00:00",1,3,16.296,65.12
8,"2024-08-17 02:30:00+00:00",1,3.5,17.388,65.12
8,"2024-08-17 03:00:00+00:00",1,4,17.052,65.12
8,"2024-08-17 03:30:00+00:00",1,4.5,17.6295,65.12
8,"2024-08-17 04:00:00+00:00",1,5,18.3015,65.12
8,"2024-08-17 04:30:00+00:00",1,5.5,18.48,65.12
8,"2024-08-17 05:00:00+00:00",1,6,17.031,65.12
8,"2024-08-17 05:30:00+00:00",1,6.5,18.354,65.12
8,"2024-08-17 06:00:00+00:00",1,7,17.388,65.12
8,"2024-08-17 06:30:00+00:00",1,7.5,18.354,65.12
8,"2024-08-17 07:00:00+00:00",1,8,17.388,65.12
8,"2024-08-17 07:30:00+00:00",1,8.5,16.5585,65.12
8,"2024-08-17 08:00:00+00:00",1,9,14.7315,65.12
8,"2024-08-17 08:30:00+00:00",1,9.5,12.075,65.12
8,"2024-08-17 09:00:00+00:00",1,10,13.524,65.12
8,"2024-08-17 09:30:00+00:00",1,10.5,11.13,65.12
8,"2024-08-17 10:00:00+00:00",1,11,10.143,65.12
8,"2024-08-17 10:30:00+00:00",1,11.5,10.626,65.12
8,"2024-08-17 11:00:00+00:00",1,12,9.9015,65.12
8,"2024-08-17 11:30:00+00:00",1,12.5,11.8335,65.12
8,"2024-08-17 12:00:00+00:00",1,13,9.5865,65.12
8,"2024-08-17 12:30:00+00:00",1,13.5,8.8935,65.12
8,"2024-08-17 13:00:00+00:00",1,14,11.109,65.12
8,"2024-08-17 13:30:00+00:00",1,14.5,9.66,65.12
8,"2024-08-17 14:00:00+00:00",1,15,10.5,65.12
8,"2024-08-17 14:30:00+00:00",1,15.5,12.432,65.12
8,"2024-08-17 15:00:00+00:00",1,16,25.6095,65.12
8,"2024-08-17 15:30:00+00:00",1,16.5,29.064,65.12
8,"2024-08-17 16:00:00+00:00",1,17,28.476,65.12
8,"2024-08-17 16:30:00+00:00",1,17.5,28.4445,65.12
8,"2024-08-17 17:00:00+00:00",1,18,30.87,65.12
8,"2024-08-17 17:30:00+00:00",1,18.5,31.269,65.12
8,"2024-08-17 18:00:00+00:00",1,19,22.9425,65.12
8,"2024-08-17 18:30:00+00:00",1,19.5,23.058,65.12
8,"2024-08-17 19:00:00+00:00",1,20,22.9425,65.12
8,"2024-08-17 19:30:00+00:00",1,20.5,22.9425,65.12
8,"2024-08-17 20:00:00+00:00",1,21,23.0055,65.12
8,"2024-08-17 20:30:00+00:00",1,21.5,20.223,65.12
8,"2024-08-17 21:00:00+00:00",1,22,22.575,65.12
8,"2024-08-17 21:30:00+00:00",1,22.5,20.286,65.12
8,"2024-08-17 22:00:00+00:00",1,23,18.963,65.12
8,"2024-08-17 22:30:00+00:00",1,23.5,19.635,65.12
8,"2024-08-17 23:00:00+00:00",1,0,16.905,65.12
8,"2024-08-17 23:30:00+00:00",1,0.5,17.9235,65.12
8,"2024-08-18 00:00:00+00:00",1,1,15.456,65.12
8,"2024-08-18 00:30:00+00:00",1,1.5,15.6765,65.12
8,"2024-08-18 01:00:00+00:00",1,2,12.6525,65.12
8,"2024-08-18 01:30:00+00:00",1,2.5,9.66,65.12
8,"2024-08-18 02:00:00+00:00",1,3,13.7655,65.12
8,"2024-08-18 02:30:00+00:00",1,3.5,11.4975,65.12
8,"2024-08-18 03:00:00+00:00",1,4,13.7655,65.12
8,"2024-08-18 03:30:00+00:00",1,4.5,12.1695,65.12
8,"2024-08-18 04:00:00+00:00",1,5,12.6315,65.12
8,"2024-08-18 04:30:00+00:00",1,5.5,14.112,65.12
8,"2024-08-18 05:00:00+00:00",1,6,13.3875,65.12
8,"2024-08-18 05:30:00+00:00",1,6.5,14.2485,65.12
8,"2024-08-18 06:00:00+00:00",1,7,13.7865,65.12
8,"2024-08-18 06:30:00+00:00",1,7.5,15.6975,65.12
8,"2024-08-18 07:00:00+00:00",1,8,12.3375,65.12
8,"2024-08-18 07:30:00+00:00",1,8.5,12.054,65.12
8,"2024-08-18 08:00:00+00:00",1,9,11.8335,65.12
8,"2024-08-18 08:30:00+00:00",1,9.5,6.909,65.12
8,"2024-08-18 09:00:00+00:00",1,10,8.1375,65.12
8,"2024-08-18 09:30:00+00:00",1,10.5,4.956,65.12
8,"2024-08-18 10:00:00+00:00",1,11,5.691,65.12
8,"2024-08-18 10:30:00+00:00",1,11.5,4.1055,65.12
8,"2024-08-18 11:00:00+00:00",1,12,3.864,65.12
8,"2024-08-18 11:30:00+00:00",1,12.5,2.415,65.12
8,"2024-08-18 12:00:00+00:00",1,13,2.415,65.12
8,"2024-08-18 12:30:00+00:00",1,13.5,2.667,65.12
8,"2024-08-18 13:00:00+00:00",1,14,3.864,65.12
8,"2024-08-18 13:30:00+00:00",1,14.5,3.6435,65.12
8,"2024-08-18 14:00:00+00:00",1,15,2.499,65.12
8,"2024-08-18 14:30:00+00:00",1,15.5,7.0035,65.12
8,"2024-08-18 15:00:00+00:00",1,16,17.703,65.12
8,"2024-08-18 15:30:00+00:00",1,16.5,22.05,65.12
8,"2024-08-18 16:00:00+00:00",1,17,26.04,65.12
8,"2024-08-18 16:30:00+00:00",1,17.5,29.8515,65.12
8,"2024-08-18 17:00:00+00:00",1,18,31.71,65.12
8,"2024-08-18 17:30:00+00:00",1,18.5,30.744,65.12
8,"2024-08-18 18:00:00+00:00",1,19,21.6405,65.12
8,"2024-08-18 18:30:00+00:00",1,19.5,21.9765,65.12
8,"2024-08-18 19:00:00+00:00",1,20,20.958,65.12
8,"2024-08-18 19:30:00+00:00",1,20.5,20.685,65.12
8,"2024-08-18 20:00:00+00:00",1,21,22.302,65.12
8,"2024-08-18 20:30:00+00:00",1,21.5,18.837,65.12
8,"2024-08-18 21:00:00+00:00",1,22,22.575,65.12
8,"2024-08-18 21:30:00+00:00",1,22.5,16.6635,65.12
8,"2024-08-18 22:00:00+00:00",1,23,21.0105,65.12
8,"2024-08-18 22:30:00+00:00",1,23.5,19.5615,65.12
8,"2024-08-18 23:00:00+00:00",1,0,18.543,65.12
8,"2024-08-18 23:30:00+00:00",1,0.5,19.2255,65.12
8,"2024-08-19 00:00:00+00:00",0,1,18.9735,65.12
8,"2024-08-19 00:30:00+00:00",0,1.5,18.2595,65.12
8,"2024-08-19 01:00:00+00:00",0,2,17.577,65.12
8,"2024-08-19 01:30:00+00:00",0,2.5,16.9155,65.12
8,"2024-08-19 02:00:00+00:00",0,3,17.3145,65.12
8,"2024-08-19 02:30:00+00:00",0,3.5,17.073,65.12
8,"2024-08-19 03:00:00+00:00",0,4,17.388,65.12
8,"2024-08-19 03:30:00+00:00",0,4.5,16.989,65.12
8,"2024-08-19 04:00:00+00:00",0,5,19.5615,65.12
8,"2024-08-19 04:30:00+00:00",0,5.5,18.2175,65.12
8,"2024-08-19 05:00:00+00:00",0,6,21.735,65.12
8,"2024-08-19 05:30:00+00:00",0,6.5,22.7955,65.12
8,"2024-08-19 06:00:00+00:00",0,7,22.218,65.12
8,"2024-08-19 06:30:00+00:00",0,7.5,24.822,65.12
8,"2024-08-19 07:00:00+00:00",0,8,20.643,65.12
8,"2024-08-19 07:30:00+00:00",0,8.5,21.5145,65.12
8,"2024-08-19 08:00:00+00:00",0,9,20.3595,65.12
8,"2024-08-19 08:30:00+00:00",0,9.5,17.577,65.12
8,"2024-08-19 09:00:00+00:00",0,10,17.388,65.12
8,"2024-08-19 09:30:00+00:00",0,10.5,18.333,65.12
8,"2024-08-19 10:00:00+00:00",0,11,16.422,65.12
8,"2024-08-19 10:30:00+00:00",0,11.5,17.577,65.12
8,"2024-08-19 11:00:00+00:00",0,12,17.577,65.12
8,"2024-08-19 11:30:00+00:00",0,12.5,16.569,65.12
8,"2024-08-19 12:00:00+00:00",0,13,17.493,65.12
8,"2024-08-19 12:30:00+00:00",0,13.5,15.351,65.12
8,"2024-08-19 13:00:00+00:00",0,14,15.729,65.12
8,"2024-08-19 13:30:00+00:00",0,14.5,13.5345,65.12
8,"2024-08-19 14:00:00+00:00",0,15,16.6635,65.12
8,"2024-08-19 14:30:00+00:00",0,15.5,16.107,65.12
8,"2024-08-19 15:00:00+00:00",0,16,28.266,65.12
8,"2024-08-19 15:30:00+00:00",0,16.5,29.421,65.12
8,"2024-08-19 16:00:00+00:00",0,17,31.5945,65.12
8,"2024-08-19 16:30:00+00:00",0,17.5,30.9645,65.12
8,"2024-08-19 17:00:00+00:00",0,18,35.4585,65.12
8,"2024-08-19 17:30:00+00:00",0,18.5,34.0095,65.12
8,"2024-08-19 18:00:00+00:00",0,19,24.633,65.12
8,"2024-08-19 18:30:00+00:00",0,19.5,23.835,65.12
8,"2024-08-19 19:00:00+00:00",0,20,22.7115,65.12
8,"2024-08-19 19:30:00+00:00",0,20.5,22.575,65.12
8,"2024-08-19 20:00:00+00:00",0,21,20.3595,65.12
8,"2024-08-19 20:30:00+00:00",0,21.5,18.354,65.12
8,"2024-08-19 21:00:00+00:00",0,22,18.06,65.12
8,"2024-08-19 21:30:00+00:00",0,22.5,14.0805,65.12
8,"2024-08-19 22:00:00+00:00",0,23,14.49,65.12
8,"2024-08-19 22:30:00+00:00",0,23.5,13.335,65.12
8,"2024-08-19 23:00:00+00:00",0,0,13.356,65.12
8,"2024-08-19 23:30:00+00:00",0,0.5,12.7995,65.12
8,"2024-08-20 00:00:00+00:00",0,1,12.075,65.12
8,"2024-08-20 00:30:00+00:00",0,1.5,12.012,65.12
8,"2024-08-20 01:00:00+00:00",0,2,9.4185,65.12
8,"2024-08-20 01:30:00+00:00",0,2.5,7.056,65.12
8,"2024-08-20 02:00:00+00:00",0,3,7.056,65.12
8,"2024-08-20 02:30:00+00:00",0,3.5,8.4,65.12
8,"2024-08-20 03:00:00+00:00",0,4,8.1165,65.12
8,"2024-08-20 03:30:00+00:00",0,4.5,9.2715,65.12
8,"2024-08-20 04:00:00+00:00",0,5,8.4525,65.12
8,"2024-08-20 04:30:00+00:00",0,5.5,13.965,65.12
8,"2024-08-20 05:00:00+00:00",0,6,14.49,65.12
8,"2024-08-20 05:30:00+00:00",0,6.5,19.32,65.12
8,"2024-08-20 06:00:00+00:00",0,7,19.0785,65.12
8,"2024-08-20 06:30:00+00:00",0,7.5,20.7165,65.12
8,"2024-08-20 07:00:00+00:00",0,8,17.6085,65.12
8,"2024-08-20 07:30:00+00:00",0,8.5,19.32,65.12
8,"2024-08-20 08:00:00+00:00",0,9,16.905,65.12
8,"2024-08-20 08:30:00+00:00",0,9.5,14.343,65.12
8,"2024-08-20 09:00:00+00:00",0,10,11.4975,65.12
8,"2024-08-20 09:30:00+00:00",0,10.5,9.723,65.12
8,"2024-08-20 10:00:00+00:00",0,11,7.7805,65.12
8,"2024-08-20 10:30:00+00:00",0,11.5,6.5835,65.12
8,"2024-08-20 11:00:00+00:00",0,12,6.132,65.12
8,"2024-08-20 11:30:00+00:00",0,12.5,2.898,65.12
8,"2024-08-20 12:00:00+00:00",0,13,4.83,65.12
8,"2024-08-20 12:30:00+00:00",0,13.5,3.6225,65.12
8,"2024-08-20 13:00:00+00:00",0,14,5.922,65.12
8,"2024-08-20 13:30:00+00:00",0,14.5,5.796,65.12
8,"2024-08-20 14:00:00+00:00",0,15,5.481,65.12
8,"2024-08-20 14:30:00+00:00",0,15.5,8.1375,65.12
8,"2024-08-20 15:00:00+00:00",0,16,20.37,65.12
8,"2024-08-20 15:30:00+00:00",0,16.5,22.995,65.12
8,"2024-08-20 16:00:00+00:00",0,17,24.108,65.12
8,"2024-08-20 16:30:00+00:00",0,17.5,27.804,65.12
8,"2024-08-20 17:00:00+00:00",0,18,32.2665,65.12
8,"2024-08-20 17:30:00+00:00",0,18.5,33.1695,65.12
8,"2024-08-20 18:00:00+00:00",0,19,22.407,65.12
8,"2024-08-20 18:30:00+00:00",0,19.5,22.113,65.12
8,"2024-08-20 19:00:00+00:00",0,20,21.252,65.12
8,"2024-08-20 19:30:00+00:00",0,20.5,22.344,65.12
8,"2024-08-20 20:00:00+00:00",0,21,21.609,65.12
8,"2024-08-20 20:30:00+00:00",0,21.5,17.052,65.12
8,"2024-08-20 21:00:00+00:00",0,22,17.682,65.12
8,"2024-08-20 21:30:00+00:00",0,22.5,13.209,65.12
8,"2024-08-20 22:00:00+00:00",0,23,10.332,65.12
8,"2024-08-20 22:30:00+00:00",0,23.5,4.1055,65.12
8,"2024-08-20 23:00:00+00:00",0,0,3.1395,65.12
8,"2024-08-20 23:30:00+00:00",0,0.5,1.47,65.12
8,"2024-08-21 00:00:00+00:00",0,1,5.3655,65.12
8,"2024-08-21 00:30:00+00:00",0,1.5,5.796,65.12
8,"2024-08-21 01:00:00+00:00",0,2,2.415,65.12
8,"2024-08-21 01:30:00+00:00",0,2.5,0.609,65.12
8,"2024-08-21 02:00:00+00:00",0,3,1.5015,65.12
8,"2024-08-21 02:30:00+00:00",0,3.5,2.415,65.12
8,"2024-08-21 03:00:00+00:00",0,4,4.347,65.12
8,"2024-08-21 03:30:00+00:00",0,4.5,4.704,65.12
8,"2024-08-21 04:00:00+00:00",0,5,7.6335,65.12
8,"2024-08-21 04:30:00+00:00",0,5.5,14.1015,65.12
8,"2024-08-21 05:00:00+00:00",0,6,12.558,65.12
8,"2024-08-21 05:30:00+00:00",0,6.5,17.871,65.12
8,"2024-08-21 06:00:00+00:00",0,7,11.592,65.12
8,"2024-08-21 06:30:00+00:00",0,7.5,17.7765,65.12
8,"2024-08-21 07:00:00+00:00",0,8,8.694,65.12
8,"2024-08-21 07:30:00+00:00",0,8.5,10.2375,65.12
8,"2024-08-21 08:00:00+00:00",0,9,2.9925,65.12
8,"2024-08-21 08:30:00+00:00",0,9.5,0.8715,65.12
8,"2024-08-21 09:00:00+00:00",0,10,0.483,65.12
8,"2024-08-21 09:30:00+00:00",0,10.5,-0.483,65.12
8,"2024-08-21 10:00:00+00:00",0,11,-0.483,65.12
8,"2024-08-21 10:30:00+00:00",0,11.5,-0.63,65.12
8,"2024-08-21 11:00:00+00:00",0,12,-0.483,65.12
8,"2024-08-21 11:30:00+00:00",0,12.5,-0.672,65.12
8,"2024-08-21 12:00:00+00:00",0,13,-0.483,65.12
8,"2024-08-21 12:30:00+00:00",0,13.5,-0.483,65.12
8,"2024-08-21 13:00:00+00:00",0,14,-0.483,65.12
8,"2024-08-21 13:30:00+00:00",0,14.5,-0.483,65.12
8,"2024-08-21 14:00:00+00:00",0,15,0.483,65.12
8,"2024-08-21 14:30:00+00:00",0,15.5,1.176,65.12
8,"2024-08-21 15:00:00+00:00",0,16,12.033,65.12
8,"2024-08-21 15:30:00+00:00",0,16.5,15.1725,65.12
8,"2024-08-21 16:00:00+00:00",0,17,25.494,65.12
8,"2024-08-21 16:30:00+00:00",0,17.5,26.523,65.12
8,"2024-08-21 17:00:00+00:00",0,18,30.5655,65.12
8,"2024-08-21 17:30:00+00:00",0,18.5,29.5365,65.12
8,"2024-08-21 18:00:00+00:00",0,19,19.95,65.12
8,"2024-08-21 18:30:00+00:00",0,19.5,18.228,65.12
8,"2024-08-21 19:00:00+00:00",0,20,18.354,65.12
8,"2024-08-21 19:30:00+00:00",0,20.5,18.837,65.12
8,"2024-08-21 20:00:00+00:00",0,21,20.286,65.12
8,"2024-08-21 20:30:00+00:00",0,21.5,15.2145,65.12
8,"2024-08-21 21:00:00+00:00",0,22,15.099,65.12
8,"2024-08-21 21:30:00+00:00",0,22.5,10.8675,65.12
8,"2024-08-21 22:00:00+00:00",0,23,7.077,65.12
8,"2024-08-21 22:30:00+00:00",0,23.5,0.672,65.12
8,"2024-08-21 23:00:00+00:00",0,0,0.966,65.12
8,"2024-08-21 23:30:00+00:00",0,0.5,-0.2415,65.12
8,"2024-08-22 00:00:00+00:00",0,1,-1.2075,65.12
8,"2024-08-22 00:30:00+00:00",0,1.5,-2.1945,65.12
8,"2024-08-22 01:00:00+00:00",0,2,0,65.12
8,"2024-08-22 01:30:00+00:00",0,2.5,-2.1735,65.12
8,"2024-08-22 02:00:00+00:00",0,3,-2.1735,65.12
8,"2024-08-22 02:30:00+00:00",0,3.5,-2.415,65.12
8,"2024-08-22 03:00:00+00:00",0,4,-2.1945,65.12
8,"2024-08-22 03:30:00+00:00",0,4.5,-2.1945,65.12
8,"2024-08-22 04:00:00+00:00",0,5,-0.021,65.12
8,"2024-08-22 04:30:00+00:00",0,5.5,3.1395,65.12
8,"2024-08-22 05:00:00+00:00",0,6,1.47,65.12
8,"2024-08-22 05:30:00+00:00",0,6.5,8.4525,65.12
8,"2024-08-22 06:00:00+00:00",0,7,3.444,65.12
8,"2024-08-22 06:30:00+00:00",0,7.5,9.66,65.12
8,"2024-08-22 07:00:00+00:00",0,8,4.641,65.12
8,"2024-08-22 07:30:00+00:00",0,8.5,8.568,65.12
8,"2024-08-22 08:00:00+00:00",0,9,6.2685,65.12
8,"2024-08-22 08:30:00+00:00",0,9.5,4.1055,65.12
8,"2024-08-22 09:00:00+00:00",0,10,0.294,65.12
8,"2024-08-22 09:30:00+00:00",0,10.5,0,65.12
8,"2024-08-22 10:00:00+00:00",0,11,-0.483,65.12
8,"2024-08-22 10:30:00+00:00",0,11.5,-0.294,65.12
8,"2024-08-22 11:00:00+00:00",0,12,-1.6905,65.12
8,"2024-08-22 11:30:00+00:00",0,12.5,-2.1735,65.12
8,"2024-08-22 12:00:00+00:00",0,13,-1.2285,65.12
8,"2024-08-22 12:30:00+00:00",0,13.5,-2.1735,65.12
8,"2024-08-22 13:00:00+00:00",0,14,-2.1735,65.12
8,"2024-08-22 13:30:00+00:00",0,14.5,-2.1735,65.12
8,"2024-08-22 14:00:00+00:00",0,15,-2.1945,65.12
8,"2024-08-22 14:30:00+00:00",0,15.5,1.2285,65.12
8,"2024-08-22 15:00:00+00:00",0,16,13.482,65.12
8,"2024-08-22 15:30:00+00:00",0,16.5,20.664,65.12
8,"2024-08-22 16:00:00+00:00",0,17,27.006,65.12
8,"2024-08-22 16:30:00+00:00",0,17.5,30.093,65.12
8,"2024-08-22 17:00:00+00:00",0,18,34.335,65.12
8,"2024-08-22 17:30:00+00:00",0,18.5,35.511,65.12
8,"2024-08-22 18:00:00+00:00",0,19,25.3575,65.12
8,"2024-08-22 18:30:00+00:00",0,19.5,25.893,65.12
8,"2024-08-22 19:00:00+00:00",0,20,22.7955,65.12
8,"2024-08-22 19:30:00+00:00",0,20.5,23.9085,65.12
8,"2024-08-22 20:00:00+00:00",0,21,23.1315,65.12
8,"2024-08-22 20:30:00+00:00",0,21.5,18.522,65.12
8,"2024-08-22 21:00:00+00:00",0,22,18.354,65.12
8,"2024-08-22 21:30:00+00:00",0,22.5,11.592,65.12
8,"2024-08-22 22:00:00+00:00",0,23,12.7575,65.12
8,"2024-08-22 22:30:00+00:00",0,23.5,8.526,65.12
8,"2024-08-22 23:00:00+00:00",0,0,8.4525,65.12
8,"2024-08-22 23:30:00+00:00",0,0.5,8.0535,65.12
8,"2024-08-23 00:00:00+00:00",0,1,7.728,65.12
8,"2024-08-23 00:30:00+00:00",0,1.5,6.762,65.12
8,"2024-08-23 01:00:00+00:00",0,2,5.586,65.12
8,"2024-08-23 01:30:00+00:00",0,2.5,1.449,65.12
8,"2024-08-23 02:00:00+00:00",0,3,2.772,65.12
8,"2024-08-23 02:30:00+00:00",0,3.5,1.092,65.12
8,"2024-08-23 03:00:00+00:00",0,4,2.898,65.12
8,"2024-08-23 03:30:00+00:00",0,4.5,-0.084,65.12
8,"2024-08-23 04:00:00+00:00",0,5,2.4885,65.12
8,"2024-08-23 04:30:00+00:00",0,5.5,2.772,65.12
8,"2024-08-23 05:00:00+00:00",0,6,4.704,65.12
8,"2024-08-23 05:30:00+00:00",0,6.5,8.4525,65.12
8,"2024-08-23 06:00:00+00:00",0,7,4.1055,65.12
8,"2024-08-23 06:30:00+00:00",0,7.5,8.7885,65.12
8,"2024-08-23 07:00:00+00:00",0,8,1.995,65.12
8,"2024-08-23 07:30:00+00:00",0,8.5,2.415,65.12
8,"2024-08-23 08:00:00+00:00",0,9,1.302,65.12
8,"2024-08-23 08:30:00+00:00",0,9.5,-2.415,65.12
8,"2024-08-23 09:00:00+00:00",0,10,1.449,65.12
8,"2024-08-23 09:30:00+00:00",0,10.5,-0.483,65.12
8,"2024-08-23 10:00:00+00:00",0,11,1.092,65.12
8,"2024-08-23 10:30:00+00:00",0,11.5,-0.483,65.12
8,"2024-08-23 11:00:00+00:00",0,12,-0.357,65.12
8,"2024-08-23 11:30:00+00:00",0,12.5,-1.638,65.12
8,"2024-08-23 12:00:00+00:00",0,13,-0.315,65.12
8,"2024-08-23 12:30:00+00:00",0,13.5,-2.226,65.12
8,"2024-08-23 13:00:00+00:00",0,14,-0.357,65.12
8,"2024-08-23 13:30:00+00:00",0,14.5,0.3045,65.12
8,"2024-08-23 14:00:00+00:00",0,15,-1.449,65.12
8,"2024-08-23 14:30:00+00:00",0,15.5,0,65.12
8,"2024-08-23 15:00:00+00:00",0,16,8.295,65.12
8,"2024-08-23 15:30:00+00:00",0,16.5,15.288,65.12
8,"2024-08-23 16:00:00+00:00",0,17,20.3385,65.12
8,"2024-08-23 16:30:00+00:00",0,17.5,24.948,65.12
8,"2024-08-23 17:00:00+00:00",0,18,30.387,65.12
8,"2024-08-23 17:30:00+00:00",0,18.5,31.5945,65.12
8,"2024-08-23 18:00:00+00:00",0,19,23.4255,65.12
8,"2024-08-23 18:30:00+00:00",0,19.5,23.4255,65.12
8,"2024-08-23 19:00:00+00:00",0,20,23.184,65.12
8,"2024-08-23 19:30:00+00:00",0,20.5,23.184,65.12
8,"2024-08-23 20:00:00+00:00",0,21,24.759,65.12
8,"2024-08-23 20:30:00+00:00",0,21.5,21.378,65.12
8,"2024-08-23 21:00:00+00:00",0,22,20.8635,65.12
8,"2024-08-23 21:30:00+00:00",0,22.5,17.3565,65.12
8,"2024-08-23 22:00:00+00:00",0,23,20.769,65.12
8,"2024-08-23 22:30:00+00:00",0,23.5,16.233,65.12
8,"2024-08-23 23:00:00+00:00",0,0,14.301,65.12
8,"2024-08-23 23:30:00+00:00",0,0.5,13.7655,65.12
8,"2024-08-24 00:00:00+00:00",1,1,13.7865,65.12
8,"2024-08-24 00:30:00+00:00",1,1.5,15.0885,65.12
8,"2024-08-24 01:00:00+00:00",1,2,14.49,65.12
8,"2024-08-24 01:30:00+00:00",1,2.5,13.7655,65.12
8,"2024-08-24 02:00:00+00:00",1,3,14.469,65.12
8,"2024-08-24 02:30:00+00:00",1,3.5,14.364,65.12
8,"2024-08-24 03:00:00+00:00",1,4,13.65,65.12
8,"2024-08-24 03:30:00+00:00",1,4.5,16.107,65.12
8,"2024-08-24 04:00:00+00:00",1,5,15.96,65.12
8,"2024-08-24 04:30:00+00:00",1,5.5,18.1125,65.12
8,"2024-08-24 05:00:00+00:00",1,6,15.96,65.12
8,"2024-08-24 05:30:00+00:00",1,6.5,19.32,65.12
8,"2024-08-24 06:00:00+00:00",1,7,11.109,65.12
8,"2024-08-24 06:30:00+00:00",1,7.5,15.6135,65.12
8,"2024-08-24 07:00:00+00:00",1,8,18.354,65.12
8,"2024-08-24 07:30:00+00:00",1,8.5,22.407,65.12
8,"2024-08-24 08:00:00+00:00",1,9,20.895,65.12
8,"2024-08-24 08:30:00+00:00",1,9.5,19.7295,65.12
8,"2024-08-24 09:00:00+00:00",1,10,20.286,65.12
8,"2024-08-24 09:30:00+00:00",1,10.5,19.047,65.12
8,"2024-08-24 10:00:00+00:00",1,11,21.252,65.12
8,"2024-08-24 10:30:00+00:00",1,11.5,21.273,65.12
8,"2024-08-24 11:00:00+00:00",1,12,18.837,65.12
8,"2024-08-24 11:30:00+00:00",1,12.5,17.4825,65.12
8,"2024-08-24 12:00:00+00:00",1,13,16.3695,65.12
8,"2024-08-24 12:30:00+00:00",1,13.5,12.5055,65.12
8,"2024-08-24 13:00:00+00:00",1,14,5.4075,65.12
8,"2024-08-24 13:30:00+00:00",1,14.5,2.898,65.12
8,"2024-08-24 14:00:00+00:00",1,15,5.5545,65.12
8,"2024-08-24 14:30:00+00:00",1,15.5,5.313,65.12
8,"2024-08-24 15:00:00+00:00",1,16,13.965,65.12
8,"2024-08-24 15:30:00+00:00",1,16.5,20.7795,65.12
8,"2024-08-24 16:00:00+00:00",1,17,22.8795,65.12
8,"2024-08-24 16:30:00+00:00",1,17.5,25.7985,65.12
8,"2024-08-24 17:00:00+00:00",1,18,28.9485,65.12
8,"2024-08-24 17:30:00+00:00",1,18.5,30.576,65.12
8,"2024-08-24 18:00:00+00:00",1,19,16.422,65.12
8,"2024-08-24 18:30:00+00:00",1,19.5,14.973,65.12
8,"2024-08-24 19:00:00+00:00",1,20,14.49,65.12
8,"2024-08-24 19:30:00+00:00",1,20.5,14.49,65.12
8,"2024-08-24 20:00:00+00:00",1,21,13.7655,65.12
8,"2024-08-24 20:30:00+00:00",1,21.5,8.9565,65.12
8,"2024-08-24 21:00:00+00:00",1,22,10.794,65.12
8,"2024-08-24 21:30:00+00:00",1,22.5,3.6435,65.12
8,"2024-08-24 22:00:00+00:00",1,23,3.255,65.12
8,"2024-08-24 22:30:00+00:00",1,23.5,-2.898,65.12
8,"2024-08-24 23:00:00+00:00",1,0,0,65.12
8,"2024-08-24 23:30:00+00:00",1,0.5,-2.289,65.12
8,"2024-08-25 00:00:00+00:00",1,1,-2.289,65.12
8,"2024-08-25 00:30:00+00:00",1,1.5,-0.9135,65.12
8,"2024-08-25 01:00:00+00:00",1,2,2.058,65.12
8,"2024-08-25 01:30:00+00:00",1,2.5,-0.0525,65.12
8,"2024-08-25 02:00:00+00:00",1,3,0,65.12
8,"2024-08-25 02:30:00+00:00",1,3.5,1.2075,65.12
8,"2024-08-25 03:00:00+00:00",1,4,0.903,65.12
8,"2024-08-25 03:30:00+00:00",1,4.5,0.2415,65.12
8,"2024-08-25 04:00:00+00:00",1,5,-0.483,65.12
8,"2024-08-25 04:30:00+00:00",1,5.5,0.7245,65.12
8,"2024-08-25 05:00:00+00:00",1,6,-0.0525,65.12
8,"2024-08-25 05:30:00+00:00",1,6.5,1.0185,65.12
8,"2024-08-25 06:00:00+00:00",1,7,-1.2075,65.12
8,"2024-08-25 06:30:00+00:00",1,7.5,-0.7455,65.12
8,"2024-08-25 07:00:00+00:00",1,8,-0.7245,65.12
8,"2024-08-25 07:30:00+00:00",1,8.5,-1.2075,65.12
8,"2024-08-25 08:00:00+00:00",1,9,-0.2415,65.12
8,"2024-08-25 08:30:00+00:00",1,9.5,-2.415,65.12
8,"2024-08-25 09:00:00+00:00",1,10,-1.0185,65.12
8,"2024-08-25 09:30:00+00:00",1,10.5,-1.932,65.12
8,"2024-08-25 10:00:00+00:00",1,11,-2.121,65.12
8,"2024-08-25 10:30:00+00:00",1,11.5,-2.919,65.12
8,"2024-08-25 11:00:00+00:00",1,12,-2.415,65.12
8,"2024-08-25 11:30:00+00:00",1,12.5,-2.415,65.12
8,"2024-08-25 12:00:00+00:00",1,13,-2.0475,65.12
8,"2024-08-25 12:30:00+00:00",1,13.5,-1.575,65.12
8,"2024-08-25 13:00:00+00:00",1,14,0,65.12
8,"2024-08-25 13:30:00+00:00",1,14.5,0.021,65.12
8,"2024-08-25 14:00:00+00:00",1,15,-3.066,65.12
8,"2024-08-25 14:30:00+00:00",1,15.5,-1.449,65.12
8,"2024-08-25 15:00:00+00:00",1,16,5.8485,65.12
8,"2024-08-25 15:30:00+00:00",1,16.5,11.529,65.12
8,"2024-08-25 16:00:00+00:00",1,17,16.191,65.12
8,"2024-08-25 16:30:00+00:00",1,17.5,21.5355,65.12
8,"2024-08-25 17:00:00+00:00",1,18,28.455,65.12
8,"2024-08-25 17:30:00+00:00",1,18.5,29.6625,65.12
8,"2024-08-25 18:00:00+00:00",1,19,19.7925,65.12
8,"2024-08-25 18:30:00+00:00",1,19.5,19.7925,65.12
8,"2024-08-25 19:00:00+00:00",1,20,22.2285,65.12
8,"2024-08-25 19:30:00+00:00",1,20.5,22.407,65.12
8,"2024-08-25 20:00:00+00:00",1,21,22.407,65.12
8,"2024-08-25 20:30:00+00:00",1,21.5,17.85,65.12
8,"2024-08-25 21:00:00+00:00",1,22,22.218,65.12
8,"2024-08-25 21:30:00+00:00",1,22.5,14.805,65.12
8,"2024-08-25 22:00:00+00:00",1,23,11.592,65.12
8,"2024-08-25 22:30:00+00:00",1,23.5,9.66,65.12
8,"2024-08-25 23:00:00+00:00",1,0,8.4525,65.12
8,"2024-08-25 23:30:00+00:00",1,0.5,7.245,65.12
8,"2024-08-26 00:00:00+00:00",0,1,6.0375,65.12
8,"2024-08-26 00:30:00+00:00",0,1.5,6.951,65.12
8,"2024-08-26 01:00:00+00:00",0,2,8.4525,65.12
8,"2024-08-26 01:30:00+00:00",0,2.5,7.728,65.12
8,"2024-08-26 02:00:00+00:00",0,3,6.783,65.12
8,"2024-08-26 02:30:00+00:00",0,3.5,8.211,65.12
8,"2024-08-26 03:00:00+00:00",0,4,9.6075,65.12
8,"2024-08-26 03:30:00+00:00",0,4.5,6.951,65.12
8,"2024-08-26 04:00:00+00:00",0,5,7.245,65.12
8,"2024-08-26 04:30:00+00:00",0,5.5,10.0485,65.12
8,"2024-08-26 05:00:00+00:00",0,6,8.694,65.12
8,"2024-08-26 05:30:00+00:00",0,6.5,11.6025,65.12
8,"2024-08-26 06:00:00+00:00",0,7,15.3825,65.12
8,"2024-08-26 06:30:00+00:00",0,7.5,20.286,65.12
8,"2024-08-26 07:00:00+00:00",0,8,12.705,65.12
8,"2024-08-26 07:30:00+00:00",0,8.5,15.6975,65.12
8,"2024-08-26 08:00:00+00:00",0,9,10.584,65.12
8,"2024-08-26 08:30:00+00:00",0,9.5,9.303,65.12
8,"2024-08-26 09:00:00+00:00",0,10,8.694,65.12
8,"2024-08-26 09:30:00+00:00",0,10.5,8.9355,65.12
8,"2024-08-26 10:00:00+00:00",0,11,5.775,65.12
8,"2024-08-26 10:30:00+00:00",0,11.5,7.245,65.12
8,"2024-08-26 11:00:00+00:00",0,12,7.0035,65.12
8,"2024-08-26 11:30:00+00:00",0,12.5,6.0375,65.12
8,"2024-08-26 12:00:00+00:00",0,13,10.479,65.12
8,"2024-08-26 12:30:00+00:00",0,13.5,9.177,65.12
8,"2024-08-26 13:00:00+00:00",0,14,11.592,65.12
8,"2024-08-26 13:30:00+00:00",0,14.5,10.983,65.12
8,"2024-08-26 14:00:00+00:00",0,15,12.075,65.12
8,"2024-08-26 14:30:00+00:00",0,15.5,12.075,65.12
8,"2024-08-26 15:00:00+00:00",0,16,28.2135,65.12
8,"2024-08-26 15:30:00+00:00",0,16.5,29.421,65.12
8,"2024-08-26 16:00:00+00:00",0,17,31.6995,65.12
8,"2024-08-26 16:30:00+00:00",0,17.5,32.2245,65.12
8,"2024-08-26 17:00:00+00:00",0,18,35.028,65.12
8,"2024-08-26 17:30:00+00:00",0,18.5,35.1435,65.12
8,"2024-08-26 18:00:00+00:00",0,19,25.0215,65.12
8,"2024-08-26 18:30:00+00:00",0,19.5,23.4255,65.12
8,"2024-08-26 19:00:00+00:00",0,20,23.793,65.12
8,"2024-08-26 19:30:00+00:00",0,20.5,21.735,65.12
8,"2024-08-26 20:00:00+00:00",0,21,22.7955,65.12
8,"2024-08-26 20:30:00+00:00",0,21.5,18.837,65.12
8,"2024-08-26 21:00:00+00:00",0,22,19.0785,65.12
8,"2024-08-26 21:30:00+00:00",0,22.5,16.422,65.12
8,"2024-08-26 22:00:00+00:00",0,23,18.837,65.12
8,"2024-08-26 22:30:00+00:00",0,23.5,19.173,65.12
8,"2024-08-26 23:00:00+00:00",0,0,18.837,65.12
8,"2024-08-26 23:30:00+00:00",0,0.5,15.2145,65.12
8,"2024-08-27 00:00:00+00:00",0,1,10.941,65.12
8,"2024-08-27 00:30:00+00:00",0,1.5,10.038,65.12
8,"2024-08-27 01:00:00+00:00",0,2,13.2825,65.12
8,"2024-08-27 01:30:00+00:00",0,2.5,7.728,65.12
8,"2024-08-27 02:00:00+00:00",0,3,8.505,65.12
8,"2024-08-27 02:30:00+00:00",0,3.5,7.4865,65.12
8,"2024-08-27 03:00:00+00:00",0,4,10.206,65.12
8,"2024-08-27 03:30:00+00:00",0,4.5,9.114,65.12
8,"2024-08-27 04:00:00+00:00",0,5,7.728,65.12
8,"2024-08-27 04:30:00+00:00",0,5.5,10.0695,65.12
8,"2024-08-27 05:00:00+00:00",0,6,10.0275,65.12
8,"2024-08-27 05:30:00+00:00",0,6.5,14.49,65.12
8,"2024-08-27 06:00:00+00:00",0,7,14.5425,65.12
8,"2024-08-27 06:30:00+00:00",0,7.5,18.4485,65.12
8,"2024-08-27 07:00:00+00:00",0,8,14.49,65.12
8,"2024-08-27 07:30:00+00:00",0,8.5,15.624,65.12
8,"2024-08-27 08:00:00+00:00",0,9,11.739,65.12
8,"2024-08-27 08:30:00+00:00",0,9.5,8.9985,65.12
8,"2024-08-27 09:00:00+00:00",0,10,6.0375,65.12
8,"2024-08-27 09:30:00+00:00",0,10.5,5.0715,65.12
8,"2024-08-27 10:00:00+00:00",0,11,2.163,65.12
8,"2024-08-27 10:30:00+00:00",0,11.5,1.1865,65.12
8,"2024-08-27 11:00:00+00:00",0,12,1.47,65.12
8,"2024-08-27 11:30:00+00:00",0,12.5,0.5145,65.12
8,"2024-08-27 12:00:00+00:00",0,13,1.806,65.12
8,"2024-08-27 12:30:00+00:00",0,13.5,0.5565,65.12
8,"2024-08-27 13:00:00+00:00",0,14,4.7565,65.12
8,"2024-08-27 13:30:00+00:00",0,14.5,6.615,65.12
8,"2024-08-27 14:00:00+00:00",0,15,9.66,65.12
8,"2024-08-27 14:30:00+00:00",0,15.5,11.592,65.12
8,"2024-08-27 15:00:00+00:00",0,16,27.8775,65.12
8,"2024-08-27 15:30:00+00:00",0,16.5,28.938,65.12
8,"2024-08-27 16:00:00+00:00",0,17,34.4925,65.12
8,"2024-08-27 16:30:00+00:00",0,17.5,35.7,65.12
8,"2024-08-27 17:00:00+00:00",0,18,35.7,65.12
8,"2024-08-27 17:30:00+00:00",0,18.5,34.9755,65.12
8,"2024-08-27 18:00:00+00:00",0,19,25.8405,65.12
8,"2024-08-27 18:30:00+00:00",0,19.5,25.3575,65.12
8,"2024-08-27 19:00:00+00:00",0,20,22.218,65.12
8,"2024-08-27 19:30:00+00:00",0,20.5,24.15,65.12
8,"2024-08-27 20:00:00+00:00",0,21,22.3755,65.12
8,"2024-08-27 20:30:00+00:00",0,21.5,16.422,65.12
8,"2024-08-27 21:00:00+00:00",0,22,17.9445,65.12
8,"2024-08-27 21:30:00+00:00",0,22.5,13.2825,65.12
8,"2024-08-27 22:00:00+00:00",0,23,18.837,65.12
8,"2024-08-27 22:30:00+00:00",0,23.5,20.286,65.12
8,"2024-08-27 23:00:00+00:00",0,0,20.6955,65.12
8,"2024-08-27 23:30:00+00:00",0,0.5,19.803,65.12
8,"2024-08-28 00:00:00+00:00",0,1,18.438,65.12
8,"2024-08-28 00:30:00+00:00",0,1.5,18.438,65.12
8,"2024-08-28 01:00:00+00:00",0,2,17.9025,65.12
8,"2024-08-28 01:30:00+00:00",0,2.5,17.7765,65.12
8,"2024-08-28 02:00:00+00:00",0,3,16.905,65.12
8,"2024-08-28 02:30:00+00:00",0,3.5,16.6635,65.12
8,"2024-08-28 03:00:00+00:00",0,4,18.837,65.12
8,"2024-08-28 03:30:00+00:00",0,4.5,18.858,65.12
8,"2024-08-28 04:00:00+00:00",0,5,21.6405,65.12
8,"2024-08-28 04:30:00+00:00",0,5.5,22.701,65.12
8,"2024-08-28 05:00:00+00:00",0,6,24.15,65.12
8,"2024-08-28 05:30:00+00:00",0,6.5,24.7275,65.12
8,"2024-08-28 06:00:00+00:00",0,7,21.252,65.12
8,"2024-08-28 06:30:00+00:00",0,7.5,25.116,65.12
8,"2024-08-28 07:00:00+00:00",0,8,22.407,65.12
8,"2024-08-28 07:30:00+00:00",0,8.5,22.827,65.12
8,"2024-08-28 08:00:00+00:00",0,9,21.1155,65.12
8,"2024-08-28 08:30:00+00:00",0,9.5,20.286,65.12
8,"2024-08-28 09:00:00+00:00",0,10,21.252,65.12
8,"2024-08-28 09:30:00+00:00",0,10.5,19.6245,65.12
8,"2024-08-28 10:00:00+00:00",0,11,15.456,65.12
8,"2024-08-28 10:30:00+00:00",0,11.5,14.8155,65.12
8,"2024-08-28 11:00:00+00:00",0,12,18.1335,65.12
8,"2024-08-28 11:30:00+00:00",0,12.5,17.8185,65.12
8,"2024-08-28 12:00:00+00:00",0,13,18.7845,65.12
8,"2024-08-28 12:30:00+00:00",0,13.5,16.0125,65.12
8,"2024-08-28 13:00:00+00:00",0,14,18.3225,65.12
8,"2024-08-28 13:30:00+00:00",0,14.5,17.052,65.12
8,"2024-08-28 14:00:00+00:00",0,15,18.354,65.12
8,"2024-08-28 14:30:00+00:00",0,15.5,16.1805,65.12
8,"2024-08-28 15:00:00+00:00",0,16,30.387,65.12
8,"2024-08-28 15:30:00+00:00",0,16.5,29.589,65.12
8,"2024-08-28 16:00:00+00:00",0,17,33.138,65.12
8,"2024-08-28 16:30:00+00:00",0,17.5,35.4795,65.12
8,"2024-08-28 17:00:00+00:00",0,18,37.3905,65.12
8,"2024-08-28 17:30:00+00:00",0,18.5,37.8735,65.12
8,"2024-08-28 18:00:00+00:00",0,19,26.3235,65.12
8,"2024-08-28 18:30:00+00:00",0,19.5,26.3235,65.12
8,"2024-08-28 19:00:00+00:00",0,20,25.893,65.12
8,"2024-08-28 19:30:00+00:00",0,20.5,25.8405,65.12
8,"2024-08-28 20:00:00+00:00",0,21,24.15,65.12
8,"2024-08-28 20:30:00+00:00",0,21.5,20.5905,65.12
8,"2024-08-28 21:00:00+00:00",0,22,20.0235,65.12
8,"2024-08-28 21:30:00+00:00",0,22.5,20.0865,65.12
8,"2024-08-28 22:00:00+00:00",0,23,17.934,65.12
8,"2024-08-28 22:30:00+00:00",0,23.5,20.286,65.12
8,"2024-08-28 23:00:00+00:00",0,0,19.131,65.12
8,"2024-08-28 23:30:00+00:00",0,0.5,19.0575,65.12
8,"2024-08-29 00:00:00+00:00",0,1,19.005,65.12
8,"2024-08-29 00:30:00+00:00",0,1.5,20.0445,65.12
8,"2024-08-29 01:00:00+00:00",0,2,18.3015,65.12
8,"2024-08-29 01:30:00+00:00",0,2.5,16.905,65.12
8,"2024-08-29 02:00:00+00:00",0,3,19.0785,65.12
8,"2024-08-29 02:30:00+00:00",0,3.5,19.0575,65.12
8,"2024-08-29 03:00:00+00:00",0,4,19.0575,65.12
8,"2024-08-29 03:30:00+00:00",0,4.5,17.3355,65.12
8,"2024-08-29 04:00:00+00:00",0,5,22.701,65.12
8,"2024-08-29 04:30:00+00:00",0,5.5,22.6905,65.12
8,"2024-08-29 05:00:00+00:00",0,6,26.3235,65.12
8,"2024-08-29 05:30:00+00:00",0,6.5,28.203,65.12
8,"2024-08-29 06:00:00+00:00",0,7,23.793,65.12
8,"2024-08-29 06:30:00+00:00",0,7.5,25.599,65.12
8,"2024-08-29 07:00:00+00:00",0,8,23.499,65.12
8,"2024-08-29 07:30:00+00:00",0,8.5,23.5725,65.12
8,"2024-08-29 08:00:00+00:00",0,9,19.32,65.12
8,"2024-08-29 08:30:00+00:00",0,9.5,20.7165,65.12
8,"2024-08-29 09:00:00+00:00",0,10,19.32,65.12
8,"2024-08-29 09:30:00+00:00",0,10.5,19.194,65.12
8,"2024-08-29 10:00:00+00:00",0,11,14.973,65.12
8,"2024-08-29 10:30:00+00:00",0,11.5,14.007,65.12
8,"2024-08-29 11:00:00+00:00",0,12,12.075,65.12
8,"2024-08-29 11:30:00+00:00",0,12.5,10.752,65.12
8,"2024-08-29 12:00:00+00:00",0,13,14.511,65.12
8,"2024-08-29 12:30:00+00:00",0,13.5,12.117,65.12
8,"2024-08-29 13:00:00+00:00",0,14,18.5955,65.12
8,"2024-08-29 13:30:00+00:00",0,14.5,17.6295,65.12
8,"2024-08-29 14:00:00+00:00",0,15,19.32,65.12
8,"2024-08-29 14:30:00+00:00",0,15.5,19.0785,65.12
8,"2024-08-29 15:00:00+00:00",0,16,33.5265,65.12
8,"2024-08-29 15:30:00+00:00",0,16.5,29.904,65.12
8,"2024-08-29 16:00:00+00:00",0,17,33.264,65.12
8,"2024-08-29 16:30:00+00:00",0,17.5,35.9415,65.12
8,"2024-08-29 17:00:00+00:00",0,18,37.8735,65.12
8,"2024-08-29 17:30:00+00:00",0,18.5,38.724,65.12
8,"2024-08-29 18:00:00+00:00",0,19,26.8065,65.12
8,"2024-08-29 18:30:00+00:00",0,19.5,26.8065,65.12
8,"2024-08-29 19:00:00+00:00",0,20,27.4365,65.12
8,"2024-08-29 19:30:00+00:00",0,20.5,27.825,65.12
8,"2024-08-29 20:00:00+00:00",0,21,25.032,65.12
8,"2024-08-29 20:30:00+00:00",0,21.5,21.546,65.12
8,"2024-08-29 21:00:00+00:00",0,22,21.546,65.12
8,"2024-08-29 21:30:00+00:00",0,22.5,18.1125,65.12
8,"2024-08-29 22:00:00+00:00",0,23,22.4595,65.12
8,"2024-08-29 22:30:00+00:00",0,23.5,22.701,65.12
8,"2024-08-29 23:00:00+00:00",0,0,20.412,65.12
8,"2024-08-29 23:30:00+00:00",0,0.5,18.5955,65.12
8,"2024-08-30 00:00:00+00:00",0,1,18.501,65.12
8,"2024-08-30 00:30:00+00:00",0,1.5,18.5955,65.12
8,"2024-08-30 01:00:00+00:00",0,2,17.052,65.12
8,"2024-08-30 01:30:00+00:00",0,2.5,16.6635,65.12
8,"2024-08-30 02:00:00+00:00",0,3,16.1805,65.12
8,"2024-08-30 02:30:00+00:00",0,3.5,16.1805,65.12
8,"2024-08-30 03:00:00+00:00",0,4,17.514,65.12
8,"2024-08-30 03:30:00+00:00",0,4.5,16.548,65.12
8,"2024-08-30 04:00:00+00:00",0,5,19.194,65.12
8,"2024-08-30 04:30:00+00:00",0,5.5,21.5145,65.12
8,"2024-08-30 05:00:00+00:00",0,6,25.116,65.12
8,"2024-08-30 05:30:00+00:00",0,6.5,26.922,65.12
8,"2024-08-30 06:00:00+00:00",0,7,23.331,65.12
8,"2024-08-30 06:30:00+00:00",0,7.5,27.825,65.12
8,"2024-08-30 07:00:00+00:00",0,8,23.184,65.12
8,"2024-08-30 07:30:00+00:00",0,8.5,23.793,65.12
8,"2024-08-30 08:00:00+00:00",0,9,20.8635,65.12
8,"2024-08-30 08:30:00+00:00",0,9.5,19.32,65.12
8,"2024-08-30 09:00:00+00:00",0,10,18.354,65.12
8,"2024-08-30 09:30:00+00:00",0,10.5,17.871,65.12
8,"2024-08-30 10:00:00+00:00",0,11,17.556,65.12
8,"2024-08-30 10:30:00+00:00",0,11.5,17.535,65.12
8,"2024-08-30 11:00:00+00:00",0,12,17.388,65.12
8,"2024-08-30 11:30:00+00:00",0,12.5,17.7975,65.12
8,"2024-08-30 12:00:00+00:00",0,13,18.837,65.12
8,"2024-08-30 12:30:00+00:00",0,13.5,18.1125,65.12
8,"2024-08-30 13:00:00+00:00",0,14,17.3355,65.12
8,"2024-08-30 13:30:00+00:00",0,14.5,16.905,65.12
8,"2024-08-30 14:00:00+00:00",0,15,15.939,65.12
8,"2024-08-30 14:30:00+00:00",0,15.5,16.1805,65.12
8,"2024-08-30 15:00:00+00:00",0,16,30.8805,65.12
8,"2024-08-30 15:30:00+00:00",0,16.5,32.802,65.12
8,"2024-08-30 16:00:00+00:00",0,17,33.285,65.12
8,"2024-08-30 16:30:00+00:00",0,17.5,37.443,65.12
8,"2024-08-30 17:00:00+00:00",0,18,37.422,65.12
8,"2024-08-30 17:30:00+00:00",0,18.5,39.375,65.12
8,"2024-08-30 18:00:00+00:00",0,19,28.14,65.12
8,"2024-08-30 18:30:00+00:00",0,19.5,27.027,65.12
8,"2024-08-30 19:00:00+00:00",0,20,22.848,65.12
8,"2024-08-30 19:30:00+00:00",0,20.5,22.365,65.12
8,"2024-08-30 20:00:00+00:00",0,21,21.4935,65.12
8,"2024-08-30 20:30:00+00:00",0,21.5,19.677,65.12
8,"2024-08-30 21:00:00+00:00",0,22,21.252,65.12
8,"2024-08-30 21:30:00+00:00",0,22.5,18.354,65.12
8,"2024-08-30 22:00:00+00:00",0,23,20.412,65.12
8,"2024-08-30 22:30:00+00:00",0,23.5,21.126,65.12
8,"2024-08-30 23:00:00+00:00",0,0,20.0445,65.12
8,"2024-08-30 23:30:00+00:00",0,0.5,20.2335,65.12
8,"2024-08-31 00:00:00+00:00",1,1,20.307,65.12
8,"2024-08-31 00:30:00+00:00",1,1.5,20.412,65.12
8,"2024-08-31 01:00:00+00:00",1,2,20.412,65.12
8,"2024-08-31 01:30:00+00:00",1,2.5,20.412,65.12
8,"2024-08-31 02:00:00+00:00",1,3,21.609,65.12
8,"2024-08-31 02:30:00+00:00",1,3.5,20.118,65.12
8,"2024-08-31 03:00:00+00:00",1,4,20.0445,65.12
8,"2024-08-31 03:30:00+00:00",1,4.5,19.782,65.12
8,"2024-08-31 04:00:00+00:00",1,5,18.375,65.12
8,"2024-08-31 04:30:00+00:00",1,5.5,18.963,65.12
8,"2024-08-31 05:00:00+00:00",1,6,20.5275,65.12
8,"2024-08-31 05:30:00+00:00",1,6.5,21.441,65.12
8,"2024-08-31 06:00:00+00:00",1,7,21.084,65.12
8,"2024-08-31 06:30:00+00:00",1,7.5,22.4595,65.12
8,"2024-08-31 07:00:00+00:00",1,8,21.6405,65.12
8,"2024-08-31 07:30:00+00:00",1,8.5,20.8635,65.12
8,"2024-08-31 08:00:00+00:00",1,9,19.866,65.12
8,"2024-08-31 08:30:00+00:00",1,9.5,19.446,65.12
8,"2024-08-31 09:00:00+00:00",1,10,18.984,65.12
8,"2024-08-31 09:30:00+00:00",1,10.5,17.871,65.12
8,"2024-08-31 10:00:00+00:00",1,11,16.779,65.12
8,"2024-08-31 10:30:00+00:00",1,11.5,14.973,65.12
8,"2024-08-31 11:00:00+00:00",1,12,12.747,65.12
8,"2024-08-31 11:30:00+00:00",1,12.5,11.907,65.12
8,"2024-08-31 12:00:00+00:00",1,13,10.1955,65.12
8,"2024-08-31 12:30:00+00:00",1,13.5,8.9355,65.12
8,"2024-08-31 13:00:00+00:00",1,14,6.1845,65.12
8,"2024-08-31 13:30:00+00:00",1,14.5,5.313,65.12
8,"2024-08-31 14:00:00+00:00",1,15,7.665,65.12
8,"2024-08-31 14:30:00+00:00",1,15.5,10.626,65.12
8,"2024-08-31 15:00:00+00:00",1,16,27.7305,65.12
8,"2024-08-31 15:30:00+00:00",1,16.5,28.5075,65.12
8,"2024-08-31 16:00:00+00:00",1,17,33.159,65.12
8,"2024-08-31 16:30:00+00:00",1,17.5,35.1015,65.12
8,"2024-08-31 17:00:00+00:00",1,18,39.081,65.12
8,"2024-08-31 17:30:00+00:00",1,18.5,39.375,65.12
8,"2024-08-31 18:00:00+00:00",1,19,25.3575,65.12
8,"2024-08-31 18:30:00+00:00",1,19.5,24.4125,65.12
8,"2024-08-31 19:00:00+00:00",1,20,22.9425,65.12
8,"2024-08-31 19:30:00+00:00",1,20.5,21.378,65.12
8,"2024-08-31 20:00:00+00:00",1,21,21.9765,65.12
8,"2024-08-31 20:30:00+00:00",1,21.5,16.6635,65.12
8,"2024-08-31 21:00:00+00:00",1,22,16.6635,65.12
8,"2024-08-31 21:30:00+00:00",1,22.5,16.9995,65.12
8,"2024-08-31 22:00:00+00:00",1,23,20.286,65.12
8,"2024-08-31 22:30:00+00:00",1,23.5,19.0785,65.12
8,"2024-08-31 23:00:00+00:00",1,0,17.871,65.12
8,"2024-08-31 23:30:00+00:00",1,0.5,17.1465,65.12
9,"2024-09-01 00:00:00+00:00",1,1,16.128,65.12
9,"2024-09-01 00:30:00+00:00",1,1.5,16.1805,65.12
9,"2024-09-01 01:00:00+00:00",1,2,15.5085,65.12
9,"2024-09-01 01:30:00+00:00",1,2.5,13.2825,65.12
9,"2024-09-01 02:00:00+00:00",1,3,12.558,65.12
9,"2024-09-01 02:30:00+00:00",1,3.5,12.558,65.12
9,"2024-09-01 03:00:00+00:00",1,4,13.2825,65.12
9,"2024-09-01 03:30:00+00:00",1,4.5,13.2825,65.12
9,"2024-09-01 04:00:00+00:00",1,5,13.524,65.12
9,"2024-09-01 04:30:00+00:00",1,5.5,14.49,65.12
9,"2024-09-01 05:00:00+00:00",1,6,12.075,65.12
9,"2024-09-01 05:30:00+00:00",1,6.5,14.847,65.12
9,"2024-09-01 06:00:00+00:00",1,7,11.9805,65.12
9,"2024-09-01 06:30:00+00:00",1,7.5,13.524,65.12
9,"2024-09-01 07:00:00+00:00",1,8,5.796,65.12
9,"2024-09-01 07:30:00+00:00",1,8.5,10.8675,65.12
9,"2024-09-01 08:00:00+00:00",1,9,3.6225,65.12
9,"2024-09-01 08:30:00+00:00",1,9.5,3.6225,65.12
9,"2024-09-01 09:00:00+00:00",1,10,3.318,65.12
9,"2024-09-01 09:30:00+00:00",1,10.5,3.255,65.12
9,"2024-09-01 10:00:00+00:00",1,11,4.83,65.12
9,"2024-09-01 10:30:00+00:00",1,11.5,5.5545,65.12
9,"2024-09-01 11:00:00+00:00",1,12,5.481,65.12
9,"2024-09-01 11:30:00+00:00",1,12.5,5.5545,65.12
9,"2024-09-01 12:00:00+00:00",1,13,6.447,65.12
9,"2024-09-01 12:30:00+00:00",1,13.5,5.0715,65.12
9,"2024-09-01 13:00:00+00:00",1,14,7.245,65.12
9,"2024-09-01 13:30:00+00:00",1,14.5,6.2895,65.12
9,"2024-09-01 14:00:00+00:00",1,15,7.245,65.12
9,"2024-09-01 14:30:00+00:00",1,15.5,9.4395,65.12
9,"2024-09-01 15:00:00+00:00",1,16,29.862,65.12
9,"2024-09-01 15:30:00+00:00",1,16.5,29.232,65.12
9,"2024-09-01 16:00:00+00:00",1,17,34.4925,65.12
9,"2024-09-01 16:30:00+00:00",1,17.5,36.0885,65.12
9,"2024-09-01 17:00:00+00:00",1,18,36.9075,65.12
9,"2024-09-01 17:30:00+00:00",1,18.5,36.9075,65.12
9,"2024-09-01 18:00:00+00:00",1,19,24.633,65.12
9,"2024-09-01 18:30:00+00:00",1,19.5,22.764,65.12
9,"2024-09-01 19:00:00+00:00",1,20,22.281,65.12
9,"2024-09-01 19:30:00+00:00",1,20.5,22.4385,65.12
9,"2024-09-01 20:00:00+00:00",1,21,23.8455,65.12
9,"2024-09-01 20:30:00+00:00",1,21.5,20.433,65.12
9,"2024-09-01 21:00:00+00:00",1,22,21.252,65.12
9,"2024-09-01 21:30:00+00:00",1,22.5,18.354,65.12
9,"2024-09-01 22:00:00+00:00",1,23,18.837,65.12
9,"2024-09-01 22:30:00+00:00",1,23.5,20.0445,65.12
9,"2024-09-01 23:00:00+00:00",1,0,21.252,65.12
9,"2024-09-01 23:30:00+00:00",1,0.5,20.286,65.12
9,"2024-09-02 00:00:00+00:00",0,1,18.837,65.12
9,"2024-09-02 00:30:00+00:00",0,1.5,19.11,65.12
9,"2024-09-02 01:00:00+00:00",0,2,18.837,65.12
9,"2024-09-02 01:30:00+00:00",0,2.5,18.5535,65.12
9,"2024-09-02 02:00:00+00:00",0,3,17.871,65.12
9,"2024-09-02 02:30:00+00:00",0,3.5,17.6295,65.12
9,"2024-09-02 03:00:00+00:00",0,4,18.6795,65.12
9,"2024-09-02 03:30:00+00:00",0,4.5,18.1125,65.12
9,"2024-09-02 04:00:00+00:00",0,5,22.218,65.12
9,"2024-09-02 04:30:00+00:00",0,5.5,20.5275,65.12
9,"2024-09-02 05:00:00+00:00",0,6,23.184,65.12
9,"2024-09-02 05:30:00+00:00",0,6.5,25.893,65.12
9,"2024-09-02 06:00:00+00:00",0,7,24.15,65.12
9,"2024-09-02 06:30:00+00:00",0,7.5,28.014,65.12
9,"2024-09-02 07:00:00+00:00",0,8,23.0475,65.12
9,"2024-09-02 07:30:00+00:00",0,8.5,24.8745,65.12
9,"2024-09-02 08:00:00+00:00",0,9,21.9765,65.12
9,"2024-09-02 08:30:00+00:00",0,9.5,22.2915,65.12
9,"2024-09-02 09:00:00+00:00",0,10,21.3255,65.12
9,"2024-09-02 09:30:00+00:00",0,10.5,20.769,65.12
9,"2024-09-02 10:00:00+00:00",0,11,19.0785,65.12
9,"2024-09-02 10:30:00+00:00",0,11.5,19.0785,65.12
9,"2024-09-02 11:00:00+00:00",0,12,19.0785,65.12
9,"2024-09-02 11:30:00+00:00",0,12.5,18.8895,65.12
9,"2024-09-02 12:00:00+00:00",0,13,20.0445,65.12
9,"2024-09-02 12:30:00+00:00",0,13.5,19.3725,65.12
9,"2024-09-02 13:00:00+00:00",0,14,21.21,65.12
9,"2024-09-02 13:30:00+00:00",0,14.5,20.5275,65.12
9,"2024-09-02 14:00:00+00:00",0,15,21.0105,65.12
9,"2024-09-02 14:30:00+00:00",0,15.5,20.118,65.12
9,"2024-09-02 15:00:00+00:00",0,16,35.7,65.12
9,"2024-09-02 15:30:00+00:00",0,16.5,35.7105,65.12
9,"2024-09-02 16:00:00+00:00",0,17,39.3225,65.12
9,"2024-09-02 16:30:00+00:00",0,17.5,40.53,65.12
9,"2024-09-02 17:00:00+00:00",0,18,41.496,65.12
9,"2024-09-02 17:30:00+00:00",0,18.5,40.7715,65.12
9,"2024-09-02 18:00:00+00:00",0,19,29.5155,65.12
9,"2024-09-02 18:30:00+00:00",0,19.5,28.98,65.12
9,"2024-09-02 19:00:00+00:00",0,20,28.98,65.12
9,"2024-09-02 19:30:00+00:00",0,20.5,27.048,65.12
9,"2024-09-02 20:00:00+00:00",0,21,26.082,65.12
9,"2024-09-02 20:30:00+00:00",0,21.5,22.05,65.12
9,"2024-09-02 21:00:00+00:00",0,22,22.218,65.12
9,"2024-09-02 21:30:00+00:00",0,22.5,21.4935,65.12
9,"2024-09-02 22:00:00+00:00",0,23,19.677,65.12
9,"2024-09-02 22:30:00+00:00",0,23.5,19.32,65.12
9,"2024-09-02 23:00:00+00:00",0,0,19.194,65.12
9,"2024-09-02 23:30:00+00:00",0,0.5,19.32,65.12
9,"2024-09-03 00:00:00+00:00",0,1,18.837,65.12
9,"2024-09-03 00:30:00+00:00",0,1.5,18.5955,65.12
9,"2024-09-03 01:00:00+00:00",0,2,18.5955,65.12
9,"2024-09-03 01:30:00+00:00",0,2.5,17.514,65.12
9,"2024-09-03 02:00:00+00:00",0,3,18.228,65.12
9,"2024-09-03 02:30:00+00:00",0,3.5,18.3015,65.12
9,"2024-09-03 03:00:00+00:00",0,4,18.963,65.12
9,"2024-09-03 03:30:00+00:00",0,4.5,18.837,65.12
9,"2024-09-03 04:00:00+00:00",0,5,22.092,65.12
9,"2024-09-03 04:30:00+00:00",0,5.5,23.688,65.12
9,"2024-09-03 05:00:00+00:00",0,6,26.082,65.12
9,"2024-09-03 05:30:00+00:00",0,6.5,28.371,65.12
9,"2024-09-03 06:00:00+00:00",0,7,23.9085,65.12
9,"2024-09-03 06:30:00+00:00",0,7.5,28.7385,65.12
9,"2024-09-03 07:00:00+00:00",0,8,24.3915,65.12
9,"2024-09-03 07:30:00+00:00",0,8.5,25.5045,65.12
9,"2024-09-03 08:00:00+00:00",0,9,23.2575,65.12
9,"2024-09-03 08:30:00+00:00",0,9.5,22.218,65.12
9,"2024-09-03 09:00:00+00:00",0,10,20.769,65.12
9,"2024-09-03 09:30:00+00:00",0,10.5,19.677,65.12
9,"2024-09-03 10:00:00+00:00",0,11,18.5955,65.12
9,"2024-09-03 10:30:00+00:00",0,11.5,18.522,65.12
9,"2024-09-03 11:00:00+00:00",0,12,18.7215,65.12
9,"2024-09-03 11:30:00+00:00",0,12.5,18.4485,65.12
9,"2024-09-03 12:00:00+00:00",0,13,18.837,65.12
9,"2024-09-03 12:30:00+00:00",0,13.5,18.207,65.12
9,"2024-09-03 13:00:00+00:00",0,14,17.682,65.12
9,"2024-09-03 13:30:00+00:00",0,14.5,18.354,65.12
9,"2024-09-03 14:00:00+00:00",0,15,19.677,65.12
9,"2024-09-03 14:30:00+00:00",0,15.5,19.677,65.12
9,"2024-09-03 15:00:00+00:00",0,16,31.353,65.12
9,"2024-09-03 15:30:00+00:00",0,16.5,32.5605,65.12
9,"2024-09-03 16:00:00+00:00",0,17,32.928,65.12
9,"2024-09-03 16:30:00+00:00",0,17.5,37.6425,65.12
9,"2024-09-03 17:00:00+00:00",0,18,37.863,65.12
9,"2024-09-03 17:30:00+00:00",0,18.5,38.598,65.12
9,"2024-09-03 18:00:00+00:00",0,19,28.7385,65.12
9,"2024-09-03 18:30:00+00:00",0,19.5,28.2555,65.12
9,"2024-09-03 19:00:00+00:00",0,20,29.7045,65.12
9,"2024-09-03 19:30:00+00:00",0,20.5,28.014,65.12
9,"2024-09-03 20:00:00+00:00",0,21,27.4155,65.12
9,"2024-09-03 20:30:00+00:00",0,21.5,24.339,65.12
9,"2024-09-03 21:00:00+00:00",0,22,23.247,65.12
9,"2024-09-03 21:30:00+00:00",0,22.5,20.1915,65.12
9,"2024-09-03 22:00:00+00:00",0,23,21.4935,65.12
9,"2024-09-03 22:30:00+00:00",0,23.5,21.4935,65.12
9,"2024-09-03 23:00:00+00:00",0,0,19.194,65.12
9,"2024-09-03 23:30:00+00:00",0,0.5,18.5115,65.12
9,"2024-09-04 00:00:00+00:00",0,1,18.5115,65.12
9,"2024-09-04 00:30:00+00:00",0,1.5,18.5115,65.12
9,"2024-09-04 01:00:00+00:00",0,2,18.5115,65.12
9,"2024-09-04 01:30:00+00:00",0,2.5,18.5115,65.12
9,"2024-09-04 02:00:00+00:00",0,3,17.388,65.12
9,"2024-09-04 02:30:00+00:00",0,3.5,17.1675,65.12
9,"2024-09-04 03:00:00+00:00",0,4,18.5115,65.12
9,"2024-09-04 03:30:00+00:00",0,4.5,18.5115,65.12
9,"2024-09-04 04:00:00+00:00",0,5,20.307,65.12
9,"2024-09-04 04:30:00+00:00",0,5.5,20.0445,65.12
9,"2024-09-04 05:00:00+00:00",0,6,22.701,65.12
9,"2024-09-04 05:30:00+00:00",0,6.5,25.5255,65.12
9,"2024-09-04 06:00:00+00:00",0,7,25.116,65.12
9,"2024-09-04 06:30:00+00:00",0,7.5,27.825,65.12
9,"2024-09-04 07:00:00+00:00",0,8,25.1685,65.12
9,"2024-09-04 07:30:00+00:00",0,8.5,25.599,65.12
9,"2024-09-04 08:00:00+00:00",0,9,24.15,65.12
9,"2024-09-04 08:30:00+00:00",0,9.5,23.184,65.12
9,"2024-09-04 09:00:00+00:00",0,10,20.16,65.12
9,"2024-09-04 09:30:00+00:00",0,10.5,18.7425,65.12
9,"2024-09-04 10:00:00+00:00",0,11,18.5115,65.12
9,"2024-09-04 10:30:00+00:00",0,11.5,18.5115,65.12
9,"2024-09-04 11:00:00+00:00",0,12,18.9315,65.12
9,"2024-09-04 11:30:00+00:00",0,12.5,18.5115,65.12
9,"2024-09-04 12:00:00+00:00",0,13,18.5115,65.12
9,"2024-09-04 12:30:00+00:00",0,13.5,18.4065,65.12
9,"2024-09-04 13:00:00+00:00",0,14,18.984,65.12
9,"2024-09-04 13:30:00+00:00",0,14.5,18.5115,65.12
9,"2024-09-04 14:00:00+00:00",0,15,19.929,65.12
9,"2024-09-04 14:30:00+00:00",0,15.5,20.622,65.12
9,"2024-09-04 15:00:00+00:00",0,16,32.676,65.12
9,"2024-09-04 15:30:00+00:00",0,16.5,34.0095,65.12
9,"2024-09-04 16:00:00+00:00",0,17,36.792,65.12
9,"2024-09-04 16:30:00+00:00",0,17.5,39.69,65.12
9,"2024-09-04 17:00:00+00:00",0,18,37.3905,65.12
9,"2024-09-04 17:30:00+00:00",0,18.5,37.632,65.12
9,"2024-09-04 18:00:00+00:00",0,19,26.691,65.12
9,"2024-09-04 18:30:00+00:00",0,19.5,26.208,65.12
9,"2024-09-04 19:00:00+00:00",0,20,26.292,65.12
9,"2024-09-04 19:30:00+00:00",0,20.5,23.667,65.12
9,"2024-09-04 20:00:00+00:00",0,21,23.541,65.12
9,"2024-09-04 20:30:00+00:00",0,21.5,18.5115,65.12
9,"2024-09-04 21:00:00+00:00",0,22,19.446,65.12
9,"2024-09-04 21:30:00+00:00",0,22.5,19.5615,65.12
9,"2024-09-04 22:00:00+00:00",0,23,19.32,65.12
9,"2024-09-04 22:30:00+00:00",0,23.5,20.16,65.12
9,"2024-09-04 23:00:00+00:00",0,0,20.433,65.12
9,"2024-09-04 23:30:00+00:00",0,0.5,19.8975,65.12
9,"2024-09-05 00:00:00+00:00",0,1,20.475,65.12
9,"2024-09-05 00:30:00+00:00",0,1.5,18.9,65.12
9,"2024-09-05 01:00:00+00:00",0,2,19.194,65.12
9,"2024-09-05 01:30:00+00:00",0,2.5,17.598,65.12
9,"2024-09-05 02:00:00+00:00",0,3,18.0495,65.12
9,"2024-09-05 02:30:00+00:00",0,3.5,17.514,65.12
9,"2024-09-05 03:00:00+00:00",0,4,16.8105,65.12
9,"2024-09-05 03:30:00+00:00",0,4.5,16.905,65.12
9,"2024-09-05 04:00:00+00:00",0,5,17.682,65.12
9,"2024-09-05 04:30:00+00:00",0,5.5,19.7505,65.12
9,"2024-09-05 05:00:00+00:00",0,6,21.6825,65.12
9,"2024-09-05 05:30:00+00:00",0,6.5,21.9765,65.12
9,"2024-09-05 06:00:00+00:00",0,7,22.827,65.12
9,"2024-09-05 06:30:00+00:00",0,7.5,25.725,65.12
9,"2024-09-05 07:00:00+00:00",0,8,21.0105,65.12
9,"2024-09-05 07:30:00+00:00",0,8.5,21.378,65.12
9,"2024-09-05 08:00:00+00:00",0,9,22.029,65.12
9,"2024-09-05 08:30:00+00:00",0,9.5,19.824,65.12
9,"2024-09-05 09:00:00+00:00",0,10,19.8975,65.12
9,"2024-09-05 09:30:00+00:00",0,10.5,19.8555,65.12
9,"2024-09-05 10:00:00+00:00",0,11,18.354,65.12
9,"2024-09-05 10:30:00+00:00",0,11.5,21.3675,65.12
9,"2024-09-05 11:00:00+00:00",0,12,21.252,65.12
9,"2024-09-05 11:30:00+00:00",0,12.5,19.32,65.12
9,"2024-09-05 12:00:00+00:00",0,13,18.312,65.12
9,"2024-09-05 12:30:00+00:00",0,13.5,17.2935,65.12
9,"2024-09-05 13:00:00+00:00",0,14,16.1805,65.12
9,"2024-09-05 13:30:00+00:00",0,14.5,15.6975,65.12
9,"2024-09-05 14:00:00+00:00",0,15,15.6765,65.12
9,"2024-09-05 14:30:00+00:00",0,15.5,17.871,65.12
9,"2024-09-05 15:00:00+00:00",0,16,27.846,65.12
9,"2024-09-05 15:30:00+00:00",0,16.5,27.5205,65.12
9,"2024-09-05 16:00:00+00:00",0,17,29.3265,65.12
9,"2024-09-05 16:30:00+00:00",0,17.5,32.0775,65.12
9,"2024-09-05 17:00:00+00:00",0,18,33.432,65.12
9,"2024-09-05 17:30:00+00:00",0,18.5,32.5605,65.12
9,"2024-09-05 18:00:00+00:00",0,19,21.8295,65.12
9,"2024-09-05 18:30:00+00:00",0,19.5,20.307,65.12
9,"2024-09-05 19:00:00+00:00",0,20,20.622,65.12
9,"2024-09-05 19:30:00+00:00",0,20.5,18.1125,65.12
9,"2024-09-05 20:00:00+00:00",0,21,18.543,65.12
9,"2024-09-05 20:30:00+00:00",0,21.5,16.296,65.12
9,"2024-09-05 21:00:00+00:00",0,22,16.191,65.12
9,"2024-09-05 21:30:00+00:00",0,22.5,14.847,65.12
9,"2024-09-05 22:00:00+00:00",0,23,16.905,65.12
9,"2024-09-05 22:30:00+00:00",0,23.5,16.212,65.12
9,"2024-09-05 23:00:00+00:00",0,0,15.456,65.12
9,"2024-09-05 23:30:00+00:00",0,0.5,14.763,65.12
9,"2024-09-06 00:00:00+00:00",0,1,13.3035,65.12
9,"2024-09-06 00:30:00+00:00",0,1.5,13.4505,65.12
9,"2024-09-06 01:00:00+00:00",0,2,12.432,65.12
9,"2024-09-06 01:30:00+00:00",0,2.5,11.466,65.12
9,"2024-09-06 02:00:00+00:00",0,3,12.075,65.12
9,"2024-09-06 02:30:00+00:00",0,3.5,12.075,65.12
9,"2024-09-06 03:00:00+00:00",0,4,15.876,65.12
9,"2024-09-06 03:30:00+00:00",0,4.5,15.456,65.12
9,"2024-09-06 04:00:00+00:00",0,5,18.354,65.12
9,"2024-09-06 04:30:00+00:00",0,5.5,18.858,65.12
9,"2024-09-06 05:00:00+00:00",0,6,22.9425,65.12
9,"2024-09-06 05:30:00+00:00",0,6.5,23.058,65.12
9,"2024-09-06 06:00:00+00:00",0,7,20.769,65.12
9,"2024-09-06 06:30:00+00:00",0,7.5,23.184,65.12
9,"2024-09-06 07:00:00+00:00",0,8,21.252,65.12
9,"2024-09-06 07:30:00+00:00",0,8.5,21.9765,65.12
9,"2024-09-06 08:00:00+00:00",0,9,21.252,65.12
9,"2024-09-06 08:30:00+00:00",0,9.5,20.8215,65.12
9,"2024-09-06 09:00:00+00:00",0,10,20.706,65.12
9,"2024-09-06 09:30:00+00:00",0,10.5,20.286,65.12
9,"2024-09-06 10:00:00+00:00",0,11,19.005,65.12
9,"2024-09-06 10:30:00+00:00",0,11.5,19.32,65.12
9,"2024-09-06 11:00:00+00:00",0,12,20.5275,65.12
9,"2024-09-06 11:30:00+00:00",0,12.5,19.803,65.12
9,"2024-09-06 12:00:00+00:00",0,13,20.3595,65.12
9,"2024-09-06 12:30:00+00:00",0,13.5,18.3225,65.12
9,"2024-09-06 13:00:00+00:00",0,14,18.354,65.12
9,"2024-09-06 13:30:00+00:00",0,14.5,17.493,65.12
9,"2024-09-06 14:00:00+00:00",0,15,17.178,65.12
9,"2024-09-06 14:30:00+00:00",0,15.5,17.22,65.12
9,"2024-09-06 15:00:00+00:00",0,16,30.1455,65.12
9,"2024-09-06 15:30:00+00:00",0,16.5,29.6625,65.12
9,"2024-09-06 16:00:00+00:00",0,17,32.5815,65.12
9,"2024-09-06 16:30:00+00:00",0,17.5,34.4925,65.12
9,"2024-09-06 17:00:00+00:00",0,18,35.1435,65.12
9,"2024-09-06 17:30:00+00:00",0,18.5,35.7,65.12
9,"2024-09-06 18:00:00+00:00",0,19,24.633,65.12
9,"2024-09-06 18:30:00+00:00",0,19.5,24.927,65.12
9,"2024-09-06 19:00:00+00:00",0,20,22.7955,65.12
9,"2024-09-06 19:30:00+00:00",0,20.5,19.383,65.12
9,"2024-09-06 20:00:00+00:00",0,21,23.184,65.12
9,"2024-09-06 20:30:00+00:00",0,21.5,18.8895,65.12
9,"2024-09-06 21:00:00+00:00",0,22,20.5275,65.12
9,"2024-09-06 21:30:00+00:00",0,22.5,20.2755,65.12
9,"2024-09-06 22:00:00+00:00",0,23,21.0105,65.12
9,"2024-09-06 22:30:00+00:00",0,23.5,20.433,65.12
9,"2024-09-06 23:00:00+00:00",0,0,21.0105,65.12
9,"2024-09-06 23:30:00+00:00",0,0.5,20.286,65.12
9,"2024-09-07 00:00:00+00:00",1,1,19.026,65.12
9,"2024-09-07 00:30:00+00:00",1,1.5,18.837,65.12
9,"2024-09-07 01:00:00+00:00",1,2,17.6295,65.12
9,"2024-09-07 01:30:00+00:00",1,2.5,16.6635,65.12
9,"2024-09-07 02:00:00+00:00",1,3,18.333,65.12
9,"2024-09-07 02:30:00+00:00",1,3.5,17.7555,65.12
9,"2024-09-07 03:00:00+00:00",1,4,18.732,65.12
9,"2024-09-07 03:30:00+00:00",1,4.5,17.724,65.12
9,"2024-09-07 04:00:00+00:00",1,5,18.2595,65.12
9,"2024-09-07 04:30:00+00:00",1,5.5,18.165,65.12
9,"2024-09-07 05:00:00+00:00",1,6,21.735,65.12
9,"2024-09-07 05:30:00+00:00",1,6.5,19.803,65.12
9,"2024-09-07 06:00:00+00:00",1,7,18.333,65.12
9,"2024-09-07 06:30:00+00:00",1,7.5,18.858,65.12
9,"2024-09-07 07:00:00+00:00",1,8,17.7555,65.12
9,"2024-09-07 07:30:00+00:00",1,8.5,19.8555,65.12
9,"2024-09-07 08:00:00+00:00",1,9,21.861,65.12
9,"2024-09-07 08:30:00+00:00",1,9.5,22.722,65.12
9,"2024-09-07 09:00:00+00:00",1,10,22.4595,65.12
9,"2024-09-07 09:30:00+00:00",1,10.5,22.2915,65.12
9,"2024-09-07 10:00:00+00:00",1,11,21.4935,65.12
9,"2024-09-07 10:30:00+00:00",1,11.5,21.0105,65.12
9,"2024-09-07 11:00:00+00:00",1,12,22.092,65.12
9,"2024-09-07 11:30:00+00:00",1,12.5,20.643,65.12
9,"2024-09-07 12:00:00+00:00",1,13,18.732,65.12
9,"2024-09-07 12:30:00+00:00",1,13.5,17.6295,65.12
9,"2024-09-07 13:00:00+00:00",1,14,19.992,65.12
9,"2024-09-07 13:30:00+00:00",1,14.5,20.286,65.12
9,"2024-09-07 14:00:00+00:00",1,15,18.732,65.12
9,"2024-09-07 14:30:00+00:00",1,15.5,21.273,65.12
9,"2024-09-07 15:00:00+00:00",1,16,32.907,65.12
9,"2024-09-07 15:30:00+00:00",1,16.5,33.4215,65.12
9,"2024-09-07 16:00:00+00:00",1,17,37.3905,65.12
9,"2024-09-07 16:30:00+00:00",1,17.5,40.047,65.12
9,"2024-09-07 17:00:00+00:00",1,18,39.102,65.12
9,"2024-09-07 17:30:00+00:00",1,18.5,38.3565,65.12
9,"2024-09-07 18:00:00+00:00",1,19,26.565,65.12
9,"2024-09-07 18:30:00+00:00",1,19.5,27.4365,65.12
9,"2024-09-07 19:00:00+00:00",1,20,24.339,65.12
9,"2024-09-07 19:30:00+00:00",1,20.5,21.882,65.12
9,"2024-09-07 20:00:00+00:00",1,21,20.5485,65.12
9,"2024-09-07 20:30:00+00:00",1,21.5,18.1125,65.12
9,"2024-09-07 21:00:00+00:00",1,22,20.748,65.12
9,"2024-09-07 21:30:00+00:00",1,22.5,20.643,65.12
9,"2024-09-07 22:00:00+00:00",1,23,23.1105,65.12
9,"2024-09-07 22:30:00+00:00",1,23.5,24.15,65.12
9,"2024-09-07 23:00:00+00:00",1,0,22.9425,65.12
9,"2024-09-07 23:30:00+00:00",1,0.5,22.575,65.12
9,"2024-09-08 00:00:00+00:00",1,1,21.735,65.12
9,"2024-09-08 00:30:00+00:00",1,1.5,21.735,65.12
9,"2024-09-08 01:00:00+00:00",1,2,19.5615,65.12
9,"2024-09-08 01:30:00+00:00",1,2.5,17.955,65.12
9,"2024-09-08 02:00:00+00:00",1,3,18.354,65.12
9,"2024-09-08 02:30:00+00:00",1,3.5,17.955,65.12
9,"2024-09-08 03:00:00+00:00",1,4,17.955,65.12
9,"2024-09-08 03:30:00+00:00",1,4.5,17.955,65.12
9,"2024-09-08 04:00:00+00:00",1,5,17.157,65.12
9,"2024-09-08 04:30:00+00:00",1,5.5,17.157,65.12
9,"2024-09-08 05:00:00+00:00",1,6,16.905,65.12
9,"2024-09-08 05:30:00+00:00",1,6.5,18.0075,65.12
9,"2024-09-08 06:00:00+00:00",1,7,14.826,65.12
9,"2024-09-08 06:30:00+00:00",1,7.5,17.5665,65.12
9,"2024-09-08 07:00:00+00:00",1,8,15.939,65.12
9,"2024-09-08 07:30:00+00:00",1,8.5,19.173,65.12
9,"2024-09-08 08:00:00+00:00",1,9,21.0105,65.12
9,"2024-09-08 08:30:00+00:00",1,9.5,22.365,65.12
9,"2024-09-08 09:00:00+00:00",1,10,22.386,65.12
9,"2024-09-08 09:30:00+00:00",1,10.5,21.1785,65.12
9,"2024-09-08 10:00:00+00:00",1,11,21.567,65.12
9,"2024-09-08 10:30:00+00:00",1,11.5,22.4595,65.12
9,"2024-09-08 11:00:00+00:00",1,12,21.0105,65.12
9,"2024-09-08 11:30:00+00:00",1,12.5,19.3935,65.12
9,"2024-09-08 12:00:00+00:00",1,13,17.871,65.12
9,"2024-09-08 12:30:00+00:00",1,13.5,16.905,65.12
9,"2024-09-08 13:00:00+00:00",1,14,14.49,65.12
9,"2024-09-08 13:30:00+00:00",1,14.5,14.4165,65.12
9,"2024-09-08 14:00:00+00:00",1,15,14.2485,65.12
9,"2024-09-08 14:30:00+00:00",1,15.5,15.939,65.12
9,"2024-09-08 15:00:00+00:00",1,16,28.5915,65.12
9,"2024-09-08 15:30:00+00:00",1,16.5,29.421,65.12
9,"2024-09-08 16:00:00+00:00",1,17,30.387,65.12
9,"2024-09-08 16:30:00+00:00",1,17.5,33.5265,65.12
9,"2024-09-08 17:00:00+00:00",1,18,34.587,65.12
9,"2024-09-08 17:30:00+00:00",1,18.5,34.734,65.12
9,"2024-09-08 18:00:00+00:00",1,19,23.835,65.12
9,"2024-09-08 18:30:00+00:00",1,19.5,23.436,65.12
9,"2024-09-08 19:00:00+00:00",1,20,23.058,65.12
9,"2024-09-08 19:30:00+00:00",1,20.5,20.643,65.12
9,"2024-09-08 20:00:00+00:00",1,21,20.643,65.12
9,"2024-09-08 20:30:00+00:00",1,21.5,17.514,65.12
9,"2024-09-08 21:00:00+00:00",1,22,18.9,65.12
9,"2024-09-08 21:30:00+00:00",1,22.5,16.8105,65.12
9,"2024-09-08 22:00:00+00:00",1,23,20.475,65.12
9,"2024-09-08 22:30:00+00:00",1,23.5,19.32,65.12
9,"2024-09-08 23:00:00+00:00",1,0,19.0785,65.12
9,"2024-09-08 23:30:00+00:00",1,0.5,17.6295,65.12
9,"2024-09-09 00:00:00+00:00",0,1,17.766,65.12
9,"2024-09-09 00:30:00+00:00",0,1.5,17.766,65.12
9,"2024-09-09 01:00:00+00:00",0,2,17.8395,65.12
9,"2024-09-09 01:30:00+00:00",0,2.5,15.624,65.12
9,"2024-09-09 02:00:00+00:00",0,3,17.7345,65.12
9,"2024-09-09 02:30:00+00:00",0,3.5,16.716,65.12
9,"2024-09-09 03:00:00+00:00",0,4,16.9995,65.12
9,"2024-09-09 03:30:00+00:00",0,4.5,15.918,65.12
9,"2024-09-09 04:00:00+00:00",0,5,16.3275,65.12
9,"2024-09-09 04:30:00+00:00",0,5.5,16.905,65.12
9,"2024-09-09 05:00:00+00:00",0,6,20.286,65.12
9,"2024-09-09 05:30:00+00:00",0,6.5,22.701,65.12
9,"2024-09-09 06:00:00+00:00",0,7,24.15,65.12
9,"2024-09-09 06:30:00+00:00",0,7.5,27.825,65.12
9,"2024-09-09 07:00:00+00:00",0,8,25.8405,65.12
9,"2024-09-09 07:30:00+00:00",0,8.5,26.271,65.12
9,"2024-09-09 08:00:00+00:00",0,9,22.4595,65.12
9,"2024-09-09 08:30:00+00:00",0,9.5,20.769,65.12
9,"2024-09-09 09:00:00+00:00",0,10,17.6295,65.12
9,"2024-09-09 09:30:00+00:00",0,10.5,18.0915,65.12
9,"2024-09-09 10:00:00+00:00",0,11,16.422,65.12
9,"2024-09-09 10:30:00+00:00",0,11.5,16.779,65.12
9,"2024-09-09 11:00:00+00:00",0,12,16.6635,65.12
9,"2024-09-09 11:30:00+00:00",0,12.5,16.1805,65.12
9,"2024-09-09 12:00:00+00:00",0,13,16.1805,65.12
9,"2024-09-09 12:30:00+00:00",0,13.5,16.1805,65.12
9,"2024-09-09 13:00:00+00:00",0,14,16.1805,65.12
9,"2024-09-09 13:30:00+00:00",0,14.5,16.2015,65.12
9,"2024-09-09 14:00:00+00:00",0,15,16.1805,65.12
9,"2024-09-09 14:30:00+00:00",0,15.5,15.6975,65.12
9,"2024-09-09 15:00:00+00:00",0,16,27.7305,65.12
9,"2024-09-09 15:30:00+00:00",0,16.5,28.455,65.12
9,"2024-09-09 16:00:00+00:00",0,17,30.576,65.12
9,"2024-09-09 16:30:00+00:00",0,17.5,34.923,65.12
9,"2024-09-09 17:00:00+00:00",0,18,37.0545,65.12
9,"2024-09-09 17:30:00+00:00",0,18.5,37.758,65.12
9,"2024-09-09 18:00:00+00:00",0,19,24.15,65.12
9,"2024-09-09 18:30:00+00:00",0,19.5,23.793,65.12
9,"2024-09-09 19:00:00+00:00",0,20,20.769,65.12
9,"2024-09-09 19:30:00+00:00",0,20.5,16.905,65.12
9,"2024-09-09 20:00:00+00:00",0,21,17.3565,65.12
9,"2024-09-09 20:30:00+00:00",0,21.5,15.6975,65.12
9,"2024-09-09 21:00:00+00:00",0,22,15.603,65.12
9,"2024-09-09 21:30:00+00:00",0,22.5,14.49,65.12
9,"2024-09-09 22:00:00+00:00",0,23,19.32,65.12
9,"2024-09-09 22:30:00+00:00",0,23.5,13.524,65.12
9,"2024-09-09 23:00:00+00:00",0,0,10.8675,65.12
9,"2024-09-09 23:30:00+00:00",0,0.5,8.4525,65.12
9,"2024-09-10 00:00:00+00:00",0,1,6.0375,65.12
9,"2024-09-10 00:30:00+00:00",0,1.5,3.864,65.12
9,"2024-09-10 01:00:00+00:00",0,2,2.6355,65.12
9,"2024-09-10 01:30:00+00:00",0,2.5,-1.2075,65.12
9,"2024-09-10 02:00:00+00:00",0,3,1.3335,65.12
9,"2024-09-10 02:30:00+00:00",0,3.5,0,65.12
9,"2024-09-10 03:00:00+00:00",0,4,2.898,65.12
9,"2024-09-10 03:30:00+00:00",0,4.5,1.932,65.12
9,"2024-09-10 04:00:00+00:00",0,5,0.6195,65.12
9,"2024-09-10 04:30:00+00:00",0,5.5,3.4755,65.12
9,"2024-09-10 05:00:00+00:00",0,6,5.796,65.12
9,"2024-09-10 05:30:00+00:00",0,6.5,9.198,65.12
9,"2024-09-10 06:00:00+00:00",0,7,12.075,65.12
9,"2024-09-10 06:30:00+00:00",0,7.5,15.12,65.12
9,"2024-09-10 07:00:00+00:00",0,8,12.3165,65.12
9,"2024-09-10 07:30:00+00:00",0,8.5,12.075,65.12
9,"2024-09-10 08:00:00+00:00",0,9,10.3845,65.12
9,"2024-09-10 08:30:00+00:00",0,9.5,10.3845,65.12
9,"2024-09-10 09:00:00+00:00",0,10,2.415,65.12
9,"2024-09-10 09:30:00+00:00",0,10.5,1.5645,65.12
9,"2024-09-10 10:00:00+00:00",0,11,-0.1785,65.12
9,"2024-09-10 10:30:00+00:00",0,11.5,0.189,65.12
9,"2024-09-10 11:00:00+00:00",0,12,2.415,65.12
9,"2024-09-10 11:30:00+00:00",0,12.5,0.777,65.12
9,"2024-09-10 12:00:00+00:00",0,13,2.3415,65.12
9,"2024-09-10 12:30:00+00:00",0,13.5,0.462,65.12
9,"2024-09-10 13:00:00+00:00",0,14,2.1735,65.12
9,"2024-09-10 13:30:00+00:00",0,14.5,1.1865,65.12
9,"2024-09-10 14:00:00+00:00",0,15,0,65.12
9,"2024-09-10 14:30:00+00:00",0,15.5,2.289,65.12
9,"2024-09-10 15:00:00+00:00",0,16,15.1725,65.12
9,"2024-09-10 15:30:00+00:00",0,16.5,24.8325,65.12
9,"2024-09-10 16:00:00+00:00",0,17,28.2135,65.12
9,"2024-09-10 16:30:00+00:00",0,17.5,32.4345,65.12
9,"2024-09-10 17:00:00+00:00",0,18,32.025,65.12
9,"2024-09-10 17:30:00+00:00",0,18.5,33.5265,65.12
9,"2024-09-10 18:00:00+00:00",0,19,22.701,65.12
9,"2024-09-10 18:30:00+00:00",0,19.5,23.1945,65.12
9,"2024-09-10 19:00:00+00:00",0,20,24.339,65.12
9,"2024-09-10 19:30:00+00:00",0,20.5,23.163,65.12
9,"2024-09-10 20:00:00+00:00",0,21,22.9425,65.12
9,"2024-09-10 20:30:00+00:00",0,21.5,17.9235,65.12
9,"2024-09-10 21:00:00+00:00",0,22,15.6975,65.12
9,"2024-09-10 21:30:00+00:00",0,22.5,9.9015,65.12
9,"2024-09-10 22:00:00+00:00",0,23,10.4475,65.12
9,"2024-09-10 22:30:00+00:00",0,23.5,3.1395,65.12
9,"2024-09-10 23:00:00+00:00",0,0,3.255,65.12
9,"2024-09-10 23:30:00+00:00",0,0.5,3.6015,65.12
9,"2024-09-11 00:00:00+00:00",0,1,2.898,65.12
9,"2024-09-11 00:30:00+00:00",0,1.5,3.381,65.12
9,"2024-09-11 01:00:00+00:00",0,2,6.0165,65.12
9,"2024-09-11 01:30:00+00:00",0,2.5,2.415,65.12
9,"2024-09-11 02:00:00+00:00",0,3,3.843,65.12
9,"2024-09-11 02:30:00+00:00",0,3.5,3.549,65.12
9,"2024-09-11 03:00:00+00:00",0,4,4.767,65.12
9,"2024-09-11 03:30:00+00:00",0,4.5,2.6565,65.12
9,"2024-09-11 04:00:00+00:00",0,5,3.864,65.12
9,"2024-09-11 04:30:00+00:00",0,5.5,8.442,65.12
9,"2024-09-11 05:00:00+00:00",0,6,18.228,65.12
9,"2024-09-11 05:30:00+00:00",0,6.5,21.4935,65.12
9,"2024-09-11 06:00:00+00:00",0,7,21.588,65.12
9,"2024-09-11 06:30:00+00:00",0,7.5,23.9085,65.12
9,"2024-09-11 07:00:00+00:00",0,8,21.0105,65.12
9,"2024-09-11 07:30:00+00:00",0,8.5,21.0105,65.12
9,"2024-09-11 08:00:00+00:00",0,9,17.388,65.12
9,"2024-09-11 08:30:00+00:00",0,9.5,12.3795,65.12
9,"2024-09-11 09:00:00+00:00",0,10,12.642,65.12
9,"2024-09-11 09:30:00+00:00",0,10.5,10.3845,65.12
9,"2024-09-11 10:00:00+00:00",0,11,8.988,65.12
9,"2024-09-11 10:30:00+00:00",0,11.5,11.235,65.12
9,"2024-09-11 11:00:00+00:00",0,12,11.5605,65.12
9,"2024-09-11 11:30:00+00:00",0,12.5,8.1795,65.12
9,"2024-09-11 12:00:00+00:00",0,13,9.4185,65.12
9,"2024-09-11 12:30:00+00:00",0,13.5,8.043,65.12
9,"2024-09-11 13:00:00+00:00",0,14,9.66,65.12
9,"2024-09-11 13:30:00+00:00",0,14.5,7.245,65.12
9,"2024-09-11 14:00:00+00:00",0,15,10.3845,65.12
9,"2024-09-11 14:30:00+00:00",0,15.5,11.8335,65.12
9,"2024-09-11 15:00:00+00:00",0,16,26.7645,65.12
9,"2024-09-11 15:30:00+00:00",0,16.5,31.5945,65.12
9,"2024-09-11 16:00:00+00:00",0,17,31.353,65.12
9,"2024-09-11 16:30:00+00:00",0,17.5,31.836,65.12
9,"2024-09-11 17:00:00+00:00",0,18,35.532,65.12
9,"2024-09-11 17:30:00+00:00",0,18.5,36.183,65.12
9,"2024-09-11 18:00:00+00:00",0,19,24.6645,65.12
9,"2024-09-11 18:30:00+00:00",0,19.5,24.759,65.12
9,"2024-09-11 19:00:00+00:00",0,20,24.003,65.12
9,"2024-09-11 19:30:00+00:00",0,20.5,20.5275,65.12
9,"2024-09-11 20:00:00+00:00",0,21,20.412,65.12
9,"2024-09-11 20:30:00+00:00",0,21.5,19.5615,65.12
9,"2024-09-11 21:00:00+00:00",0,22,20.5275,65.12
9,"2024-09-11 21:30:00+00:00",0,22.5,18.837,65.12
9,"2024-09-11 22:00:00+00:00",0,23,18.69,65.12
9,"2024-09-11 22:30:00+00:00",0,23.5,16.422,65.12
9,"2024-09-11 23:00:00+00:00",0,0,16.548,65.12
9,"2024-09-11 23:30:00+00:00",0,0.5,16.905,65.12
9,"2024-09-12 00:00:00+00:00",0,1,15.8445,65.12
9,"2024-09-12 00:30:00+00:00",0,1.5,16.905,65.12
9,"2024-09-12 01:00:00+00:00",0,2,15.288,65.12
9,"2024-09-12 01:30:00+00:00",0,2.5,14.763,65.12
9,"2024-09-12 02:00:00+00:00",0,3,14.2485,65.12
9,"2024-09-12 02:30:00+00:00",0,3.5,14.3325,65.12
9,"2024-09-12 03:00:00+00:00",0,4,17.6295,65.12
9,"2024-09-12 03:30:00+00:00",0,4.5,14.8785,65.12
9,"2024-09-12 04:00:00+00:00",0,5,18.6795,65.12
9,"2024-09-12 04:30:00+00:00",0,5.5,18.648,65.12
9,"2024-09-12 05:00:00+00:00",0,6,23.184,65.12
9,"2024-09-12 05:30:00+00:00",0,6.5,25.3575,65.12
9,"2024-09-12 06:00:00+00:00",0,7,25.6935,65.12
9,"2024-09-12 06:30:00+00:00",0,7.5,29.631,65.12
9,"2024-09-12 07:00:00+00:00",0,8,23.184,65.12
9,"2024-09-12 07:30:00+00:00",0,8.5,22.3335,65.12
9,"2024-09-12 08:00:00+00:00",0,9,19.5615,65.12
9,"2024-09-12 08:30:00+00:00",0,9.5,17.1255,65.12
9,"2024-09-12 09:00:00+00:00",0,10,16.9155,65.12
9,"2024-09-12 09:30:00+00:00",0,10.5,15.2145,65.12
9,"2024-09-12 10:00:00+00:00",0,11,16.1805,65.12
9,"2024-09-12 10:30:00+00:00",0,11.5,16.5165,65.12
9,"2024-09-12 11:00:00+00:00",0,12,17.031,65.12
9,"2024-09-12 11:30:00+00:00",0,12.5,16.422,65.12
9,"2024-09-12 12:00:00+00:00",0,13,16.905,65.12
9,"2024-09-12 12:30:00+00:00",0,13.5,16.233,65.12
9,"2024-09-12 13:00:00+00:00",0,14,18.1125,65.12
9,"2024-09-12 13:30:00+00:00",0,14.5,16.065,65.12
9,"2024-09-12 14:00:00+00:00",0,15,17.0835,65.12
9,"2024-09-12 14:30:00+00:00",0,15.5,17.0835,65.12
9,"2024-09-12 15:00:00+00:00",0,16,32.193,65.12
9,"2024-09-12 15:30:00+00:00",0,16.5,32.256,65.12
9,"2024-09-12 16:00:00+00:00",0,17,29.421,65.12
9,"2024-09-12 16:30:00+00:00",0,17.5,34.125,65.12
9,"2024-09-12 17:00:00+00:00",0,18,37.0545,65.12
9,"2024-09-12 17:30:00+00:00",0,18.5,38.955,65.12
9,"2024-09-12 18:00:00+00:00",0,19,25.956,65.12
9,"2024-09-12 18:30:00+00:00",0,19.5,25.6935,65.12
9,"2024-09-12 19:00:00+00:00",0,20,24.15,65.12
9,"2024-09-12 19:30:00+00:00",0,20.5,23.058,65.12
9,"2024-09-12 20:00:00+00:00",0,21,21.4935,65.12
9,"2024-09-12 20:30:00+00:00",0,21.5,18.963,65.12
9,"2024-09-12 21:00:00+00:00",0,22,19.488,65.12
9,"2024-09-12 21:30:00+00:00",0,22.5,19.32,65.12
9,"2024-09-12 22:00:00+00:00",0,23,19.803,65.12
9,"2024-09-12 22:30:00+00:00",0,23.5,20.286,65.12
9,"2024-09-12 23:00:00+00:00",0,0,18.186,65.12
9,"2024-09-12 23:30:00+00:00",0,0.5,17.8815,65.12
9,"2024-09-13 00:00:00+00:00",0,1,17.6505,65.12
9,"2024-09-13 00:30:00+00:00",0,1.5,17.871,65.12
9,"2024-09-13 01:00:00+00:00",0,2,17.6295,65.12
9,"2024-09-13 01:30:00+00:00",0,2.5,17.514,65.12
9,"2024-09-13 02:00:00+00:00",0,3,17.535,65.12
9,"2024-09-13 02:30:00+00:00",0,3.5,17.577,65.12
9,"2024-09-13 03:00:00+00:00",0,4,17.682,65.12
9,"2024-09-13 03:30:00+00:00",0,4.5,17.199,65.12
9,"2024-09-13 04:00:00+00:00",0,5,20.412,65.12
9,"2024-09-13 04:30:00+00:00",0,5.5,20.0445,65.12
9,"2024-09-13 05:00:00+00:00",0,6,24.633,65.12
9,"2024-09-13 05:30:00+00:00",0,6.5,26.565,65.12
9,"2024-09-13 06:00:00+00:00",0,7,26.439,65.12
9,"2024-09-13 06:30:00+00:00",0,7.5,29.148,65.12
9,"2024-09-13 07:00:00+00:00",0,8,24.9585,65.12
9,"2024-09-13 07:30:00+00:00",0,8.5,23.7195,65.12
9,"2024-09-13 08:00:00+00:00",0,9,21.8925,65.12
9,"2024-09-13 08:30:00+00:00",0,9.5,19.4985,65.12
9,"2024-09-13 09:00:00+00:00",0,10,18.228,65.12
9,"2024-09-13 09:30:00+00:00",0,10.5,18.9,65.12
9,"2024-09-13 10:00:00+00:00",0,11,17.682,65.12
9,"2024-09-13 10:30:00+00:00",0,11.5,18.06,65.12
9,"2024-09-13 11:00:00+00:00",0,12,18.0075,65.12
9,"2024-09-13 11:30:00+00:00",0,12.5,17.3355,65.12
9,"2024-09-13 12:00:00+00:00",0,13,18.018,65.12
9,"2024-09-13 12:30:00+00:00",0,13.5,15.8445,65.12
9,"2024-09-13 13:00:00+00:00",0,14,17.997,65.12
9,"2024-09-13 13:30:00+00:00",0,14.5,16.926,65.12
9,"2024-09-13 14:00:00+00:00",0,15,17.535,65.12
9,"2024-09-13 14:30:00+00:00",0,15.5,18.837,65.12
9,"2024-09-13 15:00:00+00:00",0,16,30.093,65.12
9,"2024-09-13 15:30:00+00:00",0,16.5,32.1825,65.12
9,"2024-09-13 16:00:00+00:00",0,17,32.8965,65.12
9,"2024-09-13 16:30:00+00:00",0,17.5,35.7,65.12
9,"2024-09-13 17:00:00+00:00",0,18,35.0805,65.12
9,"2024-09-13 17:30:00+00:00",0,18.5,36.5295,65.12
9,"2024-09-13 18:00:00+00:00",0,19,25.0845,65.12
9,"2024-09-13 18:30:00+00:00",0,19.5,24.8745,65.12
9,"2024-09-13 19:00:00+00:00",0,20,25.1055,65.12
9,"2024-09-13 19:30:00+00:00",0,20.5,21.63,65.12
9,"2024-09-13 20:00:00+00:00",0,21,18.837,65.12
9,"2024-09-13 20:30:00+00:00",0,21.5,15.2775,65.12
9,"2024-09-13 21:00:00+00:00",0,22,18.1125,65.12
9,"2024-09-13 21:30:00+00:00",0,22.5,15.3615,65.12
9,"2024-09-13 22:00:00+00:00",0,23,20.5275,65.12
9,"2024-09-13 22:30:00+00:00",0,23.5,21.735,65.12
9,"2024-09-13 23:00:00+00:00",0,0,20.8635,65.12
9,"2024-09-13 23:30:00+00:00",0,0.5,20.706,65.12
9,"2024-09-14 00:00:00+00:00",1,1,19.341,65.12
9,"2024-09-14 00:30:00+00:00",1,1.5,19.677,65.12
9,"2024-09-14 01:00:00+00:00",1,2,18.48,65.12
9,"2024-09-14 01:30:00+00:00",1,2.5,16.3695,65.12
9,"2024-09-14 02:00:00+00:00",1,3,13.524,65.12
9,"2024-09-14 02:30:00+00:00",1,3.5,12.264,65.12
9,"2024-09-14 03:00:00+00:00",1,4,13.2825,65.12
9,"2024-09-14 03:30:00+00:00",1,4.5,12.3165,65.12
9,"2024-09-14 04:00:00+00:00",1,5,12.075,65.12
9,"2024-09-14 04:30:00+00:00",1,5.5,14.217,65.12
9,"2024-09-14 05:00:00+00:00",1,6,18.816,65.12
9,"2024-09-14 05:30:00+00:00",1,6.5,21.126,65.12
9,"2024-09-14 06:00:00+00:00",1,7,20.1915,65.12
9,"2024-09-14 06:30:00+00:00",1,7.5,22.701,65.12
9,"2024-09-14 07:00:00+00:00",1,8,19.2675,65.12
9,"2024-09-14 07:30:00+00:00",1,8.5,20.265,65.12
9,"2024-09-14 08:00:00+00:00",1,9,18.8055,65.12
9,"2024-09-14 08:30:00+00:00",1,9.5,15.309,65.12
9,"2024-09-14 09:00:00+00:00",1,10,12.075,65.12
9,"2024-09-14 09:30:00+00:00",1,10.5,8.694,65.12
9,"2024-09-14 10:00:00+00:00",1,11,2.415,65.12
9,"2024-09-14 10:30:00+00:00",1,11.5,0.966,65.12
9,"2024-09-14 11:00:00+00:00",1,12,0.2415,65.12
9,"2024-09-14 11:30:00+00:00",1,12.5,0,65.12
9,"2024-09-14 12:00:00+00:00",1,13,0.2415,65.12
9,"2024-09-14 12:30:00+00:00",1,13.5,-0.7455,65.12
9,"2024-09-14 13:00:00+00:00",1,14,-0.483,65.12
9,"2024-09-14 13:30:00+00:00",1,14.5,0.252,65.12
9,"2024-09-14 14:00:00+00:00",1,15,1.5015,65.12
9,"2024-09-14 14:30:00+00:00",1,15.5,2.415,65.12
9,"2024-09-14 15:00:00+00:00",1,16,21.1575,65.12
9,"2024-09-14 15:30:00+00:00",1,16.5,24.108,65.12
9,"2024-09-14 16:00:00+00:00",1,17,27.7305,65.12
9,"2024-09-14 16:30:00+00:00",1,17.5,32.634,65.12
9,"2024-09-14 17:00:00+00:00",1,18,35.7,65.12
9,"2024-09-14 17:30:00+00:00",1,18.5,35.7,65.12
9,"2024-09-14 18:00:00+00:00",1,19,22.365,65.12
9,"2024-09-14 18:30:00+00:00",1,19.5,22.1235,65.12
9,"2024-09-14 19:00:00+00:00",1,20,22.1445,65.12
9,"2024-09-14 19:30:00+00:00",1,20.5,21.105,65.12
9,"2024-09-14 20:00:00+00:00",1,21,21.252,65.12
9,"2024-09-14 20:30:00+00:00",1,21.5,17.9655,65.12
9,"2024-09-14 21:00:00+00:00",1,22,20.097,65.12
9,"2024-09-14 21:30:00+00:00",1,22.5,17.388,65.12
9,"2024-09-14 22:00:00+00:00",1,23,16.548,65.12
9,"2024-09-14 22:30:00+00:00",1,23.5,14.616,65.12
9,"2024-09-14 23:00:00+00:00",1,0,13.524,65.12
9,"2024-09-14 23:30:00+00:00",1,0.5,14.007,65.12
9,"2024-09-15 00:00:00+00:00",1,1,10.8675,65.12
9,"2024-09-15 00:30:00+00:00",1,1.5,12.201,65.12
9,"2024-09-15 01:00:00+00:00",1,2,13.713,65.12
9,"2024-09-15 01:30:00+00:00",1,2.5,13.524,65.12
9,"2024-09-15 02:00:00+00:00",1,3,13.7655,65.12
9,"2024-09-15 02:30:00+00:00",1,3.5,13.818,65.12
9,"2024-09-15 03:00:00+00:00",1,4,13.7655,65.12
9,"2024-09-15 03:30:00+00:00",1,4.5,13.9125,65.12
9,"2024-09-15 04:00:00+00:00",1,5,13.398,65.12
9,"2024-09-15 04:30:00+00:00",1,5.5,14.973,65.12
9,"2024-09-15 05:00:00+00:00",1,6,14.994,65.12
9,"2024-09-15 05:30:00+00:00",1,6.5,17.997,65.12
9,"2024-09-15 06:00:00+00:00",1,7,17.8395,65.12
9,"2024-09-15 06:30:00+00:00",1,7.5,19.2885,65.12
9,"2024-09-15 07:00:00+00:00",1,8,16.464,65.12
9,"2024-09-15 07:30:00+00:00",1,8.5,20.328,65.12
9,"2024-09-15 08:00:00+00:00",1,9,20.5275,65.12
9,"2024-09-15 08:30:00+00:00",1,9.5,20.5275,65.12
9,"2024-09-15 09:00:00+00:00",1,10,20.5275,65.12
9,"2024-09-15 09:30:00+00:00",1,10.5,19.0785,65.12
9,"2024-09-15 10:00:00+00:00",1,11,18.2385,65.12
9,"2024-09-15 10:30:00+00:00",1,11.5,19.4775,65.12
9,"2024-09-15 11:00:00+00:00",1,12,19.32,65.12
9,"2024-09-15 11:30:00+00:00",1,12.5,19.32,65.12
9,"2024-09-15 12:00:00+00:00",1,13,20.2125,65.12
9,"2024-09-15 12:30:00+00:00",1,13.5,19.2045,65.12
9,"2024-09-15 13:00:00+00:00",1,14,19.32,65.12
9,"2024-09-15 13:30:00+00:00",1,14.5,18.5955,65.12
9,"2024-09-15 14:00:00+00:00",1,15,19.32,65.12
9,"2024-09-15 14:30:00+00:00",1,15.5,19.803,65.12
9,"2024-09-15 15:00:00+00:00",1,16,28.455,65.12
9,"2024-09-15 15:30:00+00:00",1,16.5,29.6625,65.12
9,"2024-09-15 16:00:00+00:00",1,17,32.109,65.12
9,"2024-09-15 16:30:00+00:00",1,17.5,35.4585,65.12
9,"2024-09-15 17:00:00+00:00",1,18,38.598,65.12
9,"2024-09-15 17:30:00+00:00",1,18.5,39.438,65.12
9,"2024-09-15 18:00:00+00:00",1,19,26.565,65.12
9,"2024-09-15 18:30:00+00:00",1,19.5,26.565,65.12
9,"2024-09-15 19:00:00+00:00",1,20,24.7275,65.12
9,"2024-09-15 19:30:00+00:00",1,20.5,21.735,65.12
9,"2024-09-15 20:00:00+00:00",1,21,24.339,65.12
9,"2024-09-15 20:30:00+00:00",1,21.5,20.286,65.12
9,"2024-09-15 21:00:00+00:00",1,22,20.286,65.12
9,"2024-09-15 21:30:00+00:00",1,22.5,18.8895,65.12
9,"2024-09-15 22:00:00+00:00",1,23,18.5955,65.12
9,"2024-09-15 22:30:00+00:00",1,23.5,18.5955,65.12
9,"2024-09-15 23:00:00+00:00",1,0,17.1465,65.12
9,"2024-09-15 23:30:00+00:00",1,0.5,17.1465,65.12
9,"2024-09-16 00:00:00+00:00",0,1,16.5165,65.12
9,"2024-09-16 00:30:00+00:00",0,1.5,16.905,65.12
9,"2024-09-16 01:00:00+00:00",0,2,16.905,65.12
9,"2024-09-16 01:30:00+00:00",0,2.5,16.905,65.12
9,"2024-09-16 02:00:00+00:00",0,3,16.905,65.12
9,"2024-09-16 02:30:00+00:00",0,3.5,17.1465,65.12
9,"2024-09-16 03:00:00+00:00",0,4,16.905,65.12
9,"2024-09-16 03:30:00+00:00",0,4.5,16.422,65.12
9,"2024-09-16 04:00:00+00:00",0,5,19.467,65.12
9,"2024-09-16 04:30:00+00:00",0,5.5,19.32,65.12
9,"2024-09-16 05:00:00+00:00",0,6,24.444,65.12
9,"2024-09-16 05:30:00+00:00",0,6.5,26.964,65.12
9,"2024-09-16 06:00:00+00:00",0,7,27.531,65.12
9,"2024-09-16 06:30:00+00:00",0,7.5,30.723,65.12
9,"2024-09-16 07:00:00+00:00",0,8,25.956,65.12
9,"2024-09-16 07:30:00+00:00",0,8.5,24.633,65.12
9,"2024-09-16 08:00:00+00:00",0,9,23.667,65.12
9,"2024-09-16 08:30:00+00:00",0,9.5,20.79,65.12
9,"2024-09-16 09:00:00+00:00",0,10,19.0155,65.12
9,"2024-09-16 09:30:00+00:00",0,10.5,18.354,65.12
9,"2024-09-16 10:00:00+00:00",0,11,18.2175,65.12
9,"2024-09-16 10:30:00+00:00",0,11.5,18.2175,65.12
9,"2024-09-16 11:00:00+00:00",0,12,18.1125,65.12
9,"2024-09-16 11:30:00+00:00",0,12.5,17.388,65.12
9,"2024-09-16 12:00:00+00:00",0,13,17.4405,65.12
9,"2024-09-16 12:30:00+00:00",0,13.5,17.388,65.12
9,"2024-09-16 13:00:00+00:00",0,14,16.905,65.12
9,"2024-09-16 13:30:00+00:00",0,14.5,18.1125,65.12
9,"2024-09-16 14:00:00+00:00",0,15,16.905,65.12
9,"2024-09-16 14:30:00+00:00",0,15.5,16.926,65.12
9,"2024-09-16 15:00:00+00:00",0,16,29.421,65.12
9,"2024-09-16 15:30:00+00:00",0,16.5,30.87,65.12
9,"2024-09-16 16:00:00+00:00",0,17,32.5395,65.12
9,"2024-09-16 16:30:00+00:00",0,17.5,38.115,65.12
9,"2024-09-16 17:00:00+00:00",0,18,36.897,65.12
9,"2024-09-16 17:30:00+00:00",0,18.5,38.0205,65.12
9,"2024-09-16 18:00:00+00:00",0,19,26.271,65.12
9,"2024-09-16 18:30:00+00:00",0,19.5,25.599,65.12
9,"2024-09-16 19:00:00+00:00",0,20,25.6935,65.12
9,"2024-09-16 19:30:00+00:00",0,20.5,23.1525,65.12
9,"2024-09-16 20:00:00+00:00",0,21,19.047,65.12
9,"2024-09-16 20:30:00+00:00",0,21.5,17.6295,65.12
9,"2024-09-16 21:00:00+00:00",0,22,16.905,65.12
9,"2024-09-16 21:30:00+00:00",0,22.5,16.6845,65.12
9,"2024-09-16 22:00:00+00:00",0,23,18.5955,65.12
9,"2024-09-16 22:30:00+00:00",0,23.5,19.446,65.12
9,"2024-09-16 23:00:00+00:00",0,0,18.123,65.12
9,"2024-09-16 23:30:00+00:00",0,0.5,17.7765,65.12
9,"2024-09-17 00:00:00+00:00",0,1,17.2725,65.12
9,"2024-09-17 00:30:00+00:00",0,1.5,17.2725,65.12
9,"2024-09-17 01:00:00+00:00",0,2,17.2725,65.12
9,"2024-09-17 01:30:00+00:00",0,2.5,17.283,65.12
9,"2024-09-17 02:00:00+00:00",0,3,17.2725,65.12
9,"2024-09-17 02:30:00+00:00",0,3.5,17.0415,65.12
9,"2024-09-17 03:00:00+00:00",0,4,19.5615,65.12
9,"2024-09-17 03:30:00+00:00",0,4.5,17.9655,65.12
9,"2024-09-17 04:00:00+00:00",0,5,21.063,65.12
9,"2024-09-17 04:30:00+00:00",0,5.5,19.32,65.12
9,"2024-09-17 05:00:00+00:00",0,6,22.9425,65.12
9,"2024-09-17 05:30:00+00:00",0,6.5,23.667,65.12
9,"2024-09-17 06:00:00+00:00",0,7,25.893,65.12
9,"2024-09-17 06:30:00+00:00",0,7.5,28.98,65.12
9,"2024-09-17 07:00:00+00:00",0,8,23.5725,65.12
9,"2024-09-17 07:30:00+00:00",0,8.5,22.6065,65.12
9,"2024-09-17 08:00:00+00:00",0,9,20.748,65.12
9,"2024-09-17 08:30:00+00:00",0,9.5,17.1255,65.12
9,"2024-09-17 09:00:00+00:00",0,10,17.871,65.12
9,"2024-09-17 09:30:00+00:00",0,10.5,16.422,65.12
9,"2024-09-17 10:00:00+00:00",0,11,16.422,65.12
9,"2024-09-17 10:30:00+00:00",0,11.5,16.905,65.12
9,"2024-09-17 11:00:00+00:00",0,12,16.8525,65.12
9,"2024-09-17 11:30:00+00:00",0,12.5,16.422,65.12
9,"2024-09-17 12:00:00+00:00",0,13,16.422,65.12
9,"2024-09-17 12:30:00+00:00",0,13.5,15.939,65.12
9,"2024-09-17 13:00:00+00:00",0,14,16.422,65.12
9,"2024-09-17 13:30:00+00:00",0,14.5,16.2015,65.12
9,"2024-09-17 14:00:00+00:00",0,15,15.6975,65.12
9,"2024-09-17 14:30:00+00:00",0,15.5,16.989,65.12
9,"2024-09-17 15:00:00+00:00",0,16,29.6625,65.12
9,"2024-09-17 15:30:00+00:00",0,16.5,31.731,65.12
9,"2024-09-17 16:00:00+00:00",0,17,34.4925,65.12
9,"2024-09-17 16:30:00+00:00",0,17.5,36.981,65.12
9,"2024-09-17 17:00:00+00:00",0,18,38.115,65.12
9,"2024-09-17 17:30:00+00:00",0,18.5,39.312,65.12
9,"2024-09-17 18:00:00+00:00",0,19,24.8745,65.12
9,"2024-09-17 18:30:00+00:00",0,19.5,24.8745,65.12
9,"2024-09-17 19:00:00+00:00",0,20,23.541,65.12
9,"2024-09-17 19:30:00+00:00",0,20.5,18.354,65.12
9,"2024-09-17 20:00:00+00:00",0,21,19.32,65.12
9,"2024-09-17 20:30:00+00:00",0,21.5,16.422,65.12
9,"2024-09-17 21:00:00+00:00",0,22,18.5955,65.12
9,"2024-09-17 21:30:00+00:00",0,22.5,17.871,65.12
9,"2024-09-17 22:00:00+00:00",0,23,18.837,65.12
9,"2024-09-17 22:30:00+00:00",0,23.5,17.871,65.12
9,"2024-09-17 23:00:00+00:00",0,0,17.4615,65.12
9,"2024-09-17 23:30:00+00:00",0,0.5,17.388,65.12
9,"2024-09-18 00:00:00+00:00",0,1,15.939,65.12
9,"2024-09-18 00:30:00+00:00",0,1.5,16.422,65.12
9,"2024-09-18 01:00:00+00:00",0,2,16.905,65.12
9,"2024-09-18 01:30:00+00:00",0,2.5,16.905,65.12
9,"2024-09-18 02:00:00+00:00",0,3,16.8315,65.12
9,"2024-09-18 02:30:00+00:00",0,3.5,15.939,65.12
9,"2024-09-18 03:00:00+00:00",0,4,17.3355,65.12
9,"2024-09-18 03:30:00+00:00",0,4.5,16.905,65.12
9,"2024-09-18 04:00:00+00:00",0,5,20.0445,65.12
9,"2024-09-18 04:30:00+00:00",0,5.5,19.32,65.12
9,"2024-09-18 05:00:00+00:00",0,6,21.924,65.12
9,"2024-09-18 05:30:00+00:00",0,6.5,22.89,65.12
9,"2024-09-18 06:00:00+00:00",0,7,24.759,65.12
9,"2024-09-18 06:30:00+00:00",0,7.5,28.6965,65.12
9,"2024-09-18 07:00:00+00:00",0,8,22.575,65.12
9,"2024-09-18 07:30:00+00:00",0,8.5,22.197,65.12
9,"2024-09-18 08:00:00+00:00",0,9,21.252,65.12
9,"2024-09-18 08:30:00+00:00",0,9.5,17.4615,65.12
9,"2024-09-18 09:00:00+00:00",0,10,18.5325,65.12
9,"2024-09-18 09:30:00+00:00",0,10.5,17.4615,65.12
9,"2024-09-18 10:00:00+00:00",0,11,17.073,65.12
9,"2024-09-18 10:30:00+00:00",0,11.5,16.926,65.12
9,"2024-09-18 11:00:00+00:00",0,12,16.3065,65.12
9,"2024-09-18 11:30:00+00:00",0,12.5,15.939,65.12
9,"2024-09-18 12:00:00+00:00",0,13,16.422,65.12
9,"2024-09-18 12:30:00+00:00",0,13.5,15.939,65.12
9,"2024-09-18 13:00:00+00:00",0,14,16.023,65.12
9,"2024-09-18 13:30:00+00:00",0,14.5,16.0965,65.12
9,"2024-09-18 14:00:00+00:00",0,15,14.973,65.12
9,"2024-09-18 14:30:00+00:00",0,15.5,16.0965,65.12
9,"2024-09-18 15:00:00+00:00",0,16,27.5835,65.12
9,"2024-09-18 15:30:00+00:00",0,16.5,28.455,65.12
9,"2024-09-18 16:00:00+00:00",0,17,32.2665,65.12
9,"2024-09-18 16:30:00+00:00",0,17.5,36.54,65.12
9,"2024-09-18 17:00:00+00:00",0,18,37.6635,65.12
9,"2024-09-18 17:30:00+00:00",0,18.5,38.787,65.12
9,"2024-09-18 18:00:00+00:00",0,19,24.15,65.12
9,"2024-09-18 18:30:00+00:00",0,19.5,23.5725,65.12
9,"2024-09-18 19:00:00+00:00",0,20,20.3385,65.12
9,"2024-09-18 19:30:00+00:00",0,20.5,20.0445,65.12
9,"2024-09-18 20:00:00+00:00",0,21,19.32,65.12
9,"2024-09-18 20:30:00+00:00",0,21.5,18.2175,65.12
9,"2024-09-18 21:00:00+00:00",0,22,18.837,65.12
9,"2024-09-18 21:30:00+00:00",0,22.5,18.5955,65.12
9,"2024-09-18 22:00:00+00:00",0,23,16.926,65.12
9,"2024-09-18 22:30:00+00:00",0,23.5,15.6975,65.12
9,"2024-09-18 23:00:00+00:00",0,0,16.569,65.12
9,"2024-09-18 23:30:00+00:00",0,0.5,16.548,65.12
9,"2024-09-19 00:00:00+00:00",0,1,16.422,65.12
9,"2024-09-19 00:30:00+00:00",0,1.5,16.548,65.12
9,"2024-09-19 01:00:00+00:00",0,2,16.6635,65.12
9,"2024-09-19 01:30:00+00:00",0,2.5,16.422,65.12
9,"2024-09-19 02:00:00+00:00",0,3,16.422,65.12
9,"2024-09-19 02:30:00+00:00",0,3.5,15.8445,65.12
9,"2024-09-19 03:00:00+00:00",0,4,17.3355,65.12
9,"2024-09-19 03:30:00+00:00",0,4.5,16.569,65.12
9,"2024-09-19 04:00:00+00:00",0,5,17.514,65.12
9,"2024-09-19 04:30:00+00:00",0,5.5,17.262,65.12
9,"2024-09-19 05:00:00+00:00",0,6,19.5825,65.12
9,"2024-09-19 05:30:00+00:00",0,6.5,23.961,65.12
9,"2024-09-19 06:00:00+00:00",0,7,21.3255,65.12
9,"2024-09-19 06:30:00+00:00",0,7.5,25.284,65.12
9,"2024-09-19 07:00:00+00:00",0,8,23.373,65.12
9,"2024-09-19 07:30:00+00:00",0,8.5,23.1315,65.12
9,"2024-09-19 08:00:00+00:00",0,9,23.7615,65.12
9,"2024-09-19 08:30:00+00:00",0,9.5,20.8635,65.12
9,"2024-09-19 09:00:00+00:00",0,10,22.029,65.12
9,"2024-09-19 09:30:00+00:00",0,10.5,19.131,65.12
9,"2024-09-19 10:00:00+00:00",0,11,17.388,65.12
9,"2024-09-19 10:30:00+00:00",0,11.5,17.1045,65.12
9,"2024-09-19 11:00:00+00:00",0,12,17.157,65.12
9,"2024-09-19 11:30:00+00:00",0,12.5,16.926,65.12
9,"2024-09-19 12:00:00+00:00",0,13,16.065,65.12
9,"2024-09-19 12:30:00+00:00",0,13.5,15.939,65.12
9,"2024-09-19 13:00:00+00:00",0,14,16.0335,65.12
9,"2024-09-19 13:30:00+00:00",0,14.5,16.926,65.12
9,"2024-09-19 14:00:00+00:00",0,15,16.086,65.12
9,"2024-09-19 14:30:00+00:00",0,15.5,16.863,65.12
9,"2024-09-19 15:00:00+00:00",0,16,28.707,65.12
9,"2024-09-19 15:30:00+00:00",0,16.5,30.0615,65.12
9,"2024-09-19 16:00:00+00:00",0,17,32.6445,65.12
9,"2024-09-19 16:30:00+00:00",0,17.5,36.666,65.12
9,"2024-09-19 17:00:00+00:00",0,18,37.5585,65.12
9,"2024-09-19 17:30:00+00:00",0,18.5,37.821,65.12
9,"2024-09-19 18:00:00+00:00",0,19,23.9085,65.12
9,"2024-09-19 18:30:00+00:00",0,19.5,23.877,65.12
9,"2024-09-19 19:00:00+00:00",0,20,23.184,65.12
9,"2024-09-19 19:30:00+00:00",0,20.5,19.509,65.12
9,"2024-09-19 20:00:00+00:00",0,21,19.0785,65.12
9,"2024-09-19 20:30:00+00:00",0,21.5,17.745,65.12
9,"2024-09-19 21:00:00+00:00",0,22,18.0915,65.12
9,"2024-09-19 21:30:00+00:00",0,22.5,16.4535,65.12
9,"2024-09-19 22:00:00+00:00",0,23,22.701,65.12
9,"2024-09-19 22:30:00+00:00",0,23.5,20.0235,65.12
9,"2024-09-19 23:00:00+00:00",0,0,17.85,65.12
9,"2024-09-19 23:30:00+00:00",0,0.5,17.094,65.12
9,"2024-09-20 00:00:00+00:00",0,1,15.456,65.12
9,"2024-09-20 00:30:00+00:00",0,1.5,15.456,65.12
9,"2024-09-20 01:00:00+00:00",0,2,15.456,65.12
9,"2024-09-20 01:30:00+00:00",0,2.5,15.435,65.12
9,"2024-09-20 02:00:00+00:00",0,3,15.939,65.12
9,"2024-09-20 02:30:00+00:00",0,3.5,15.3195,65.12
9,"2024-09-20 03:00:00+00:00",0,4,17.094,65.12
9,"2024-09-20 03:30:00+00:00",0,4.5,15.456,65.12
9,"2024-09-20 04:00:00+00:00",0,5,20.307,65.12
9,"2024-09-20 04:30:00+00:00",0,5.5,19.509,65.12
9,"2024-09-20 05:00:00+00:00",0,6,21.966,65.12
9,"2024-09-20 05:30:00+00:00",0,6.5,21.966,65.12
9,"2024-09-20 06:00:00+00:00",0,7,20.0235,65.12
9,"2024-09-20 06:30:00+00:00",0,7.5,25.8405,65.12
9,"2024-09-20 07:00:00+00:00",0,8,23.4255,65.12
9,"2024-09-20 07:30:00+00:00",0,8.5,22.68,65.12
9,"2024-09-20 08:00:00+00:00",0,9,22.9425,65.12
9,"2024-09-20 08:30:00+00:00",0,9.5,21.735,65.12
9,"2024-09-20 09:00:00+00:00",0,10,19.341,65.12
9,"2024-09-20 09:30:00+00:00",0,10.5,20.0445,65.12
9,"2024-09-20 10:00:00+00:00",0,11,19.4145,65.12
9,"2024-09-20 10:30:00+00:00",0,11.5,18.795,65.12
9,"2024-09-20 11:00:00+00:00",0,12,17.7975,65.12
9,"2024-09-20 11:30:00+00:00",0,12.5,15.456,65.12
9,"2024-09-20 12:00:00+00:00",0,13,15.792,65.12
9,"2024-09-20 12:30:00+00:00",0,13.5,15.456,65.12
9,"2024-09-20 13:00:00+00:00",0,14,14.973,65.12
9,"2024-09-20 13:30:00+00:00",0,14.5,14.9205,65.12
9,"2024-09-20 14:00:00+00:00",0,15,13.524,65.12
9,"2024-09-20 14:30:00+00:00",0,15.5,15.456,65.12
9,"2024-09-20 15:00:00+00:00",0,16,28.644,65.12
9,"2024-09-20 15:30:00+00:00",0,16.5,29.4,65.12
9,"2024-09-20 16:00:00+00:00",0,17,33.768,65.12
9,"2024-09-20 16:30:00+00:00",0,17.5,35.7,65.12
9,"2024-09-20 17:00:00+00:00",0,18,39.3225,65.12
9,"2024-09-20 17:30:00+00:00",0,18.5,39.3225,65.12
9,"2024-09-20 18:00:00+00:00",0,19,24.507,65.12
9,"2024-09-20 18:30:00+00:00",0,19.5,25.116,65.12
9,"2024-09-20 19:00:00+00:00",0,20,19.2255,65.12
9,"2024-09-20 19:30:00+00:00",0,20.5,19.173,65.12
9,"2024-09-20 20:00:00+00:00",0,21,19.0785,65.12
9,"2024-09-20 20:30:00+00:00",0,21.5,18.354,65.12
9,"2024-09-20 21:00:00+00:00",0,22,18.1125,65.12
9,"2024-09-20 21:30:00+00:00",0,22.5,17.9025,65.12
9,"2024-09-20 22:00:00+00:00",0,23,16.905,65.12
9,"2024-09-20 22:30:00+00:00",0,23.5,16.6635,65.12
9,"2024-09-20 23:00:00+00:00",0,0,18.333,65.12
9,"2024-09-20 23:30:00+00:00",0,0.5,18.3015,65.12
9,"2024-09-21 00:00:00+00:00",1,1,17.1675,65.12
9,"2024-09-21 00:30:00+00:00",1,1.5,17.388,65.12
9,"2024-09-21 01:00:00+00:00",1,2,18.207,65.12
9,"2024-09-21 01:30:00+00:00",1,2.5,17.388,65.12
9,"2024-09-21 02:00:00+00:00",1,3,19.2255,65.12
9,"2024-09-21 02:30:00+00:00",1,3.5,18.354,65.12
9,"2024-09-21 03:00:00+00:00",1,4,18.711,65.12
9,"2024-09-21 03:30:00+00:00",1,4.5,17.577,65.12
9,"2024-09-21 04:00:00+00:00",1,5,21.252,65.12
9,"2024-09-21 04:30:00+00:00",1,5.5,19.32,65.12
9,"2024-09-21 05:00:00+00:00",1,6,20.3805,65.12
9,"2024-09-21 05:30:00+00:00",1,6.5,20.286,65.12
9,"2024-09-21 06:00:00+00:00",1,7,15.456,65.12
9,"2024-09-21 06:30:00+00:00",1,7.5,18.837,65.12
9,"2024-09-21 07:00:00+00:00",1,8,15.939,65.12
9,"2024-09-21 07:30:00+00:00",1,8.5,18.1125,65.12
9,"2024-09-21 08:00:00+00:00",1,9,20.5275,65.12
9,"2024-09-21 08:30:00+00:00",1,9.5,20.6745,65.12
9,"2024-09-21 09:00:00+00:00",1,10,19.635,65.12
9,"2024-09-21 09:30:00+00:00",1,10.5,18.816,65.12
9,"2024-09-21 10:00:00+00:00",1,11,17.724,65.12
9,"2024-09-21 10:30:00+00:00",1,11.5,17.241,65.12
9,"2024-09-21 11:00:00+00:00",1,12,16.422,65.12
9,"2024-09-21 11:30:00+00:00",1,12.5,15.897,65.12
9,"2024-09-21 12:00:00+00:00",1,13,15.2145,65.12
9,"2024-09-21 12:30:00+00:00",1,13.5,15.2145,65.12
9,"2024-09-21 13:00:00+00:00",1,14,15.0675,65.12
9,"2024-09-21 13:30:00+00:00",1,14.5,15.2145,65.12
9,"2024-09-21 14:00:00+00:00",1,15,14.8995,65.12
9,"2024-09-21 14:30:00+00:00",1,15.5,15.6975,65.12
9,"2024-09-21 15:00:00+00:00",1,16,31.227,65.12
9,"2024-09-21 15:30:00+00:00",1,16.5,31.29,65.12
9,"2024-09-21 16:00:00+00:00",1,17,35.7,65.12
9,"2024-09-21 16:30:00+00:00",1,17.5,38.556,65.12
9,"2024-09-21 17:00:00+00:00",1,18,37.2435,65.12
9,"2024-09-21 17:30:00+00:00",1,18.5,36.4245,65.12
9,"2024-09-21 18:00:00+00:00",1,19,23.373,65.12
9,"2024-09-21 18:30:00+00:00",1,19.5,23.8875,65.12
9,"2024-09-21 19:00:00+00:00",1,20,21.4935,65.12
9,"2024-09-21 19:30:00+00:00",1,20.5,17.241,65.12
9,"2024-09-21 20:00:00+00:00",1,21,18.669,65.12
9,"2024-09-21 20:30:00+00:00",1,21.5,17.241,65.12
9,"2024-09-21 21:00:00+00:00",1,22,17.6295,65.12
9,"2024-09-21 21:30:00+00:00",1,22.5,18.1125,65.12
9,"2024-09-21 22:00:00+00:00",1,23,22.575,65.12
9,"2024-09-21 22:30:00+00:00",1,23.5,21.4095,65.12
9,"2024-09-21 23:00:00+00:00",1,0,19.803,65.12
9,"2024-09-21 23:30:00+00:00",1,0.5,19.677,65.12
9,"2024-09-22 00:00:00+00:00",1,1,19.803,65.12
9,"2024-09-22 00:30:00+00:00",1,1.5,19.803,65.12
9,"2024-09-22 01:00:00+00:00",1,2,19.656,65.12
9,"2024-09-22 01:30:00+00:00",1,2.5,19.0785,65.12
9,"2024-09-22 02:00:00+00:00",1,3,19.803,65.12
9,"2024-09-22 02:30:00+00:00",1,3.5,18.648,65.12
9,"2024-09-22 03:00:00+00:00",1,4,19.32,65.12
9,"2024-09-22 03:30:00+00:00",1,4.5,17.892,65.12
9,"2024-09-22 04:00:00+00:00",1,5,19.614,65.12
9,"2024-09-22 04:30:00+00:00",1,5.5,18.627,65.12
9,"2024-09-22 05:00:00+00:00",1,6,19.782,65.12
9,"2024-09-22 05:30:00+00:00",1,6.5,19.278,65.12
9,"2024-09-22 06:00:00+00:00",1,7,16.8105,65.12
9,"2024-09-22 06:30:00+00:00",1,7.5,17.871,65.12
9,"2024-09-22 07:00:00+00:00",1,8,17.325,65.12
9,"2024-09-22 07:30:00+00:00",1,8.5,19.5615,65.12
9,"2024-09-22 08:00:00+00:00",1,9,20.5275,65.12
9,"2024-09-22 08:30:00+00:00",1,9.5,20.2335,65.12
9,"2024-09-22 09:00:00+00:00",1,10,21.6405,65.12
9,"2024-09-22 09:30:00+00:00",1,10.5,20.601,65.12
9,"2024-09-22 10:00:00+00:00",1,11,21.588,65.12
9,"2024-09-22 10:30:00+00:00",1,11.5,21.315,65.12
9,"2024-09-22 11:00:00+00:00",1,12,22.4595,65.12
9,"2024-09-22 11:30:00+00:00",1,12.5,22.218,65.12
9,"2024-09-22 12:00:00+00:00",1,13,22.239,65.12
9,"2024-09-22 12:30:00+00:00",1,13.5,21.0105,65.12
9,"2024-09-22 13:00:00+00:00",1,14,21.252,65.12
9,"2024-09-22 13:30:00+00:00",1,14.5,18.354,65.12
9,"2024-09-22 14:00:00+00:00",1,15,16.6635,65.12
9,"2024-09-22 14:30:00+00:00",1,15.5,17.1465,65.12
9,"2024-09-22 15:00:00+00:00",1,16,29.421,65.12
9,"2024-09-22 15:30:00+00:00",1,16.5,30.387,65.12
9,"2024-09-22 16:00:00+00:00",1,17,34.86,65.12
9,"2024-09-22 16:30:00+00:00",1,17.5,37.821,65.12
9,"2024-09-22 17:00:00+00:00",1,18,38.115,65.12
9,"2024-09-22 17:30:00+00:00",1,18.5,37.7055,65.12
9,"2024-09-22 18:00:00+00:00",1,19,26.3235,65.12
9,"2024-09-22 18:30:00+00:00",1,19.5,25.2105,65.12
9,"2024-09-22 19:00:00+00:00",1,20,23.8455,65.12
9,"2024-09-22 19:30:00+00:00",1,20.5,20.16,65.12
9,"2024-09-22 20:00:00+00:00",1,21,22.9425,65.12
9,"2024-09-22 20:30:00+00:00",1,21.5,20.769,65.12
9,"2024-09-22 21:00:00+00:00",1,22,18.354,65.12
9,"2024-09-22 21:30:00+00:00",1,22.5,17.388,65.12
9,"2024-09-22 22:00:00+00:00",1,23,18.207,65.12
9,"2024-09-22 22:30:00+00:00",1,23.5,17.451,65.12
9,"2024-09-22 23:00:00+00:00",1,0,16.422,65.12
9,"2024-09-22 23:30:00+00:00",1,0.5,15.939,65.12
9,"2024-09-23 00:00:00+00:00",0,1,15.939,65.12
9,"2024-09-23 00:30:00+00:00",0,1.5,16.1805,65.12
9,"2024-09-23 01:00:00+00:00",0,2,17.409,65.12
9,"2024-09-23 01:30:00+00:00",0,2.5,17.1675,65.12
9,"2024-09-23 02:00:00+00:00",0,3,16.422,65.12
9,"2024-09-23 02:30:00+00:00",0,3.5,16.569,65.12
9,"2024-09-23 03:00:00+00:00",0,4,17.1465,65.12
9,"2024-09-23 03:30:00+00:00",0,4.5,17.1045,65.12
9,"2024-09-23 04:00:00+00:00",0,5,17.199,65.12
9,"2024-09-23 04:30:00+00:00",0,5.5,16.4325,65.12
9,"2024-09-23 05:00:00+00:00",0,6,18.354,65.12
9,"2024-09-23 05:30:00+00:00",0,6.5,20.0445,65.12
9,"2024-09-23 06:00:00+00:00",0,7,24.15,65.12
9,"2024-09-23 06:30:00+00:00",0,7.5,29.463,65.12
9,"2024-09-23 07:00:00+00:00",0,8,24.024,65.12
9,"2024-09-23 07:30:00+00:00",0,8.5,25.3575,65.12
9,"2024-09-23 08:00:00+00:00",0,9,24.15,65.12
9,"2024-09-23 08:30:00+00:00",0,9.5,22.701,65.12
9,"2024-09-23 09:00:00+00:00",0,10,22.995,65.12
9,"2024-09-23 09:30:00+00:00",0,10.5,22.9425,65.12
9,"2024-09-23 10:00:00+00:00",0,11,21.735,65.12
9,"2024-09-23 10:30:00+00:00",0,11.5,21.0105,65.12
9,"2024-09-23 11:00:00+00:00",0,12,23.184,65.12
9,"2024-09-23 11:30:00+00:00",0,12.5,20.8635,65.12
9,"2024-09-23 12:00:00+00:00",0,13,19.32,65.12
9,"2024-09-23 12:30:00+00:00",0,13.5,18.837,65.12
9,"2024-09-23 13:00:00+00:00",0,14,19.32,65.12
9,"2024-09-23 13:30:00+00:00",0,14.5,18.354,65.12
9,"2024-09-23 14:00:00+00:00",0,15,19.677,65.12
9,"2024-09-23 14:30:00+00:00",0,15.5,18.858,65.12
9,"2024-09-23 15:00:00+00:00",0,16,37.821,65.12
9,"2024-09-23 15:30:00+00:00",0,16.5,40.1415,65.12
9,"2024-09-23 16:00:00+00:00",0,17,41.013,65.12
9,"2024-09-23 16:30:00+00:00",0,17.5,44.394,65.12
9,"2024-09-23 17:00:00+00:00",0,18,42.945,65.12
9,"2024-09-23 17:30:00+00:00",0,18.5,42.7035,65.12
9,"2024-09-23 18:00:00+00:00",0,19,30.912,65.12
9,"2024-09-23 18:30:00+00:00",0,19.5,30.3345,65.12
9,"2024-09-23 19:00:00+00:00",0,20,24.801,65.12
9,"2024-09-23 19:30:00+00:00",0,20.5,22.386,65.12
9,"2024-09-23 20:00:00+00:00",0,21,20.286,65.12
9,"2024-09-23 20:30:00+00:00",0,21.5,17.7765,65.12
9,"2024-09-23 21:00:00+00:00",0,22,17.073,65.12
9,"2024-09-23 21:30:00+00:00",0,22.5,17.451,65.12
9,"2024-09-23 22:00:00+00:00",0,23,19.32,65.12
9,"2024-09-23 22:30:00+00:00",0,23.5,17.4615,65.12
9,"2024-09-23 23:00:00+00:00",0,0,17.052,65.12
9,"2024-09-23 23:30:00+00:00",0,0.5,16.1805,65.12
9,"2024-09-24 00:00:00+00:00",0,1,16.8105,65.12
9,"2024-09-24 00:30:00+00:00",0,1.5,16.905,65.12
9,"2024-09-24 01:00:00+00:00",0,2,16.1805,65.12
9,"2024-09-24 01:30:00+00:00",0,2.5,15.6975,65.12
9,"2024-09-24 02:00:00+00:00",0,3,15.771,65.12
9,"2024-09-24 02:30:00+00:00",0,3.5,15.6975,65.12
9,"2024-09-24 03:00:00+00:00",0,4,15.813,65.12
9,"2024-09-24 03:30:00+00:00",0,4.5,15.6975,65.12
9,"2024-09-24 04:00:00+00:00",0,5,18.8895,65.12
9,"2024-09-24 04:30:00+00:00",0,5.5,18.837,65.12
9,"2024-09-24 05:00:00+00:00",0,6,17.4195,65.12
9,"2024-09-24 05:30:00+00:00",0,6.5,21.735,65.12
9,"2024-09-24 06:00:00+00:00",0,7,21.6405,65.12
9,"2024-09-24 06:30:00+00:00",0,7.5,26.6595,65.12
9,"2024-09-24 07:00:00+00:00",0,8,22.407,65.12
9,"2024-09-24 07:30:00+00:00",0,8.5,22.239,65.12
9,"2024-09-24 08:00:00+00:00",0,9,23.184,65.12
9,"2024-09-24 08:30:00+00:00",0,9.5,21.735,65.12
9,"2024-09-24 09:00:00+00:00",0,10,18.354,65.12
9,"2024-09-24 09:30:00+00:00",0,10.5,16.905,65.12
9,"2024-09-24 10:00:00+00:00",0,11,17.22,65.12
9,"2024-09-24 10:30:00+00:00",0,11.5,17.22,65.12
9,"2024-09-24 11:00:00+00:00",0,12,17.22,65.12
9,"2024-09-24 11:30:00+00:00",0,12.5,16.905,65.12
9,"2024-09-24 12:00:00+00:00",0,13,16.716,65.12
9,"2024-09-24 12:30:00+00:00",0,13.5,16.569,65.12
9,"2024-09-24 13:00:00+00:00",0,14,16.6635,65.12
9,"2024-09-24 13:30:00+00:00",0,14.5,17.073,65.12
9,"2024-09-24 14:00:00+00:00",0,15,16.905,65.12
9,"2024-09-24 14:30:00+00:00",0,15.5,17.22,65.12
9,"2024-09-24 15:00:00+00:00",0,16,30.4185,65.12
9,"2024-09-24 15:30:00+00:00",0,16.5,32.802,65.12
9,"2024-09-24 16:00:00+00:00",0,17,34.272,65.12
9,"2024-09-24 16:30:00+00:00",0,17.5,37.0965,65.12
9,"2024-09-24 17:00:00+00:00",0,18,36.9075,65.12
9,"2024-09-24 17:30:00+00:00",0,18.5,37.821,65.12
9,"2024-09-24 18:00:00+00:00",0,19,24.3915,65.12
9,"2024-09-24 18:30:00+00:00",0,19.5,23.184,65.12
9,"2024-09-24 19:00:00+00:00",0,20,20.1915,65.12
9,"2024-09-24 19:30:00+00:00",0,20.5,19.0575,65.12
9,"2024-09-24 20:00:00+00:00",0,21,18.837,65.12
9,"2024-09-24 20:30:00+00:00",0,21.5,17.682,65.12
9,"2024-09-24 21:00:00+00:00",0,22,16.695,65.12
9,"2024-09-24 21:30:00+00:00",0,22.5,14.616,65.12
9,"2024-09-24 22:00:00+00:00",0,23,17.1465,65.12
9,"2024-09-24 22:30:00+00:00",0,23.5,17.1465,65.12
9,"2024-09-24 23:00:00+00:00",0,0,16.7895,65.12
9,"2024-09-24 23:30:00+00:00",0,0.5,16.905,65.12
9,"2024-09-25 00:00:00+00:00",0,1,16.905,65.12
9,"2024-09-25 00:30:00+00:00",0,1.5,16.905,65.12
9,"2024-09-25 01:00:00+00:00",0,2,16.905,65.12
9,"2024-09-25 01:30:00+00:00",0,2.5,17.1465,65.12
9,"2024-09-25 02:00:00+00:00",0,3,16.905,65.12
9,"2024-09-25 02:30:00+00:00",0,3.5,17.094,65.12
9,"2024-09-25 03:00:00+00:00",0,4,17.199,65.12
9,"2024-09-25 03:30:00+00:00",0,4.5,16.905,65.12
9,"2024-09-25 04:00:00+00:00",0,5,17.6715,65.12
9,"2024-09-25 04:30:00+00:00",0,5.5,16.4535,65.12
9,"2024-09-25 05:00:00+00:00",0,6,18.858,65.12
9,"2024-09-25 05:30:00+00:00",0,6.5,19.0785,65.12
9,"2024-09-25 06:00:00+00:00",0,7,17.871,65.12
9,"2024-09-25 06:30:00+00:00",0,7.5,21.42,65.12
9,"2024-09-25 07:00:00+00:00",0,8,23.667,65.12
9,"2024-09-25 07:30:00+00:00",0,8.5,23.5725,65.12
9,"2024-09-25 08:00:00+00:00",0,9,23.7615,65.12
9,"2024-09-25 08:30:00+00:00",0,9.5,23.5725,65.12
9,"2024-09-25 09:00:00+00:00",0,10,24.15,65.12
9,"2024-09-25 09:30:00+00:00",0,10.5,23.4255,65.12
9,"2024-09-25 10:00:00+00:00",0,11,22.029,65.12
9,"2024-09-25 10:30:00+00:00",0,11.5,21.252,65.12
9,"2024-09-25 11:00:00+00:00",0,12,21.1995,65.12
9,"2024-09-25 11:30:00+00:00",0,12.5,19.992,65.12
9,"2024-09-25 12:00:00+00:00",0,13,19.3935,65.12
9,"2024-09-25 12:30:00+00:00",0,13.5,18.837,65.12
9,"2024-09-25 13:00:00+00:00",0,14,18.354,65.12
9,"2024-09-25 13:30:00+00:00",0,14.5,17.7765,65.12
9,"2024-09-25 14:00:00+00:00",0,15,18.4275,65.12
9,"2024-09-25 14:30:00+00:00",0,15.5,19.5615,65.12
9,"2024-09-25 15:00:00+00:00",0,16,32.0775,65.12
9,"2024-09-25 15:30:00+00:00",0,16.5,34.9755,65.12
9,"2024-09-25 16:00:00+00:00",0,17,39.3225,65.12
9,"2024-09-25 16:30:00+00:00",0,17.5,41.496,65.12
9,"2024-09-25 17:00:00+00:00",0,18,40.53,65.12
9,"2024-09-25 17:30:00+00:00",0,18.5,40.53,65.12
9,"2024-09-25 18:00:00+00:00",0,19,26.565,65.12
9,"2024-09-25 18:30:00+00:00",0,19.5,24.15,65.12
9,"2024-09-25 19:00:00+00:00",0,20,20.5275,65.12
9,"2024-09-25 19:30:00+00:00",0,20.5,20.5275,65.12
9,"2024-09-25 20:00:00+00:00",0,21,19.32,65.12
9,"2024-09-25 20:30:00+00:00",0,21.5,19.446,65.12
9,"2024-09-25 21:00:00+00:00",0,22,20.769,65.12
9,"2024-09-25 21:30:00+00:00",0,22.5,18.711,65.12
9,"2024-09-25 22:00:00+00:00",0,23,18.837,65.12
9,"2024-09-25 22:30:00+00:00",0,23.5,20.286,65.12
9,"2024-09-25 23:00:00+00:00",0,0,19.194,65.12
9,"2024-09-25 23:30:00+00:00",0,0.5,17.2515,65.12
9,"2024-09-26 00:00:00+00:00",0,1,16.5375,65.12
9,"2024-09-26 00:30:00+00:00",0,1.5,15.7815,65.12
9,"2024-09-26 01:00:00+00:00",0,2,15.6975,65.12
9,"2024-09-26 01:30:00+00:00",0,2.5,13.881,65.12
9,"2024-09-26 02:00:00+00:00",0,3,13.041,65.12
9,"2024-09-26 02:30:00+00:00",0,3.5,12.558,65.12
9,"2024-09-26 03:00:00+00:00",0,4,12.537,65.12
9,"2024-09-26 03:30:00+00:00",0,4.5,11.235,65.12
9,"2024-09-26 04:00:00+00:00",0,5,12.558,65.12
9,"2024-09-26 04:30:00+00:00",0,5.5,14.3325,65.12
9,"2024-09-26 05:00:00+00:00",0,6,17.3355,65.12
9,"2024-09-26 05:30:00+00:00",0,6.5,18.5955,65.12
9,"2024-09-26 06:00:00+00:00",0,7,18.1965,65.12
9,"2024-09-26 06:30:00+00:00",0,7.5,21.924,65.12
9,"2024-09-26 07:00:00+00:00",0,8,22.4595,65.12
9,"2024-09-26 07:30:00+00:00",0,8.5,22.239,65.12
9,"2024-09-26 08:00:00+00:00",0,9,23.184,65.12
9,"2024-09-26 08:30:00+00:00",0,9.5,22.218,65.12
9,"2024-09-26 09:00:00+00:00",0,10,21.9765,65.12
9,"2024-09-26 09:30:00+00:00",0,10.5,21.3465,65.12
9,"2024-09-26 10:00:00+00:00",0,11,18.27,65.12
9,"2024-09-26 10:30:00+00:00",0,11.5,17.6295,65.12
9,"2024-09-26 11:00:00+00:00",0,12,17.9025,65.12
9,"2024-09-26 11:30:00+00:00",0,12.5,17.388,65.12
9,"2024-09-26 12:00:00+00:00",0,13,17.22,65.12
9,"2024-09-26 12:30:00+00:00",0,13.5,17.2935,65.12
9,"2024-09-26 13:00:00+00:00",0,14,16.6635,65.12
9,"2024-09-26 13:30:00+00:00",0,14.5,17.052,65.12
9,"2024-09-26 14:00:00+00:00",0,15,16.1805,65.12
9,"2024-09-26 14:30:00+00:00",0,15.5,18.354,65.12
9,"2024-09-26 15:00:00+00:00",0,16,28.77,65.12
9,"2024-09-26 15:30:00+00:00",0,16.5,32.2875,65.12
9,"2024-09-26 16:00:00+00:00",0,17,32.8755,65.12
9,"2024-09-26 16:30:00+00:00",0,17.5,33.768,65.12
9,"2024-09-26 17:00:00+00:00",0,18,33.0435,65.12
9,"2024-09-26 17:30:00+00:00",0,18.5,33.5265,65.12
9,"2024-09-26 18:00:00+00:00",0,19,21.0105,65.12
9,"2024-09-26 18:30:00+00:00",0,19.5,20.412,65.12
9,"2024-09-26 19:00:00+00:00",0,20,20.664,65.12
9,"2024-09-26 19:30:00+00:00",0,20.5,20.412,65.12
9,"2024-09-26 20:00:00+00:00",0,21,20.412,65.12
9,"2024-09-26 20:30:00+00:00",0,21.5,17.6295,65.12
9,"2024-09-26 21:00:00+00:00",0,22,13.692,65.12
9,"2024-09-26 21:30:00+00:00",0,22.5,8.337,65.12
9,"2024-09-26 22:00:00+00:00",0,23,5.5545,65.12
9,"2024-09-26 22:30:00+00:00",0,23.5,1.3545,65.12
9,"2024-09-26 23:00:00+00:00",0,0,0.2415,65.12
9,"2024-09-26 23:30:00+00:00",0,0.5,-0.3885,65.12
9,"2024-09-27 00:00:00+00:00",0,1,-0.2415,65.12
9,"2024-09-27 00:30:00+00:00",0,1.5,-0.483,65.12
9,"2024-09-27 01:00:00+00:00",0,2,-0.1365,65.12
9,"2024-09-27 01:30:00+00:00",0,2.5,-1.911,65.12
9,"2024-09-27 02:00:00+00:00",0,3,-0.7245,65.12
9,"2024-09-27 02:30:00+00:00",0,3.5,-1.029,65.12
9,"2024-09-27 03:00:00+00:00",0,4,-0.5775,65.12
9,"2024-09-27 03:30:00+00:00",0,4.5,-1.0605,65.12
9,"2024-09-27 04:00:00+00:00",0,5,-1.0605,65.12
9,"2024-09-27 04:30:00+00:00",0,5.5,0.2415,65.12
9,"2024-09-27 05:00:00+00:00",0,6,2.058,65.12
9,"2024-09-27 05:30:00+00:00",0,6.5,9.45,65.12
9,"2024-09-27 06:00:00+00:00",0,7,16.6215,65.12
9,"2024-09-27 06:30:00+00:00",0,7.5,21.315,65.12
9,"2024-09-27 07:00:00+00:00",0,8,23.793,65.12
9,"2024-09-27 07:30:00+00:00",0,8.5,23.667,65.12
9,"2024-09-27 08:00:00+00:00",0,9,23.9085,65.12
9,"2024-09-27 08:30:00+00:00",0,9.5,23.499,65.12
9,"2024-09-27 09:00:00+00:00",0,10,22.4595,65.12
9,"2024-09-27 09:30:00+00:00",0,10.5,21.5145,65.12
9,"2024-09-27 10:00:00+00:00",0,11,19.95,65.12
9,"2024-09-27 10:30:00+00:00",0,11.5,19.005,65.12
9,"2024-09-27 11:00:00+00:00",0,12,18.228,65.12
9,"2024-09-27 11:30:00+00:00",0,12.5,16.3275,65.12
9,"2024-09-27 12:00:00+00:00",0,13,14.448,65.12
9,"2024-09-27 12:30:00+00:00",0,13.5,13.167,65.12
9,"2024-09-27 13:00:00+00:00",0,14,12.0225,65.12
9,"2024-09-27 13:30:00+00:00",0,14.5,10.626,65.12
9,"2024-09-27 14:00:00+00:00",0,15,11.9805,65.12
9,"2024-09-27 14:30:00+00:00",0,15.5,14.49,65.12
9,"2024-09-27 15:00:00+00:00",0,16,27.363,65.12
9,"2024-09-27 15:30:00+00:00",0,16.5,29.715,65.12
9,"2024-09-27 16:00:00+00:00",0,17,29.421,65.12
9,"2024-09-27 16:30:00+00:00",0,17.5,31.5945,65.12
9,"2024-09-27 17:00:00+00:00",0,18,33.516,65.12
9,"2024-09-27 17:30:00+00:00",0,18.5,35.574,65.12
9,"2024-09-27 18:00:00+00:00",0,19,25.116,65.12
9,"2024-09-27 18:30:00+00:00",0,19.5,23.184,65.12
9,"2024-09-27 19:00:00+00:00",0,20,24.15,65.12
9,"2024-09-27 19:30:00+00:00",0,20.5,22.092,65.12
9,"2024-09-27 20:00:00+00:00",0,21,21.735,65.12
9,"2024-09-27 20:30:00+00:00",0,21.5,18.5535,65.12
9,"2024-09-27 21:00:00+00:00",0,22,19.929,65.12
9,"2024-09-27 21:30:00+00:00",0,22.5,19.32,65.12
9,"2024-09-27 22:00:00+00:00",0,23,17.871,65.12
9,"2024-09-27 22:30:00+00:00",0,23.5,14.49,65.12
9,"2024-09-27 23:00:00+00:00",0,0,14.616,65.12
9,"2024-09-27 23:30:00+00:00",0,0.5,14.6055,65.12
9,"2024-09-28 00:00:00+00:00",1,1,13.7655,65.12
9,"2024-09-28 00:30:00+00:00",1,1.5,14.616,65.12
9,"2024-09-28 01:00:00+00:00",1,2,14.301,65.12
9,"2024-09-28 01:30:00+00:00",1,2.5,13.398,65.12
9,"2024-09-28 02:00:00+00:00",1,3,13.65,65.12
9,"2024-09-28 02:30:00+00:00",1,3.5,13.7655,65.12
9,"2024-09-28 03:00:00+00:00",1,4,14.7315,65.12
9,"2024-09-28 03:30:00+00:00",1,4.5,15.603,65.12
9,"2024-09-28 04:00:00+00:00",1,5,18.354,65.12
9,"2024-09-28 04:30:00+00:00",1,5.5,20.0445,65.12
9,"2024-09-28 05:00:00+00:00",1,6,20.769,65.12
9,"2024-09-28 05:30:00+00:00",1,6.5,19.803,65.12
9,"2024-09-28 06:00:00+00:00",1,7,20.0445,65.12
9,"2024-09-28 06:30:00+00:00",1,7.5,22.092,65.12
9,"2024-09-28 07:00:00+00:00",1,8,22.701,65.12
9,"2024-09-28 07:30:00+00:00",1,8.5,22.7955,65.12
9,"2024-09-28 08:00:00+00:00",1,9,23.793,65.12
9,"2024-09-28 08:30:00+00:00",1,9.5,23.184,65.12
9,"2024-09-28 09:00:00+00:00",1,10,22.9425,65.12
9,"2024-09-28 09:30:00+00:00",1,10.5,20.286,65.12
9,"2024-09-28 10:00:00+00:00",1,11,16.611,65.12
9,"2024-09-28 10:30:00+00:00",1,11.5,17.9865,65.12
9,"2024-09-28 11:00:00+00:00",1,12,17.031,65.12
9,"2024-09-28 11:30:00+00:00",1,12.5,18.1125,65.12
9,"2024-09-28 12:00:00+00:00",1,13,17.1465,65.12
9,"2024-09-28 12:30:00+00:00",1,13.5,16.674,65.12
9,"2024-09-28 13:00:00+00:00",1,14,17.388,65.12
9,"2024-09-28 13:30:00+00:00",1,14.5,18.06,65.12
9,"2024-09-28 14:00:00+00:00",1,15,16.1805,65.12
9,"2024-09-28 14:30:00+00:00",1,15.5,17.178,65.12
9,"2024-09-28 15:00:00+00:00",1,16,28.455,65.12
9,"2024-09-28 15:30:00+00:00",1,16.5,32.3295,65.12
9,"2024-09-28 16:00:00+00:00",1,17,33.642,65.12
9,"2024-09-28 16:30:00+00:00",1,17.5,36.183,65.12
9,"2024-09-28 17:00:00+00:00",1,18,39.921,65.12
9,"2024-09-28 17:30:00+00:00",1,18.5,40.53,65.12
9,"2024-09-28 18:00:00+00:00",1,19,28.98,65.12
9,"2024-09-28 18:30:00+00:00",1,19.5,27.1005,65.12
9,"2024-09-28 19:00:00+00:00",1,20,24.633,65.12
9,"2024-09-28 19:30:00+00:00",1,20.5,20.769,65.12
9,"2024-09-28 20:00:00+00:00",1,21,21.4725,65.12
9,"2024-09-28 20:30:00+00:00",1,21.5,18.9315,65.12
9,"2024-09-28 21:00:00+00:00",1,22,21.189,65.12
9,"2024-09-28 21:30:00+00:00",1,22.5,19.677,65.12
9,"2024-09-28 22:00:00+00:00",1,23,23.9085,65.12
9,"2024-09-28 22:30:00+00:00",1,23.5,22.764,65.12
9,"2024-09-28 23:00:00+00:00",1,0,21.3465,65.12
9,"2024-09-28 23:30:00+00:00",1,0.5,19.5825,65.12
9,"2024-09-29 00:00:00+00:00",1,1,19.803,65.12
9,"2024-09-29 00:30:00+00:00",1,1.5,19.929,65.12
9,"2024-09-29 01:00:00+00:00",1,2,20.0445,65.12
9,"2024-09-29 01:30:00+00:00",1,2.5,20.832,65.12
9,"2024-09-29 02:00:00+00:00",1,3,20.286,65.12
9,"2024-09-29 02:30:00+00:00",1,3.5,18.522,65.12
9,"2024-09-29 03:00:00+00:00",1,4,17.388,65.12
9,"2024-09-29 03:30:00+00:00",1,4.5,16.7055,65.12
9,"2024-09-29 04:00:00+00:00",1,5,17.1465,65.12
9,"2024-09-29 04:30:00+00:00",1,5.5,17.1465,65.12
9,"2024-09-29 05:00:00+00:00",1,6,17.745,65.12
9,"2024-09-29 05:30:00+00:00",1,6.5,18.9315,65.12
9,"2024-09-29 06:00:00+00:00",1,7,16.716,65.12
9,"2024-09-29 06:30:00+00:00",1,7.5,18.5955,65.12
9,"2024-09-29 07:00:00+00:00",1,8,19.005,65.12
9,"2024-09-29 07:30:00+00:00",1,8.5,21.8925,65.12
9,"2024-09-29 08:00:00+00:00",1,9,22.701,65.12
9,"2024-09-29 08:30:00+00:00",1,9.5,22.9425,65.12
9,"2024-09-29 09:00:00+00:00",1,10,22.9425,65.12
9,"2024-09-29 09:30:00+00:00",1,10.5,20.769,65.12
9,"2024-09-29 10:00:00+00:00",1,11,20.286,65.12
9,"2024-09-29 10:30:00+00:00",1,11.5,19.0785,65.12
9,"2024-09-29 11:00:00+00:00",1,12,20.0445,65.12
9,"2024-09-29 11:30:00+00:00",1,12.5,18.354,65.12
9,"2024-09-29 12:00:00+00:00",1,13,18.522,65.12
9,"2024-09-29 12:30:00+00:00",1,13.5,17.4825,65.12
9,"2024-09-29 13:00:00+00:00",1,14,16.422,65.12
9,"2024-09-29 13:30:00+00:00",1,14.5,16.422,65.12
9,"2024-09-29 14:00:00+00:00",1,15,14.658,65.12
9,"2024-09-29 14:30:00+00:00",1,15.5,14.7525,65.12
9,"2024-09-29 15:00:00+00:00",1,16,28.5285,65.12
9,"2024-09-29 15:30:00+00:00",1,16.5,32.0775,65.12
9,"2024-09-29 16:00:00+00:00",1,17,38.2095,65.12
9,"2024-09-29 16:30:00+00:00",1,17.5,39.3225,65.12
9,"2024-09-29 17:00:00+00:00",1,18,38.115,65.12
9,"2024-09-29 17:30:00+00:00",1,18.5,37.149,65.12
9,"2024-09-29 18:00:00+00:00",1,19,21.735,65.12
9,"2024-09-29 18:30:00+00:00",1,19.5,19.9815,65.12
9,"2024-09-29 19:00:00+00:00",1,20,18.543,65.12
9,"2024-09-29 19:30:00+00:00",1,20.5,18.1545,65.12
9,"2024-09-29 20:00:00+00:00",1,21,17.997,65.12
9,"2024-09-29 20:30:00+00:00",1,21.5,13.041,65.12
9,"2024-09-29 21:00:00+00:00",1,22,12.558,65.12
9,"2024-09-29 21:30:00+00:00",1,22.5,7.6335,65.12
9,"2024-09-29 22:00:00+00:00",1,23,6.762,65.12
9,"2024-09-29 22:30:00+00:00",1,23.5,2.415,65.12
9,"2024-09-29 23:00:00+00:00",1,0,3.381,65.12
9,"2024-09-29 23:30:00+00:00",1,0.5,2.898,65.12
9,"2024-09-30 00:00:00+00:00",0,1,2.415,65.12
9,"2024-09-30 00:30:00+00:00",0,1.5,3.381,65.12
9,"2024-09-30 01:00:00+00:00",0,2,1.2075,65.12
9,"2024-09-30 01:30:00+00:00",0,2.5,0.567,65.12
9,"2024-09-30 02:00:00+00:00",0,3,2.7405,65.12
9,"2024-09-30 02:30:00+00:00",0,3.5,2.3205,65.12
9,"2024-09-30 03:00:00+00:00",0,4,2.562,65.12
9,"2024-09-30 03:30:00+00:00",0,4.5,3.234,65.12
9,"2024-09-30 04:00:00+00:00",0,5,7.728,65.12
9,"2024-09-30 04:30:00+00:00",0,5.5,11.1615,65.12
9,"2024-09-30 05:00:00+00:00",0,6,17.1465,65.12
9,"2024-09-30 05:30:00+00:00",0,6.5,18.5955,65.12
9,"2024-09-30 06:00:00+00:00",0,7,19.341,65.12
9,"2024-09-30 06:30:00+00:00",0,7.5,20.5275,65.12
9,"2024-09-30 07:00:00+00:00",0,8,20.286,65.12
9,"2024-09-30 07:30:00+00:00",0,8.5,17.388,65.12
9,"2024-09-30 08:00:00+00:00",0,9,21.5985,65.12
9,"2024-09-30 08:30:00+00:00",0,9.5,21.252,65.12
9,"2024-09-30 09:00:00+00:00",0,10,22.9425,65.12
9,"2024-09-30 09:30:00+00:00",0,10.5,23.184,65.12
9,"2024-09-30 10:00:00+00:00",0,11,22.701,65.12
9,"2024-09-30 10:30:00+00:00",0,11.5,22.9425,65.12
9,"2024-09-30 11:00:00+00:00",0,12,23.667,65.12
9,"2024-09-30 11:30:00+00:00",0,12.5,23.184,65.12
9,"2024-09-30 12:00:00+00:00",0,13,22.701,65.12
9,"2024-09-30 12:30:00+00:00",0,13.5,21.9555,65.12
9,"2024-09-30 13:00:00+00:00",0,14,20.5275,65.12
9,"2024-09-30 13:30:00+00:00",0,14.5,20.0445,65.12
9,"2024-09-30 14:00:00+00:00",0,15,19.7505,65.12
9,"2024-09-30 14:30:00+00:00",0,15.5,20.286,65.12
9,"2024-09-30 15:00:00+00:00",0,16,31.3005,65.12
9,"2024-09-30 15:30:00+00:00",0,16.5,34.734,65.12
9,"2024-09-30 16:00:00+00:00",0,17,36.183,65.12
9,"2024-09-30 16:30:00+00:00",0,17.5,38.115,65.12
9,"2024-09-30 17:00:00+00:00",0,18,37.149,65.12
9,"2024-09-30 17:30:00+00:00",0,18.5,37.149,65.12
9,"2024-09-30 18:00:00+00:00",0,19,26.8275,65.12
9,"2024-09-30 18:30:00+00:00",0,19.5,24.633,65.12
9,"2024-09-30 19:00:00+00:00",0,20,23.184,65.12
9,"2024-09-30 19:30:00+00:00",0,20.5,18.4485,65.12
9,"2024-09-30 20:00:00+00:00",0,21,19.5615,65.12
9,"2024-09-30 20:30:00+00:00",0,21.5,17.9655,65.12
9,"2024-09-30 21:00:00+00:00",0,22,19.803,65.12
9,"2024-09-30 21:30:00+00:00",0,22.5,18.837,65.12
9,"2024-09-30 22:00:00+00:00",0,23,19.5615,65.12
9,"2024-09-30 22:30:00+00:00",0,23.5,19.5615,65.12
9,"2024-09-30 23:00:00+00:00",0,0,16.611,65.12
9,"2024-09-30 23:30:00+00:00",0,0.5,13.0515,65.12
10,"2024-10-01 00:00:00+00:00",0,1,9.219,65.12
10,"2024-10-01 00:30:00+00:00",0,1.5,9.66,65.12
10,"2024-10-01 01:00:00+00:00",0,2,7.1925,65.12
10,"2024-10-01 01:30:00+00:00",0,2.5,5.3025,65.12
10,"2024-10-01 02:00:00+00:00",0,3,4.7775,65.12
10,"2024-10-01 02:30:00+00:00",0,3.5,2.52,65.12
10,"2024-10-01 03:00:00+00:00",0,4,4.053,65.12
10,"2024-10-01 03:30:00+00:00",0,4.5,4.347,65.12
10,"2024-10-01 04:00:00+00:00",0,5,11.8335,65.12
10,"2024-10-01 04:30:00+00:00",0,5.5,12.894,65.12
10,"2024-10-01 05:00:00+00:00",0,6,19.803,65.12
10,"2024-10-01 05:30:00+00:00",0,6.5,19.32,65.12
10,"2024-10-01 06:00:00+00:00",0,7,21.735,65.12
10,"2024-10-01 06:30:00+00:00",0,7.5,24.5385,65.12
10,"2024-10-01 07:00:00+00:00",0,8,24.15,65.12
10,"2024-10-01 07:30:00+00:00",0,8.5,23.856,65.12
10,"2024-10-01 08:00:00+00:00",0,9,24.15,65.12
10,"2024-10-01 08:30:00+00:00",0,9.5,23.184,65.12
10,"2024-10-01 09:00:00+00:00",0,10,20.7165,65.12
10,"2024-10-01 09:30:00+00:00",0,10.5,19.026,65.12
10,"2024-10-01 10:00:00+00:00",0,11,17.9655,65.12
10,"2024-10-01 10:30:00+00:00",0,11.5,17.871,65.12
10,"2024-10-01 11:00:00+00:00",0,12,17.871,65.12
10,"2024-10-01 11:30:00+00:00",0,12.5,16.905,65.12
10,"2024-10-01 12:00:00+00:00",0,13,18.333,65.12
10,"2024-10-01 12:30:00+00:00",0,13.5,16.905,65.12
10,"2024-10-01 13:00:00+00:00",0,14,17.724,65.12
10,"2024-10-01 13:30:00+00:00",0,14.5,16.422,65.12
10,"2024-10-01 14:00:00+00:00",0,15,15.7185,65.12
10,"2024-10-01 14:30:00+00:00",0,15.5,17.388,65.12
10,"2024-10-01 15:00:00+00:00",0,16,29.6625,65.12
10,"2024-10-01 15:30:00+00:00",0,16.5,34.251,65.12
10,"2024-10-01 16:00:00+00:00",0,17,34.4925,65.12
10,"2024-10-01 16:30:00+00:00",0,17.5,38.8395,65.12
10,"2024-10-01 17:00:00+00:00",0,18,37.9365,65.12
10,"2024-10-01 17:30:00+00:00",0,18.5,39.543,65.12
10,"2024-10-01 18:00:00+00:00",0,19,27.4365,65.12
10,"2024-10-01 18:30:00+00:00",0,19.5,24.8535,65.12
10,"2024-10-01 19:00:00+00:00",0,20,21.0105,65.12
10,"2024-10-01 19:30:00+00:00",0,20.5,18.165,65.12
10,"2024-10-01 20:00:00+00:00",0,21,18.9315,65.12
10,"2024-10-01 20:30:00+00:00",0,21.5,18.3225,65.12
10,"2024-10-01 21:00:00+00:00",0,22,19.32,65.12
10,"2024-10-01 21:30:00+00:00",0,22.5,18.2595,65.12
10,"2024-10-01 22:00:00+00:00",0,23,19.32,65.12
10,"2024-10-01 22:30:00+00:00",0,23.5,17.1465,65.12
10,"2024-10-01 23:00:00+00:00",0,0,16.422,65.12
10,"2024-10-01 23:30:00+00:00",0,0.5,17.388,65.12
10,"2024-10-02 00:00:00+00:00",0,1,16.422,65.12
10,"2024-10-02 00:30:00+00:00",0,1.5,18.1125,65.12
10,"2024-10-02 01:00:00+00:00",0,2,18.06,65.12
10,"2024-10-02 01:30:00+00:00",0,2.5,15.8865,65.12
10,"2024-10-02 02:00:00+00:00",0,3,17.514,65.12
10,"2024-10-02 02:30:00+00:00",0,3.5,17.577,65.12
10,"2024-10-02 03:00:00+00:00",0,4,17.871,65.12
10,"2024-10-02 03:30:00+00:00",0,4.5,16.296,65.12
10,"2024-10-02 04:00:00+00:00",0,5,19.0785,65.12
10,"2024-10-02 04:30:00+00:00",0,5.5,18.354,65.12
10,"2024-10-02 05:00:00+00:00",0,6,23.184,65.12
10,"2024-10-02 05:30:00+00:00",0,6.5,21.9765,65.12
10,"2024-10-02 06:00:00+00:00",0,7,24.15,65.12
10,"2024-10-02 06:30:00+00:00",0,7.5,28.98,65.12
10,"2024-10-02 07:00:00+00:00",0,8,22.05,65.12
10,"2024-10-02 07:30:00+00:00",0,8.5,20.286,65.12
10,"2024-10-02 08:00:00+00:00",0,9,22.68,65.12
10,"2024-10-02 08:30:00+00:00",0,9.5,18.5745,65.12
10,"2024-10-02 09:00:00+00:00",0,10,18.1545,65.12
10,"2024-10-02 09:30:00+00:00",0,10.5,17.1465,65.12
10,"2024-10-02 10:00:00+00:00",0,11,17.6085,65.12
10,"2024-10-02 10:30:00+00:00",0,11.5,17.6295,65.12
10,"2024-10-02 11:00:00+00:00",0,12,18.039,65.12
10,"2024-10-02 11:30:00+00:00",0,12.5,15.771,65.12
10,"2024-10-02 12:00:00+00:00",0,13,17.325,65.12
10,"2024-10-02 12:30:00+00:00",0,13.5,16.6845,65.12
10,"2024-10-02 13:00:00+00:00",0,14,15.456,65.12
10,"2024-10-02 13:30:00+00:00",0,14.5,15.2145,65.12
10,"2024-10-02 14:00:00+00:00",0,15,15.456,65.12
10,"2024-10-02 14:30:00+00:00",0,15.5,16.506,65.12
10,"2024-10-02 15:00:00+00:00",0,16,27.615,65.12
10,"2024-10-02 15:30:00+00:00",0,16.5,33.369,65.12
10,"2024-10-02 16:00:00+00:00",0,17,34.251,65.12
10,"2024-10-02 16:30:00+00:00",0,17.5,37.947,65.12
10,"2024-10-02 17:00:00+00:00",0,18,37.926,65.12
10,"2024-10-02 17:30:00+00:00",0,18.5,39.4695,65.12
10,"2024-10-02 18:00:00+00:00",0,19,25.5465,65.12
10,"2024-10-02 18:30:00+00:00",0,19.5,24.8745,65.12
10,"2024-10-02 19:00:00+00:00",0,20,22.827,65.12
10,"2024-10-02 19:30:00+00:00",0,20.5,17.6295,65.12
10,"2024-10-02 20:00:00+00:00",0,21,20.3385,65.12
10,"2024-10-02 20:30:00+00:00",0,21.5,20.286,65.12
10,"2024-10-02 21:00:00+00:00",0,22,18.5325,65.12
10,"2024-10-02 21:30:00+00:00",0,22.5,18.1545,65.12
10,"2024-10-02 22:00:00+00:00",0,23,19.3515,65.12
10,"2024-10-02 22:30:00+00:00",0,23.5,18.3435,65.12
10,"2024-10-02 23:00:00+00:00",0,0,17.6295,65.12
10,"2024-10-02 23:30:00+00:00",0,0.5,17.871,65.12
10,"2024-10-03 00:00:00+00:00",0,1,18.1335,65.12
10,"2024-10-03 00:30:00+00:00",0,1.5,19.467,65.12
10,"2024-10-03 01:00:00+00:00",0,2,18.8475,65.12
10,"2024-10-03 01:30:00+00:00",0,2.5,18.627,65.12
10,"2024-10-03 02:00:00+00:00",0,3,18.2805,65.12
10,"2024-10-03 02:30:00+00:00",0,3.5,18.5955,65.12
10,"2024-10-03 03:00:00+00:00",0,4,20.2965,65.12
10,"2024-10-03 03:30:00+00:00",0,4.5,19.3725,65.12
10,"2024-10-03 04:00:00+00:00",0,5,19.4355,65.12
10,"2024-10-03 04:30:00+00:00",0,5.5,18.627,65.12
10,"2024-10-03 05:00:00+00:00",0,6,23.184,65.12
10,"2024-10-03 05:30:00+00:00",0,6.5,22.953,65.12
10,"2024-10-03 06:00:00+00:00",0,7,26.313,65.12
10,"2024-10-03 06:30:00+00:00",0,7.5,27.9825,65.12
10,"2024-10-03 07:00:00+00:00",0,8,27.174,65.12
10,"2024-10-03 07:30:00+00:00",0,8.5,27.174,65.12
10,"2024-10-03 08:00:00+00:00",0,9,26.3235,65.12
10,"2024-10-03 08:30:00+00:00",0,9.5,24.4545,65.12
10,"2024-10-03 09:00:00+00:00",0,10,22.365,65.12
10,"2024-10-03 09:30:00+00:00",0,10.5,19.845,65.12
10,"2024-10-03 10:00:00+00:00",0,11,18.5745,65.12
10,"2024-10-03 10:30:00+00:00",0,11.5,18.5745,65.12
10,"2024-10-03 11:00:00+00:00",0,12,18.837,65.12
10,"2024-10-03 11:30:00+00:00",0,12.5,18.837,65.12
10,"2024-10-03 12:00:00+00:00",0,13,18.1125,65.12
10,"2024-10-03 12:30:00+00:00",0,13.5,18.1125,65.12
10,"2024-10-03 13:00:00+00:00",0,14,18.627,65.12
10,"2024-10-03 13:30:00+00:00",0,14.5,18.837,65.12
10,"2024-10-03 14:00:00+00:00",0,15,18.837,65.12
10,"2024-10-03 14:30:00+00:00",0,15.5,19.341,65.12
10,"2024-10-03 15:00:00+00:00",0,16,31.4055,65.12
10,"2024-10-03 15:30:00+00:00",0,16.5,32.928,65.12
10,"2024-10-03 16:00:00+00:00",0,17,37.632,65.12
10,"2024-10-03 16:30:00+00:00",0,17.5,40.026,65.12
10,"2024-10-03 17:00:00+00:00",0,18,41.013,65.12
10,"2024-10-03 17:30:00+00:00",0,18.5,42.756,65.12
10,"2024-10-03 18:00:00+00:00",0,19,29.5575,65.12
10,"2024-10-03 18:30:00+00:00",0,19.5,27.027,65.12
10,"2024-10-03 19:00:00+00:00",0,20,24.15,65.12
10,"2024-10-03 19:30:00+00:00",0,20.5,20.0235,65.12
10,"2024-10-03 20:00:00+00:00",0,21,21.735,65.12
10,"2024-10-03 20:30:00+00:00",0,21.5,20.0445,65.12
10,"2024-10-03 21:00:00+00:00",0,22,19.341,65.12
10,"2024-10-03 21:30:00+00:00",0,22.5,19.1205,65.12
10,"2024-10-03 22:00:00+00:00",0,23,19.32,65.12
10,"2024-10-03 22:30:00+00:00",0,23.5,20.286,65.12
10,"2024-10-03 23:00:00+00:00",0,0,17.5665,65.12
10,"2024-10-03 23:30:00+00:00",0,0.5,16.401,65.12
10,"2024-10-04 00:00:00+00:00",0,1,15.2145,65.12
10,"2024-10-04 00:30:00+00:00",0,1.5,15.6975,65.12
10,"2024-10-04 01:00:00+00:00",0,2,15.2145,65.12
10,"2024-10-04 01:30:00+00:00",0,2.5,15.2145,65.12
10,"2024-10-04 02:00:00+00:00",0,3,15.2145,65.12
10,"2024-10-04 02:30:00+00:00",0,3.5,14.49,65.12
10,"2024-10-04 03:00:00+00:00",0,4,14.5635,65.12
10,"2024-10-04 03:30:00+00:00",0,4.5,12.1275,65.12
10,"2024-10-04 04:00:00+00:00",0,5,19.95,65.12
10,"2024-10-04 04:30:00+00:00",0,5.5,19.803,65.12
10,"2024-10-04 05:00:00+00:00",0,6,23.184,65.12
10,"2024-10-04 05:30:00+00:00",0,6.5,23.4255,65.12
10,"2024-10-04 06:00:00+00:00",0,7,28.497,65.12
10,"2024-10-04 06:30:00+00:00",0,7.5,30.9645,65.12
10,"2024-10-04 07:00:00+00:00",0,8,25.3785,65.12
10,"2024-10-04 07:30:00+00:00",0,8.5,24.7275,65.12
10,"2024-10-04 08:00:00+00:00",0,9,19.929,65.12
10,"2024-10-04 08:30:00+00:00",0,9.5,20.2335,65.12
10,"2024-10-04 09:00:00+00:00",0,10,20.307,65.12
10,"2024-10-04 09:30:00+00:00",0,10.5,17.871,65.12
10,"2024-10-04 10:00:00+00:00",0,11,18.837,65.12
10,"2024-10-04 10:30:00+00:00",0,11.5,16.905,65.12
10,"2024-10-04 11:00:00+00:00",0,12,17.388,65.12
10,"2024-10-04 11:30:00+00:00",0,12.5,17.388,65.12
10,"2024-10-04 12:00:00+00:00",0,13,16.6635,65.12
10,"2024-10-04 12:30:00+00:00",0,13.5,16.422,65.12
10,"2024-10-04 13:00:00+00:00",0,14,16.8105,65.12
10,"2024-10-04 13:30:00+00:00",0,14.5,16.6635,65.12
10,"2024-10-04 14:00:00+00:00",0,15,17.388,65.12
10,"2024-10-04 14:30:00+00:00",0,15.5,18.3015,65.12
10,"2024-10-04 15:00:00+00:00",0,16,30.87,65.12
10,"2024-10-04 15:30:00+00:00",0,16.5,32.0775,65.12
10,"2024-10-04 16:00:00+00:00",0,17,34.251,65.12
10,"2024-10-04 16:30:00+00:00",0,17.5,37.3905,65.12
10,"2024-10-04 17:00:00+00:00",0,18,39.753,65.12
10,"2024-10-04 17:30:00+00:00",0,18.5,40.53,65.12
10,"2024-10-04 18:00:00+00:00",0,19,26.271,65.12
10,"2024-10-04 18:30:00+00:00",0,19.5,24.276,65.12
10,"2024-10-04 19:00:00+00:00",0,20,21.0105,65.12
10,"2024-10-04 19:30:00+00:00",0,20.5,17.829,65.12
10,"2024-10-04 20:00:00+00:00",0,21,19.32,65.12
10,"2024-10-04 20:30:00+00:00",0,21.5,18.5955,65.12
10,"2024-10-04 21:00:00+00:00",0,22,16.8105,65.12
10,"2024-10-04 21:30:00+00:00",0,22.5,16.905,65.12
10,"2024-10-04 22:00:00+00:00",0,23,20.307,65.12
10,"2024-10-04 22:30:00+00:00",0,23.5,20.769,65.12
10,"2024-10-04 23:00:00+00:00",0,0,17.409,65.12
10,"2024-10-04 23:30:00+00:00",0,0.5,16.695,65.12
10,"2024-10-05 00:00:00+00:00",1,1,15.582,65.12
10,"2024-10-05 00:30:00+00:00",1,1.5,16.8315,65.12
10,"2024-10-05 01:00:00+00:00",1,2,15.0675,65.12
10,"2024-10-05 01:30:00+00:00",1,2.5,14.637,65.12
10,"2024-10-05 02:00:00+00:00",1,3,14.5845,65.12
10,"2024-10-05 02:30:00+00:00",1,3.5,14.007,65.12
10,"2024-10-05 03:00:00+00:00",1,4,16.695,65.12
10,"2024-10-05 03:30:00+00:00",1,4.5,16.695,65.12
10,"2024-10-05 04:00:00+00:00",1,5,17.7765,65.12
10,"2024-10-05 04:30:00+00:00",1,5.5,18.1125,65.12
10,"2024-10-05 05:00:00+00:00",1,6,20.5275,65.12
10,"2024-10-05 05:30:00+00:00",1,6.5,23.9085,65.12
10,"2024-10-05 06:00:00+00:00",1,7,22.4805,65.12
10,"2024-10-05 06:30:00+00:00",1,7.5,26.565,65.12
10,"2024-10-05 07:00:00+00:00",1,8,23.184,65.12
10,"2024-10-05 07:30:00+00:00",1,8.5,23.373,65.12
10,"2024-10-05 08:00:00+00:00",1,9,21.735,65.12
10,"2024-10-05 08:30:00+00:00",1,9.5,19.32,65.12
10,"2024-10-05 09:00:00+00:00",1,10,17.1465,65.12
10,"2024-10-05 09:30:00+00:00",1,10.5,14.2695,65.12
10,"2024-10-05 10:00:00+00:00",1,11,11.4555,65.12
10,"2024-10-05 10:30:00+00:00",1,11.5,10.731,65.12
10,"2024-10-05 11:00:00+00:00",1,12,8.694,65.12
10,"2024-10-05 11:30:00+00:00",1,12.5,9.4395,65.12
10,"2024-10-05 12:00:00+00:00",1,13,9.9015,65.12
10,"2024-10-05 12:30:00+00:00",1,13.5,7.6335,65.12
10,"2024-10-05 13:00:00+00:00",1,14,11.3715,65.12
10,"2024-10-05 13:30:00+00:00",1,14.5,11.004,65.12
10,"2024-10-05 14:00:00+00:00",1,15,13.776,65.12
10,"2024-10-05 14:30:00+00:00",1,15.5,15.0045,65.12
10,"2024-10-05 15:00:00+00:00",1,16,28.245,65.12
10,"2024-10-05 15:30:00+00:00",1,16.5,29.4945,65.12
10,"2024-10-05 16:00:00+00:00",1,17,34.419,65.12
10,"2024-10-05 16:30:00+00:00",1,17.5,37.3905,65.12
10,"2024-10-05 17:00:00+00:00",1,18,37.8735,65.12
10,"2024-10-05 17:30:00+00:00",1,18.5,38.8395,65.12
10,"2024-10-05 18:00:00+00:00",1,19,23.5725,65.12
10,"2024-10-05 18:30:00+00:00",1,19.5,20.769,65.12
10,"2024-10-05 19:00:00+00:00",1,20,19.929,65.12
10,"2024-10-05 19:30:00+00:00",1,20.5,18.186,65.12
10,"2024-10-05 20:00:00+00:00",1,21,17.388,65.12
10,"2024-10-05 20:30:00+00:00",1,21.5,16.695,65.12
10,"2024-10-05 21:00:00+00:00",1,22,13.23,65.12
10,"2024-10-05 21:30:00+00:00",1,22.5,5.796,65.12
10,"2024-10-05 22:00:00+00:00",1,23,15.2145,65.12
10,"2024-10-05 22:30:00+00:00",1,23.5,11.3505,65.12
10,"2024-10-05 23:00:00+00:00",1,0,11.592,65.12
10,"2024-10-05 23:30:00+00:00",1,0.5,11.4135,65.12
10,"2024-10-06 00:00:00+00:00",1,1,9.6285,65.12
10,"2024-10-06 00:30:00+00:00",1,1.5,11.8335,65.12
10,"2024-10-06 01:00:00+00:00",1,2,11.109,65.12
10,"2024-10-06 01:30:00+00:00",1,2.5,9.4395,65.12
10,"2024-10-06 02:00:00+00:00",1,3,10.626,65.12
10,"2024-10-06 02:30:00+00:00",1,3.5,10.017,65.12
10,"2024-10-06 03:00:00+00:00",1,4,10.752,65.12
10,"2024-10-06 03:30:00+00:00",1,4.5,10.017,65.12
10,"2024-10-06 04:00:00+00:00",1,5,11.109,65.12
10,"2024-10-06 04:30:00+00:00",1,5.5,10.8675,65.12
10,"2024-10-06 05:00:00+00:00",1,6,10.2375,65.12
10,"2024-10-06 05:30:00+00:00",1,6.5,13.9125,65.12
10,"2024-10-06 06:00:00+00:00",1,7,13.2825,65.12
10,"2024-10-06 06:30:00+00:00",1,7.5,18.4065,65.12
10,"2024-10-06 07:00:00+00:00",1,8,13.2825,65.12
10,"2024-10-06 07:30:00+00:00",1,8.5,15.645,65.12
10,"2024-10-06 08:00:00+00:00",1,9,20.5275,65.12
10,"2024-10-06 08:30:00+00:00",1,9.5,21.0105,65.12
10,"2024-10-06 09:00:00+00:00",1,10,22.701,65.12
10,"2024-10-06 09:30:00+00:00",1,10.5,21.798,65.12
10,"2024-10-06 10:00:00+00:00",1,11,20.601,65.12
10,"2024-10-06 10:30:00+00:00",1,11.5,21.252,65.12
10,"2024-10-06 11:00:00+00:00",1,12,23.1945,65.12
10,"2024-10-06 11:30:00+00:00",1,12.5,22.449,65.12
10,"2024-10-06 12:00:00+00:00",1,13,21.126,65.12
10,"2024-10-06 12:30:00+00:00",1,13.5,20.475,65.12
10,"2024-10-06 13:00:00+00:00",1,14,20.622,65.12
10,"2024-10-06 13:30:00+00:00",1,14.5,22.218,65.12
10,"2024-10-06 14:00:00+00:00",1,15,20.5275,65.12
10,"2024-10-06 14:30:00+00:00",1,15.5,20.895,65.12
10,"2024-10-06 15:00:00+00:00",1,16,31.9305,65.12
10,"2024-10-06 15:30:00+00:00",1,16.5,34.9755,65.12
10,"2024-10-06 16:00:00+00:00",1,17,36.3615,65.12
10,"2024-10-06 16:30:00+00:00",1,17.5,38.409,65.12
10,"2024-10-06 17:00:00+00:00",1,18,38.724,65.12
10,"2024-10-06 17:30:00+00:00",1,18.5,38.808,65.12
10,"2024-10-06 18:00:00+00:00",1,19,26.8065,65.12
10,"2024-10-06 18:30:00+00:00",1,19.5,23.604,65.12
10,"2024-10-06 19:00:00+00:00",1,20,24.2025,65.12
10,"2024-10-06 19:30:00+00:00",1,20.5,20.5275,65.12
10,"2024-10-06 20:00:00+00:00",1,21,22.1235,65.12
10,"2024-10-06 20:30:00+00:00",1,21.5,18.1125,65.12
10,"2024-10-06 21:00:00+00:00",1,22,19.5615,65.12
10,"2024-10-06 21:30:00+00:00",1,22.5,19.0785,65.12
10,"2024-10-06 22:00:00+00:00",1,23,19.5615,65.12
10,"2024-10-06 22:30:00+00:00",1,23.5,17.9235,65.12
10,"2024-10-06 23:00:00+00:00",1,0,13.524,65.12
10,"2024-10-06 23:30:00+00:00",1,0.5,14.616,65.12
10,"2024-10-07 00:00:00+00:00",0,1,13.524,65.12
10,"2024-10-07 00:30:00+00:00",0,1.5,15.2145,65.12
10,"2024-10-07 01:00:00+00:00",0,2,16.905,65.12
10,"2024-10-07 01:30:00+00:00",0,2.5,16.107,65.12
10,"2024-10-07 02:00:00+00:00",0,3,16.6635,65.12
10,"2024-10-07 02:30:00+00:00",0,3.5,16.233,65.12
10,"2024-10-07 03:00:00+00:00",0,4,16.065,65.12
10,"2024-10-07 03:30:00+00:00",0,4.5,15.3615,65.12
10,"2024-10-07 04:00:00+00:00",0,5,13.4715,65.12
10,"2024-10-07 04:30:00+00:00",0,5.5,16.905,65.12
10,"2024-10-07 05:00:00+00:00",0,6,17.871,65.12
10,"2024-10-07 05:30:00+00:00",0,6.5,20.769,65.12
10,"2024-10-07 06:00:00+00:00",0,7,21.0105,65.12
10,"2024-10-07 06:30:00+00:00",0,7.5,23.646,65.12
10,"2024-10-07 07:00:00+00:00",0,8,24.339,65.12
10,"2024-10-07 07:30:00+00:00",0,8.5,24.15,65.12
10,"2024-10-07 08:00:00+00:00",0,9,23.9085,65.12
10,"2024-10-07 08:30:00+00:00",0,9.5,20.5275,65.12
10,"2024-10-07 09:00:00+00:00",0,10,22.3755,65.12
10,"2024-10-07 09:30:00+00:00",0,10.5,21.9765,65.12
10,"2024-10-07 10:00:00+00:00",0,11,21.252,65.12
10,"2024-10-07 10:30:00+00:00",0,11.5,20.58,65.12
10,"2024-10-07 11:00:00+00:00",0,12,20.118,65.12
10,"2024-10-07 11:30:00+00:00",0,12.5,20.2965,65.12
10,"2024-10-07 12:00:00+00:00",0,13,20.9055,65.12
10,"2024-10-07 12:30:00+00:00",0,13.5,20.5275,65.12
10,"2024-10-07 13:00:00+00:00",0,14,20.5275,65.12
10,"2024-10-07 13:30:00+00:00",0,14.5,20.643,65.12
10,"2024-10-07 14:00:00+00:00",0,15,21.4935,65.12
10,"2024-10-07 14:30:00+00:00",0,15.5,21.4935,65.12
10,"2024-10-07 15:00:00+00:00",0,16,33.915,65.12
10,"2024-10-07 15:30:00+00:00",0,16.5,40.047,65.12
10,"2024-10-07 16:00:00+00:00",0,17,44.1525,65.12
10,"2024-10-07 16:30:00+00:00",0,17.5,47.8275,65.12
10,"2024-10-07 17:00:00+00:00",0,18,50.19,65.12
10,"2024-10-07 17:30:00+00:00",0,18.5,51.3975,65.12
10,"2024-10-07 18:00:00+00:00",0,19,30.6915,65.12
10,"2024-10-07 18:30:00+00:00",0,19.5,26.565,65.12
10,"2024-10-07 19:00:00+00:00",0,20,23.3205,65.12
10,"2024-10-07 19:30:00+00:00",0,20.5,19.1835,65.12
10,"2024-10-07 20:00:00+00:00",0,21,22.9425,65.12
10,"2024-10-07 20:30:00+00:00",0,21.5,20.706,65.12
10,"2024-10-07 21:00:00+00:00",0,22,20.5275,65.12
10,"2024-10-07 21:30:00+00:00",0,22.5,20.0445,65.12
10,"2024-10-07 22:00:00+00:00",0,23,21.735,65.12
10,"2024-10-07 22:30:00+00:00",0,23.5,22.218,65.12
10,"2024-10-07 23:00:00+00:00",0,0,22.1235,65.12
10,"2024-10-07 23:30:00+00:00",0,0.5,21.126,65.12
10,"2024-10-08 00:00:00+00:00",0,1,20.286,65.12
10,"2024-10-08 00:30:00+00:00",0,1.5,20.1075,65.12
10,"2024-10-08 01:00:00+00:00",0,2,18.3645,65.12
10,"2024-10-08 01:30:00+00:00",0,2.5,16.422,65.12
10,"2024-10-08 02:00:00+00:00",0,3,17.535,65.12
10,"2024-10-08 02:30:00+00:00",0,3.5,15.6975,65.12
10,"2024-10-08 03:00:00+00:00",0,4,17.871,65.12
10,"2024-10-08 03:30:00+00:00",0,4.5,16.905,65.12
10,"2024-10-08 04:00:00+00:00",0,5,16.905,65.12
10,"2024-10-08 04:30:00+00:00",0,5.5,17.1465,65.12
10,"2024-10-08 05:00:00+00:00",0,6,18.7845,65.12
10,"2024-10-08 05:30:00+00:00",0,6.5,21.4935,65.12
10,"2024-10-08 06:00:00+00:00",0,7,21.8295,65.12
10,"2024-10-08 06:30:00+00:00",0,7.5,25.977,65.12
10,"2024-10-08 07:00:00+00:00",0,8,27.195,65.12
10,"2024-10-08 07:30:00+00:00",0,8.5,24.801,65.12
10,"2024-10-08 08:00:00+00:00",0,9,25.977,65.12
10,"2024-10-08 08:30:00+00:00",0,9.5,23.4255,65.12
10,"2024-10-08 09:00:00+00:00",0,10,24.024,65.12
10,"2024-10-08 09:30:00+00:00",0,10.5,21.6615,65.12
10,"2024-10-08 10:00:00+00:00",0,11,21.609,65.12
10,"2024-10-08 10:30:00+00:00",0,11.5,20.0445,65.12
10,"2024-10-08 11:00:00+00:00",0,12,19.194,65.12
10,"2024-10-08 11:30:00+00:00",0,12.5,18.06,65.12
10,"2024-10-08 12:00:00+00:00",0,13,18.354,65.12
10,"2024-10-08 12:30:00+00:00",0,13.5,18.0075,65.12
10,"2024-10-08 13:00:00+00:00",0,14,17.6295,65.12
10,"2024-10-08 13:30:00+00:00",0,14.5,17.6295,65.12
10,"2024-10-08 14:00:00+00:00",0,15,17.871,65.12
10,"2024-10-08 14:30:00+00:00",0,15.5,19.8555,65.12
10,"2024-10-08 15:00:00+00:00",0,16,33.285,65.12
10,"2024-10-08 15:30:00+00:00",0,16.5,35.994,65.12
10,"2024-10-08 16:00:00+00:00",0,17,40.53,65.12
10,"2024-10-08 16:30:00+00:00",0,17.5,41.979,65.12
10,"2024-10-08 17:00:00+00:00",0,18,40.404,65.12
10,"2024-10-08 17:30:00+00:00",0,18.5,40.7715,65.12
10,"2024-10-08 18:00:00+00:00",0,19,24.5595,65.12
10,"2024-10-08 18:30:00+00:00",0,19.5,21.8295,65.12
10,"2024-10-08 19:00:00+00:00",0,20,19.5615,65.12
10,"2024-10-08 19:30:00+00:00",0,20.5,21.105,65.12
10,"2024-10-08 20:00:00+00:00",0,21,20.2965,65.12
10,"2024-10-08 20:30:00+00:00",0,21.5,19.824,65.12
10,"2024-10-08 21:00:00+00:00",0,22,18.837,65.12
10,"2024-10-08 21:30:00+00:00",0,22.5,17.6295,65.12
10,"2024-10-08 22:00:00+00:00",0,23,18.837,65.12
10,"2024-10-08 22:30:00+00:00",0,23.5,14.5635,65.12
10,"2024-10-08 23:00:00+00:00",0,0,14.49,65.12
10,"2024-10-08 23:30:00+00:00",0,0.5,11.844,65.12
10,"2024-10-09 00:00:00+00:00",0,1,13.3665,65.12
10,"2024-10-09 00:30:00+00:00",0,1.5,13.524,65.12
10,"2024-10-09 01:00:00+00:00",0,2,13.524,65.12
10,"2024-10-09 01:30:00+00:00",0,2.5,11.3715,65.12
10,"2024-10-09 02:00:00+00:00",0,3,12.012,65.12
10,"2024-10-09 02:30:00+00:00",0,3.5,12.0015,65.12
10,"2024-10-09 03:00:00+00:00",0,4,13.2825,65.12
10,"2024-10-09 03:30:00+00:00",0,4.5,13.2825,65.12
10,"2024-10-09 04:00:00+00:00",0,5,15.12,65.12
10,"2024-10-09 04:30:00+00:00",0,5.5,17.4405,65.12
10,"2024-10-09 05:00:00+00:00",0,6,19.6665,65.12
10,"2024-10-09 05:30:00+00:00",0,6.5,20.286,65.12
10,"2024-10-09 06:00:00+00:00",0,7,18.3435,65.12
10,"2024-10-09 06:30:00+00:00",0,7.5,22.6275,65.12
10,"2024-10-09 07:00:00+00:00",0,8,24.15,65.12
10,"2024-10-09 07:30:00+00:00",0,8.5,23.9085,65.12
10,"2024-10-09 08:00:00+00:00",0,9,24.2235,65.12
10,"2024-10-09 08:30:00+00:00",0,9.5,24.0555,65.12
10,"2024-10-09 09:00:00+00:00",0,10,23.9085,65.12
10,"2024-10-09 09:30:00+00:00",0,10.5,22.68,65.12
10,"2024-10-09 10:00:00+00:00",0,11,20.7585,65.12
10,"2024-10-09 10:30:00+00:00",0,11.5,20.5275,65.12
10,"2024-10-09 11:00:00+00:00",0,12,19.7295,65.12
10,"2024-10-09 11:30:00+00:00",0,12.5,18.354,65.12
10,"2024-10-09 12:00:00+00:00",0,13,19.0785,65.12
10,"2024-10-09 12:30:00+00:00",0,13.5,17.304,65.12
10,"2024-10-09 13:00:00+00:00",0,14,17.304,65.12
10,"2024-10-09 13:30:00+00:00",0,14.5,17.304,65.12
10,"2024-10-09 14:00:00+00:00",0,15,17.1675,65.12
10,"2024-10-09 14:30:00+00:00",0,15.5,19.3725,65.12
10,"2024-10-09 15:00:00+00:00",0,16,31.1115,65.12
10,"2024-10-09 15:30:00+00:00",0,16.5,35.217,65.12
10,"2024-10-09 16:00:00+00:00",0,17,35.7,65.12
10,"2024-10-09 16:30:00+00:00",0,17.5,37.2435,65.12
10,"2024-10-09 17:00:00+00:00",0,18,36.666,65.12
10,"2024-10-09 17:30:00+00:00",0,18.5,37.8735,65.12
10,"2024-10-09 18:00:00+00:00",0,19,23.478,65.12
10,"2024-10-09 18:30:00+00:00",0,19.5,20.5275,65.12
10,"2024-10-09 19:00:00+00:00",0,20,20.559,65.12
10,"2024-10-09 19:30:00+00:00",0,20.5,19.803,65.12
10,"2024-10-09 20:00:00+00:00",0,21,21.8295,65.12
10,"2024-10-09 20:30:00+00:00",0,21.5,18.753,65.12
10,"2024-10-09 21:00:00+00:00",0,22,18.858,65.12
10,"2024-10-09 21:30:00+00:00",0,22.5,14.511,65.12
10,"2024-10-09 22:00:00+00:00",0,23,15.855,65.12
10,"2024-10-09 22:30:00+00:00",0,23.5,8.8515,65.12
10,"2024-10-09 23:00:00+00:00",0,0,7.4865,65.12
10,"2024-10-09 23:30:00+00:00",0,0.5,9.66,65.12
10,"2024-10-10 00:00:00+00:00",0,1,7.245,65.12
10,"2024-10-10 00:30:00+00:00",0,1.5,7.9695,65.12
10,"2024-10-10 01:00:00+00:00",0,2,7.245,65.12
10,"2024-10-10 01:30:00+00:00",0,2.5,6.5205,65.12
10,"2024-10-10 02:00:00+00:00",0,3,6.762,65.12
10,"2024-10-10 02:30:00+00:00",0,3.5,5.208,65.12
10,"2024-10-10 03:00:00+00:00",0,4,7.0035,65.12
10,"2024-10-10 03:30:00+00:00",0,4.5,7.4865,65.12
10,"2024-10-10 04:00:00+00:00",0,5,10.752,65.12
10,"2024-10-10 04:30:00+00:00",0,5.5,14.364,65.12
10,"2024-10-10 05:00:00+00:00",0,6,16.212,65.12
10,"2024-10-10 05:30:00+00:00",0,6.5,18.354,65.12
10,"2024-10-10 06:00:00+00:00",0,7,20.3385,65.12
10,"2024-10-10 06:30:00+00:00",0,7.5,23.184,65.12
10,"2024-10-10 07:00:00+00:00",0,8,24.5595,65.12
10,"2024-10-10 07:30:00+00:00",0,8.5,23.163,65.12
10,"2024-10-10 08:00:00+00:00",0,9,25.116,65.12
10,"2024-10-10 08:30:00+00:00",0,9.5,23.4255,65.12
10,"2024-10-10 09:00:00+00:00",0,10,22.1445,65.12
10,"2024-10-10 09:30:00+00:00",0,10.5,18.7425,65.12
10,"2024-10-10 10:00:00+00:00",0,11,20.286,65.12
10,"2024-10-10 10:30:00+00:00",0,11.5,19.005,65.12
10,"2024-10-10 11:00:00+00:00",0,12,18.69,65.12
10,"2024-10-10 11:30:00+00:00",0,12.5,18.5955,65.12
10,"2024-10-10 12:00:00+00:00",0,13,18.1125,65.12
10,"2024-10-10 12:30:00+00:00",0,13.5,17.1465,65.12
10,"2024-10-10 13:00:00+00:00",0,14,18.1125,65.12
10,"2024-10-10 13:30:00+00:00",0,14.5,17.871,65.12
10,"2024-10-10 14:00:00+00:00",0,15,17.262,65.12
10,"2024-10-10 14:30:00+00:00",0,15.5,18.1125,65.12
10,"2024-10-10 15:00:00+00:00",0,16,28.2135,65.12
10,"2024-10-10 15:30:00+00:00",0,16.5,34.608,65.12
10,"2024-10-10 16:00:00+00:00",0,17,32.781,65.12
10,"2024-10-10 16:30:00+00:00",0,17.5,37.023,65.12
10,"2024-10-10 17:00:00+00:00",0,18,39.438,65.12
10,"2024-10-10 17:30:00+00:00",0,18.5,41.6325,65.12
10,"2024-10-10 18:00:00+00:00",0,19,27.6045,65.12
10,"2024-10-10 18:30:00+00:00",0,19.5,24.3285,65.12
10,"2024-10-10 19:00:00+00:00",0,20,23.9085,65.12
10,"2024-10-10 19:30:00+00:00",0,20.5,19.32,65.12
10,"2024-10-10 20:00:00+00:00",0,21,20.055,65.12
10,"2024-10-10 20:30:00+00:00",0,21.5,19.4985,65.12
10,"2024-10-10 21:00:00+00:00",0,22,21.777,65.12
10,"2024-10-10 21:30:00+00:00",0,22.5,15.939,65.12
10,"2024-10-10 22:00:00+00:00",0,23,21.4935,65.12
10,"2024-10-10 22:30:00+00:00",0,23.5,21.882,65.12
10,"2024-10-10 23:00:00+00:00",0,0,20.5275,65.12
10,"2024-10-10 23:30:00+00:00",0,0.5,19.7505,65.12
10,"2024-10-11 00:00:00+00:00",0,1,16.59,65.12
10,"2024-10-11 00:30:00+00:00",0,1.5,16.8105,65.12
10,"2024-10-11 01:00:00+00:00",0,2,16.905,65.12
10,"2024-10-11 01:30:00+00:00",0,2.5,16.6005,65.12
10,"2024-10-11 02:00:00+00:00",0,3,16.884,65.12
10,"2024-10-11 02:30:00+00:00",0,3.5,16.9785,65.12
10,"2024-10-11 03:00:00+00:00",0,4,17.388,65.12
10,"2024-10-11 03:30:00+00:00",0,4.5,16.6845,65.12
10,"2024-10-11 04:00:00+00:00",0,5,18.354,65.12
10,"2024-10-11 04:30:00+00:00",0,5.5,18.354,65.12
10,"2024-10-11 05:00:00+00:00",0,6,23.7615,65.12
10,"2024-10-11 05:30:00+00:00",0,6.5,26.985,65.12
10,"2024-10-11 06:00:00+00:00",0,7,27.1425,65.12
10,"2024-10-11 06:30:00+00:00",0,7.5,32.361,65.12
10,"2024-10-11 07:00:00+00:00",0,8,27.048,65.12
10,"2024-10-11 07:30:00+00:00",0,8.5,25.956,65.12
10,"2024-10-11 08:00:00+00:00",0,9,28.014,65.12
10,"2024-10-11 08:30:00+00:00",0,9.5,25.3575,65.12
10,"2024-10-11 09:00:00+00:00",0,10,20.769,65.12
10,"2024-10-11 09:30:00+00:00",0,10.5,17.871,65.12
10,"2024-10-11 10:00:00+00:00",0,11,18.837,65.12
10,"2024-10-11 10:30:00+00:00",0,11.5,17.892,65.12
10,"2024-10-11 11:00:00+00:00",0,12,18.648,65.12
10,"2024-10-11 11:30:00+00:00",0,12.5,17.8815,65.12
10,"2024-10-11 12:00:00+00:00",0,13,17.871,65.12
10,"2024-10-11 12:30:00+00:00",0,13.5,17.871,65.12
10,"2024-10-11 13:00:00+00:00",0,14,18.06,65.12
10,"2024-10-11 13:30:00+00:00",0,14.5,18.1125,65.12
10,"2024-10-11 14:00:00+00:00",0,15,17.766,65.12
10,"2024-10-11 14:30:00+00:00",0,15.5,18.9945,65.12
10,"2024-10-11 15:00:00+00:00",0,16,30.366,65.12
10,"2024-10-11 15:30:00+00:00",0,16.5,34.9755,65.12
10,"2024-10-11 16:00:00+00:00",0,17,39.5115,65.12
10,"2024-10-11 16:30:00+00:00",0,17.5,42.6825,65.12
10,"2024-10-11 17:00:00+00:00",0,18,42.777,65.12
10,"2024-10-11 17:30:00+00:00",0,18.5,45.192,65.12
10,"2024-10-11 18:00:00+00:00",0,19,28.98,65.12
10,"2024-10-11 18:30:00+00:00",0,19.5,25.116,65.12
10,"2024-10-11 19:00:00+00:00",0,20,20.538,65.12
10,"2024-10-11 19:30:00+00:00",0,20.5,16.905,65.12
10,"2024-10-11 20:00:00+00:00",0,21,21.105,65.12
10,"2024-10-11 20:30:00+00:00",0,21.5,21.252,65.12
10,"2024-10-11 21:00:00+00:00",0,22,19.7085,65.12
10,"2024-10-11 21:30:00+00:00",0,22.5,19.0785,65.12
10,"2024-10-11 22:00:00+00:00",0,23,20.769,65.12
10,"2024-10-11 22:30:00+00:00",0,23.5,18.354,65.12
10,"2024-10-11 23:00:00+00:00",0,0,20.286,65.12
10,"2024-10-11 23:30:00+00:00",0,0.5,20.223,65.12
10,"2024-10-12 00:00:00+00:00",1,1,18.837,65.12
10,"2024-10-12 00:30:00+00:00",1,1.5,19.782,65.12
10,"2024-10-12 01:00:00+00:00",1,2,18.1125,65.12
10,"2024-10-12 01:30:00+00:00",1,2.5,14.973,65.12
10,"2024-10-12 02:00:00+00:00",1,3,15.939,65.12
10,"2024-10-12 02:30:00+00:00",1,3.5,14.973,65.12
10,"2024-10-12 03:00:00+00:00",1,4,15.2985,65.12
10,"2024-10-12 03:30:00+00:00",1,4.5,14.1015,65.12
10,"2024-10-12 04:00:00+00:00",1,5,12.558,65.12
10,"2024-10-12 04:30:00+00:00",1,5.5,13.524,65.12
10,"2024-10-12 05:00:00+00:00",1,6,16.422,65.12
10,"2024-10-12 05:30:00+00:00",1,6.5,19.803,65.12
10,"2024-10-12 06:00:00+00:00",1,7,19.152,65.12
10,"2024-10-12 06:30:00+00:00",1,7.5,22.701,65.12
10,"2024-10-12 07:00:00+00:00",1,8,21.525,65.12
10,"2024-10-12 07:30:00+00:00",1,8.5,23.7405,65.12
10,"2024-10-12 08:00:00+00:00",1,9,26.229,65.12
10,"2024-10-12 08:30:00+00:00",1,9.5,24.612,65.12
10,"2024-10-12 09:00:00+00:00",1,10,23.9085,65.12
10,"2024-10-12 09:30:00+00:00",1,10.5,21.4935,65.12
10,"2024-10-12 10:00:00+00:00",1,11,20.5275,65.12
10,"2024-10-12 10:30:00+00:00",1,11.5,20.1075,65.12
10,"2024-10-12 11:00:00+00:00",1,12,19.32,65.12
10,"2024-10-12 11:30:00+00:00",1,12.5,18.648,65.12
10,"2024-10-12 12:00:00+00:00",1,13,18.837,65.12
10,"2024-10-12 12:30:00+00:00",1,13.5,16.128,65.12
10,"2024-10-12 13:00:00+00:00",1,14,14.49,65.12
10,"2024-10-12 13:30:00+00:00",1,14.5,14.49,65.12
10,"2024-10-12 14:00:00+00:00",1,15,15.2145,65.12
10,"2024-10-12 14:30:00+00:00",1,15.5,15.12,65.12
10,"2024-10-12 15:00:00+00:00",1,16,28.455,65.12
10,"2024-10-12 15:30:00+00:00",1,16.5,32.319,65.12
10,"2024-10-12 16:00:00+00:00",1,17,32.319,65.12
10,"2024-10-12 16:30:00+00:00",1,17.5,36.666,65.12
10,"2024-10-12 17:00:00+00:00",1,18,37.7055,65.12
10,"2024-10-12 17:30:00+00:00",1,18.5,38.5035,65.12
10,"2024-10-12 18:00:00+00:00",1,19,25.3575,65.12
10,"2024-10-12 18:30:00+00:00",1,19.5,19.5615,65.12
10,"2024-10-12 19:00:00+00:00",1,20,20.0445,65.12
10,"2024-10-12 19:30:00+00:00",1,20.5,13.7655,65.12
10,"2024-10-12 20:00:00+00:00",1,21,10.8885,65.12
10,"2024-10-12 20:30:00+00:00",1,21.5,8.1165,65.12
10,"2024-10-12 21:00:00+00:00",1,22,9.303,65.12
10,"2024-10-12 21:30:00+00:00",1,22.5,6.3,65.12
10,"2024-10-12 22:00:00+00:00",1,23,2.9925,65.12
10,"2024-10-12 22:30:00+00:00",1,23.5,-1.2075,65.12
10,"2024-10-12 23:00:00+00:00",1,0,-0.798,65.12
10,"2024-10-12 23:30:00+00:00",1,0.5,0.315,65.12
10,"2024-10-13 00:00:00+00:00",1,1,-0.7245,65.12
10,"2024-10-13 00:30:00+00:00",1,1.5,0.651,65.12
10,"2024-10-13 01:00:00+00:00",1,2,-0.2415,65.12
10,"2024-10-13 01:30:00+00:00",1,2.5,-0.4305,65.12
10,"2024-10-13 02:00:00+00:00",1,3,-1.2075,65.12
10,"2024-10-13 02:30:00+00:00",1,3.5,0,65.12
10,"2024-10-13 03:00:00+00:00",1,4,0,65.12
10,"2024-10-13 03:30:00+00:00",1,4.5,1.701,65.12
10,"2024-10-13 04:00:00+00:00",1,5,0.2205,65.12
10,"2024-10-13 04:30:00+00:00",1,5.5,4.851,65.12
10,"2024-10-13 05:00:00+00:00",1,6,2.415,65.12
10,"2024-10-13 05:30:00+00:00",1,6.5,9.2505,65.12
10,"2024-10-13 06:00:00+00:00",1,7,16.422,65.12
10,"2024-10-13 06:30:00+00:00",1,7.5,16.6635,65.12
10,"2024-10-13 07:00:00+00:00",1,8,19.32,65.12
10,"2024-10-13 07:30:00+00:00",1,8.5,21.9765,65.12
10,"2024-10-13 08:00:00+00:00",1,9,23.2365,65.12
10,"2024-10-13 08:30:00+00:00",1,9.5,22.701,65.12
10,"2024-10-13 09:00:00+00:00",1,10,20.5065,65.12
10,"2024-10-13 09:30:00+00:00",1,10.5,19.7085,65.12
10,"2024-10-13 10:00:00+00:00",1,11,20.895,65.12
10,"2024-10-13 10:30:00+00:00",1,11.5,19.404,65.12
10,"2024-10-13 11:00:00+00:00",1,12,22.4595,65.12
10,"2024-10-13 11:30:00+00:00",1,12.5,20.5275,65.12
10,"2024-10-13 12:00:00+00:00",1,13,22.9215,65.12
10,"2024-10-13 12:30:00+00:00",1,13.5,21.882,65.12
10,"2024-10-13 13:00:00+00:00",1,14,21.7875,65.12
10,"2024-10-13 13:30:00+00:00",1,14.5,21.735,65.12
10,"2024-10-13 14:00:00+00:00",1,15,20.5485,65.12
10,"2024-10-13 14:30:00+00:00",1,15.5,21.8715,65.12
10,"2024-10-13 15:00:00+00:00",1,16,32.319,65.12
10,"2024-10-13 15:30:00+00:00",1,16.5,38.598,65.12
10,"2024-10-13 16:00:00+00:00",1,17,39.8055,65.12
10,"2024-10-13 16:30:00+00:00",1,17.5,42.9975,65.12
10,"2024-10-13 17:00:00+00:00",1,18,42.63,65.12
10,"2024-10-13 17:30:00+00:00",1,18.5,41.58,65.12
10,"2024-10-13 18:00:00+00:00",1,19,28.4235,65.12
10,"2024-10-13 18:30:00+00:00",1,19.5,25.305,65.12
10,"2024-10-13 19:00:00+00:00",1,20,25.116,65.12
10,"2024-10-13 19:30:00+00:00",1,20.5,18.837,65.12
10,"2024-10-13 20:00:00+00:00",1,21,20.3805,65.12
10,"2024-10-13 20:30:00+00:00",1,21.5,17.388,65.12
10,"2024-10-13 21:00:00+00:00",1,22,21.6405,65.12
10,"2024-10-13 21:30:00+00:00",1,22.5,14.49,65.12
10,"2024-10-13 22:00:00+00:00",1,23,22.4595,65.12
10,"2024-10-13 22:30:00+00:00",1,23.5,20.937,65.12
10,"2024-10-13 23:00:00+00:00",1,0,20.286,65.12
10,"2024-10-13 23:30:00+00:00",1,0.5,20.0445,65.12
10,"2024-10-14 00:00:00+00:00",0,1,18.5955,65.12
10,"2024-10-14 00:30:00+00:00",0,1.5,18.858,65.12
10,"2024-10-14 01:00:00+00:00",0,2,18.9945,65.12
10,"2024-10-14 01:30:00+00:00",0,2.5,18.5955,65.12
10,"2024-10-14 02:00:00+00:00",0,3,18.5745,65.12
10,"2024-10-14 02:30:00+00:00",0,3.5,17.2725,65.12
10,"2024-10-14 03:00:00+00:00",0,4,16.611,65.12
10,"2024-10-14 03:30:00+00:00",0,4.5,15.6975,65.12
10,"2024-10-14 04:00:00+00:00",0,5,16.548,65.12
10,"2024-10-14 04:30:00+00:00",0,5.5,16.296,65.12
10,"2024-10-14 05:00:00+00:00",0,6,21.735,65.12
10,"2024-10-14 05:30:00+00:00",0,6.5,23.184,65.12
10,"2024-10-14 06:00:00+00:00",0,7,28.5915,65.12
10,"2024-10-14 06:30:00+00:00",0,7.5,31.5105,65.12
10,"2024-10-14 07:00:00+00:00",0,8,27.552,65.12
10,"2024-10-14 07:30:00+00:00",0,8.5,29.3685,65.12
10,"2024-10-14 08:00:00+00:00",0,9,31.374,65.12
10,"2024-10-14 08:30:00+00:00",0,9.5,30.1875,65.12
10,"2024-10-14 09:00:00+00:00",0,10,30.1875,65.12
10,"2024-10-14 09:30:00+00:00",0,10.5,29.463,65.12
10,"2024-10-14 10:00:00+00:00",0,11,26.565,65.12
10,"2024-10-14 10:30:00+00:00",0,11.5,25.116,65.12
10,"2024-10-14 11:00:00+00:00",0,12,26.3235,65.12
10,"2024-10-14 11:30:00+00:00",0,12.5,22.9425,65.12
10,"2024-10-14 12:00:00+00:00",0,13,21.9765,65.12
10,"2024-10-14 12:30:00+00:00",0,13.5,20.5275,65.12
10,"2024-10-14 13:00:00+00:00",0,14,21.0105,65.12
10,"2024-10-14 13:30:00+00:00",0,14.5,21.9765,65.12
10,"2024-10-14 14:00:00+00:00",0,15,20.727,65.12
10,"2024-10-14 14:30:00+00:00",0,15.5,23.793,65.12
10,"2024-10-14 15:00:00+00:00",0,16,42.945,65.12
10,"2024-10-14 15:30:00+00:00",0,16.5,49.035,65.12
10,"2024-10-14 16:00:00+00:00",0,17,62.244,65.12
10,"2024-10-14 16:30:00+00:00",0,17.5,69.993,65.12
10,"2024-10-14 17:00:00+00:00",0,18,67.4835,65.12
10,"2024-10-14 17:30:00+00:00",0,18.5,72.1665,65.12
10,"2024-10-14 18:00:00+00:00",0,19,41.7795,65.12
10,"2024-10-14 18:30:00+00:00",0,19.5,35.9835,65.12
10,"2024-10-14 19:00:00+00:00",0,20,27.762,65.12
10,"2024-10-14 19:30:00+00:00",0,20.5,25.3575,65.12
10,"2024-10-14 20:00:00+00:00",0,21,23.2365,65.12
10,"2024-10-14 20:30:00+00:00",0,21.5,20.286,65.12
10,"2024-10-14 21:00:00+00:00",0,22,20.5275,65.12
10,"2024-10-14 21:30:00+00:00",0,22.5,20.0445,65.12
10,"2024-10-14 22:00:00+00:00",0,23,22.701,65.12
10,"2024-10-14 22:30:00+00:00",0,23.5,22.701,65.12
10,"2024-10-14 23:00:00+00:00",0,0,21.4935,65.12
10,"2024-10-14 23:30:00+00:00",0,0.5,21.2205,65.12
10,"2024-10-15 00:00:00+00:00",0,1,18.858,65.12
10,"2024-10-15 00:30:00+00:00",0,1.5,19.32,65.12
10,"2024-10-15 01:00:00+00:00",0,2,18.6795,65.12
10,"2024-10-15 01:30:00+00:00",0,2.5,18.6795,65.12
10,"2024-10-15 02:00:00+00:00",0,3,19.131,65.12
10,"2024-10-15 02:30:00+00:00",0,3.5,18.4485,65.12
10,"2024-10-15 03:00:00+00:00",0,4,19.803,65.12
10,"2024-10-15 03:30:00+00:00",0,4.5,18.4485,65.12
10,"2024-10-15 04:00:00+00:00",0,5,22.428,65.12
10,"2024-10-15 04:30:00+00:00",0,5.5,19.803,65.12
10,"2024-10-15 05:00:00+00:00",0,6,24.15,65.12
10,"2024-10-15 05:30:00+00:00",0,6.5,26.565,65.12
10,"2024-10-15 06:00:00+00:00",0,7,27.7725,65.12
10,"2024-10-15 06:30:00+00:00",0,7.5,31.5525,65.12
10,"2024-10-15 07:00:00+00:00",0,8,24.8745,65.12
10,"2024-10-15 07:30:00+00:00",0,8.5,23.52,65.12
10,"2024-10-15 08:00:00+00:00",0,9,21.8295,65.12
10,"2024-10-15 08:30:00+00:00",0,9.5,20.118,65.12
10,"2024-10-15 09:00:00+00:00",0,10,19.0785,65.12
10,"2024-10-15 09:30:00+00:00",0,10.5,17.6295,65.12
10,"2024-10-15 10:00:00+00:00",0,11,19.425,65.12
10,"2024-10-15 10:30:00+00:00",0,11.5,18.837,65.12
10,"2024-10-15 11:00:00+00:00",0,12,19.698,65.12
10,"2024-10-15 11:30:00+00:00",0,12.5,18.354,65.12
10,"2024-10-15 12:00:00+00:00",0,13,18.837,65.12
10,"2024-10-15 12:30:00+00:00",0,13.5,18.501,65.12
10,"2024-10-15 13:00:00+00:00",0,14,18.5955,65.12
10,"2024-10-15 13:30:00+00:00",0,14.5,18.5955,65.12
10,"2024-10-15 14:00:00+00:00",0,15,18.5955,65.12
10,"2024-10-15 14:30:00+00:00",0,15.5,20.5275,65.12
10,"2024-10-15 15:00:00+00:00",0,16,34.9755,65.12
10,"2024-10-15 15:30:00+00:00",0,16.5,37.9365,65.12
10,"2024-10-15 16:00:00+00:00",0,17,37.7265,65.12
10,"2024-10-15 16:30:00+00:00",0,17.5,39.3225,65.12
10,"2024-10-15 17:00:00+00:00",0,18,34.734,65.12
10,"2024-10-15 17:30:00+00:00",0,18.5,35.7,65.12
10,"2024-10-15 18:00:00+00:00",0,19,21.882,65.12
10,"2024-10-15 18:30:00+00:00",0,19.5,20.769,65.12
10,"2024-10-15 19:00:00+00:00",0,20,20.286,65.12
10,"2024-10-15 19:30:00+00:00",0,20.5,20.2125,65.12
10,"2024-10-15 20:00:00+00:00",0,21,20.0655,65.12
10,"2024-10-15 20:30:00+00:00",0,21.5,17.073,65.12
10,"2024-10-15 21:00:00+00:00",0,22,16.905,65.12
10,"2024-10-15 21:30:00+00:00",0,22.5,13.7655,65.12
10,"2024-10-15 22:00:00+00:00",0,23,11.109,65.12
10,"2024-10-15 22:30:00+00:00",0,23.5,2.415,65.12
10,"2024-10-15 23:00:00+00:00",0,0,2.9925,65.12
10,"2024-10-15 23:30:00+00:00",0,0.5,5.67,65.12
10,"2024-10-16 00:00:00+00:00",0,1,2.1735,65.12
10,"2024-10-16 00:30:00+00:00",0,1.5,3.6225,65.12
10,"2024-10-16 01:00:00+00:00",0,2,3.6225,65.12
10,"2024-10-16 01:30:00+00:00",0,2.5,0.5565,65.12
10,"2024-10-16 02:00:00+00:00",0,3,0.3885,65.12
10,"2024-10-16 02:30:00+00:00",0,3.5,-1.2075,65.12
10,"2024-10-16 03:00:00+00:00",0,4,0.7245,65.12
10,"2024-10-16 03:30:00+00:00",0,4.5,-1.596,65.12
10,"2024-10-16 04:00:00+00:00",0,5,3.6225,65.12
10,"2024-10-16 04:30:00+00:00",0,5.5,8.5995,65.12
10,"2024-10-16 05:00:00+00:00",0,6,7.539,65.12
10,"2024-10-16 05:30:00+00:00",0,6.5,15.2145,65.12
10,"2024-10-16 06:00:00+00:00",0,7,16.716,65.12
10,"2024-10-16 06:30:00+00:00",0,7.5,18.9315,65.12
10,"2024-10-16 07:00:00+00:00",0,8,20.0655,65.12
10,"2024-10-16 07:30:00+00:00",0,8.5,17.388,65.12
10,"2024-10-16 08:00:00+00:00",0,9,20.8635,65.12
10,"2024-10-16 08:30:00+00:00",0,9.5,20.286,65.12
10,"2024-10-16 09:00:00+00:00",0,10,21.735,65.12
10,"2024-10-16 09:30:00+00:00",0,10.5,19.425,65.12
10,"2024-10-16 10:00:00+00:00",0,11,20.6745,65.12
10,"2024-10-16 10:30:00+00:00",0,11.5,20.286,65.12
10,"2024-10-16 11:00:00+00:00",0,12,22.386,65.12
10,"2024-10-16 11:30:00+00:00",0,12.5,20.5275,65.12
10,"2024-10-16 12:00:00+00:00",0,13,21.735,65.12
10,"2024-10-16 12:30:00+00:00",0,13.5,20.916,65.12
10,"2024-10-16 13:00:00+00:00",0,14,21.6825,65.12
10,"2024-10-16 13:30:00+00:00",0,14.5,22.218,65.12
10,"2024-10-16 14:00:00+00:00",0,15,19.824,65.12
10,"2024-10-16 14:30:00+00:00",0,15.5,22.218,65.12
10,"2024-10-16 15:00:00+00:00",0,16,31.857,65.12
10,"2024-10-16 15:30:00+00:00",0,16.5,34.0095,65.12
10,"2024-10-16 16:00:00+00:00",0,17,33.558,65.12
10,"2024-10-16 16:30:00+00:00",0,17.5,37.3905,65.12
10,"2024-10-16 17:00:00+00:00",0,18,37.8735,65.12
10,"2024-10-16 17:30:00+00:00",0,18.5,38.241,65.12
10,"2024-10-16 18:00:00+00:00",0,19,24.339,65.12
10,"2024-10-16 18:30:00+00:00",0,19.5,21.735,65.12
10,"2024-10-16 19:00:00+00:00",0,20,21.756,65.12
10,"2024-10-16 19:30:00+00:00",0,20.5,20.769,65.12
10,"2024-10-16 20:00:00+00:00",0,21,20.286,65.12
10,"2024-10-16 20:30:00+00:00",0,21.5,19.0785,65.12
10,"2024-10-16 21:00:00+00:00",0,22,21.0105,65.12
10,"2024-10-16 21:30:00+00:00",0,22.5,17.7765,65.12
10,"2024-10-16 22:00:00+00:00",0,23,20.5275,65.12
10,"2024-10-16 22:30:00+00:00",0,23.5,19.32,65.12
10,"2024-10-16 23:00:00+00:00",0,0,18.5955,65.12
10,"2024-10-16 23:30:00+00:00",0,0.5,19.803,65.12
10,"2024-10-17 00:00:00+00:00",0,1,19.2885,65.12
10,"2024-10-17 00:30:00+00:00",0,1.5,19.32,65.12
10,"2024-10-17 01:00:00+00:00",0,2,18.1335,65.12
10,"2024-10-17 01:30:00+00:00",0,2.5,18.7425,65.12
10,"2024-10-17 02:00:00+00:00",0,3,17.577,65.12
10,"2024-10-17 02:30:00+00:00",0,3.5,17.2095,65.12
10,"2024-10-17 03:00:00+00:00",0,4,18.837,65.12
10,"2024-10-17 03:30:00+00:00",0,4.5,17.1465,65.12
10,"2024-10-17 04:00:00+00:00",0,5,18.837,65.12
10,"2024-10-17 04:30:00+00:00",0,5.5,18.711,65.12
10,"2024-10-17 05:00:00+00:00",0,6,20.0025,65.12
10,"2024-10-17 05:30:00+00:00",0,6.5,20.286,65.12
10,"2024-10-17 06:00:00+00:00",0,7,20.769,65.12
10,"2024-10-17 06:30:00+00:00",0,7.5,26.6595,65.12
10,"2024-10-17 07:00:00+00:00",0,8,27.4365,65.12
10,"2024-10-17 07:30:00+00:00",0,8.5,25.3575,65.12
10,"2024-10-17 08:00:00+00:00",0,9,26.229,65.12
10,"2024-10-17 08:30:00+00:00",0,9.5,23.9295,65.12
10,"2024-10-17 09:00:00+00:00",0,10,21.609,65.12
10,"2024-10-17 09:30:00+00:00",0,10.5,18.879,65.12
10,"2024-10-17 10:00:00+00:00",0,11,19.8765,65.12
10,"2024-10-17 10:30:00+00:00",0,11.5,18.354,65.12
10,"2024-10-17 11:00:00+00:00",0,12,18.5955,65.12
10,"2024-10-17 11:30:00+00:00",0,12.5,18.816,65.12
10,"2024-10-17 12:00:00+00:00",0,13,18.963,65.12
10,"2024-10-17 12:30:00+00:00",0,13.5,18.858,65.12
10,"2024-10-17 13:00:00+00:00",0,14,19.32,65.12
10,"2024-10-17 13:30:00+00:00",0,14.5,18.837,65.12
10,"2024-10-17 14:00:00+00:00",0,15,19.32,65.12
10,"2024-10-17 14:30:00+00:00",0,15.5,19.32,65.12
10,"2024-10-17 15:00:00+00:00",0,16,34.02,65.12
10,"2024-10-17 15:30:00+00:00",0,16.5,36.456,65.12
10,"2024-10-17 16:00:00+00:00",0,17,42.462,65.12
10,"2024-10-17 16:30:00+00:00",0,17.5,44.625,65.12
10,"2024-10-17 17:00:00+00:00",0,18,45.4335,65.12
10,"2024-10-17 17:30:00+00:00",0,18.5,49.6335,65.12
10,"2024-10-17 18:00:00+00:00",0,19,29.7255,65.12
10,"2024-10-17 18:30:00+00:00",0,19.5,24.4125,65.12
10,"2024-10-17 19:00:00+00:00",0,20,22.0815,65.12
10,"2024-10-17 19:30:00+00:00",0,20.5,21.0105,65.12
10,"2024-10-17 20:00:00+00:00",0,21,21.4935,65.12
10,"2024-10-17 20:30:00+00:00",0,21.5,21.735,65.12
10,"2024-10-17 21:00:00+00:00",0,22,20.769,65.12
10,"2024-10-17 21:30:00+00:00",0,22.5,17.3355,65.12
10,"2024-10-17 22:00:00+00:00",0,23,22.1655,65.12
10,"2024-10-17 22:30:00+00:00",0,23.5,21.714,65.12
10,"2024-10-17 23:00:00+00:00",0,0,19.32,65.12
10,"2024-10-17 23:30:00+00:00",0,0.5,19.2675,65.12
10,"2024-10-18 00:00:00+00:00",0,1,17.7975,65.12
10,"2024-10-18 00:30:00+00:00",0,1.5,19.152,65.12
10,"2024-10-18 01:00:00+00:00",0,2,18.6165,65.12
10,"2024-10-18 01:30:00+00:00",0,2.5,18.228,65.12
10,"2024-10-18 02:00:00+00:00",0,3,18.837,65.12
10,"2024-10-18 02:30:00+00:00",0,3.5,18.354,65.12
10,"2024-10-18 03:00:00+00:00",0,4,19.0575,65.12
10,"2024-10-18 03:30:00+00:00",0,4.5,17.871,65.12
10,"2024-10-18 04:00:00+00:00",0,5,18.5955,65.12
10,"2024-10-18 04:30:00+00:00",0,5.5,18.1125,65.12
10,"2024-10-18 05:00:00+00:00",0,6,20.916,65.12
10,"2024-10-18 05:30:00+00:00",0,6.5,25.3575,65.12
10,"2024-10-18 06:00:00+00:00",0,7,24.633,65.12
10,"2024-10-18 06:30:00+00:00",0,7.5,29.4105,65.12
10,"2024-10-18 07:00:00+00:00",0,8,24.108,65.12
10,"2024-10-18 07:30:00+00:00",0,8.5,21.6405,65.12
10,"2024-10-18 08:00:00+00:00",0,9,19.803,65.12
10,"2024-10-18 08:30:00+00:00",0,9.5,19.446,65.12
10,"2024-10-18 09:00:00+00:00",0,10,19.467,65.12
10,"2024-10-18 09:30:00+00:00",0,10.5,16.8105,65.12
10,"2024-10-18 10:00:00+00:00",0,11,17.8185,65.12
10,"2024-10-18 10:30:00+00:00",0,11.5,17.388,65.12
10,"2024-10-18 11:00:00+00:00",0,12,17.871,65.12
10,"2024-10-18 11:30:00+00:00",0,12.5,17.3985,65.12
10,"2024-10-18 12:00:00+00:00",0,13,18.1125,65.12
10,"2024-10-18 12:30:00+00:00",0,13.5,17.871,65.12
10,"2024-10-18 13:00:00+00:00",0,14,16.926,65.12
10,"2024-10-18 13:30:00+00:00",0,14.5,16.905,65.12
10,"2024-10-18 14:00:00+00:00",0,15,18.7005,65.12
10,"2024-10-18 14:30:00+00:00",0,15.5,19.026,65.12
10,"2024-10-18 15:00:00+00:00",0,16,32.319,65.12
10,"2024-10-18 15:30:00+00:00",0,16.5,35.091,65.12
10,"2024-10-18 16:00:00+00:00",0,17,35.091,65.12
10,"2024-10-18 16:30:00+00:00",0,17.5,38.22,65.12
10,"2024-10-18 17:00:00+00:00",0,18,38.2095,65.12
10,"2024-10-18 17:30:00+00:00",0,18.5,40.2885,65.12
10,"2024-10-18 18:00:00+00:00",0,19,21.0105,65.12
10,"2024-10-18 18:30:00+00:00",0,19.5,20.517,65.12
10,"2024-10-18 19:00:00+00:00",0,20,20.265,65.12
10,"2024-10-18 19:30:00+00:00",0,20.5,21.063,65.12
10,"2024-10-18 20:00:00+00:00",0,21,22.407,65.12
10,"2024-10-18 20:30:00+00:00",0,21.5,21.0105,65.12
10,"2024-10-18 21:00:00+00:00",0,22,19.74,65.12
10,"2024-10-18 21:30:00+00:00",0,22.5,15.96,65.12
10,"2024-10-18 22:00:00+00:00",0,23,17.388,65.12
10,"2024-10-18 22:30:00+00:00",0,23.5,15.246,65.12
10,"2024-10-18 23:00:00+00:00",0,0,14.49,65.12
10,"2024-10-18 23:30:00+00:00",0,0.5,15.939,65.12
10,"2024-10-19 00:00:00+00:00",1,1,15.456,65.12
10,"2024-10-19 00:30:00+00:00",1,1.5,17.388,65.12
10,"2024-10-19 01:00:00+00:00",1,2,16.6845,65.12
10,"2024-10-19 01:30:00+00:00",1,2.5,14.49,65.12
10,"2024-10-19 02:00:00+00:00",1,3,16.1805,65.12
10,"2024-10-19 02:30:00+00:00",1,3.5,16.1805,65.12
10,"2024-10-19 03:00:00+00:00",1,4,17.8605,65.12
10,"2024-10-19 03:30:00+00:00",1,4.5,16.443,65.12
10,"2024-10-19 04:00:00+00:00",1,5,17.7765,65.12
10,"2024-10-19 04:30:00+00:00",1,5.5,18.543,65.12
10,"2024-10-19 05:00:00+00:00",1,6,19.0155,65.12
10,"2024-10-19 05:30:00+00:00",1,6.5,18.669,65.12
10,"2024-10-19 06:00:00+00:00",1,7,18.837,65.12
10,"2024-10-19 06:30:00+00:00",1,7.5,21.126,65.12
10,"2024-10-19 07:00:00+00:00",1,8,21.1575,65.12
10,"2024-10-19 07:30:00+00:00",1,8.5,22.05,65.12
10,"2024-10-19 08:00:00+00:00",1,9,22.995,65.12
10,"2024-10-19 08:30:00+00:00",1,9.5,23.1105,65.12
10,"2024-10-19 09:00:00+00:00",1,10,22.9215,65.12
10,"2024-10-19 09:30:00+00:00",1,10.5,20.286,65.12
10,"2024-10-19 10:00:00+00:00",1,11,20.286,65.12
10,"2024-10-19 10:30:00+00:00",1,11.5,19.0155,65.12
10,"2024-10-19 11:00:00+00:00",1,12,16.905,65.12
10,"2024-10-19 11:30:00+00:00",1,12.5,17.598,65.12
10,"2024-10-19 12:00:00+00:00",1,13,18.6585,65.12
10,"2024-10-19 12:30:00+00:00",1,13.5,17.1465,65.12
10,"2024-10-19 13:00:00+00:00",1,14,17.6295,65.12
10,"2024-10-19 13:30:00+00:00",1,14.5,18.1125,65.12
10,"2024-10-19 14:00:00+00:00",1,15,19.8975,65.12
10,"2024-10-19 14:30:00+00:00",1,15.5,19.32,65.12
10,"2024-10-19 15:00:00+00:00",1,16,29.8515,65.12
10,"2024-10-19 15:30:00+00:00",1,16.5,35.217,65.12
10,"2024-10-19 16:00:00+00:00",1,17,36.9075,65.12
10,"2024-10-19 16:30:00+00:00",1,17.5,41.496,65.12
10,"2024-10-19 17:00:00+00:00",1,18,39.417,65.12
10,"2024-10-19 17:30:00+00:00",1,18.5,40.9185,65.12
10,"2024-10-19 18:00:00+00:00",1,19,28.5915,65.12
10,"2024-10-19 18:30:00+00:00",1,19.5,25.3785,65.12
10,"2024-10-19 19:00:00+00:00",1,20,22.3755,65.12
10,"2024-10-19 19:30:00+00:00",1,20.5,20.286,65.12
10,"2024-10-19 20:00:00+00:00",1,21,22.701,65.12
10,"2024-10-19 20:30:00+00:00",1,21.5,21.0105,65.12
10,"2024-10-19 21:00:00+00:00",1,22,20.0445,65.12
10,"2024-10-19 21:30:00+00:00",1,22.5,19.0155,65.12
10,"2024-10-19 22:00:00+00:00",1,23,21.882,65.12
10,"2024-10-19 22:30:00+00:00",1,23.5,19.5615,65.12
10,"2024-10-19 23:00:00+00:00",1,0,21.7035,65.12
10,"2024-10-19 23:30:00+00:00",1,0.5,19.0785,65.12
10,"2024-10-20 00:00:00+00:00",1,1,20.5275,65.12
10,"2024-10-20 00:30:00+00:00",1,1.5,21.441,65.12
10,"2024-10-20 01:00:00+00:00",1,2,18.837,65.12
10,"2024-10-20 01:30:00+00:00",1,2.5,10.626,65.12
10,"2024-10-20 02:00:00+00:00",1,3,4.83,65.12
10,"2024-10-20 02:30:00+00:00",1,3.5,0,65.12
10,"2024-10-20 03:00:00+00:00",1,4,7.4865,65.12
10,"2024-10-20 03:30:00+00:00",1,4.5,-0.7035,65.12
10,"2024-10-20 04:00:00+00:00",1,5,1.932,65.12
10,"2024-10-20 04:30:00+00:00",1,5.5,-0.882,65.12
10,"2024-10-20 05:00:00+00:00",1,6,0.7245,65.12
10,"2024-10-20 05:30:00+00:00",1,6.5,0.84,65.12
10,"2024-10-20 06:00:00+00:00",1,7,0,65.12
10,"2024-10-20 06:30:00+00:00",1,7.5,1.6905,65.12
10,"2024-10-20 07:00:00+00:00",1,8,2.415,65.12
10,"2024-10-20 07:30:00+00:00",1,8.5,4.83,65.12
10,"2024-10-20 08:00:00+00:00",1,9,0.1785,65.12
10,"2024-10-20 08:30:00+00:00",1,9.5,2.415,65.12
10,"2024-10-20 09:00:00+00:00",1,10,0,65.12
10,"2024-10-20 09:30:00+00:00",1,10.5,1.5435,65.12
10,"2024-10-20 10:00:00+00:00",1,11,0,65.12
10,"2024-10-20 10:30:00+00:00",1,11.5,2.079,65.12
10,"2024-10-20 11:00:00+00:00",1,12,1.281,65.12
10,"2024-10-20 11:30:00+00:00",1,12.5,1.8795,65.12
10,"2024-10-20 12:00:00+00:00",1,13,2.1735,65.12
10,"2024-10-20 12:30:00+00:00",1,13.5,1.176,65.12
10,"2024-10-20 13:00:00+00:00",1,14,2.184,65.12
10,"2024-10-20 13:30:00+00:00",1,14.5,2.184,65.12
10,"2024-10-20 14:00:00+00:00",1,15,2.415,65.12
10,"2024-10-20 14:30:00+00:00",1,15.5,2.31,65.12
10,"2024-10-20 15:00:00+00:00",1,16,19.6665,65.12
10,"2024-10-20 15:30:00+00:00",1,16.5,27.3315,65.12
10,"2024-10-20 16:00:00+00:00",1,17,22.9215,65.12
10,"2024-10-20 16:30:00+00:00",1,17.5,29.568,65.12
10,"2024-10-20 17:00:00+00:00",1,18,30.87,65.12
10,"2024-10-20 17:30:00+00:00",1,18.5,30.198,65.12
10,"2024-10-20 18:00:00+00:00",1,19,17.556,65.12
10,"2024-10-20 18:30:00+00:00",1,19.5,11.277,65.12
10,"2024-10-20 19:00:00+00:00",1,20,9.66,65.12
10,"2024-10-20 19:30:00+00:00",1,20.5,4.5255,65.12
10,"2024-10-20 20:00:00+00:00",1,21,6.0375,65.12
10,"2024-10-20 20:30:00+00:00",1,21.5,1.449,65.12
10,"2024-10-20 21:00:00+00:00",1,22,4.83,65.12
10,"2024-10-20 21:30:00+00:00",1,22.5,-0.777,65.12
10,"2024-10-20 22:00:00+00:00",1,23,2.415,65.12
10,"2024-10-20 22:30:00+00:00",1,23.5,-1.764,65.12
10,"2024-10-20 23:00:00+00:00",1,0,-0.609,65.12
10,"2024-10-20 23:30:00+00:00",1,0.5,-0.2415,65.12
10,"2024-10-21 00:00:00+00:00",0,1,-0.7245,65.12
10,"2024-10-21 00:30:00+00:00",0,1.5,0.3885,65.12
10,"2024-10-21 01:00:00+00:00",0,2,-0.798,65.12
10,"2024-10-21 01:30:00+00:00",0,2.5,-1.008,65.12
10,"2024-10-21 02:00:00+00:00",0,3,-1.2075,65.12
10,"2024-10-21 02:30:00+00:00",0,3.5,-1.008,65.12
10,"2024-10-21 03:00:00+00:00",0,4,-0.315,65.12
10,"2024-10-21 03:30:00+00:00",0,4.5,-0.3885,65.12
10,"2024-10-21 04:00:00+00:00",0,5,-1.764,65.12
10,"2024-10-21 04:30:00+00:00",0,5.5,-1.764,65.12
10,"2024-10-21 05:00:00+00:00",0,6,10.605,65.12
10,"2024-10-21 05:30:00+00:00",0,6.5,14.6895,65.12
10,"2024-10-21 06:00:00+00:00",0,7,20.475,65.12
10,"2024-10-21 06:30:00+00:00",0,7.5,25.3575,65.12
10,"2024-10-21 07:00:00+00:00",0,8,22.2915,65.12
10,"2024-10-21 07:30:00+00:00",0,8.5,23.7195,65.12
10,"2024-10-21 08:00:00+00:00",0,9,19.4145,65.12
10,"2024-10-21 08:30:00+00:00",0,9.5,17.388,65.12
10,"2024-10-21 09:00:00+00:00",0,10,15.6975,65.12
10,"2024-10-21 09:30:00+00:00",0,10.5,14.9205,65.12
10,"2024-10-21 10:00:00+00:00",0,11,18.6165,65.12
10,"2024-10-21 10:30:00+00:00",0,11.5,17.997,65.12
10,"2024-10-21 11:00:00+00:00",0,12,19.383,65.12
10,"2024-10-21 11:30:00+00:00",0,12.5,18.7845,65.12
10,"2024-10-21 12:00:00+00:00",0,13,19.9395,65.12
10,"2024-10-21 12:30:00+00:00",0,13.5,18.417,65.12
10,"2024-10-21 13:00:00+00:00",0,14,18.837,65.12
10,"2024-10-21 13:30:00+00:00",0,14.5,18.165,65.12
10,"2024-10-21 14:00:00+00:00",0,15,19.32,65.12
10,"2024-10-21 14:30:00+00:00",0,15.5,18.1125,65.12
10,"2024-10-21 15:00:00+00:00",0,16,31.542,65.12
10,"2024-10-21 15:30:00+00:00",0,16.5,34.1565,65.12
10,"2024-10-21 16:00:00+00:00",0,17,37.905,65.12
10,"2024-10-21 16:30:00+00:00",0,17.5,40.1415,65.12
10,"2024-10-21 17:00:00+00:00",0,18,44.394,65.12
10,"2024-10-21 17:30:00+00:00",0,18.5,43.617,65.12
10,"2024-10-21 18:00:00+00:00",0,19,24.15,65.12
10,"2024-10-21 18:30:00+00:00",0,19.5,21.3465,65.12
10,"2024-10-21 19:00:00+00:00",0,20,20.349,65.12
10,"2024-10-21 19:30:00+00:00",0,20.5,18.1125,65.12
10,"2024-10-21 20:00:00+00:00",0,21,23.1105,65.12
10,"2024-10-21 20:30:00+00:00",0,21.5,20.286,65.12
10,"2024-10-21 21:00:00+00:00",0,22,20.6535,65.12
10,"2024-10-21 21:30:00+00:00",0,22.5,16.905,65.12
10,"2024-10-21 22:00:00+00:00",0,23,21.735,65.12
10,"2024-10-21 22:30:00+00:00",0,23.5,19.194,65.12
10,"2024-10-21 23:00:00+00:00",0,0,18.753,65.12
10,"2024-10-21 23:30:00+00:00",0,0.5,18.1125,65.12
10,"2024-10-22 00:00:00+00:00",0,1,17.871,65.12
10,"2024-10-22 00:30:00+00:00",0,1.5,18.354,65.12
10,"2024-10-22 01:00:00+00:00",0,2,17.85,65.12
10,"2024-10-22 01:30:00+00:00",0,2.5,16.9365,65.12
10,"2024-10-22 02:00:00+00:00",0,3,16.9365,65.12
10,"2024-10-22 02:30:00+00:00",0,3.5,16.905,65.12
10,"2024-10-22 03:00:00+00:00",0,4,18.1335,65.12
10,"2024-10-22 03:30:00+00:00",0,4.5,16.9575,65.12
10,"2024-10-22 04:00:00+00:00",0,5,19.0785,65.12
10,"2024-10-22 04:30:00+00:00",0,5.5,17.388,65.12
10,"2024-10-22 05:00:00+00:00",0,6,22.4595,65.12
10,"2024-10-22 05:30:00+00:00",0,6.5,22.4595,65.12
10,"2024-10-22 06:00:00+00:00",0,7,27.825,65.12
10,"2024-10-22 06:30:00+00:00",0,7.5,33.033,65.12
10,"2024-10-22 07:00:00+00:00",0,8,24.15,65.12
10,"2024-10-22 07:30:00+00:00",0,8.5,24.15,65.12
10,"2024-10-22 08:00:00+00:00",0,9,24.15,65.12
10,"2024-10-22 08:30:00+00:00",0,9.5,21.735,65.12
10,"2024-10-22 09:00:00+00:00",0,10,19.7715,65.12
10,"2024-10-22 09:30:00+00:00",0,10.5,19.3725,65.12
10,"2024-10-22 10:00:00+00:00",0,11,18.837,65.12
10,"2024-10-22 10:30:00+00:00",0,11.5,17.892,65.12
10,"2024-10-22 11:00:00+00:00",0,12,18.2595,65.12
10,"2024-10-22 11:30:00+00:00",0,12.5,17.808,65.12
10,"2024-10-22 12:00:00+00:00",0,13,17.9655,65.12
10,"2024-10-22 12:30:00+00:00",0,13.5,17.892,65.12
10,"2024-10-22 13:00:00+00:00",0,14,17.871,65.12
10,"2024-10-22 13:30:00+00:00",0,14.5,17.871,65.12
10,"2024-10-22 14:00:00+00:00",0,15,21.0105,65.12
10,"2024-10-22 14:30:00+00:00",0,15.5,21.0105,65.12
10,"2024-10-22 15:00:00+00:00",0,16,31.479,65.12
10,"2024-10-22 15:30:00+00:00",0,16.5,38.598,65.12
10,"2024-10-22 16:00:00+00:00",0,17,40.047,65.12
10,"2024-10-22 16:30:00+00:00",0,17.5,44.1525,65.12
10,"2024-10-22 17:00:00+00:00",0,18,46.0845,65.12
10,"2024-10-22 17:30:00+00:00",0,18.5,46.5675,65.12
10,"2024-10-22 18:00:00+00:00",0,19,31.878,65.12
10,"2024-10-22 18:30:00+00:00",0,19.5,28.98,65.12
10,"2024-10-22 19:00:00+00:00",0,20,24.15,65.12
10,"2024-10-22 19:30:00+00:00",0,20.5,20.6745,65.12
10,"2024-10-22 20:00:00+00:00",0,21,22.4595,65.12
10,"2024-10-22 20:30:00+00:00",0,21.5,22.218,65.12
10,"2024-10-22 21:00:00+00:00",0,22,20.937,65.12
10,"2024-10-22 21:30:00+00:00",0,22.5,20.097,65.12
10,"2024-10-22 22:00:00+00:00",0,23,22.4595,65.12
10,"2024-10-22 22:30:00+00:00",0,23.5,21.735,65.12
10,"2024-10-22 23:00:00+00:00",0,0,20.79,65.12
10,"2024-10-22 23:30:00+00:00",0,0.5,20.79,65.12
10,"2024-10-23 00:00:00+00:00",0,1,18.249,65.12
10,"2024-10-23 00:30:00+00:00",0,1.5,18.837,65.12
10,"2024-10-23 01:00:00+00:00",0,2,18.06,65.12
10,"2024-10-23 01:30:00+00:00",0,2.5,17.871,65.12
10,"2024-10-23 02:00:00+00:00",0,3,18.543,65.12
10,"2024-10-23 02:30:00+00:00",0,3.5,17.6505,65.12
10,"2024-10-23 03:00:00+00:00",0,4,19.32,65.12
10,"2024-10-23 03:30:00+00:00",0,4.5,18.1125,65.12
10,"2024-10-23 04:00:00+00:00",0,5,21.735,65.12
10,"2024-10-23 04:30:00+00:00",0,5.5,20.4435,65.12
10,"2024-10-23 05:00:00+00:00",0,6,21.3045,65.12
10,"2024-10-23 05:30:00+00:00",0,6.5,24.15,65.12
10,"2024-10-23 06:00:00+00:00",0,7,28.518,65.12
10,"2024-10-23 06:30:00+00:00",0,7.5,32.4765,65.12
10,"2024-10-23 07:00:00+00:00",0,8,26.565,65.12
10,"2024-10-23 07:30:00+00:00",0,8.5,26.88,65.12
10,"2024-10-23 08:00:00+00:00",0,9,26.565,65.12
10,"2024-10-23 08:30:00+00:00",0,9.5,24.633,65.12
10,"2024-10-23 09:00:00+00:00",0,10,22.5645,65.12
10,"2024-10-23 09:30:00+00:00",0,10.5,20.79,65.12
10,"2024-10-23 10:00:00+00:00",0,11,19.635,65.12
10,"2024-10-23 10:30:00+00:00",0,11.5,19.32,65.12
10,"2024-10-23 11:00:00+00:00",0,12,19.7085,65.12
10,"2024-10-23 11:30:00+00:00",0,12.5,19.32,65.12
10,"2024-10-23 12:00:00+00:00",0,13,19.383,65.12
10,"2024-10-23 12:30:00+00:00",0,13.5,19.509,65.12
10,"2024-10-23 13:00:00+00:00",0,14,18.711,65.12
10,"2024-10-23 13:30:00+00:00",0,14.5,18.543,65.12
10,"2024-10-23 14:00:00+00:00",0,15,20.2125,65.12
10,"2024-10-23 14:30:00+00:00",0,15.5,19.5615,65.12
10,"2024-10-23 15:00:00+00:00",0,16,32.886,65.12
10,"2024-10-23 15:30:00+00:00",0,16.5,37.443,65.12
10,"2024-10-23 16:00:00+00:00",0,17,40.2885,65.12
10,"2024-10-23 16:30:00+00:00",0,17.5,42.7245,65.12
10,"2024-10-23 17:00:00+00:00",0,18,44.2575,65.12
10,"2024-10-23 17:30:00+00:00",0,18.5,44.1945,65.12
10,"2024-10-23 18:00:00+00:00",0,19,24.633,65.12
10,"2024-10-23 18:30:00+00:00",0,19.5,21.588,65.12
10,"2024-10-23 19:00:00+00:00",0,20,19.3725,65.12
10,"2024-10-23 19:30:00+00:00",0,20.5,20.79,65.12
10,"2024-10-23 20:00:00+00:00",0,21,20.433,65.12
10,"2024-10-23 20:30:00+00:00",0,21.5,18.375,65.12
10,"2024-10-23 21:00:00+00:00",0,22,18.648,65.12
10,"2024-10-23 21:30:00+00:00",0,22.5,15.456,65.12
10,"2024-10-23 22:00:00+00:00",0,23,19.803,65.12
10,"2024-10-23 22:30:00+00:00",0,23.5,14.427,65.12
10,"2024-10-23 23:00:00+00:00",0,0,14.2275,65.12
10,"2024-10-23 23:30:00+00:00",0,0.5,12.558,65.12
10,"2024-10-24 00:00:00+00:00",0,1,12.3165,65.12
10,"2024-10-24 00:30:00+00:00",0,1.5,13.1145,65.12
10,"2024-10-24 01:00:00+00:00",0,2,14.301,65.12
10,"2024-10-24 01:30:00+00:00",0,2.5,10.3845,65.12
10,"2024-10-24 02:00:00+00:00",0,3,12.558,65.12
10,"2024-10-24 02:30:00+00:00",0,3.5,12.4845,65.12
10,"2024-10-24 03:00:00+00:00",0,4,14.763,65.12
10,"2024-10-24 03:30:00+00:00",0,4.5,13.3875,65.12
10,"2024-10-24 04:00:00+00:00",0,5,14.2485,65.12
10,"2024-10-24 04:30:00+00:00",0,5.5,17.871,65.12
10,"2024-10-24 05:00:00+00:00",0,6,17.6295,65.12
10,"2024-10-24 05:30:00+00:00",0,6.5,21.252,65.12
10,"2024-10-24 06:00:00+00:00",0,7,22.6065,65.12
10,"2024-10-24 06:30:00+00:00",0,7.5,28.5495,65.12
10,"2024-10-24 07:00:00+00:00",0,8,23.8875,65.12
10,"2024-10-24 07:30:00+00:00",0,8.5,23.7195,65.12
10,"2024-10-24 08:00:00+00:00",0,9,21.861,65.12
10,"2024-10-24 08:30:00+00:00",0,9.5,21.105,65.12
10,"2024-10-24 09:00:00+00:00",0,10,20.454,65.12
10,"2024-10-24 09:30:00+00:00",0,10.5,18.8055,65.12
10,"2024-10-24 10:00:00+00:00",0,11,19.32,65.12
10,"2024-10-24 10:30:00+00:00",0,11.5,18.837,65.12
10,"2024-10-24 11:00:00+00:00",0,12,18.186,65.12
10,"2024-10-24 11:30:00+00:00",0,12.5,17.9235,65.12
10,"2024-10-24 12:00:00+00:00",0,13,17.787,65.12
10,"2024-10-24 12:30:00+00:00",0,13.5,17.1255,65.12
10,"2024-10-24 13:00:00+00:00",0,14,19.2045,65.12
10,"2024-10-24 13:30:00+00:00",0,14.5,18.5955,65.12
10,"2024-10-24 14:00:00+00:00",0,15,19.5615,65.12
10,"2024-10-24 14:30:00+00:00",0,15.5,20.118,65.12
10,"2024-10-24 15:00:00+00:00",0,16,33.5475,65.12
10,"2024-10-24 15:30:00+00:00",0,16.5,36.3405,65.12
10,"2024-10-24 16:00:00+00:00",0,17,37.9155,65.12
10,"2024-10-24 16:30:00+00:00",0,17.5,40.9185,65.12
10,"2024-10-24 17:00:00+00:00",0,18,38.115,65.12
10,"2024-10-24 17:30:00+00:00",0,18.5,38.031,65.12
10,"2024-10-24 18:00:00+00:00",0,19,25.5045,65.12
10,"2024-10-24 18:30:00+00:00",0,19.5,22.1655,65.12
10,"2024-10-24 19:00:00+00:00",0,20,21.9765,65.12
10,"2024-10-24 19:30:00+00:00",0,20.5,21.4935,65.12
10,"2024-10-24 20:00:00+00:00",0,21,22.407,65.12
10,"2024-10-24 20:30:00+00:00",0,21.5,21.252,65.12
10,"2024-10-24 21:00:00+00:00",0,22,20.454,65.12
10,"2024-10-24 21:30:00+00:00",0,22.5,18.858,65.12
10,"2024-10-24 22:00:00+00:00",0,23,21.252,65.12
10,"2024-10-24 22:30:00+00:00",0,23.5,20.3175,65.12
10,"2024-10-24 23:00:00+00:00",0,0,20.559,65.12
10,"2024-10-24 23:30:00+00:00",0,0.5,21.0105,65.12
10,"2024-10-25 00:00:00+00:00",0,1,20.286,65.12
10,"2024-10-25 00:30:00+00:00",0,1.5,21.735,65.12
10,"2024-10-25 01:00:00+00:00",0,2,20.811,65.12
10,"2024-10-25 01:30:00+00:00",0,2.5,19.8555,65.12
10,"2024-10-25 02:00:00+00:00",0,3,19.5615,65.12
10,"2024-10-25 02:30:00+00:00",0,3.5,20.307,65.12
10,"2024-10-25 03:00:00+00:00",0,4,20.9475,65.12
10,"2024-10-25 03:30:00+00:00",0,4.5,19.32,65.12
10,"2024-10-25 04:00:00+00:00",0,5,22.9425,65.12
10,"2024-10-25 04:30:00+00:00",0,5.5,19.32,65.12
10,"2024-10-25 05:00:00+00:00",0,6,23.5935,65.12
10,"2024-10-25 05:30:00+00:00",0,6.5,23.31,65.12
10,"2024-10-25 06:00:00+00:00",0,7,25.305,65.12
10,"2024-10-25 06:30:00+00:00",0,7.5,32.1195,65.12
10,"2024-10-25 07:00:00+00:00",0,8,24.969,65.12
10,"2024-10-25 07:30:00+00:00",0,8.5,27.174,65.12
10,"2024-10-25 08:00:00+00:00",0,9,27.951,65.12
10,"2024-10-25 08:30:00+00:00",0,9.5,26.565,65.12
10,"2024-10-25 09:00:00+00:00",0,10,26.9955,65.12
10,"2024-10-25 09:30:00+00:00",0,10.5,26.691,65.12
10,"2024-10-25 10:00:00+00:00",0,11,27.1005,65.12
10,"2024-10-25 10:30:00+00:00",0,11.5,25.1685,65.12
10,"2024-10-25 11:00:00+00:00",0,12,24.696,65.12
10,"2024-10-25 11:30:00+00:00",0,12.5,24.15,65.12
10,"2024-10-25 12:00:00+00:00",0,13,21.9765,65.12
10,"2024-10-25 12:30:00+00:00",0,13.5,22.6065,65.12
10,"2024-10-25 13:00:00+00:00",0,14,21.4935,65.12
10,"2024-10-25 13:30:00+00:00",0,14.5,20.9895,65.12
10,"2024-10-25 14:00:00+00:00",0,15,22.932,65.12
10,"2024-10-25 14:30:00+00:00",0,15.5,24.0765,65.12
10,"2024-10-25 15:00:00+00:00",0,16,39.081,65.12
10,"2024-10-25 15:30:00+00:00",0,16.5,47.292,65.12
10,"2024-10-25 16:00:00+00:00",0,17,49.035,65.12
10,"2024-10-25 16:30:00+00:00",0,17.5,53.1615,65.12
10,"2024-10-25 17:00:00+00:00",0,18,50.19,65.12
10,"2024-10-25 17:30:00+00:00",0,18.5,49.9485,65.12
10,"2024-10-25 18:00:00+00:00",0,19,31.395,65.12
10,"2024-10-25 18:30:00+00:00",0,19.5,24.15,65.12
10,"2024-10-25 19:00:00+00:00",0,20,24.507,65.12
10,"2024-10-25 19:30:00+00:00",0,20.5,22.8585,65.12
10,"2024-10-25 20:00:00+00:00",0,21,25.1475,65.12
10,"2024-10-25 20:30:00+00:00",0,21.5,20.58,65.12
10,"2024-10-25 21:00:00+00:00",0,22,21.252,65.12
10,"2024-10-25 21:30:00+00:00",0,22.5,19.803,65.12
10,"2024-10-25 22:00:00+00:00",0,23,24.0975,65.12
10,"2024-10-25 22:30:00+00:00",0,23.5,23.184,65.12
10,"2024-10-25 23:00:00+00:00",0,0,22.134,65.12
10,"2024-10-25 23:30:00+00:00",0,0.5,21.252,65.12
10,"2024-10-26 00:00:00+00:00",1,1,19.8555,65.12
10,"2024-10-26 00:30:00+00:00",1,1.5,21.357,65.12
10,"2024-10-26 01:00:00+00:00",1,2,20.769,65.12
10,"2024-10-26 01:30:00+00:00",1,2.5,18.165,65.12
10,"2024-10-26 02:00:00+00:00",1,3,20.0445,65.12
10,"2024-10-26 02:30:00+00:00",1,3.5,20.979,65.12
10,"2024-10-26 03:00:00+00:00",1,4,20.979,65.12
10,"2024-10-26 03:30:00+00:00",1,4.5,19.446,65.12
10,"2024-10-26 04:00:00+00:00",1,5,20.769,65.12
10,"2024-10-26 04:30:00+00:00",1,5.5,21.6405,65.12
10,"2024-10-26 05:00:00+00:00",1,6,22.512,65.12
10,"2024-10-26 05:30:00+00:00",1,6.5,23.4255,65.12
10,"2024-10-26 06:00:00+00:00",1,7,20.475,65.12
10,"2024-10-26 06:30:00+00:00",1,7.5,26.565,65.12
10,"2024-10-26 07:00:00+00:00",1,8,26.082,65.12
10,"2024-10-26 07:30:00+00:00",1,8.5,27.279,65.12
10,"2024-10-26 08:00:00+00:00",1,9,27.2895,65.12
10,"2024-10-26 08:30:00+00:00",1,9.5,28.014,65.12
10,"2024-10-26 09:00:00+00:00",1,10,27.069,65.12
10,"2024-10-26 09:30:00+00:00",1,10.5,25.935,65.12
10,"2024-10-26 10:00:00+00:00",1,11,20.286,65.12
10,"2024-10-26 10:30:00+00:00",1,11.5,18.48,65.12
10,"2024-10-26 11:00:00+00:00",1,12,20.307,65.12
10,"2024-10-26 11:30:00+00:00",1,12.5,19.383,65.12
10,"2024-10-26 12:00:00+00:00",1,13,18.858,65.12
10,"2024-10-26 12:30:00+00:00",1,13.5,18.1125,65.12
10,"2024-10-26 13:00:00+00:00",1,14,18.1125,65.12
10,"2024-10-26 13:30:00+00:00",1,14.5,18.1125,65.12
10,"2024-10-26 14:00:00+00:00",1,15,20.286,65.12
10,"2024-10-26 14:30:00+00:00",1,15.5,21.4935,65.12
10,"2024-10-26 15:00:00+00:00",1,16,34.4925,65.12
10,"2024-10-26 15:30:00+00:00",1,16.5,40.53,65.12
10,"2024-10-26 16:00:00+00:00",1,17,39.9525,65.12
10,"2024-10-26 16:30:00+00:00",1,17.5,41.328,65.12
10,"2024-10-26 17:00:00+00:00",1,18,40.53,65.12
10,"2024-10-26 17:30:00+00:00",1,18.5,40.6035,65.12
10,"2024-10-26 18:00:00+00:00",1,19,28.98,65.12
10,"2024-10-26 18:30:00+00:00",1,19.5,23.7615,65.12
10,"2024-10-26 19:00:00+00:00",1,20,21.7875,65.12
10,"2024-10-26 19:30:00+00:00",1,20.5,21.0105,65.12
10,"2024-10-26 20:00:00+00:00",1,21,23.184,65.12
10,"2024-10-26 20:30:00+00:00",1,21.5,21.987,65.12
10,"2024-10-26 21:00:00+00:00",1,22,22.4595,65.12
10,"2024-10-26 21:30:00+00:00",1,22.5,21.231,65.12
10,"2024-10-26 22:00:00+00:00",1,23,31.395,65.12
10,"2024-10-26 22:30:00+00:00",1,23.5,25.8405,65.12
10,"2024-10-26 23:00:00+00:00",1,0,23.184,65.12
10,"2024-10-26 23:30:00+00:00",1,0.5,21.0735,65.12
10,"2024-10-27 00:00:00+00:00",1,1,16.905,65.12
10,"2024-10-27 00:30:00+00:00",1,1.5,24.15,65.12
10,"2024-10-27 01:00:00+00:00",1,1,26.271,65.12
10,"2024-10-27 01:30:00+00:00",1,1.5,18.459,65.12
10,"2024-10-27 02:00:00+00:00",1,2,17.388,65.12
10,"2024-10-27 02:30:00+00:00",1,2.5,16.905,65.12
10,"2024-10-27 03:00:00+00:00",1,3,17.934,65.12
10,"2024-10-27 03:30:00+00:00",1,3.5,18.354,65.12
10,"2024-10-27 04:00:00+00:00",1,4,21.2205,65.12
10,"2024-10-27 04:30:00+00:00",1,4.5,20.769,65.12
10,"2024-10-27 05:00:00+00:00",1,5,18.1125,65.12
10,"2024-10-27 05:30:00+00:00",1,5.5,22.7955,65.12
10,"2024-10-27 06:00:00+00:00",1,6,20.5275,65.12
10,"2024-10-27 06:30:00+00:00",1,6.5,25.599,65.12
10,"2024-10-27 07:00:00+00:00",1,7,21.735,65.12
10,"2024-10-27 07:30:00+00:00",1,7.5,21.441,65.12
10,"2024-10-27 08:00:00+00:00",1,8,22.092,65.12
10,"2024-10-27 08:30:00+00:00",1,8.5,22.1235,65.12
10,"2024-10-27 09:00:00+00:00",1,9,22.4595,65.12
10,"2024-10-27 09:30:00+00:00",1,9.5,21.525,65.12
10,"2024-10-27 10:00:00+00:00",1,10,19.2885,65.12
10,"2024-10-27 10:30:00+00:00",1,10.5,18.1125,65.12
10,"2024-10-27 11:00:00+00:00",1,11,18.1125,65.12
10,"2024-10-27 11:30:00+00:00",1,11.5,18.711,65.12
10,"2024-10-27 12:00:00+00:00",1,12,18.1125,65.12
10,"2024-10-27 12:30:00+00:00",1,12.5,18.039,65.12
10,"2024-10-27 13:00:00+00:00",1,13,20.5275,65.12
10,"2024-10-27 13:30:00+00:00",1,13.5,19.173,65.12
10,"2024-10-27 14:00:00+00:00",1,14,18.1125,65.12
10,"2024-10-27 14:30:00+00:00",1,14.5,20.0445,65.12
10,"2024-10-27 15:00:00+00:00",1,15,17.871,65.12
10,"2024-10-27 15:30:00+00:00",1,15.5,23.814,65.12
10,"2024-10-27 16:00:00+00:00",1,16,32.445,65.12
10,"2024-10-27 16:30:00+00:00",1,16.5,38.115,65.12
10,"2024-10-27 17:00:00+00:00",1,17,40.53,65.12
10,"2024-10-27 17:30:00+00:00",1,17.5,37.821,65.12
10,"2024-10-27 18:00:00+00:00",1,18,40.9185,65.12
10,"2024-10-27 18:30:00+00:00",1,18.5,34.797,65.12
10,"2024-10-27 19:00:00+00:00",1,19,21.882,65.12
10,"2024-10-27 19:30:00+00:00",1,19.5,21.6405,65.12
10,"2024-10-27 20:00:00+00:00",1,20,26.6595,65.12
10,"2024-10-27 20:30:00+00:00",1,20.5,20.328,65.12
10,"2024-10-27 21:00:00+00:00",1,21,28.98,65.12
10,"2024-10-27 21:30:00+00:00",1,21.5,18.354,65.12
10,"2024-10-27 22:00:00+00:00",1,22,27.531,65.12
10,"2024-10-27 22:30:00+00:00",1,22.5,15.1095,65.12
10,"2024-10-27 23:00:00+00:00",1,23,19.32,65.12
10,"2024-10-27 23:30:00+00:00",1,23.5,18.1125,65.12
10,"2024-10-28 00:00:00+00:00",0,0,14.49,65.12
10,"2024-10-28 00:30:00+00:00",0,0.5,17.388,65.12
10,"2024-10-28 01:00:00+00:00",0,1,16.275,65.12
10,"2024-10-28 01:30:00+00:00",0,1.5,14.28,65.12
10,"2024-10-28 02:00:00+00:00",0,2,15.9915,65.12
10,"2024-10-28 02:30:00+00:00",0,2.5,14.49,65.12
10,"2024-10-28 03:00:00+00:00",0,3,15.6975,65.12
10,"2024-10-28 03:30:00+00:00",0,3.5,15.1935,65.12
10,"2024-10-28 04:00:00+00:00",0,4,18.1125,65.12
10,"2024-10-28 04:30:00+00:00",0,4.5,17.1465,65.12
10,"2024-10-28 05:00:00+00:00",0,5,18.837,65.12
10,"2024-10-28 05:30:00+00:00",0,5.5,18.9105,65.12
10,"2024-10-28 06:00:00+00:00",0,6,22.554,65.12
10,"2024-10-28 06:30:00+00:00",0,6.5,21.735,65.12
10,"2024-10-28 07:00:00+00:00",0,7,20.5275,65.12
10,"2024-10-28 07:30:00+00:00",0,7.5,20.9265,65.12
10,"2024-10-28 08:00:00+00:00",0,8,20.5275,65.12
10,"2024-10-28 08:30:00+00:00",0,8.5,22.9425,65.12
10,"2024-10-28 09:00:00+00:00",0,9,20.5275,65.12
10,"2024-10-28 09:30:00+00:00",0,9.5,21.735,65.12
10,"2024-10-28 10:00:00+00:00",0,10,22.9425,65.12
10,"2024-10-28 10:30:00+00:00",0,10.5,24.3915,65.12
10,"2024-10-28 11:00:00+00:00",0,11,22.6065,65.12
10,"2024-10-28 11:30:00+00:00",0,11.5,23.6145,65.12
10,"2024-10-28 12:00:00+00:00",0,12,25.893,65.12
10,"2024-10-28 12:30:00+00:00",0,12.5,26.082,65.12
10,"2024-10-28 13:00:00+00:00",0,13,25.1685,65.12
10,"2024-10-28 13:30:00+00:00",0,13.5,24.171,65.12
10,"2024-10-28 14:00:00+00:00",0,14,25.3785,65.12
10,"2024-10-28 14:30:00+00:00",0,14.5,24.633,65.12
10,"2024-10-28 15:00:00+00:00",0,15,25.3575,65.12
10,"2024-10-28 15:30:00+00:00",0,15.5,27.7725,65.12
10,"2024-10-28 16:00:00+00:00",0,16,37.632,65.12
10,"2024-10-28 16:30:00+00:00",0,16.5,44.6355,65.12
10,"2024-10-28 17:00:00+00:00",0,17,40.53,65.12
10,"2024-10-28 17:30:00+00:00",0,17.5,41.202,65.12
10,"2024-10-28 18:00:00+00:00",0,18,45.1185,65.12
10,"2024-10-28 18:30:00+00:00",0,18.5,39.564,65.12
10,"2024-10-28 19:00:00+00:00",0,19,28.959,65.12
10,"2024-10-28 19:30:00+00:00",0,19.5,25.305,65.12
10,"2024-10-28 20:00:00+00:00",0,20,27.048,65.12
10,"2024-10-28 20:30:00+00:00",0,20.5,24.2445,65.12
10,"2024-10-28 21:00:00+00:00",0,21,26.271,65.12
10,"2024-10-28 21:30:00+00:00",0,21.5,24.15,65.12
10,"2024-10-28 22:00:00+00:00",0,22,22.701,65.12
10,"2024-10-28 22:30:00+00:00",0,22.5,20.307,65.12
10,"2024-10-28 23:00:00+00:00",0,23,22.029,65.12
10,"2024-10-28 23:30:00+00:00",0,23.5,22.4595,65.12
10,"2024-10-29 00:00:00+00:00",0,0,20.5275,65.12
10,"2024-10-29 00:30:00+00:00",0,0.5,22.512,65.12
10,"2024-10-29 01:00:00+00:00",0,1,20.538,65.12
10,"2024-10-29 01:30:00+00:00",0,1.5,20.118,65.12
10,"2024-10-29 02:00:00+00:00",0,2,21.252,65.12
10,"2024-10-29 02:30:00+00:00",0,2.5,20.37,65.12
10,"2024-10-29 03:00:00+00:00",0,3,20.958,65.12
10,"2024-10-29 03:30:00+00:00",0,3.5,19.95,65.12
10,"2024-10-29 04:00:00+00:00",0,4,22.554,65.12
10,"2024-10-29 04:30:00+00:00",0,4.5,20.5275,65.12
10,"2024-10-29 05:00:00+00:00",0,5,23.205,65.12
10,"2024-10-29 05:30:00+00:00",0,5.5,21.252,65.12
10,"2024-10-29 06:00:00+00:00",0,6,23.205,65.12
10,"2024-10-29 06:30:00+00:00",0,6.5,23.4045,65.12
10,"2024-10-29 07:00:00+00:00",0,7,21.546,65.12
10,"2024-10-29 07:30:00+00:00",0,7.5,28.2765,65.12
10,"2024-10-29 08:00:00+00:00",0,8,23.037,65.12
10,"2024-10-29 08:30:00+00:00",0,8.5,25.116,65.12
10,"2024-10-29 09:00:00+00:00",0,9,25.5045,65.12
10,"2024-10-29 09:30:00+00:00",0,9.5,24.0765,65.12
10,"2024-10-29 10:00:00+00:00",0,10,23.0475,65.12
10,"2024-10-29 10:30:00+00:00",0,10.5,22.029,65.12
10,"2024-10-29 11:00:00+00:00",0,11,20.958,65.12
10,"2024-10-29 11:30:00+00:00",0,11.5,20.937,65.12
10,"2024-10-29 12:00:00+00:00",0,12,22.5645,65.12
10,"2024-10-29 12:30:00+00:00",0,12.5,22.995,65.12
10,"2024-10-29 13:00:00+00:00",0,13,24.822,65.12
10,"2024-10-29 13:30:00+00:00",0,13.5,22.7745,65.12
10,"2024-10-29 14:00:00+00:00",0,14,25.893,65.12
10,"2024-10-29 14:30:00+00:00",0,14.5,24.591,65.12
10,"2024-10-29 15:00:00+00:00",0,15,27.783,65.12
10,"2024-10-29 15:30:00+00:00",0,15.5,29.7045,65.12
10,"2024-10-29 16:00:00+00:00",0,16,38.598,65.12
10,"2024-10-29 16:30:00+00:00",0,16.5,57.435,65.12
10,"2024-10-29 17:00:00+00:00",0,17,50.19,65.12
10,"2024-10-29 17:30:00+00:00",0,17.5,59.3145,65.12
10,"2024-10-29 18:00:00+00:00",0,18,48.027,65.12
10,"2024-10-29 18:30:00+00:00",0,18.5,45.8955,65.12
10,"2024-10-29 19:00:00+00:00",0,19,29.946,65.12
10,"2024-10-29 19:30:00+00:00",0,19.5,23.2575,65.12
10,"2024-10-29 20:00:00+00:00",0,20,24.78,65.12
10,"2024-10-29 20:30:00+00:00",0,20.5,23.1315,65.12
10,"2024-10-29 21:00:00+00:00",0,21,23.4255,65.12
10,"2024-10-29 21:30:00+00:00",0,21.5,20.58,65.12
10,"2024-10-29 22:00:00+00:00",0,22,20.7585,65.12
10,"2024-10-29 22:30:00+00:00",0,22.5,19.32,65.12
10,"2024-10-29 23:00:00+00:00",0,23,21.735,65.12
10,"2024-10-29 23:30:00+00:00",0,23.5,21.861,65.12
10,"2024-10-30 00:00:00+00:00",0,0,20.37,65.12
10,"2024-10-30 00:30:00+00:00",0,0.5,20.769,65.12
10,"2024-10-30 01:00:00+00:00",0,1,20.5275,65.12
10,"2024-10-30 01:30:00+00:00",0,1.5,20.37,65.12
10,"2024-10-30 02:00:00+00:00",0,2,20.0445,65.12
10,"2024-10-30 02:30:00+00:00",0,2.5,19.32,65.12
10,"2024-10-30 03:00:00+00:00",0,3,20.16,65.12
10,"2024-10-30 03:30:00+00:00",0,3.5,19.971,65.12
10,"2024-10-30 04:00:00+00:00",0,4,20.118,65.12
10,"2024-10-30 04:30:00+00:00",0,4.5,17.388,65.12
10,"2024-10-30 05:00:00+00:00",0,5,20.769,65.12
10,"2024-10-30 05:30:00+00:00",0,5.5,20.5275,65.12
10,"2024-10-30 06:00:00+00:00",0,6,22.029,65.12
10,"2024-10-30 06:30:00+00:00",0,6.5,23.9085,65.12
10,"2024-10-30 07:00:00+00:00",0,7,22.701,65.12
10,"2024-10-30 07:30:00+00:00",0,7.5,28.476,65.12
10,"2024-10-30 08:00:00+00:00",0,8,23.9085,65.12
10,"2024-10-30 08:30:00+00:00",0,8.5,25.809,65.12
10,"2024-10-30 09:00:00+00:00",0,9,24.633,65.12
10,"2024-10-30 09:30:00+00:00",0,9.5,23.4255,65.12
10,"2024-10-30 10:00:00+00:00",0,10,23.9085,65.12
10,"2024-10-30 10:30:00+00:00",0,10.5,22.05,65.12
10,"2024-10-30 11:00:00+00:00",0,11,21.399,65.12
10,"2024-10-30 11:30:00+00:00",0,11.5,21.8295,65.12
10,"2024-10-30 12:00:00+00:00",0,12,23.184,65.12
10,"2024-10-30 12:30:00+00:00",0,12.5,23.667,65.12
10,"2024-10-30 13:00:00+00:00",0,13,24.99,65.12
10,"2024-10-30 13:30:00+00:00",0,13.5,23.9085,65.12
10,"2024-10-30 14:00:00+00:00",0,14,26.3235,65.12
10,"2024-10-30 14:30:00+00:00",0,14.5,22.218,65.12
10,"2024-10-30 15:00:00+00:00",0,15,27.888,65.12
10,"2024-10-30 15:30:00+00:00",0,15.5,30.429,65.12
10,"2024-10-30 16:00:00+00:00",0,16,42.798,65.12
10,"2024-10-30 16:30:00+00:00",0,16.5,50.5995,65.12
10,"2024-10-30 17:00:00+00:00",0,17,47.0505,65.12
10,"2024-10-30 17:30:00+00:00",0,17.5,49.707,65.12
10,"2024-10-30 18:00:00+00:00",0,18,44.1525,65.12
10,"2024-10-30 18:30:00+00:00",0,18.5,43.155,65.12
10,"2024-10-30 19:00:00+00:00",0,19,25.095,65.12
10,"2024-10-30 19:30:00+00:00",0,19.5,24.0765,65.12
10,"2024-10-30 20:00:00+00:00",0,20,23.4255,65.12
10,"2024-10-30 20:30:00+00:00",0,20.5,20.769,65.12
10,"2024-10-30 21:00:00+00:00",0,21,23.184,65.12
10,"2024-10-30 21:30:00+00:00",0,21.5,23.184,65.12
10,"2024-10-30 22:00:00+00:00",0,22,23.9085,65.12
10,"2024-10-30 22:30:00+00:00",0,22.5,21.0105,65.12
10,"2024-10-30 23:00:00+00:00",0,23,23.793,65.12
10,"2024-10-30 23:30:00+00:00",0,23.5,22.9425,65.12
10,"2024-10-31 00:00:00+00:00",0,0,18.354,65.12
10,"2024-10-31 00:30:00+00:00",0,0.5,22.5015,65.12
10,"2024-10-31 01:00:00+00:00",0,1,19.803,65.12
10,"2024-10-31 01:30:00+00:00",0,1.5,15.939,65.12
10,"2024-10-31 02:00:00+00:00",0,2,19.3935,65.12
10,"2024-10-31 02:30:00+00:00",0,2.5,17.4615,65.12
10,"2024-10-31 03:00:00+00:00",0,3,18.2805,65.12
10,"2024-10-31 03:30:00+00:00",0,3.5,17.4615,65.12
10,"2024-10-31 04:00:00+00:00",0,4,19.4355,65.12
10,"2024-10-31 04:30:00+00:00",0,4.5,18.1125,65.12
10,"2024-10-31 05:00:00+00:00",0,5,18.354,65.12
10,"2024-10-31 05:30:00+00:00",0,5.5,19.32,65.12
10,"2024-10-31 06:00:00+00:00",0,6,21.735,65.12
10,"2024-10-31 06:30:00+00:00",0,6.5,25.599,65.12
10,"2024-10-31 07:00:00+00:00",0,7,21.9135,65.12
10,"2024-10-31 07:30:00+00:00",0,7.5,27.4785,65.12
10,"2024-10-31 08:00:00+00:00",0,8,24.15,65.12
10,"2024-10-31 08:30:00+00:00",0,8.5,25.116,65.12
10,"2024-10-31 09:00:00+00:00",0,9,25.116,65.12
10,"2024-10-31 09:30:00+00:00",0,9.5,22.9425,65.12
10,"2024-10-31 10:00:00+00:00",0,10,21.231,65.12
10,"2024-10-31 10:30:00+00:00",0,10.5,18.354,65.12
10,"2024-10-31 11:00:00+00:00",0,11,19.5615,65.12
10,"2024-10-31 11:30:00+00:00",0,11.5,19.593,65.12
10,"2024-10-31 12:00:00+00:00",0,12,18.858,65.12
10,"2024-10-31 12:30:00+00:00",0,12.5,20.475,65.12
10,"2024-10-31 13:00:00+00:00",0,13,20.286,65.12
10,"2024-10-31 13:30:00+00:00",0,13.5,19.8555,65.12
10,"2024-10-31 14:00:00+00:00",0,14,21.9975,65.12
10,"2024-10-31 14:30:00+00:00",0,14.5,18.5955,65.12
10,"2024-10-31 15:00:00+00:00",0,15,24.024,65.12
10,"2024-10-31 15:30:00+00:00",0,15.5,25.116,65.12
10,"2024-10-31 16:00:00+00:00",0,16,34.419,65.12
10,"2024-10-31 16:30:00+00:00",0,16.5,43.785,65.12
10,"2024-10-31 17:00:00+00:00",0,17,38.451,65.12
10,"2024-10-31 17:30:00+00:00",0,17.5,40.719,65.12
10,"2024-10-31 18:00:00+00:00",0,18,38.745,65.12
10,"2024-10-31 18:30:00+00:00",0,18.5,34.6395,65.12
10,"2024-10-31 19:00:00+00:00",0,19,24.003,65.12
10,"2024-10-31 19:30:00+00:00",0,19.5,19.8975,65.12
10,"2024-10-31 20:00:00+00:00",0,20,21.735,65.12
10,"2024-10-31 20:30:00+00:00",0,20.5,22.9425,65.12
10,"2024-10-31 21:00:00+00:00",0,21,23.8455,65.12
10,"2024-10-31 21:30:00+00:00",0,21.5,22.9425,65.12
10,"2024-10-31 22:00:00+00:00",0,22,22.1655,65.12
10,"2024-10-31 22:30:00+00:00",0,22.5,18.249,65.12
10,"2024-10-31 23:00:00+00:00",0,23,21.735,65.12
10,"2024-10-31 23:30:00+00:00",0,23.5,22.9425,65.12
11,"2024-11-01 00:00:00+00:00",0,0,21.9765,65.12
11,"2024-11-01 00:30:00+00:00",0,0.5,24.633,65.12
11,"2024-11-01 01:00:00+00:00",0,1,20.958,65.12
11,"2024-11-01 01:30:00+00:00",0,1.5,19.152,65.12
11,"2024-11-01 02:00:00+00:00",0,2,18.165,65.12
11,"2024-11-01 02:30:00+00:00",0,2.5,16.065,65.12
11,"2024-11-01 03:00:00+00:00",0,3,16.905,65.12
11,"2024-11-01 03:30:00+00:00",0,3.5,16.905,65.12
11,"2024-11-01 04:00:00+00:00",0,4,19.0575,65.12
11,"2024-11-01 04:30:00+00:00",0,4.5,17.871,65.12
11,"2024-11-01 05:00:00+00:00",0,5,18.1125,65.12
11,"2024-11-01 05:30:00+00:00",0,5.5,18.1125,65.12
11,"2024-11-01 06:00:00+00:00",0,6,21.735,65.12
11,"2024-11-01 06:30:00+00:00",0,6.5,21.735,65.12
11,"2024-11-01 07:00:00+00:00",0,7,21.252,65.12
11,"2024-11-01 07:30:00+00:00",0,7.5,26.4915,65.12
11,"2024-11-01 08:00:00+00:00",0,8,23.667,65.12
11,"2024-11-01 08:30:00+00:00",0,8.5,21.4935,65.12
11,"2024-11-01 09:00:00+00:00",0,9,21.0105,65.12
11,"2024-11-01 09:30:00+00:00",0,9.5,19.8975,65.12
11,"2024-11-01 10:00:00+00:00",0,10,21.252,65.12
11,"2024-11-01 10:30:00+00:00",0,10.5,19.845,65.12
11,"2024-11-01 11:00:00+00:00",0,11,20.454,65.12
11,"2024-11-01 11:30:00+00:00",0,11.5,21.546,65.12
11,"2024-11-01 12:00:00+00:00",0,12,22.9425,65.12
11,"2024-11-01 12:30:00+00:00",0,12.5,24.15,65.12
11,"2024-11-01 13:00:00+00:00",0,13,22.9425,65.12
11,"2024-11-01 13:30:00+00:00",0,13.5,22.7955,65.12
11,"2024-11-01 14:00:00+00:00",0,14,20.0445,65.12
11,"2024-11-01 14:30:00+00:00",0,14.5,20.0445,65.12
11,"2024-11-01 15:00:00+00:00",0,15,22.575,65.12
11,"2024-11-01 15:30:00+00:00",0,15.5,22.974,65.12
11,"2024-11-01 16:00:00+00:00",0,16,34.4925,65.12
11,"2024-11-01 16:30:00+00:00",0,16.5,43.911,65.12
11,"2024-11-01 17:00:00+00:00",0,17,39.3225,65.12
11,"2024-11-01 17:30:00+00:00",0,17.5,40.593,65.12
11,"2024-11-01 18:00:00+00:00",0,18,39.564,65.12
11,"2024-11-01 18:30:00+00:00",0,18.5,39.3225,65.12
11,"2024-11-01 19:00:00+00:00",0,19,27.4995,65.12
11,"2024-11-01 19:30:00+00:00",0,19.5,22.764,65.12
11,"2024-11-01 20:00:00+00:00",0,20,23.5725,65.12
11,"2024-11-01 20:30:00+00:00",0,20.5,22.3125,65.12
11,"2024-11-01 21:00:00+00:00",0,21,22.2915,65.12
11,"2024-11-01 21:30:00+00:00",0,21.5,21.7875,65.12
11,"2024-11-01 22:00:00+00:00",0,22,21.4935,65.12
11,"2024-11-01 22:30:00+00:00",0,22.5,21.735,65.12
11,"2024-11-01 23:00:00+00:00",0,23,21.252,65.12
11,"2024-11-01 23:30:00+00:00",0,23.5,21.1995,65.12
11,"2024-11-02 00:00:00+00:00",1,0,19.0575,65.12
11,"2024-11-02 00:30:00+00:00",1,0.5,21.4935,65.12
11,"2024-11-02 01:00:00+00:00",1,1,19.5825,65.12
11,"2024-11-02 01:30:00+00:00",1,1.5,18.837,65.12
11,"2024-11-02 02:00:00+00:00",1,2,18.669,65.12
11,"2024-11-02 02:30:00+00:00",1,2.5,17.1465,65.12
11,"2024-11-02 03:00:00+00:00",1,3,18.1755,65.12
11,"2024-11-02 03:30:00+00:00",1,3.5,18.1125,65.12
11,"2024-11-02 04:00:00+00:00",1,4,19.32,65.12
11,"2024-11-02 04:30:00+00:00",1,4.5,18.1125,65.12
11,"2024-11-02 05:00:00+00:00",1,5,20.097,65.12
11,"2024-11-02 05:30:00+00:00",1,5.5,18.837,65.12
11,"2024-11-02 06:00:00+00:00",1,6,19.593,65.12
11,"2024-11-02 06:30:00+00:00",1,6.5,19.824,65.12
11,"2024-11-02 07:00:00+00:00",1,7,18.837,65.12
11,"2024-11-02 07:30:00+00:00",1,7.5,22.6275,65.12
11,"2024-11-02 08:00:00+00:00",1,8,21.714,65.12
11,"2024-11-02 08:30:00+00:00",1,8.5,21.1575,65.12
11,"2024-11-02 09:00:00+00:00",1,9,22.365,65.12
11,"2024-11-02 09:30:00+00:00",1,9.5,22.05,65.12
11,"2024-11-02 10:00:00+00:00",1,10,22.4595,65.12
11,"2024-11-02 10:30:00+00:00",1,10.5,22.4595,65.12
11,"2024-11-02 11:00:00+00:00",1,11,21.3045,65.12
11,"2024-11-02 11:30:00+00:00",1,11.5,22.218,65.12
11,"2024-11-02 12:00:00+00:00",1,12,21.9765,65.12
11,"2024-11-02 12:30:00+00:00",1,12.5,22.512,65.12
11,"2024-11-02 13:00:00+00:00",1,13,23.961,65.12
11,"2024-11-02 13:30:00+00:00",1,13.5,21.735,65.12
11,"2024-11-02 14:00:00+00:00",1,14,24.339,65.12
11,"2024-11-02 14:30:00+00:00",1,14.5,21.546,65.12
11,"2024-11-02 15:00:00+00:00",1,15,24.0555,65.12
11,"2024-11-02 15:30:00+00:00",1,15.5,24.0555,65.12
11,"2024-11-02 16:00:00+00:00",1,16,33.3585,65.12
11,"2024-11-02 16:30:00+00:00",1,16.5,42.945,65.12
11,"2024-11-02 17:00:00+00:00",1,17,39.3225,65.12
11,"2024-11-02 17:30:00+00:00",1,17.5,39.8265,65.12
11,"2024-11-02 18:00:00+00:00",1,18,39.564,65.12
11,"2024-11-02 18:30:00+00:00",1,18.5,36.2775,65.12
11,"2024-11-02 19:00:00+00:00",1,19,23.877,65.12
11,"2024-11-02 19:30:00+00:00",1,19.5,22.218,65.12
11,"2024-11-02 20:00:00+00:00",1,20,23.7615,65.12
11,"2024-11-02 20:30:00+00:00",1,20.5,23.0055,65.12
11,"2024-11-02 21:00:00+00:00",1,21,22.869,65.12
11,"2024-11-02 21:30:00+00:00",1,21.5,21.756,65.12
11,"2024-11-02 22:00:00+00:00",1,22,21.441,65.12
11,"2024-11-02 22:30:00+00:00",1,22.5,19.5825,65.12
11,"2024-11-02 23:00:00+00:00",1,23,21.735,65.12
11,"2024-11-02 23:30:00+00:00",1,23.5,21.735,65.12
11,"2024-11-03 00:00:00+00:00",1,0,18.837,65.12
11,"2024-11-03 00:30:00+00:00",1,0.5,23.184,65.12
11,"2024-11-03 01:00:00+00:00",1,1,20.916,65.12
11,"2024-11-03 01:30:00+00:00",1,1.5,18.795,65.12
11,"2024-11-03 02:00:00+00:00",1,2,18.354,65.12
11,"2024-11-03 02:30:00+00:00",1,2.5,18.1125,65.12
11,"2024-11-03 03:00:00+00:00",1,3,18.354,65.12
11,"2024-11-03 03:30:00+00:00",1,3.5,18.354,65.12
11,"2024-11-03 04:00:00+00:00",1,4,18.837,65.12
11,"2024-11-03 04:30:00+00:00",1,4.5,18.354,65.12
11,"2024-11-03 05:00:00+00:00",1,5,20.5275,65.12
11,"2024-11-03 05:30:00+00:00",1,5.5,20.097,65.12
11,"2024-11-03 06:00:00+00:00",1,6,19.3725,65.12
11,"2024-11-03 06:30:00+00:00",1,6.5,21.294,65.12
11,"2024-11-03 07:00:00+00:00",1,7,18.354,65.12
11,"2024-11-03 07:30:00+00:00",1,7.5,20.4855,65.12
11,"2024-11-03 08:00:00+00:00",1,8,18.837,65.12
11,"2024-11-03 08:30:00+00:00",1,8.5,18.837,65.12
11,"2024-11-03 09:00:00+00:00",1,9,20.286,65.12
11,"2024-11-03 09:30:00+00:00",1,9.5,24.8745,65.12
11,"2024-11-03 10:00:00+00:00",1,10,24.927,65.12
11,"2024-11-03 10:30:00+00:00",1,10.5,24.15,65.12
11,"2024-11-03 11:00:00+00:00",1,11,21.0105,65.12
11,"2024-11-03 11:30:00+00:00",1,11.5,24.15,65.12
11,"2024-11-03 12:00:00+00:00",1,12,24.507,65.12
11,"2024-11-03 12:30:00+00:00",1,12.5,26.082,65.12
11,"2024-11-03 13:00:00+00:00",1,13,23.667,65.12
11,"2024-11-03 13:30:00+00:00",1,13.5,21.609,65.12
11,"2024-11-03 14:00:00+00:00",1,14,20.2965,65.12
11,"2024-11-03 14:30:00+00:00",1,14.5,19.32,65.12
11,"2024-11-03 15:00:00+00:00",1,15,23.184,65.12
11,"2024-11-03 15:30:00+00:00",1,15.5,22.701,65.12
11,"2024-11-03 16:00:00+00:00",1,16,37.632,65.12
11,"2024-11-03 16:30:00+00:00",1,16.5,43.911,65.12
11,"2024-11-03 17:00:00+00:00",1,17,40.53,65.12
11,"2024-11-03 17:30:00+00:00",1,17.5,39.081,65.12
11,"2024-11-03 18:00:00+00:00",1,18,41.979,65.12
11,"2024-11-03 18:30:00+00:00",1,18.5,38.8605,65.12
11,"2024-11-03 19:00:00+00:00",1,19,28.014,65.12
11,"2024-11-03 19:30:00+00:00",1,19.5,20.769,65.12
11,"2024-11-03 20:00:00+00:00",1,20,21.777,65.12
11,"2024-11-03 20:30:00+00:00",1,20.5,24.633,65.12
11,"2024-11-03 21:00:00+00:00",1,21,22.4595,65.12
11,"2024-11-03 21:30:00+00:00",1,21.5,21.4935,65.12
11,"2024-11-03 22:00:00+00:00",1,22,21.9765,65.12
11,"2024-11-03 22:30:00+00:00",1,22.5,18.354,65.12
11,"2024-11-03 23:00:00+00:00",1,23,20.769,65.12
11,"2024-11-03 23:30:00+00:00",1,23.5,19.887,65.12
11,"2024-11-04 00:00:00+00:00",0,0,19.32,65.12
11,"2024-11-04 00:30:00+00:00",0,0.5,20.5275,65.12
11,"2024-11-04 01:00:00+00:00",0,1,19.803,65.12
11,"2024-11-04 01:30:00+00:00",0,1.5,18.9315,65.12
11,"2024-11-04 02:00:00+00:00",0,2,19.0785,65.12
11,"2024-11-04 02:30:00+00:00",0,2.5,18.942,65.12
11,"2024-11-04 03:00:00+00:00",0,3,18.7845,65.12
11,"2024-11-04 03:30:00+00:00",0,3.5,18.837,65.12
11,"2024-11-04 04:00:00+00:00",0,4,19.32,65.12
11,"2024-11-04 04:30:00+00:00",0,4.5,18.9315,65.12
11,"2024-11-04 05:00:00+00:00",0,5,22.9425,65.12
11,"2024-11-04 05:30:00+00:00",0,5.5,21.714,65.12
11,"2024-11-04 06:00:00+00:00",0,6,23.52,65.12
11,"2024-11-04 06:30:00+00:00",0,6.5,23.9085,65.12
11,"2024-11-04 07:00:00+00:00",0,7,23.667,65.12
11,"2024-11-04 07:30:00+00:00",0,7.5,28.98,65.12
11,"2024-11-04 08:00:00+00:00",0,8,25.3575,65.12
11,"2024-11-04 08:30:00+00:00",0,8.5,25.116,65.12
11,"2024-11-04 09:00:00+00:00",0,9,23.289,65.12
11,"2024-11-04 09:30:00+00:00",0,9.5,23.184,65.12
11,"2024-11-04 10:00:00+00:00",0,10,22.701,65.12
11,"2024-11-04 10:30:00+00:00",0,10.5,23.037,65.12
11,"2024-11-04 11:00:00+00:00",0,11,22.4595,65.12
11,"2024-11-04 11:30:00+00:00",0,11.5,22.9425,65.12
11,"2024-11-04 12:00:00+00:00",0,12,21.882,65.12
11,"2024-11-04 12:30:00+00:00",0,12.5,22.512,65.12
11,"2024-11-04 13:00:00+00:00",0,13,24.15,65.12
11,"2024-11-04 13:30:00+00:00",0,13.5,23.184,65.12
11,"2024-11-04 14:00:00+00:00",0,14,28.98,65.12
11,"2024-11-04 14:30:00+00:00",0,14.5,28.5915,65.12
11,"2024-11-04 15:00:00+00:00",0,15,32.151,65.12
11,"2024-11-04 15:30:00+00:00",0,15.5,36.225,65.12
11,"2024-11-04 16:00:00+00:00",0,16,54.054,65.12
11,"2024-11-04 16:30:00+00:00",0,16.5,66.906,65.12
11,"2024-11-04 17:00:00+00:00",0,17,62.265,65.12
11,"2024-11-04 17:30:00+00:00",0,17.5,65.52,65.12
11,"2024-11-04 18:00:00+00:00",0,18,52.605,65.12
11,"2024-11-04 18:30:00+00:00",0,18.5,46.0845,65.12
11,"2024-11-04 19:00:00+00:00",0,19,30.723,65.12
11,"2024-11-04 19:30:00+00:00",0,19.5,26.565,65.12
11,"2024-11-04 20:00:00+00:00",0,20,25.7145,65.12
11,"2024-11-04 20:30:00+00:00",0,20.5,23.037,65.12
11,"2024-11-04 21:00:00+00:00",0,21,23.73,65.12
11,"2024-11-04 21:30:00+00:00",0,21.5,21.4725,65.12
11,"2024-11-04 22:00:00+00:00",0,22,21.7875,65.12
11,"2024-11-04 22:30:00+00:00",0,22.5,17.7765,65.12
11,"2024-11-04 23:00:00+00:00",0,23,20.5275,65.12
11,"2024-11-04 23:30:00+00:00",0,23.5,19.0785,65.12
11,"2024-11-05 00:00:00+00:00",0,0,18.459,65.12
11,"2024-11-05 00:30:00+00:00",0,0.5,21.0105,65.12
11,"2024-11-05 01:00:00+00:00",0,1,19.4565,65.12
11,"2024-11-05 01:30:00+00:00",0,1.5,18.459,65.12
11,"2024-11-05 02:00:00+00:00",0,2,18.858,65.12
11,"2024-11-05 02:30:00+00:00",0,2.5,18.837,65.12
11,"2024-11-05 03:00:00+00:00",0,3,19.0785,65.12
11,"2024-11-05 03:30:00+00:00",0,3.5,18.5955,65.12
11,"2024-11-05 04:00:00+00:00",0,4,19.4565,65.12
11,"2024-11-05 04:30:00+00:00",0,4.5,18.5955,65.12
11,"2024-11-05 05:00:00+00:00",0,5,19.5615,65.12
11,"2024-11-05 05:30:00+00:00",0,5.5,20.286,65.12
11,"2024-11-05 06:00:00+00:00",0,6,24.4125,65.12
11,"2024-11-05 06:30:00+00:00",0,6.5,27.2895,65.12
11,"2024-11-05 07:00:00+00:00",0,7,23.667,65.12
11,"2024-11-05 07:30:00+00:00",0,7.5,29.3685,65.12
11,"2024-11-05 08:00:00+00:00",0,8,26.6595,65.12
11,"2024-11-05 08:30:00+00:00",0,8.5,26.8065,65.12
11,"2024-11-05 09:00:00+00:00",0,9,25.3575,65.12
11,"2024-11-05 09:30:00+00:00",0,9.5,24.7275,65.12
11,"2024-11-05 10:00:00+00:00",0,10,25.116,65.12
11,"2024-11-05 10:30:00+00:00",0,10.5,24.633,65.12
11,"2024-11-05 11:00:00+00:00",0,11,25.3575,65.12
11,"2024-11-05 11:30:00+00:00",0,11.5,25.893,65.12
11,"2024-11-05 12:00:00+00:00",0,12,25.389,65.12
11,"2024-11-05 12:30:00+00:00",0,12.5,25.389,65.12
11,"2024-11-05 13:00:00+00:00",0,13,26.3235,65.12
11,"2024-11-05 13:30:00+00:00",0,13.5,25.3575,65.12
11,"2024-11-05 14:00:00+00:00",0,14,30.135,65.12
11,"2024-11-05 14:30:00+00:00",0,14.5,30.3345,65.12
11,"2024-11-05 15:00:00+00:00",0,15,34.146,65.12
11,"2024-11-05 15:30:00+00:00",0,15.5,40.8975,65.12
11,"2024-11-05 16:00:00+00:00",0,16,68.3025,65.12
11,"2024-11-05 16:30:00+00:00",0,16.5,91.0035,65.12
11,"2024-11-05 17:00:00+00:00",0,17,79.2225,65.12
11,"2024-11-05 17:30:00+00:00",0,17.5,83.7585,65.12
11,"2024-11-05 18:00:00+00:00",0,18,86.919,65.12
11,"2024-11-05 18:30:00+00:00",0,18.5,62.769,65.12
11,"2024-11-05 19:00:00+00:00",0,19,42.2625,65.12
11,"2024-11-05 19:30:00+00:00",0,19.5,30.0825,65.12
11,"2024-11-05 20:00:00+00:00",0,20,32.844,65.12
11,"2024-11-05 20:30:00+00:00",0,20.5,25.116,65.12
11,"2024-11-05 21:00:00+00:00",0,21,25.3575,65.12
11,"2024-11-05 21:30:00+00:00",0,21.5,21.252,65.12
11,"2024-11-05 22:00:00+00:00",0,22,23.9085,65.12
11,"2024-11-05 22:30:00+00:00",0,22.5,18.459,65.12
11,"2024-11-05 23:00:00+00:00",0,23,20.013,65.12
11,"2024-11-05 23:30:00+00:00",0,23.5,20.769,65.12
11,"2024-11-06 00:00:00+00:00",0,0,19.929,65.12
11,"2024-11-06 00:30:00+00:00",0,0.5,20.769,65.12
11,"2024-11-06 01:00:00+00:00",0,1,19.929,65.12
11,"2024-11-06 01:30:00+00:00",0,1.5,19.698,65.12
11,"2024-11-06 02:00:00+00:00",0,2,19.2675,65.12
11,"2024-11-06 02:30:00+00:00",0,2.5,18.921,65.12
11,"2024-11-06 03:00:00+00:00",0,3,19.32,65.12
11,"2024-11-06 03:30:00+00:00",0,3.5,19.5615,65.12
11,"2024-11-06 04:00:00+00:00",0,4,19.929,65.12
11,"2024-11-06 04:30:00+00:00",0,4.5,19.5615,65.12
11,"2024-11-06 05:00:00+00:00",0,5,22.9425,65.12
11,"2024-11-06 05:30:00+00:00",0,5.5,19.929,65.12
11,"2024-11-06 06:00:00+00:00",0,6,22.701,65.12
11,"2024-11-06 06:30:00+00:00",0,6.5,25.599,65.12
11,"2024-11-06 07:00:00+00:00",0,7,27.2895,65.12
11,"2024-11-06 07:30:00+00:00",0,7.5,28.455,65.12
11,"2024-11-06 08:00:00+00:00",0,8,29.3685,65.12
11,"2024-11-06 08:30:00+00:00",0,8.5,29.5365,65.12
11,"2024-11-06 09:00:00+00:00",0,9,28.98,65.12
11,"2024-11-06 09:30:00+00:00",0,9.5,28.98,65.12
11,"2024-11-06 10:00:00+00:00",0,10,28.014,65.12
11,"2024-11-06 10:30:00+00:00",0,10.5,28.014,65.12
11,"2024-11-06 11:00:00+00:00",0,11,26.6595,65.12
11,"2024-11-06 11:30:00+00:00",0,11.5,26.6595,65.12
11,"2024-11-06 12:00:00+00:00",0,12,26.082,65.12
11,"2024-11-06 12:30:00+00:00",0,12.5,26.8065,65.12
11,"2024-11-06 13:00:00+00:00",0,13,29.106,65.12
11,"2024-11-06 13:30:00+00:00",0,13.5,27.7725,65.12
11,"2024-11-06 14:00:00+00:00",0,14,30.912,65.12
11,"2024-11-06 14:30:00+00:00",0,14.5,30.9645,65.12
11,"2024-11-06 15:00:00+00:00",0,15,32.1195,65.12
11,"2024-11-06 15:30:00+00:00",0,15.5,36.2985,65.12
11,"2024-11-06 16:00:00+00:00",0,16,56.784,65.12
11,"2024-11-06 16:30:00+00:00",0,16.5,69.804,65.12
11,"2024-11-06 17:00:00+00:00",0,17,69.6045,65.12
11,"2024-11-06 17:30:00+00:00",0,17.5,72.6285,65.12
11,"2024-11-06 18:00:00+00:00",0,18,59.85,65.12
11,"2024-11-06 18:30:00+00:00",0,18.5,56.7105,65.12
11,"2024-11-06 19:00:00+00:00",0,19,33.6315,65.12
11,"2024-11-06 19:30:00+00:00",0,19.5,29.001,65.12
11,"2024-11-06 20:00:00+00:00",0,20,26.355,65.12
11,"2024-11-06 20:30:00+00:00",0,20.5,24.633,65.12
11,"2024-11-06 21:00:00+00:00",0,21,23.8455,65.12
11,"2024-11-06 21:30:00+00:00",0,21.5,22.4595,65.12
11,"2024-11-06 22:00:00+00:00",0,22,22.827,65.12
11,"2024-11-06 22:30:00+00:00",0,22.5,19.929,65.12
11,"2024-11-06 23:00:00+00:00",0,23,21.1575,65.12
11,"2024-11-06 23:30:00+00:00",0,23.5,22.218,65.12
11,"2024-11-07 00:00:00+00:00",0,0,19.2885,65.12
11,"2024-11-07 00:30:00+00:00",0,0.5,20.6115,65.12
11,"2024-11-07 01:00:00+00:00",0,1,20.286,65.12
11,"2024-11-07 01:30:00+00:00",0,1.5,19.2675,65.12
11,"2024-11-07 02:00:00+00:00",0,2,19.2675,65.12
11,"2024-11-07 02:30:00+00:00",0,2.5,19.2675,65.12
11,"2024-11-07 03:00:00+00:00",0,3,19.2675,65.12
11,"2024-11-07 03:30:00+00:00",0,3.5,19.2885,65.12
11,"2024-11-07 04:00:00+00:00",0,4,19.2885,65.12
11,"2024-11-07 04:30:00+00:00",0,4.5,18.963,65.12
11,"2024-11-07 05:00:00+00:00",0,5,20.5275,65.12
11,"2024-11-07 05:30:00+00:00",0,5.5,19.7295,65.12
11,"2024-11-07 06:00:00+00:00",0,6,21.6825,65.12
11,"2024-11-07 06:30:00+00:00",0,6.5,22.701,65.12
11,"2024-11-07 07:00:00+00:00",0,7,21.231,65.12
11,"2024-11-07 07:30:00+00:00",0,7.5,24.7275,65.12
11,"2024-11-07 08:00:00+00:00",0,8,24.507,65.12
11,"2024-11-07 08:30:00+00:00",0,8.5,23.9085,65.12
11,"2024-11-07 09:00:00+00:00",0,9,24.4755,65.12
11,"2024-11-07 09:30:00+00:00",0,9.5,23.9085,65.12
11,"2024-11-07 10:00:00+00:00",0,10,23.793,65.12
11,"2024-11-07 10:30:00+00:00",0,10.5,23.4045,65.12
11,"2024-11-07 11:00:00+00:00",0,11,23.373,65.12
11,"2024-11-07 11:30:00+00:00",0,11.5,23.0685,65.12
11,"2024-11-07 12:00:00+00:00",0,12,23.667,65.12
11,"2024-11-07 12:30:00+00:00",0,12.5,23.8455,65.12
11,"2024-11-07 13:00:00+00:00",0,13,23.184,65.12
11,"2024-11-07 13:30:00+00:00",0,13.5,22.701,65.12
11,"2024-11-07 14:00:00+00:00",0,14,24.024,65.12
11,"2024-11-07 14:30:00+00:00",0,14.5,23.163,65.12
11,"2024-11-07 15:00:00+00:00",0,15,24.15,65.12
11,"2024-11-07 15:30:00+00:00",0,15.5,27.4995,65.12
11,"2024-11-07 16:00:00+00:00",0,16,38.115,65.12
11,"2024-11-07 16:30:00+00:00",0,16.5,41.475,65.12
11,"2024-11-07 17:00:00+00:00",0,17,39.564,65.12
11,"2024-11-07 17:30:00+00:00",0,17.5,40.635,65.12
11,"2024-11-07 18:00:00+00:00",0,18,40.53,65.12
11,"2024-11-07 18:30:00+00:00",0,18.5,39.3225,65.12
11,"2024-11-07 19:00:00+00:00",0,19,24.4545,65.12
11,"2024-11-07 19:30:00+00:00",0,19.5,23.856,65.12
11,"2024-11-07 20:00:00+00:00",0,20,21.9765,65.12
11,"2024-11-07 20:30:00+00:00",0,20.5,19.32,65.12
11,"2024-11-07 21:00:00+00:00",0,21,24.57,65.12
11,"2024-11-07 21:30:00+00:00",0,21.5,20.139,65.12
11,"2024-11-07 22:00:00+00:00",0,22,21.273,65.12
11,"2024-11-07 22:30:00+00:00",0,22.5,20.0445,65.12
11,"2024-11-07 23:00:00+00:00",0,23,20.328,65.12
11,"2024-11-07 23:30:00+00:00",0,23.5,21.0105,65.12
11,"2024-11-08 00:00:00+00:00",0,0,19.5615,65.12
11,"2024-11-08 00:30:00+00:00",0,0.5,21.0105,65.12
11,"2024-11-08 01:00:00+00:00",0,1,19.5615,65.12
11,"2024-11-08 01:30:00+00:00",0,1.5,19.5615,65.12
11,"2024-11-08 02:00:00+00:00",0,2,19.929,65.12
11,"2024-11-08 02:30:00+00:00",0,2.5,19.5615,65.12
11,"2024-11-08 03:00:00+00:00",0,3,19.8765,65.12
11,"2024-11-08 03:30:00+00:00",0,3.5,19.8555,65.12
11,"2024-11-08 04:00:00+00:00",0,4,21.0105,65.12
11,"2024-11-08 04:30:00+00:00",0,4.5,20.286,65.12
11,"2024-11-08 05:00:00+00:00",0,5,21.9765,65.12
11,"2024-11-08 05:30:00+00:00",0,5.5,21.252,65.12
11,"2024-11-08 06:00:00+00:00",0,6,21.735,65.12
11,"2024-11-08 06:30:00+00:00",0,6.5,22.701,65.12
11,"2024-11-08 07:00:00+00:00",0,7,21.735,65.12
11,"2024-11-08 07:30:00+00:00",0,7.5,25.3575,65.12
11,"2024-11-08 08:00:00+00:00",0,8,24.15,65.12
11,"2024-11-08 08:30:00+00:00",0,8.5,24.339,65.12
11,"2024-11-08 09:00:00+00:00",0,9,22.4595,65.12
11,"2024-11-08 09:30:00+00:00",0,9.5,23.184,65.12
11,"2024-11-08 10:00:00+00:00",0,10,23.961,65.12
11,"2024-11-08 10:30:00+00:00",0,10.5,23.184,65.12
11,"2024-11-08 11:00:00+00:00",0,11,23.184,65.12
11,"2024-11-08 11:30:00+00:00",0,11.5,23.667,65.12
11,"2024-11-08 12:00:00+00:00",0,12,23.8875,65.12
11,"2024-11-08 12:30:00+00:00",0,12.5,23.751,65.12
11,"2024-11-08 13:00:00+00:00",0,13,24.15,65.12
11,"2024-11-08 13:30:00+00:00",0,13.5,23.667,65.12
11,"2024-11-08 14:00:00+00:00",0,14,27.7725,65.12
11,"2024-11-08 14:30:00+00:00",0,14.5,26.8485,65.12
11,"2024-11-08 15:00:00+00:00",0,15,26.523,65.12
11,"2024-11-08 15:30:00+00:00",0,15.5,27.7725,65.12
11,"2024-11-08 16:00:00+00:00",0,16,38.115,65.12
11,"2024-11-08 16:30:00+00:00",0,16.5,41.244,65.12
11,"2024-11-08 17:00:00+00:00",0,17,39.5115,65.12
11,"2024-11-08 17:30:00+00:00",0,17.5,39.3225,65.12
11,"2024-11-08 18:00:00+00:00",0,18,39.564,65.12
11,"2024-11-08 18:30:00+00:00",0,18.5,36.9075,65.12
11,"2024-11-08 19:00:00+00:00",0,19,27.4575,65.12
11,"2024-11-08 19:30:00+00:00",0,19.5,24.15,65.12
11,"2024-11-08 20:00:00+00:00",0,20,24.15,65.12
11,"2024-11-08 20:30:00+00:00",0,20.5,23.31,65.12
11,"2024-11-08 21:00:00+00:00",0,21,23.667,65.12
11,"2024-11-08 21:30:00+00:00",0,21.5,21.252,65.12
11,"2024-11-08 22:00:00+00:00",0,22,22.4595,65.12
11,"2024-11-08 22:30:00+00:00",0,22.5,21.2835,65.12
11,"2024-11-08 23:00:00+00:00",0,23,22.6905,65.12
11,"2024-11-08 23:30:00+00:00",0,23.5,21.105,65.12
11,"2024-11-09 00:00:00+00:00",1,0,20.9685,65.12
11,"2024-11-09 00:30:00+00:00",1,0.5,22.0395,65.12
11,"2024-11-09 01:00:00+00:00",1,1,21.042,65.12
11,"2024-11-09 01:30:00+00:00",1,1.5,21.735,65.12
11,"2024-11-09 02:00:00+00:00",1,2,21.0105,65.12
11,"2024-11-09 02:30:00+00:00",1,2.5,21.0105,65.12
11,"2024-11-09 03:00:00+00:00",1,3,21.0105,65.12
11,"2024-11-09 03:30:00+00:00",1,3.5,21.441,65.12
11,"2024-11-09 04:00:00+00:00",1,4,22.1235,65.12
11,"2024-11-09 04:30:00+00:00",1,4.5,20.9685,65.12
11,"2024-11-09 05:00:00+00:00",1,5,21.735,65.12
11,"2024-11-09 05:30:00+00:00",1,5.5,20.9685,65.12
11,"2024-11-09 06:00:00+00:00",1,6,22.932,65.12
11,"2024-11-09 06:30:00+00:00",1,6.5,23.247,65.12
11,"2024-11-09 07:00:00+00:00",1,7,22.533,65.12
11,"2024-11-09 07:30:00+00:00",1,7.5,25.5465,65.12
11,"2024-11-09 08:00:00+00:00",1,8,24.15,65.12
11,"2024-11-09 08:30:00+00:00",1,8.5,27.531,65.12
11,"2024-11-09 09:00:00+00:00",1,9,25.452,65.12
11,"2024-11-09 09:30:00+00:00",1,9.5,25.3575,65.12
11,"2024-11-09 10:00:00+00:00",1,10,26.3865,65.12
11,"2024-11-09 10:30:00+00:00",1,10.5,26.691,65.12
11,"2024-11-09 11:00:00+00:00",1,11,25.5465,65.12
11,"2024-11-09 11:30:00+00:00",1,11.5,27.825,65.12
11,"2024-11-09 12:00:00+00:00",1,12,27.7725,65.12
11,"2024-11-09 12:30:00+00:00",1,12.5,28.2555,65.12
11,"2024-11-09 13:00:00+00:00",1,13,28.7385,65.12
11,"2024-11-09 13:30:00+00:00",1,13.5,25.6095,65.12
11,"2024-11-09 14:00:00+00:00",1,14,28.4025,65.12
11,"2024-11-09 14:30:00+00:00",1,14.5,28.4025,65.12
11,"2024-11-09 15:00:00+00:00",1,15,29.2005,65.12
11,"2024-11-09 15:30:00+00:00",1,15.5,31.1535,65.12
11,"2024-11-09 16:00:00+00:00",1,16,40.047,65.12
11,"2024-11-09 16:30:00+00:00",1,16.5,45.549,65.12
11,"2024-11-09 17:00:00+00:00",1,17,41.979,65.12
11,"2024-11-09 17:30:00+00:00",1,17.5,43.428,65.12
11,"2024-11-09 18:00:00+00:00",1,18,44.394,65.12
11,"2024-11-09 18:30:00+00:00",1,18.5,41.643,65.12
11,"2024-11-09 19:00:00+00:00",1,19,29.2215,65.12
11,"2024-11-09 19:30:00+00:00",1,19.5,25.3785,65.12
11,"2024-11-09 20:00:00+00:00",1,20,26.4705,65.12
11,"2024-11-09 20:30:00+00:00",1,20.5,23.6985,65.12
11,"2024-11-09 21:00:00+00:00",1,21,26.439,65.12
11,"2024-11-09 21:30:00+00:00",1,21.5,23.9085,65.12
11,"2024-11-09 22:00:00+00:00",1,22,24.3915,65.12
11,"2024-11-09 22:30:00+00:00",1,22.5,21.252,65.12
11,"2024-11-09 23:00:00+00:00",1,23,21.6405,65.12
11,"2024-11-09 23:30:00+00:00",1,23.5,21.126,65.12
11,"2024-11-10 00:00:00+00:00",1,0,20.5065,65.12
11,"2024-11-10 00:30:00+00:00",1,0.5,22.344,65.12
11,"2024-11-10 01:00:00+00:00",1,1,21.4935,65.12
11,"2024-11-10 01:30:00+00:00",1,1.5,20.79,65.12
11,"2024-11-10 02:00:00+00:00",1,2,20.769,65.12
11,"2024-11-10 02:30:00+00:00",1,2.5,20.5275,65.12
11,"2024-11-10 03:00:00+00:00",1,3,21.273,65.12
11,"2024-11-10 03:30:00+00:00",1,3.5,20.769,65.12
11,"2024-11-10 04:00:00+00:00",1,4,20.8425,65.12
11,"2024-11-10 04:30:00+00:00",1,4.5,20.5275,65.12
11,"2024-11-10 05:00:00+00:00",1,5,21.0105,65.12
11,"2024-11-10 05:30:00+00:00",1,5.5,20.5275,65.12
11,"2024-11-10 06:00:00+00:00",1,6,21.5145,65.12
11,"2024-11-10 06:30:00+00:00",1,6.5,21.0105,65.12
11,"2024-11-10 07:00:00+00:00",1,7,21.4305,65.12
11,"2024-11-10 07:30:00+00:00",1,7.5,22.9425,65.12
11,"2024-11-10 08:00:00+00:00",1,8,20.5275,65.12
11,"2024-11-10 08:30:00+00:00",1,8.5,24.99,65.12
11,"2024-11-10 09:00:00+00:00",1,9,21.6405,65.12
11,"2024-11-10 09:30:00+00:00",1,9.5,25.095,65.12
11,"2024-11-10 10:00:00+00:00",1,10,21.9765,65.12
11,"2024-11-10 10:30:00+00:00",1,10.5,23.0055,65.12
11,"2024-11-10 11:00:00+00:00",1,11,23.4255,65.12
11,"2024-11-10 11:30:00+00:00",1,11.5,24.465,65.12
11,"2024-11-10 12:00:00+00:00",1,12,24.8745,65.12
11,"2024-11-10 12:30:00+00:00",1,12.5,26.2185,65.12
11,"2024-11-10 13:00:00+00:00",1,13,25.599,65.12
11,"2024-11-10 13:30:00+00:00",1,13.5,24.2235,65.12
11,"2024-11-10 14:00:00+00:00",1,14,27.2895,65.12
11,"2024-11-10 14:30:00+00:00",1,14.5,27.2895,65.12
11,"2024-11-10 15:00:00+00:00",1,15,26.1975,65.12
11,"2024-11-10 15:30:00+00:00",1,15.5,27.7725,65.12
11,"2024-11-10 16:00:00+00:00",1,16,38.9865,65.12
11,"2024-11-10 16:30:00+00:00",1,16.5,41.7375,65.12
11,"2024-11-10 17:00:00+00:00",1,17,39.4695,65.12
11,"2024-11-10 17:30:00+00:00",1,17.5,39.858,65.12
11,"2024-11-10 18:00:00+00:00",1,18,40.656,65.12
11,"2024-11-10 18:30:00+00:00",1,18.5,36.0885,65.12
11,"2024-11-10 19:00:00+00:00",1,19,26.6595,65.12
11,"2024-11-10 19:30:00+00:00",1,19.5,20.5275,65.12
11,"2024-11-10 20:00:00+00:00",1,20,23.0685,65.12
11,"2024-11-10 20:30:00+00:00",1,20.5,20.5275,65.12
11,"2024-11-10 21:00:00+00:00",1,21,22.9425,65.12
11,"2024-11-10 21:30:00+00:00",1,21.5,22.659,65.12
11,"2024-11-10 22:00:00+00:00",1,22,22.1865,65.12
11,"2024-11-10 22:30:00+00:00",1,22.5,20.748,65.12
11,"2024-11-10 23:00:00+00:00",1,23,21.6405,65.12
11,"2024-11-10 23:30:00+00:00",1,23.5,20.538,65.12
11,"2024-11-11 00:00:00+00:00",0,0,20.454,65.12
11,"2024-11-11 00:30:00+00:00",0,0.5,21.1365,65.12
11,"2024-11-11 01:00:00+00:00",0,1,20.3175,65.12
11,"2024-11-11 01:30:00+00:00",0,1.5,18.1125,65.12
11,"2024-11-11 02:00:00+00:00",0,2,18.1125,65.12
11,"2024-11-11 02:30:00+00:00",0,2.5,18.1125,65.12
11,"2024-11-11 03:00:00+00:00",0,3,18.7005,65.12
11,"2024-11-11 03:30:00+00:00",0,3.5,18.354,65.12
11,"2024-11-11 04:00:00+00:00",0,4,19.3305,65.12
11,"2024-11-11 04:30:00+00:00",0,4.5,18.9105,65.12
11,"2024-11-11 05:00:00+00:00",0,5,20.454,65.12
11,"2024-11-11 05:30:00+00:00",0,5.5,20.454,65.12
11,"2024-11-11 06:00:00+00:00",0,6,23.9295,65.12
11,"2024-11-11 06:30:00+00:00",0,6.5,23.9295,65.12
11,"2024-11-11 07:00:00+00:00",0,7,20.454,65.12
11,"2024-11-11 07:30:00+00:00",0,7.5,25.515,65.12
11,"2024-11-11 08:00:00+00:00",0,8,25.011,65.12
11,"2024-11-11 08:30:00+00:00",0,8.5,24.99,65.12
11,"2024-11-11 09:00:00+00:00",0,9,25.536,65.12
11,"2024-11-11 09:30:00+00:00",0,9.5,23.2995,65.12
11,"2024-11-11 10:00:00+00:00",0,10,22.9425,65.12
11,"2024-11-11 10:30:00+00:00",0,10.5,21.5145,65.12
11,"2024-11-11 11:00:00+00:00",0,11,23.667,65.12
11,"2024-11-11 11:30:00+00:00",0,11.5,23.5305,65.12
11,"2024-11-11 12:00:00+00:00",0,12,23.667,65.12
11,"2024-11-11 12:30:00+00:00",0,12.5,23.184,65.12
11,"2024-11-11 13:00:00+00:00",0,13,25.116,65.12
11,"2024-11-11 13:30:00+00:00",0,13.5,20.5275,65.12
11,"2024-11-11 14:00:00+00:00",0,14,25.599,65.12
11,"2024-11-11 14:30:00+00:00",0,14.5,25.1895,65.12
11,"2024-11-11 15:00:00+00:00",0,15,25.3365,65.12
11,"2024-11-11 15:30:00+00:00",0,15.5,28.497,65.12
11,"2024-11-11 16:00:00+00:00",0,16,35.9415,65.12
11,"2024-11-11 16:30:00+00:00",0,16.5,42.7665,65.12
11,"2024-11-11 17:00:00+00:00",0,17,39.0075,65.12
11,"2024-11-11 17:30:00+00:00",0,17.5,40.2885,65.12
11,"2024-11-11 18:00:00+00:00",0,18,41.622,65.12
11,"2024-11-11 18:30:00+00:00",0,18.5,38.3565,65.12
11,"2024-11-11 19:00:00+00:00",0,19,24.9795,65.12
11,"2024-11-11 19:30:00+00:00",0,19.5,20.454,65.12
11,"2024-11-11 20:00:00+00:00",0,20,23.457,65.12
11,"2024-11-11 20:30:00+00:00",0,20.5,20.454,65.12
11,"2024-11-11 21:00:00+00:00",0,21,22.05,65.12
11,"2024-11-11 21:30:00+00:00",0,21.5,20.454,65.12
11,"2024-11-11 22:00:00+00:00",0,22,24.4755,65.12
11,"2024-11-11 22:30:00+00:00",0,22.5,20.5485,65.12
11,"2024-11-11 23:00:00+00:00",0,23,21.735,65.12
11,"2024-11-11 23:30:00+00:00",0,23.5,21.084,65.12
11,"2024-11-12 00:00:00+00:00",0,0,19.32,65.12
11,"2024-11-12 00:30:00+00:00",0,0.5,20.958,65.12
11,"2024-11-12 01:00:00+00:00",0,1,20.5275,65.12
11,"2024-11-12 01:30:00+00:00",0,1.5,19.5615,65.12
11,"2024-11-12 02:00:00+00:00",0,2,19.32,65.12
11,"2024-11-12 02:30:00+00:00",0,2.5,20.286,65.12
11,"2024-11-12 03:00:00+00:00",0,3,20.5275,65.12
11,"2024-11-12 03:30:00+00:00",0,3.5,20.5275,65.12
11,"2024-11-12 04:00:00+00:00",0,4,21.084,65.12
11,"2024-11-12 04:30:00+00:00",0,4.5,20.643,65.12
11,"2024-11-12 05:00:00+00:00",0,5,20.5275,65.12
11,"2024-11-12 05:30:00+00:00",0,5.5,20.5275,65.12
11,"2024-11-12 06:00:00+00:00",0,6,22.9425,65.12
11,"2024-11-12 06:30:00+00:00",0,6.5,22.9425,65.12
11,"2024-11-12 07:00:00+00:00",0,7,23.73,65.12
11,"2024-11-12 07:30:00+00:00",0,7.5,27.048,65.12
11,"2024-11-12 08:00:00+00:00",0,8,25.599,65.12
11,"2024-11-12 08:30:00+00:00",0,8.5,25.2,65.12
11,"2024-11-12 09:00:00+00:00",0,9,27.9195,65.12
11,"2024-11-12 09:30:00+00:00",0,9.5,25.431,65.12
11,"2024-11-12 10:00:00+00:00",0,10,24.339,65.12
11,"2024-11-12 10:30:00+00:00",0,10.5,23.2575,65.12
11,"2024-11-12 11:00:00+00:00",0,11,22.218,65.12
11,"2024-11-12 11:30:00+00:00",0,11.5,24.003,65.12
11,"2024-11-12 12:00:00+00:00",0,12,25.767,65.12
11,"2024-11-12 12:30:00+00:00",0,12.5,25.8405,65.12
11,"2024-11-12 13:00:00+00:00",0,13,27.048,65.12
11,"2024-11-12 13:30:00+00:00",0,13.5,27.4575,65.12
11,"2024-11-12 14:00:00+00:00",0,14,29.2215,65.12
11,"2024-11-12 14:30:00+00:00",0,14.5,29.3685,65.12
11,"2024-11-12 15:00:00+00:00",0,15,30.303,65.12
11,"2024-11-12 15:30:00+00:00",0,15.5,33.999,65.12
11,"2024-11-12 16:00:00+00:00",0,16,44.1525,65.12
11,"2024-11-12 16:30:00+00:00",0,16.5,51.3975,65.12
11,"2024-11-12 17:00:00+00:00",0,17,45.9375,65.12
11,"2024-11-12 17:30:00+00:00",0,17.5,52.5315,65.12
11,"2024-11-12 18:00:00+00:00",0,18,47.9115,65.12
11,"2024-11-12 18:30:00+00:00",0,18.5,44.079,65.12
11,"2024-11-12 19:00:00+00:00",0,19,35.0175,65.12
11,"2024-11-12 19:30:00+00:00",0,19.5,29.589,65.12
11,"2024-11-12 20:00:00+00:00",0,20,28.98,65.12
11,"2024-11-12 20:30:00+00:00",0,20.5,24.0345,65.12
11,"2024-11-12 21:00:00+00:00",0,21,26.082,65.12
11,"2024-11-12 21:30:00+00:00",0,21.5,21.084,65.12
11,"2024-11-12 22:00:00+00:00",0,22,22.701,65.12
11,"2024-11-12 22:30:00+00:00",0,22.5,21.084,65.12
11,"2024-11-12 23:00:00+00:00",0,23,21.252,65.12
11,"2024-11-12 23:30:00+00:00",0,23.5,21.252,65.12
11,"2024-11-13 00:00:00+00:00",0,0,19.8555,65.12
11,"2024-11-13 00:30:00+00:00",0,0.5,21.4935,65.12
11,"2024-11-13 01:00:00+00:00",0,1,21.9765,65.12
11,"2024-11-13 01:30:00+00:00",0,1.5,20.5275,65.12
11,"2024-11-13 02:00:00+00:00",0,2,20.769,65.12
11,"2024-11-13 02:30:00+00:00",0,2.5,20.412,65.12
11,"2024-11-13 03:00:00+00:00",0,3,21.9765,65.12
11,"2024-11-13 03:30:00+00:00",0,3.5,21.0105,65.12
11,"2024-11-13 04:00:00+00:00",0,4,21.4935,65.12
11,"2024-11-13 04:30:00+00:00",0,4.5,21.4935,65.12
11,"2024-11-13 05:00:00+00:00",0,5,23.2365,65.12
11,"2024-11-13 05:30:00+00:00",0,5.5,21.735,65.12
11,"2024-11-13 06:00:00+00:00",0,6,26.5755,65.12
11,"2024-11-13 06:30:00+00:00",0,6.5,30.135,65.12
11,"2024-11-13 07:00:00+00:00",0,7,28.1925,65.12
11,"2024-11-13 07:30:00+00:00",0,7.5,31.395,65.12
11,"2024-11-13 08:00:00+00:00",0,8,31.878,65.12
11,"2024-11-13 08:30:00+00:00",0,8.5,29.9145,65.12
11,"2024-11-13 09:00:00+00:00",0,9,32.361,65.12
11,"2024-11-13 09:30:00+00:00",0,9.5,31.4895,65.12
11,"2024-11-13 10:00:00+00:00",0,10,31.395,65.12
11,"2024-11-13 10:30:00+00:00",0,10.5,28.497,65.12
11,"2024-11-13 11:00:00+00:00",0,11,28.203,65.12
11,"2024-11-13 11:30:00+00:00",0,11.5,30.975,65.12
11,"2024-11-13 12:00:00+00:00",0,12,27.825,65.12
11,"2024-11-13 12:30:00+00:00",0,12.5,28.5915,65.12
11,"2024-11-13 13:00:00+00:00",0,13,26.691,65.12
11,"2024-11-13 13:30:00+00:00",0,13.5,29.757,65.12
11,"2024-11-13 14:00:00+00:00",0,14,29.4735,65.12
11,"2024-11-13 14:30:00+00:00",0,14.5,31.395,65.12
11,"2024-11-13 15:00:00+00:00",0,15,29.127,65.12
11,"2024-11-13 15:30:00+00:00",0,15.5,33.327,65.12
11,"2024-11-13 16:00:00+00:00",0,16,41.0655,65.12
11,"2024-11-13 16:30:00+00:00",0,16.5,49.224,65.12
11,"2024-11-13 17:00:00+00:00",0,17,43.764,65.12
11,"2024-11-13 17:30:00+00:00",0,17.5,44.0055,65.12
11,"2024-11-13 18:00:00+00:00",0,18,48.069,65.12
11,"2024-11-13 18:30:00+00:00",0,18.5,44.058,65.12
11,"2024-11-13 19:00:00+00:00",0,19,28.98,65.12
11,"2024-11-13 19:30:00+00:00",0,19.5,26.082,65.12
11,"2024-11-13 20:00:00+00:00",0,20,25.1895,65.12
11,"2024-11-13 20:30:00+00:00",0,20.5,22.701,65.12
11,"2024-11-13 21:00:00+00:00",0,21,25.116,65.12
11,"2024-11-13 21:30:00+00:00",0,21.5,22.5645,65.12
11,"2024-11-13 22:00:00+00:00",0,22,22.5645,65.12
11,"2024-11-13 22:30:00+00:00",0,22.5,19.803,65.12
11,"2024-11-13 23:00:00+00:00",0,23,21.3465,65.12
11,"2024-11-13 23:30:00+00:00",0,23.5,22.218,65.12
11,"2024-11-14 00:00:00+00:00",0,0,19.803,65.12
11,"2024-11-14 00:30:00+00:00",0,0.5,21.924,65.12
11,"2024-11-14 01:00:00+00:00",0,1,20.5275,65.12
11,"2024-11-14 01:30:00+00:00",0,1.5,19.887,65.12
11,"2024-11-14 02:00:00+00:00",0,2,20.5275,65.12
11,"2024-11-14 02:30:00+00:00",0,2.5,20.5275,65.12
11,"2024-11-14 03:00:00+00:00",0,3,20.748,65.12
11,"2024-11-14 03:30:00+00:00",0,3.5,20.307,65.12
11,"2024-11-14 04:00:00+00:00",0,4,20.769,65.12
11,"2024-11-14 04:30:00+00:00",0,4.5,20.286,65.12
11,"2024-11-14 05:00:00+00:00",0,5,22.4385,65.12
11,"2024-11-14 05:30:00+00:00",0,5.5,20.5275,65.12
11,"2024-11-14 06:00:00+00:00",0,6,24.15,65.12
11,"2024-11-14 06:30:00+00:00",0,6.5,23.184,65.12
11,"2024-11-14 07:00:00+00:00",0,7,24.024,65.12
11,"2024-11-14 07:30:00+00:00",0,7.5,27.657,65.12
11,"2024-11-14 08:00:00+00:00",0,8,26.271,65.12
11,"2024-11-14 08:30:00+00:00",0,8.5,26.439,65.12
11,"2024-11-14 09:00:00+00:00",0,9,25.5255,65.12
11,"2024-11-14 09:30:00+00:00",0,9.5,25.809,65.12
11,"2024-11-14 10:00:00+00:00",0,10,26.439,65.12
11,"2024-11-14 10:30:00+00:00",0,10.5,26.397,65.12
11,"2024-11-14 11:00:00+00:00",0,11,25.3575,65.12
11,"2024-11-14 11:30:00+00:00",0,11.5,26.565,65.12
11,"2024-11-14 12:00:00+00:00",0,12,25.893,65.12
11,"2024-11-14 12:30:00+00:00",0,12.5,25.6725,65.12
11,"2024-11-14 13:00:00+00:00",0,13,27.4785,65.12
11,"2024-11-14 13:30:00+00:00",0,13.5,26.3235,65.12
11,"2024-11-14 14:00:00+00:00",0,14,28.98,65.12
11,"2024-11-14 14:30:00+00:00",0,14.5,28.854,65.12
11,"2024-11-14 15:00:00+00:00",0,15,28.98,65.12
11,"2024-11-14 15:30:00+00:00",0,15.5,30.6705,65.12
11,"2024-11-14 16:00:00+00:00",0,16,38.115,65.12
11,"2024-11-14 16:30:00+00:00",0,16.5,45.6015,65.12
11,"2024-11-14 17:00:00+00:00",0,17,40.026,65.12
11,"2024-11-14 17:30:00+00:00",0,17.5,41.979,65.12
11,"2024-11-14 18:00:00+00:00",0,18,41.979,65.12
11,"2024-11-14 18:30:00+00:00",0,18.5,39.081,65.12
11,"2024-11-14 19:00:00+00:00",0,19,28.203,65.12
11,"2024-11-14 19:30:00+00:00",0,19.5,26.082,65.12
11,"2024-11-14 20:00:00+00:00",0,20,27.2265,65.12
11,"2024-11-14 20:30:00+00:00",0,20.5,24.717,65.12
11,"2024-11-14 21:00:00+00:00",0,21,25.242,65.12
11,"2024-11-14 21:30:00+00:00",0,21.5,24.087,65.12
11,"2024-11-14 22:00:00+00:00",0,22,23.9085,65.12
11,"2024-11-14 22:30:00+00:00",0,22.5,21.4935,65.12
11,"2024-11-14 23:00:00+00:00",0,23,21.735,65.12
11,"2024-11-14 23:30:00+00:00",0,23.5,22.9425,65.12
11,"2024-11-15 00:00:00+00:00",0,0,20.286,65.12
11,"2024-11-15 00:30:00+00:00",0,0.5,22.806,65.12
11,"2024-11-15 01:00:00+00:00",0,1,20.769,65.12
11,"2024-11-15 01:30:00+00:00",0,1.5,21.0105,65.12
11,"2024-11-15 02:00:00+00:00",0,2,21.735,65.12
11,"2024-11-15 02:30:00+00:00",0,2.5,20.286,65.12
11,"2024-11-15 03:00:00+00:00",0,3,21.735,65.12
11,"2024-11-15 03:30:00+00:00",0,3.5,20.5275,65.12
11,"2024-11-15 04:00:00+00:00",0,4,22.071,65.12
11,"2024-11-15 04:30:00+00:00",0,4.5,20.937,65.12
11,"2024-11-15 05:00:00+00:00",0,5,26.229,65.12
11,"2024-11-15 05:30:00+00:00",0,5.5,23.7405,65.12
11,"2024-11-15 06:00:00+00:00",0,6,25.7145,65.12
11,"2024-11-15 06:30:00+00:00",0,6.5,27.531,65.12
11,"2024-11-15 07:00:00+00:00",0,7,29.526,65.12
11,"2024-11-15 07:30:00+00:00",0,7.5,29.757,65.12
11,"2024-11-15 08:00:00+00:00",0,8,29.169,65.12
11,"2024-11-15 08:30:00+00:00",0,8.5,28.5915,65.12
11,"2024-11-15 09:00:00+00:00",0,9,27.2895,65.12
11,"2024-11-15 09:30:00+00:00",0,9.5,25.956,65.12
11,"2024-11-15 10:00:00+00:00",0,10,26.565,65.12
11,"2024-11-15 10:30:00+00:00",0,10.5,24.8745,65.12
11,"2024-11-15 11:00:00+00:00",0,11,23.184,65.12
11,"2024-11-15 11:30:00+00:00",0,11.5,25.3575,65.12
11,"2024-11-15 12:00:00+00:00",0,12,24.15,65.12
11,"2024-11-15 12:30:00+00:00",0,12.5,23.8035,65.12
11,"2024-11-15 13:00:00+00:00",0,13,23.2785,65.12
11,"2024-11-15 13:30:00+00:00",0,13.5,24.2445,65.12
11,"2024-11-15 14:00:00+00:00",0,14,23.352,65.12
11,"2024-11-15 14:30:00+00:00",0,14.5,24.15,65.12
11,"2024-11-15 15:00:00+00:00",0,15,23.0895,65.12
11,"2024-11-15 15:30:00+00:00",0,15.5,24.8745,65.12
11,"2024-11-15 16:00:00+00:00",0,16,36.9705,65.12
11,"2024-11-15 16:30:00+00:00",0,16.5,38.8395,65.12
11,"2024-11-15 17:00:00+00:00",0,17,38.0625,65.12
11,"2024-11-15 17:30:00+00:00",0,17.5,37.632,65.12
11,"2024-11-15 18:00:00+00:00",0,18,35.7,65.12
11,"2024-11-15 18:30:00+00:00",0,18.5,35.4585,65.12
11,"2024-11-15 19:00:00+00:00",0,19,23.961,65.12
11,"2024-11-15 19:30:00+00:00",0,19.5,24.612,65.12
11,"2024-11-15 20:00:00+00:00",0,20,23.163,65.12
11,"2024-11-15 20:30:00+00:00",0,20.5,23.184,65.12
11,"2024-11-15 21:00:00+00:00",0,21,23.184,65.12
11,"2024-11-15 21:30:00+00:00",0,21.5,23.184,65.12
11,"2024-11-15 22:00:00+00:00",0,22,21.735,65.12
11,"2024-11-15 22:30:00+00:00",0,22.5,20.286,65.12
11,"2024-11-15 23:00:00+00:00",0,23,22.4595,65.12
11,"2024-11-15 23:30:00+00:00",0,23.5,21.0105,65.12
11,"2024-11-16 00:00:00+00:00",1,0,17.871,65.12
11,"2024-11-16 00:30:00+00:00",1,0.5,20.5275,65.12
11,"2024-11-16 01:00:00+00:00",1,1,20.5275,65.12
11,"2024-11-16 01:30:00+00:00",1,1.5,18.3015,65.12
11,"2024-11-16 02:00:00+00:00",1,2,19.0785,65.12
11,"2024-11-16 02:30:00+00:00",1,2.5,18.2175,65.12
11,"2024-11-16 03:00:00+00:00",1,3,18.837,65.12
11,"2024-11-16 03:30:00+00:00",1,3.5,18.06,65.12
11,"2024-11-16 04:00:00+00:00",1,4,20.7375,65.12
11,"2024-11-16 04:30:00+00:00",1,4.5,18.585,65.12
11,"2024-11-16 05:00:00+00:00",1,5,18.7425,65.12
11,"2024-11-16 05:30:00+00:00",1,5.5,19.236,65.12
11,"2024-11-16 06:00:00+00:00",1,6,19.2255,65.12
11,"2024-11-16 06:30:00+00:00",1,6.5,20.769,65.12
11,"2024-11-16 07:00:00+00:00",1,7,19.8135,65.12
11,"2024-11-16 07:30:00+00:00",1,7.5,23.1735,65.12
11,"2024-11-16 08:00:00+00:00",1,8,22.701,65.12
11,"2024-11-16 08:30:00+00:00",1,8.5,24.633,65.12
11,"2024-11-16 09:00:00+00:00",1,9,24.15,65.12
11,"2024-11-16 09:30:00+00:00",1,9.5,24.612,65.12
11,"2024-11-16 10:00:00+00:00",1,10,24.6855,65.12
11,"2024-11-16 10:30:00+00:00",1,10.5,25.116,65.12
11,"2024-11-16 11:00:00+00:00",1,11,24.15,65.12
11,"2024-11-16 11:30:00+00:00",1,11.5,24.402,65.12
11,"2024-11-16 12:00:00+00:00",1,12,23.205,65.12
11,"2024-11-16 12:30:00+00:00",1,12.5,23.205,65.12
11,"2024-11-16 13:00:00+00:00",1,13,22.4595,65.12
11,"2024-11-16 13:30:00+00:00",1,13.5,20.769,65.12
11,"2024-11-16 14:00:00+00:00",1,14,22.407,65.12
11,"2024-11-16 14:30:00+00:00",1,14.5,21.504,65.12
11,"2024-11-16 15:00:00+00:00",1,15,22.848,65.12
11,"2024-11-16 15:30:00+00:00",1,15.5,23.184,65.12
11,"2024-11-16 16:00:00+00:00",1,16,37.0965,65.12
11,"2024-11-16 16:30:00+00:00",1,16.5,41.496,65.12
11,"2024-11-16 17:00:00+00:00",1,17,39.081,65.12
11,"2024-11-16 17:30:00+00:00",1,17.5,38.4615,65.12
11,"2024-11-16 18:00:00+00:00",1,18,40.1415,65.12
11,"2024-11-16 18:30:00+00:00",1,18.5,37.3905,65.12
11,"2024-11-16 19:00:00+00:00",1,19,25.116,65.12
11,"2024-11-16 19:30:00+00:00",1,19.5,23.6985,65.12
11,"2024-11-16 20:00:00+00:00",1,20,22.7115,65.12
11,"2024-11-16 20:30:00+00:00",1,20.5,22.4595,65.12
11,"2024-11-16 21:00:00+00:00",1,21,22.9425,65.12
11,"2024-11-16 21:30:00+00:00",1,21.5,21.567,65.12
11,"2024-11-16 22:00:00+00:00",1,22,22.701,65.12
11,"2024-11-16 22:30:00+00:00",1,22.5,18.1125,65.12
11,"2024-11-16 23:00:00+00:00",1,23,20.9055,65.12
11,"2024-11-16 23:30:00+00:00",1,23.5,15.939,65.12
11,"2024-11-17 00:00:00+00:00",1,0,14.0595,65.12
11,"2024-11-17 00:30:00+00:00",1,0.5,20.5275,65.12
11,"2024-11-17 01:00:00+00:00",1,1,16.9575,65.12
11,"2024-11-17 01:30:00+00:00",1,1.5,13.041,65.12
11,"2024-11-17 02:00:00+00:00",1,2,14.826,65.12
11,"2024-11-17 02:30:00+00:00",1,2.5,10.626,65.12
11,"2024-11-17 03:00:00+00:00",1,3,11.6865,65.12
11,"2024-11-17 03:30:00+00:00",1,3.5,9.9015,65.12
11,"2024-11-17 04:00:00+00:00",1,4,13.524,65.12
11,"2024-11-17 04:30:00+00:00",1,4.5,12.558,65.12
11,"2024-11-17 05:00:00+00:00",1,5,14.679,65.12
11,"2024-11-17 05:30:00+00:00",1,5.5,15.456,65.12
11,"2024-11-17 06:00:00+00:00",1,6,17.388,65.12
11,"2024-11-17 06:30:00+00:00",1,6.5,21.735,65.12
11,"2024-11-17 07:00:00+00:00",1,7,17.9655,65.12
11,"2024-11-17 07:30:00+00:00",1,7.5,20.769,65.12
11,"2024-11-17 08:00:00+00:00",1,8,19.0995,65.12
11,"2024-11-17 08:30:00+00:00",1,8.5,24.15,65.12
11,"2024-11-17 09:00:00+00:00",1,9,24.15,65.12
11,"2024-11-17 09:30:00+00:00",1,9.5,24.15,65.12
11,"2024-11-17 10:00:00+00:00",1,10,25.053,65.12
11,"2024-11-17 10:30:00+00:00",1,10.5,22.701,65.12
11,"2024-11-17 11:00:00+00:00",1,11,21.945,65.12
11,"2024-11-17 11:30:00+00:00",1,11.5,22.4805,65.12
11,"2024-11-17 12:00:00+00:00",1,12,23.5725,65.12
11,"2024-11-17 12:30:00+00:00",1,12.5,23.7825,65.12
11,"2024-11-17 13:00:00+00:00",1,13,25.431,65.12
11,"2024-11-17 13:30:00+00:00",1,13.5,24.339,65.12
11,"2024-11-17 14:00:00+00:00",1,14,23.961,65.12
11,"2024-11-17 14:30:00+00:00",1,14.5,22.6485,65.12
11,"2024-11-17 15:00:00+00:00",1,15,23.058,65.12
11,"2024-11-17 15:30:00+00:00",1,15.5,24.0555,65.12
11,"2024-11-17 16:00:00+00:00",1,16,37.0545,65.12
11,"2024-11-17 16:30:00+00:00",1,16.5,41.6325,65.12
11,"2024-11-17 17:00:00+00:00",1,17,41.7375,65.12
11,"2024-11-17 17:30:00+00:00",1,17.5,40.404,65.12
11,"2024-11-17 18:00:00+00:00",1,18,43.6695,65.12
11,"2024-11-17 18:30:00+00:00",1,18.5,41.9055,65.12
11,"2024-11-17 19:00:00+00:00",1,19,26.964,65.12
11,"2024-11-17 19:30:00+00:00",1,19.5,25.095,65.12
11,"2024-11-17 20:00:00+00:00",1,20,24.15,65.12
11,"2024-11-17 20:30:00+00:00",1,20.5,23.9085,65.12
11,"2024-11-17 21:00:00+00:00",1,21,21.735,65.12
11,"2024-11-17 21:30:00+00:00",1,21.5,25.599,65.12
11,"2024-11-17 22:00:00+00:00",1,22,23.835,65.12
11,"2024-11-17 22:30:00+00:00",1,22.5,20.769,65.12
11,"2024-11-17 23:00:00+00:00",1,23,19.32,65.12
11,"2024-11-17 23:30:00+00:00",1,23.5,18.5745,65.12
11,"2024-11-18 00:00:00+00:00",0,0,17.094,65.12
11,"2024-11-18 00:30:00+00:00",0,0.5,20.8635,65.12
11,"2024-11-18 01:00:00+00:00",0,1,19.32,65.12
11,"2024-11-18 01:30:00+00:00",0,1.5,17.871,65.12
11,"2024-11-18 02:00:00+00:00",0,2,18.354,65.12
11,"2024-11-18 02:30:00+00:00",0,2.5,17.871,65.12
11,"2024-11-18 03:00:00+00:00",0,3,20.3385,65.12
11,"2024-11-18 03:30:00+00:00",0,3.5,19.2675,65.12
11,"2024-11-18 04:00:00+00:00",0,4,19.2465,65.12
11,"2024-11-18 04:30:00+00:00",0,4.5,18.837,65.12
11,"2024-11-18 05:00:00+00:00",0,5,21.9555,65.12
11,"2024-11-18 05:30:00+00:00",0,5.5,19.656,65.12
11,"2024-11-18 06:00:00+00:00",0,6,25.0425,65.12
11,"2024-11-18 06:30:00+00:00",0,6.5,24.15,65.12
11,"2024-11-18 07:00:00+00:00",0,7,25.284,65.12
11,"2024-11-18 07:30:00+00:00",0,7.5,28.0455,65.12
11,"2024-11-18 08:00:00+00:00",0,8,27.2895,65.12
11,"2024-11-18 08:30:00+00:00",0,8.5,28.497,65.12
11,"2024-11-18 09:00:00+00:00",0,9,25.3575,65.12
11,"2024-11-18 09:30:00+00:00",0,9.5,25.179,65.12
11,"2024-11-18 10:00:00+00:00",0,10,24.8745,65.12
11,"2024-11-18 10:30:00+00:00",0,10.5,24.6015,65.12
11,"2024-11-18 11:00:00+00:00",0,11,28.7175,65.12
11,"2024-11-18 11:30:00+00:00",0,11.5,29.3685,65.12
11,"2024-11-18 12:00:00+00:00",0,12,30.8175,65.12
11,"2024-11-18 12:30:00+00:00",0,12.5,31.416,65.12
11,"2024-11-18 13:00:00+00:00",0,13,32.193,65.12
11,"2024-11-18 13:30:00+00:00",0,13.5,31.1535,65.12
11,"2024-11-18 14:00:00+00:00",0,14,28.98,65.12
11,"2024-11-18 14:30:00+00:00",0,14.5,30.282,65.12
11,"2024-11-18 15:00:00+00:00",0,15,30.4815,65.12
11,"2024-11-18 15:30:00+00:00",0,15.5,32.697,65.12
11,"2024-11-18 16:00:00+00:00",0,16,41.7375,65.12
11,"2024-11-18 16:30:00+00:00",0,16.5,45.843,65.12
11,"2024-11-18 17:00:00+00:00",0,17,43.785,65.12
11,"2024-11-18 17:30:00+00:00",0,17.5,44.1735,65.12
11,"2024-11-18 18:00:00+00:00",0,18,45.549,65.12
11,"2024-11-18 18:30:00+00:00",0,18.5,41.7375,65.12
11,"2024-11-18 19:00:00+00:00",0,19,27.405,65.12
11,"2024-11-18 19:30:00+00:00",0,19.5,26.565,65.12
11,"2024-11-18 20:00:00+00:00",0,20,25.725,65.12
11,"2024-11-18 20:30:00+00:00",0,20.5,23.2575,65.12
11,"2024-11-18 21:00:00+00:00",0,21,24.8745,65.12
11,"2024-11-18 21:30:00+00:00",0,21.5,22.365,65.12
11,"2024-11-18 22:00:00+00:00",0,22,23.9085,65.12
11,"2024-11-18 22:30:00+00:00",0,22.5,21.315,65.12
11,"2024-11-18 23:00:00+00:00",0,23,23.4255,65.12
11,"2024-11-18 23:30:00+00:00",0,23.5,22.449,65.12
11,"2024-11-19 00:00:00+00:00",0,0,21.735,65.12
11,"2024-11-19 00:30:00+00:00",0,0.5,26.1345,65.12
11,"2024-11-19 01:00:00+00:00",0,1,22.9425,65.12
11,"2024-11-19 01:30:00+00:00",0,1.5,20.0445,65.12
11,"2024-11-19 02:00:00+00:00",0,2,20.5275,65.12
11,"2024-11-19 02:30:00+00:00",0,2.5,19.9815,65.12
11,"2024-11-19 03:00:00+00:00",0,3,20.286,65.12
11,"2024-11-19 03:30:00+00:00",0,3.5,19.404,65.12
11,"2024-11-19 04:00:00+00:00",0,4,20.286,65.12
11,"2024-11-19 04:30:00+00:00",0,4.5,19.5195,65.12
11,"2024-11-19 05:00:00+00:00",0,5,20.5275,65.12
11,"2024-11-19 05:30:00+00:00",0,5.5,22.449,65.12
11,"2024-11-19 06:00:00+00:00",0,6,23.9505,65.12
11,"2024-11-19 06:30:00+00:00",0,6.5,24.6855,65.12
11,"2024-11-19 07:00:00+00:00",0,7,23.7195,65.12
11,"2024-11-19 07:30:00+00:00",0,7.5,27.048,65.12
11,"2024-11-19 08:00:00+00:00",0,8,30.0405,65.12
11,"2024-11-19 08:30:00+00:00",0,8.5,29.9985,65.12
11,"2024-11-19 09:00:00+00:00",0,9,29.946,65.12
11,"2024-11-19 09:30:00+00:00",0,9.5,30.0825,65.12
11,"2024-11-19 10:00:00+00:00",0,10,29.4105,65.12
11,"2024-11-19 10:30:00+00:00",0,10.5,29.463,65.12
11,"2024-11-19 11:00:00+00:00",0,11,28.497,65.12
11,"2024-11-19 11:30:00+00:00",0,11.5,28.329,65.12
11,"2024-11-19 12:00:00+00:00",0,12,27.7725,65.12
11,"2024-11-19 12:30:00+00:00",0,12.5,27.0795,65.12
11,"2024-11-19 13:00:00+00:00",0,13,27.048,65.12
11,"2024-11-19 13:30:00+00:00",0,13.5,26.271,65.12
11,"2024-11-19 14:00:00+00:00",0,14,26.3235,65.12
11,"2024-11-19 14:30:00+00:00",0,14.5,25.3785,65.12
11,"2024-11-19 15:00:00+00:00",0,15,27.006,65.12
11,"2024-11-19 15:30:00+00:00",0,15.5,27.531,65.12
11,"2024-11-19 16:00:00+00:00",0,16,36.2775,65.12
11,"2024-11-19 16:30:00+00:00",0,16.5,41.496,65.12
11,"2024-11-19 17:00:00+00:00",0,17,36.9075,65.12
11,"2024-11-19 17:30:00+00:00",0,17.5,39.438,65.12
11,"2024-11-19 18:00:00+00:00",0,18,39.3435,65.12
11,"2024-11-19 18:30:00+00:00",0,18.5,35.7,65.12
11,"2024-11-19 19:00:00+00:00",0,19,25.599,65.12
11,"2024-11-19 19:30:00+00:00",0,19.5,24.15,65.12
11,"2024-11-19 20:00:00+00:00",0,20,24.8745,65.12
11,"2024-11-19 20:30:00+00:00",0,20.5,23.9085,65.12
11,"2024-11-19 21:00:00+00:00",0,21,24.108,65.12
11,"2024-11-19 21:30:00+00:00",0,21.5,22.449,65.12
11,"2024-11-19 22:00:00+00:00",0,22,24.15,65.12
11,"2024-11-19 22:30:00+00:00",0,22.5,20.055,65.12
11,"2024-11-19 23:00:00+00:00",0,23,24.15,65.12
11,"2024-11-19 23:30:00+00:00",0,23.5,19.803,65.12
11,"2024-11-20 00:00:00+00:00",0,0,15.939,65.12
11,"2024-11-20 00:30:00+00:00",0,0.5,21.735,65.12
11,"2024-11-20 01:00:00+00:00",0,1,18.186,65.12
11,"2024-11-20 01:30:00+00:00",0,1.5,17.031,65.12
11,"2024-11-20 02:00:00+00:00",0,2,18.186,65.12
11,"2024-11-20 02:30:00+00:00",0,2.5,16.9995,65.12
11,"2024-11-20 03:00:00+00:00",0,3,19.0785,65.12
11,"2024-11-20 03:30:00+00:00",0,3.5,18.1125,65.12
11,"2024-11-20 04:00:00+00:00",0,4,19.803,65.12
11,"2024-11-20 04:30:00+00:00",0,4.5,18.186,65.12
11,"2024-11-20 05:00:00+00:00",0,5,20.5275,65.12
11,"2024-11-20 05:30:00+00:00",0,5.5,20.3175,65.12
11,"2024-11-20 06:00:00+00:00",0,6,26.0295,65.12
11,"2024-11-20 06:30:00+00:00",0,6.5,25.809,65.12
11,"2024-11-20 07:00:00+00:00",0,7,26.565,65.12
11,"2024-11-20 07:30:00+00:00",0,7.5,29.2215,65.12
11,"2024-11-20 08:00:00+00:00",0,8,28.2555,65.12
11,"2024-11-20 08:30:00+00:00",0,8.5,28.497,65.12
11,"2024-11-20 09:00:00+00:00",0,9,26.544,65.12
11,"2024-11-20 09:30:00+00:00",0,9.5,25.8405,65.12
11,"2024-11-20 10:00:00+00:00",0,10,23.667,65.12
11,"2024-11-20 10:30:00+00:00",0,10.5,22.4595,65.12
11,"2024-11-20 11:00:00+00:00",0,11,20.5275,65.12
11,"2024-11-20 11:30:00+00:00",0,11.5,20.5065,65.12
11,"2024-11-20 12:00:00+00:00",0,12,21.1785,65.12
11,"2024-11-20 12:30:00+00:00",0,12.5,21.7875,65.12
11,"2024-11-20 13:00:00+00:00",0,13,22.7535,65.12
11,"2024-11-20 13:30:00+00:00",0,13.5,22.2915,65.12
11,"2024-11-20 14:00:00+00:00",0,14,25.095,65.12
11,"2024-11-20 14:30:00+00:00",0,14.5,25.095,65.12
11,"2024-11-20 15:00:00+00:00",0,15,25.599,65.12
11,"2024-11-20 15:30:00+00:00",0,15.5,28.98,65.12
11,"2024-11-20 16:00:00+00:00",0,16,38.115,65.12
11,"2024-11-20 16:30:00+00:00",0,16.5,41.5905,65.12
11,"2024-11-20 17:00:00+00:00",0,17,38.9865,65.12
11,"2024-11-20 17:30:00+00:00",0,17.5,40.53,65.12
11,"2024-11-20 18:00:00+00:00",0,18,41.5905,65.12
11,"2024-11-20 18:30:00+00:00",0,18.5,41.013,65.12
11,"2024-11-20 19:00:00+00:00",0,19,29.1585,65.12
11,"2024-11-20 19:30:00+00:00",0,19.5,27.7725,65.12
11,"2024-11-20 20:00:00+00:00",0,20,26.082,65.12
11,"2024-11-20 20:30:00+00:00",0,20.5,26.565,65.12
11,"2024-11-20 21:00:00+00:00",0,21,24.948,65.12
11,"2024-11-20 21:30:00+00:00",0,21.5,24.8535,65.12
11,"2024-11-20 22:00:00+00:00",0,22,23.7615,65.12
11,"2024-11-20 22:30:00+00:00",0,22.5,20.58,65.12
11,"2024-11-20 23:00:00+00:00",0,23,25.116,65.12
11,"2024-11-20 23:30:00+00:00",0,23.5,21.8085,65.12
11,"2024-11-21 00:00:00+00:00",0,0,21.252,65.12
11,"2024-11-21 00:30:00+00:00",0,0.5,24.3915,65.12
11,"2024-11-21 01:00:00+00:00",0,1,22.701,65.12
11,"2024-11-21 01:30:00+00:00",0,1.5,21.735,65.12
11,"2024-11-21 02:00:00+00:00",0,2,21.735,65.12
11,"2024-11-21 02:30:00+00:00",0,2.5,21.252,65.12
11,"2024-11-21 03:00:00+00:00",0,3,21.315,65.12
11,"2024-11-21 03:30:00+00:00",0,3.5,21.189,65.12
11,"2024-11-21 04:00:00+00:00",0,4,21.0105,65.12
11,"2024-11-21 04:30:00+00:00",0,4.5,20.622,65.12
11,"2024-11-21 05:00:00+00:00",0,5,23.4255,65.12
11,"2024-11-21 05:30:00+00:00",0,5.5,21.6405,65.12
11,"2024-11-21 06:00:00+00:00",0,6,25.116,65.12
11,"2024-11-21 06:30:00+00:00",0,6.5,24.9165,65.12
11,"2024-11-21 07:00:00+00:00",0,7,26.964,65.12
11,"2024-11-21 07:30:00+00:00",0,7.5,28.7385,65.12
11,"2024-11-21 08:00:00+00:00",0,8,27.7725,65.12
11,"2024-11-21 08:30:00+00:00",0,8.5,28.2555,65.12
11,"2024-11-21 09:00:00+00:00",0,9,26.6595,65.12
11,"2024-11-21 09:30:00+00:00",0,9.5,26.439,65.12
11,"2024-11-21 10:00:00+00:00",0,10,26.082,65.12
11,"2024-11-21 10:30:00+00:00",0,10.5,24.8325,65.12
11,"2024-11-21 11:00:00+00:00",0,11,25.3575,65.12
11,"2024-11-21 11:30:00+00:00",0,11.5,24.633,65.12
11,"2024-11-21 12:00:00+00:00",0,12,26.418,65.12
11,"2024-11-21 12:30:00+00:00",0,12.5,25.8615,65.12
11,"2024-11-21 13:00:00+00:00",0,13,26.6595,65.12
11,"2024-11-21 13:30:00+00:00",0,13.5,25.767,65.12
11,"2024-11-21 14:00:00+00:00",0,14,27.993,65.12
11,"2024-11-21 14:30:00+00:00",0,14.5,27.8985,65.12
11,"2024-11-21 15:00:00+00:00",0,15,27.9405,65.12
11,"2024-11-21 15:30:00+00:00",0,15.5,29.169,65.12
11,"2024-11-21 16:00:00+00:00",0,16,39.8055,65.12
11,"2024-11-21 16:30:00+00:00",0,16.5,41.013,65.12
11,"2024-11-21 17:00:00+00:00",0,17,39.69,65.12
11,"2024-11-21 17:30:00+00:00",0,17.5,39.858,65.12
11,"2024-11-21 18:00:00+00:00",0,18,39.564,65.12
11,"2024-11-21 18:30:00+00:00",0,18.5,38.598,65.12
11,"2024-11-21 19:00:00+00:00",0,19,25.41,65.12
11,"2024-11-21 19:30:00+00:00",0,19.5,23.5515,65.12
11,"2024-11-21 20:00:00+00:00",0,20,24.15,65.12
11,"2024-11-21 20:30:00+00:00",0,20.5,24.171,65.12
11,"2024-11-21 21:00:00+00:00",0,21,24.633,65.12
11,"2024-11-21 21:30:00+00:00",0,21.5,24.045,65.12
11,"2024-11-21 22:00:00+00:00",0,22,22.7745,65.12
11,"2024-11-21 22:30:00+00:00",0,22.5,21.1575,65.12
11,"2024-11-21 23:00:00+00:00",0,23,23.142,65.12
11,"2024-11-21 23:30:00+00:00",0,23.5,22.512,65.12
11,"2024-11-22 00:00:00+00:00",0,0,16.905,65.12
11,"2024-11-22 00:30:00+00:00",0,0.5,22.218,65.12
11,"2024-11-22 01:00:00+00:00",0,1,20.097,65.12
11,"2024-11-22 01:30:00+00:00",0,1.5,17.388,65.12
11,"2024-11-22 02:00:00+00:00",0,2,18.0915,65.12
11,"2024-11-22 02:30:00+00:00",0,2.5,16.317,65.12
11,"2024-11-22 03:00:00+00:00",0,3,17.388,65.12
11,"2024-11-22 03:30:00+00:00",0,3.5,17.514,65.12
11,"2024-11-22 04:00:00+00:00",0,4,20.412,65.12
11,"2024-11-22 04:30:00+00:00",0,4.5,19.971,65.12
11,"2024-11-22 05:00:00+00:00",0,5,22.701,65.12
11,"2024-11-22 05:30:00+00:00",0,5.5,22.218,65.12
11,"2024-11-22 06:00:00+00:00",0,6,25.977,65.12
11,"2024-11-22 06:30:00+00:00",0,6.5,24.759,65.12
11,"2024-11-22 07:00:00+00:00",0,7,27.1005,65.12
11,"2024-11-22 07:30:00+00:00",0,7.5,30.912,65.12
11,"2024-11-22 08:00:00+00:00",0,8,30.135,65.12
11,"2024-11-22 08:30:00+00:00",0,8.5,29.946,65.12
11,"2024-11-22 09:00:00+00:00",0,9,28.2765,65.12
11,"2024-11-22 09:30:00+00:00",0,9.5,27.069,65.12
11,"2024-11-22 10:00:00+00:00",0,10,26.208,65.12
11,"2024-11-22 10:30:00+00:00",0,10.5,24.15,65.12
11,"2024-11-22 11:00:00+00:00",0,11,21.63,65.12
11,"2024-11-22 11:30:00+00:00",0,11.5,22.218,65.12
11,"2024-11-22 12:00:00+00:00",0,12,24.2025,65.12
11,"2024-11-22 12:30:00+00:00",0,12.5,24.885,65.12
11,"2024-11-22 13:00:00+00:00",0,13,25.1685,65.12
11,"2024-11-22 13:30:00+00:00",0,13.5,25.1895,65.12
11,"2024-11-22 14:00:00+00:00",0,14,27.048,65.12
11,"2024-11-22 14:30:00+00:00",0,14.5,26.628,65.12
11,"2024-11-22 15:00:00+00:00",0,15,25.095,65.12
11,"2024-11-22 15:30:00+00:00",0,15.5,26.6595,65.12
11,"2024-11-22 16:00:00+00:00",0,16,40.0995,65.12
11,"2024-11-22 16:30:00+00:00",0,16.5,47.418,65.12
11,"2024-11-22 17:00:00+00:00",0,17,43.47,65.12
11,"2024-11-22 17:30:00+00:00",0,17.5,45.36,65.12
11,"2024-11-22 18:00:00+00:00",0,18,43.6905,65.12
11,"2024-11-22 18:30:00+00:00",0,18.5,39.102,65.12
11,"2024-11-22 19:00:00+00:00",0,19,32.6025,65.12
11,"2024-11-22 19:30:00+00:00",0,19.5,31.395,65.12
11,"2024-11-22 20:00:00+00:00",0,20,27.7725,65.12
11,"2024-11-22 20:30:00+00:00",0,20.5,24.528,65.12
11,"2024-11-22 21:00:00+00:00",0,21,26.124,65.12
11,"2024-11-22 21:30:00+00:00",0,21.5,24.7275,65.12
11,"2024-11-22 22:00:00+00:00",0,22,26.082,65.12
11,"2024-11-22 22:30:00+00:00",0,22.5,23.7825,65.12
11,"2024-11-22 23:00:00+00:00",0,23,27.2475,65.12
11,"2024-11-22 23:30:00+00:00",0,23.5,24.2445,65.12
11,"2024-11-23 00:00:00+00:00",1,0,22.7325,65.12
11,"2024-11-23 00:30:00+00:00",1,0.5,27.237,65.12
11,"2024-11-23 01:00:00+00:00",1,1,25.5045,65.12
11,"2024-11-23 01:30:00+00:00",1,1.5,21.4935,65.12
11,"2024-11-23 02:00:00+00:00",1,2,22.4595,65.12
11,"2024-11-23 02:30:00+00:00",1,2.5,18.627,65.12
11,"2024-11-23 03:00:00+00:00",1,3,23.667,65.12
11,"2024-11-23 03:30:00+00:00",1,3.5,22.7325,65.12
11,"2024-11-23 04:00:00+00:00",1,4,20.0445,65.12
11,"2024-11-23 04:30:00+00:00",1,4.5,13.881,65.12
11,"2024-11-23 05:00:00+00:00",1,5,17.1045,65.12
11,"2024-11-23 05:30:00+00:00",1,5.5,16.905,65.12
11,"2024-11-23 06:00:00+00:00",1,6,17.6505,65.12
11,"2024-11-23 06:30:00+00:00",1,6.5,17.1045,65.12
11,"2024-11-23 07:00:00+00:00",1,7,17.1045,65.12
11,"2024-11-23 07:30:00+00:00",1,7.5,18.627,65.12
11,"2024-11-23 08:00:00+00:00",1,8,17.1045,65.12
11,"2024-11-23 08:30:00+00:00",1,8.5,18.627,65.12
11,"2024-11-23 09:00:00+00:00",1,9,17.1045,65.12
11,"2024-11-23 09:30:00+00:00",1,9.5,18.837,65.12
11,"2024-11-23 10:00:00+00:00",1,10,19.8555,65.12
11,"2024-11-23 10:30:00+00:00",1,10.5,20.286,65.12
11,"2024-11-23 11:00:00+00:00",1,11,21.735,65.12
11,"2024-11-23 11:30:00+00:00",1,11.5,22.407,65.12
11,"2024-11-23 12:00:00+00:00",1,12,24.15,65.12
11,"2024-11-23 12:30:00+00:00",1,12.5,26.565,65.12
11,"2024-11-23 13:00:00+00:00",1,13,24.6225,65.12
11,"2024-11-23 13:30:00+00:00",1,13.5,22.827,65.12
11,"2024-11-23 14:00:00+00:00",1,14,25.242,65.12
11,"2024-11-23 14:30:00+00:00",1,14.5,23.9085,65.12
11,"2024-11-23 15:00:00+00:00",1,15,23.4255,65.12
11,"2024-11-23 15:30:00+00:00",1,15.5,24.8535,65.12
11,"2024-11-23 16:00:00+00:00",1,16,37.632,65.12
11,"2024-11-23 16:30:00+00:00",1,16.5,41.496,65.12
11,"2024-11-23 17:00:00+00:00",1,17,41.2755,65.12
11,"2024-11-23 17:30:00+00:00",1,17.5,41.349,65.12
11,"2024-11-23 18:00:00+00:00",1,18,41.496,65.12
11,"2024-11-23 18:30:00+00:00",1,18.5,38.283,65.12
11,"2024-11-23 19:00:00+00:00",1,19,25.0215,65.12
11,"2024-11-23 19:30:00+00:00",1,19.5,23.667,65.12
11,"2024-11-23 20:00:00+00:00",1,20,25.116,65.12
11,"2024-11-23 20:30:00+00:00",1,20.5,20.16,65.12
11,"2024-11-23 21:00:00+00:00",1,21,19.2465,65.12
11,"2024-11-23 21:30:00+00:00",1,21.5,4.347,65.12
11,"2024-11-23 22:00:00+00:00",1,22,3.6225,65.12
11,"2024-11-23 22:30:00+00:00",1,22.5,-4.347,65.12
11,"2024-11-23 23:00:00+00:00",1,23,5.481,65.12
11,"2024-11-23 23:30:00+00:00",1,23.5,-0.2415,65.12
11,"2024-11-24 00:00:00+00:00",1,0,-0.021,65.12
11,"2024-11-24 00:30:00+00:00",1,0.5,0.357,65.12
11,"2024-11-24 01:00:00+00:00",1,1,-1.449,65.12
11,"2024-11-24 01:30:00+00:00",1,1.5,-2.436,65.12
11,"2024-11-24 02:00:00+00:00",1,2,-1.449,65.12
11,"2024-11-24 02:30:00+00:00",1,2.5,-2.415,65.12
11,"2024-11-24 03:00:00+00:00",1,3,-1.806,65.12
11,"2024-11-24 03:30:00+00:00",1,3.5,-2.814,65.12
11,"2024-11-24 04:00:00+00:00",1,4,-0.2835,65.12
11,"2024-11-24 04:30:00+00:00",1,4.5,-1.449,65.12
11,"2024-11-24 05:00:00+00:00",1,5,-1.008,65.12
11,"2024-11-24 05:30:00+00:00",1,5.5,-0.84,65.12
11,"2024-11-24 06:00:00+00:00",1,6,-1.449,65.12
11,"2024-11-24 06:30:00+00:00",1,6.5,0,65.12
11,"2024-11-24 07:00:00+00:00",1,7,-1.449,65.12
11,"2024-11-24 07:30:00+00:00",1,7.5,0.2415,65.12
11,"2024-11-24 08:00:00+00:00",1,8,-2.772,65.12
11,"2024-11-24 08:30:00+00:00",1,8.5,0.7245,65.12
11,"2024-11-24 09:00:00+00:00",1,9,-1.449,65.12
11,"2024-11-24 09:30:00+00:00",1,9.5,1.2075,65.12
11,"2024-11-24 10:00:00+00:00",1,10,4.641,65.12
11,"2024-11-24 10:30:00+00:00",1,10.5,6.0165,65.12
11,"2024-11-24 11:00:00+00:00",1,11,4.599,65.12
11,"2024-11-24 11:30:00+00:00",1,11.5,5.628,65.12
11,"2024-11-24 12:00:00+00:00",1,12,4.83,65.12
11,"2024-11-24 12:30:00+00:00",1,12.5,8.0325,65.12
11,"2024-11-24 13:00:00+00:00",1,13,7.9695,65.12
11,"2024-11-24 13:30:00+00:00",1,13.5,7.728,65.12
11,"2024-11-24 14:00:00+00:00",1,14,12.243,65.12
11,"2024-11-24 14:30:00+00:00",1,14.5,12.243,65.12
11,"2024-11-24 15:00:00+00:00",1,15,12.7995,65.12
11,"2024-11-24 15:30:00+00:00",1,15.5,16.6635,65.12
11,"2024-11-24 16:00:00+00:00",1,16,31.71,65.12
11,"2024-11-24 16:30:00+00:00",1,16.5,36.498,65.12
11,"2024-11-24 17:00:00+00:00",1,17,36.183,65.12
11,"2024-11-24 17:30:00+00:00",1,17.5,36.498,65.12
11,"2024-11-24 18:00:00+00:00",1,18,34.3245,65.12
11,"2024-11-24 18:30:00+00:00",1,18.5,30.03,65.12
11,"2024-11-24 19:00:00+00:00",1,19,17.4825,65.12
11,"2024-11-24 19:30:00+00:00",1,19.5,11.6865,65.12
11,"2024-11-24 20:00:00+00:00",1,20,7.728,65.12
11,"2024-11-24 20:30:00+00:00",1,20.5,2.4465,65.12
11,"2024-11-24 21:00:00+00:00",1,21,4.3785,65.12
11,"2024-11-24 21:30:00+00:00",1,21.5,0.7245,65.12
11,"2024-11-24 22:00:00+00:00",1,22,1.323,65.12
11,"2024-11-24 22:30:00+00:00",1,22.5,-1.449,65.12
11,"2024-11-24 23:00:00+00:00",1,23,3.6015,65.12
11,"2024-11-24 23:30:00+00:00",1,23.5,1.2075,65.12
11,"2024-11-25 00:00:00+00:00",0,0,-0.483,65.12
11,"2024-11-25 00:30:00+00:00",0,0.5,1.2285,65.12
11,"2024-11-25 01:00:00+00:00",0,1,-0.3885,65.12
11,"2024-11-25 01:30:00+00:00",0,1.5,-1.806,65.12
11,"2024-11-25 02:00:00+00:00",0,2,-2.1,65.12
11,"2024-11-25 02:30:00+00:00",0,2.5,-2.415,65.12
11,"2024-11-25 03:00:00+00:00",0,3,-1.6695,65.12
11,"2024-11-25 03:30:00+00:00",0,3.5,-1.1865,65.12
11,"2024-11-25 04:00:00+00:00",0,4,-0.0525,65.12
11,"2024-11-25 04:30:00+00:00",0,4.5,-0.0525,65.12
11,"2024-11-25 05:00:00+00:00",0,5,0,65.12
11,"2024-11-25 05:30:00+00:00",0,5.5,1.2075,65.12
11,"2024-11-25 06:00:00+00:00",0,6,4.83,65.12
11,"2024-11-25 06:30:00+00:00",0,6.5,12.726,65.12
11,"2024-11-25 07:00:00+00:00",0,7,15.1095,65.12
11,"2024-11-25 07:30:00+00:00",0,7.5,20.5065,65.12
11,"2024-11-25 08:00:00+00:00",0,8,20.307,65.12
11,"2024-11-25 08:30:00+00:00",0,8.5,19.4775,65.12
11,"2024-11-25 09:00:00+00:00",0,9,22.407,65.12
11,"2024-11-25 09:30:00+00:00",0,9.5,21.252,65.12
11,"2024-11-25 10:00:00+00:00",0,10,22.218,65.12
11,"2024-11-25 10:30:00+00:00",0,10.5,21.6195,65.12
11,"2024-11-25 11:00:00+00:00",0,11,21.252,65.12
11,"2024-11-25 11:30:00+00:00",0,11.5,21.3465,65.12
11,"2024-11-25 12:00:00+00:00",0,12,20.265,65.12
11,"2024-11-25 12:30:00+00:00",0,12.5,21.882,65.12
11,"2024-11-25 13:00:00+00:00",0,13,21.9765,65.12
11,"2024-11-25 13:30:00+00:00",0,13.5,22.071,65.12
11,"2024-11-25 14:00:00+00:00",0,14,22.9425,65.12
11,"2024-11-25 14:30:00+00:00",0,14.5,22.218,65.12
11,"2024-11-25 15:00:00+00:00",0,15,21.735,65.12
11,"2024-11-25 15:30:00+00:00",0,15.5,23.667,65.12
11,"2024-11-25 16:00:00+00:00",0,16,35.595,65.12
11,"2024-11-25 16:30:00+00:00",0,16.5,41.013,65.12
11,"2024-11-25 17:00:00+00:00",0,17,39.753,65.12
11,"2024-11-25 17:30:00+00:00",0,17.5,39.774,65.12
11,"2024-11-25 18:00:00+00:00",0,18,39.753,65.12
11,"2024-11-25 18:30:00+00:00",0,18.5,35.1645,65.12
11,"2024-11-25 19:00:00+00:00",0,19,24.927,65.12
11,"2024-11-25 19:30:00+00:00",0,19.5,20.1285,65.12
11,"2024-11-25 20:00:00+00:00",0,20,25.5045,65.12
11,"2024-11-25 20:30:00+00:00",0,20.5,23.7615,65.12
11,"2024-11-25 21:00:00+00:00",0,21,23.184,65.12
11,"2024-11-25 21:30:00+00:00",0,21.5,17.1465,65.12
11,"2024-11-25 22:00:00+00:00",0,22,18.9315,65.12
11,"2024-11-25 22:30:00+00:00",0,22.5,10.8675,65.12
11,"2024-11-25 23:00:00+00:00",0,23,21.42,65.12
11,"2024-11-25 23:30:00+00:00",0,23.5,17.1675,65.12
11,"2024-11-26 00:00:00+00:00",0,0,16.233,65.12
11,"2024-11-26 00:30:00+00:00",0,0.5,22.701,65.12
11,"2024-11-26 01:00:00+00:00",0,1,17.1465,65.12
11,"2024-11-26 01:30:00+00:00",0,1.5,14.973,65.12
11,"2024-11-26 02:00:00+00:00",0,2,17.388,65.12
11,"2024-11-26 02:30:00+00:00",0,2.5,16.6635,65.12
11,"2024-11-26 03:00:00+00:00",0,3,17.1675,65.12
11,"2024-11-26 03:30:00+00:00",0,3.5,18.5955,65.12
11,"2024-11-26 04:00:00+00:00",0,4,19.551,65.12
11,"2024-11-26 04:30:00+00:00",0,4.5,18.5955,65.12
11,"2024-11-26 05:00:00+00:00",0,5,21.735,65.12
11,"2024-11-26 05:30:00+00:00",0,5.5,22.0395,65.12
11,"2024-11-26 06:00:00+00:00",0,6,26.565,65.12
11,"2024-11-26 06:30:00+00:00",0,6.5,24.297,65.12
11,"2024-11-26 07:00:00+00:00",0,7,25.3575,65.12
11,"2024-11-26 07:30:00+00:00",0,7.5,27.6465,65.12
11,"2024-11-26 08:00:00+00:00",0,8,26.565,65.12
11,"2024-11-26 08:30:00+00:00",0,8.5,26.565,65.12
11,"2024-11-26 09:00:00+00:00",0,9,26.9745,65.12
11,"2024-11-26 09:30:00+00:00",0,9.5,25.3575,65.12
11,"2024-11-26 10:00:00+00:00",0,10,24.3915,65.12
11,"2024-11-26 10:30:00+00:00",0,10.5,23.667,65.12
11,"2024-11-26 11:00:00+00:00",0,11,24.6015,65.12
11,"2024-11-26 11:30:00+00:00",0,11.5,24.15,65.12
11,"2024-11-26 12:00:00+00:00",0,12,24.15,65.12
11,"2024-11-26 12:30:00+00:00",0,12.5,23.961,65.12
11,"2024-11-26 13:00:00+00:00",0,13,24.8745,65.12
11,"2024-11-26 13:30:00+00:00",0,13.5,25.9245,65.12
11,"2024-11-26 14:00:00+00:00",0,14,26.7645,65.12
11,"2024-11-26 14:30:00+00:00",0,14.5,27.489,65.12
11,"2024-11-26 15:00:00+00:00",0,15,26.6595,65.12
11,"2024-11-26 15:30:00+00:00",0,15.5,33.621,65.12
11,"2024-11-26 16:00:00+00:00",0,16,42.5355,65.12
11,"2024-11-26 16:30:00+00:00",0,16.5,56.2275,65.12
11,"2024-11-26 17:00:00+00:00",0,17,48.741,65.12
11,"2024-11-26 17:30:00+00:00",0,17.5,48.741,65.12
11,"2024-11-26 18:00:00+00:00",0,18,53.8125,65.12
11,"2024-11-26 18:30:00+00:00",0,18.5,48.258,65.12
11,"2024-11-26 19:00:00+00:00",0,19,35.3325,65.12
11,"2024-11-26 19:30:00+00:00",0,19.5,33.81,65.12
11,"2024-11-26 20:00:00+00:00",0,20,32.6025,65.12
11,"2024-11-26 20:30:00+00:00",0,20.5,29.4105,65.12
11,"2024-11-26 21:00:00+00:00",0,21,28.035,65.12
11,"2024-11-26 21:30:00+00:00",0,21.5,23.961,65.12
11,"2024-11-26 22:00:00+00:00",0,22,25.683,65.12
11,"2024-11-26 22:30:00+00:00",0,22.5,25.767,65.12
11,"2024-11-26 23:00:00+00:00",0,23,26.3235,65.12
11,"2024-11-26 23:30:00+00:00",0,23.5,22.7955,65.12
11,"2024-11-27 00:00:00+00:00",0,0,24.15,65.12
11,"2024-11-27 00:30:00+00:00",0,0.5,27.09,65.12
11,"2024-11-27 01:00:00+00:00",0,1,24.381,65.12
11,"2024-11-27 01:30:00+00:00",0,1.5,21.9765,65.12
11,"2024-11-27 02:00:00+00:00",0,2,21.735,65.12
11,"2024-11-27 02:30:00+00:00",0,2.5,21.735,65.12
11,"2024-11-27 03:00:00+00:00",0,3,21.735,65.12
11,"2024-11-27 03:30:00+00:00",0,3.5,21.4935,65.12
11,"2024-11-27 04:00:00+00:00",0,4,23.121,65.12
11,"2024-11-27 04:30:00+00:00",0,4.5,20.643,65.12
11,"2024-11-27 05:00:00+00:00",0,5,21.819,65.12
11,"2024-11-27 05:30:00+00:00",0,5.5,21.735,65.12
11,"2024-11-27 06:00:00+00:00",0,6,24.6015,65.12
11,"2024-11-27 06:30:00+00:00",0,6.5,25.599,65.12
11,"2024-11-27 07:00:00+00:00",0,7,25.116,65.12
11,"2024-11-27 07:30:00+00:00",0,7.5,30.1875,65.12
11,"2024-11-27 08:00:00+00:00",0,8,28.497,65.12
11,"2024-11-27 08:30:00+00:00",0,8.5,27.048,65.12
11,"2024-11-27 09:00:00+00:00",0,9,29.2215,65.12
11,"2024-11-27 09:30:00+00:00",0,9.5,29.4525,65.12
11,"2024-11-27 10:00:00+00:00",0,10,28.98,65.12
11,"2024-11-27 10:30:00+00:00",0,10.5,28.98,65.12
11,"2024-11-27 11:00:00+00:00",0,11,28.7385,65.12
11,"2024-11-27 11:30:00+00:00",0,11.5,28.2555,65.12
11,"2024-11-27 12:00:00+00:00",0,12,26.061,65.12
11,"2024-11-27 12:30:00+00:00",0,12.5,27.825,65.12
11,"2024-11-27 13:00:00+00:00",0,13,23.5935,65.12
11,"2024-11-27 13:30:00+00:00",0,13.5,26.9535,65.12
11,"2024-11-27 14:00:00+00:00",0,14,24.675,65.12
11,"2024-11-27 14:30:00+00:00",0,14.5,26.208,65.12
11,"2024-11-27 15:00:00+00:00",0,15,23.184,65.12
11,"2024-11-27 15:30:00+00:00",0,15.5,27.6255,65.12
11,"2024-11-27 16:00:00+00:00",0,16,39.228,65.12
11,"2024-11-27 16:30:00+00:00",0,16.5,41.496,65.12
11,"2024-11-27 17:00:00+00:00",0,17,38.2095,65.12
11,"2024-11-27 17:30:00+00:00",0,17.5,39.753,65.12
11,"2024-11-27 18:00:00+00:00",0,18,40.53,65.12
11,"2024-11-27 18:30:00+00:00",0,18.5,38.7135,65.12
11,"2024-11-27 19:00:00+00:00",0,19,27.993,65.12
11,"2024-11-27 19:30:00+00:00",0,19.5,26.061,65.12
11,"2024-11-27 20:00:00+00:00",0,20,27.531,65.12
11,"2024-11-27 20:30:00+00:00",0,20.5,25.6725,65.12
11,"2024-11-27 21:00:00+00:00",0,21,26.439,65.12
11,"2024-11-27 21:30:00+00:00",0,21.5,23.667,65.12
11,"2024-11-27 22:00:00+00:00",0,22,23.1525,65.12
11,"2024-11-27 22:30:00+00:00",0,22.5,20.7585,65.12
11,"2024-11-27 23:00:00+00:00",0,23,24.15,65.12
11,"2024-11-27 23:30:00+00:00",0,23.5,22.9215,65.12
11,"2024-11-28 00:00:00+00:00",0,0,22.113,65.12
11,"2024-11-28 00:30:00+00:00",0,0.5,27.1425,65.12
11,"2024-11-28 01:00:00+00:00",0,1,24.066,65.12
11,"2024-11-28 01:30:00+00:00",0,1.5,21.861,65.12
11,"2024-11-28 02:00:00+00:00",0,2,23.5725,65.12
11,"2024-11-28 02:30:00+00:00",0,2.5,22.512,65.12
11,"2024-11-28 03:00:00+00:00",0,3,22.218,65.12
11,"2024-11-28 03:30:00+00:00",0,3.5,22.218,65.12
11,"2024-11-28 04:00:00+00:00",0,4,21.861,65.12
11,"2024-11-28 04:30:00+00:00",0,4.5,21.861,65.12
11,"2024-11-28 05:00:00+00:00",0,5,22.092,65.12
11,"2024-11-28 05:30:00+00:00",0,5.5,21.861,65.12
11,"2024-11-28 06:00:00+00:00",0,6,25.116,65.12
11,"2024-11-28 06:30:00+00:00",0,6.5,25.5675,65.12
11,"2024-11-28 07:00:00+00:00",0,7,27.195,65.12
11,"2024-11-28 07:30:00+00:00",0,7.5,30.135,65.12
11,"2024-11-28 08:00:00+00:00",0,8,30.6705,65.12
11,"2024-11-28 08:30:00+00:00",0,8.5,30.5235,65.12
11,"2024-11-28 09:00:00+00:00",0,9,30.912,65.12
11,"2024-11-28 09:30:00+00:00",0,9.5,28.98,65.12
11,"2024-11-28 10:00:00+00:00",0,10,28.077,65.12
11,"2024-11-28 10:30:00+00:00",0,10.5,27.048,65.12
11,"2024-11-28 11:00:00+00:00",0,11,25.179,65.12
11,"2024-11-28 11:30:00+00:00",0,11.5,25.179,65.12
11,"2024-11-28 12:00:00+00:00",0,12,23.667,65.12
11,"2024-11-28 12:30:00+00:00",0,12.5,23.0685,65.12
11,"2024-11-28 13:00:00+00:00",0,13,23.0895,65.12
11,"2024-11-28 13:30:00+00:00",0,13.5,22.1445,65.12
11,"2024-11-28 14:00:00+00:00",0,14,22.9425,65.12
11,"2024-11-28 14:30:00+00:00",0,14.5,22.701,65.12
11,"2024-11-28 15:00:00+00:00",0,15,26.082,65.12
11,"2024-11-28 15:30:00+00:00",0,15.5,28.497,65.12
11,"2024-11-28 16:00:00+00:00",0,16,40.383,65.12
11,"2024-11-28 16:30:00+00:00",0,16.5,42.4095,65.12
11,"2024-11-28 17:00:00+00:00",0,17,43.239,65.12
11,"2024-11-28 17:30:00+00:00",0,17.5,42.7035,65.12
11,"2024-11-28 18:00:00+00:00",0,18,42.7245,65.12
11,"2024-11-28 18:30:00+00:00",0,18.5,40.6035,65.12
11,"2024-11-28 19:00:00+00:00",0,19,28.497,65.12
11,"2024-11-28 19:30:00+00:00",0,19.5,27.1005,65.12
11,"2024-11-28 20:00:00+00:00",0,20,28.161,65.12
11,"2024-11-28 20:30:00+00:00",0,20.5,25.284,65.12
11,"2024-11-28 21:00:00+00:00",0,21,26.1345,65.12
11,"2024-11-28 21:30:00+00:00",0,21.5,24.15,65.12
11,"2024-11-28 22:00:00+00:00",0,22,24.15,65.12
11,"2024-11-28 22:30:00+00:00",0,22.5,21.252,65.12
11,"2024-11-28 23:00:00+00:00",0,23,22.9425,65.12
11,"2024-11-28 23:30:00+00:00",0,23.5,23.4255,65.12
11,"2024-11-29 00:00:00+00:00",0,0,21.9765,65.12
11,"2024-11-29 00:30:00+00:00",0,0.5,22.701,65.12
11,"2024-11-29 01:00:00+00:00",0,1,22.491,65.12
11,"2024-11-29 01:30:00+00:00",0,1.5,20.769,65.12
11,"2024-11-29 02:00:00+00:00",0,2,22.1445,65.12
11,"2024-11-29 02:30:00+00:00",0,2.5,19.32,65.12
11,"2024-11-29 03:00:00+00:00",0,3,21.441,65.12
11,"2024-11-29 03:30:00+00:00",0,3.5,20.286,65.12
11,"2024-11-29 04:00:00+00:00",0,4,22.491,65.12
11,"2024-11-29 04:30:00+00:00",0,4.5,22.407,65.12
11,"2024-11-29 05:00:00+00:00",0,5,25.116,65.12
11,"2024-11-29 05:30:00+00:00",0,5.5,22.218,65.12
11,"2024-11-29 06:00:00+00:00",0,6,26.922,65.12
11,"2024-11-29 06:30:00+00:00",0,6.5,23.73,65.12
11,"2024-11-29 07:00:00+00:00",0,7,26.1975,65.12
11,"2024-11-29 07:30:00+00:00",0,7.5,28.98,65.12
11,"2024-11-29 08:00:00+00:00",0,8,28.5915,65.12
11,"2024-11-29 08:30:00+00:00",0,8.5,28.56,65.12
11,"2024-11-29 09:00:00+00:00",0,9,28.497,65.12
11,"2024-11-29 09:30:00+00:00",0,9.5,27.342,65.12
11,"2024-11-29 10:00:00+00:00",0,10,26.0085,65.12
11,"2024-11-29 10:30:00+00:00",0,10.5,24.171,65.12
11,"2024-11-29 11:00:00+00:00",0,11,23.184,65.12
11,"2024-11-29 11:30:00+00:00",0,11.5,22.9425,65.12
11,"2024-11-29 12:00:00+00:00",0,12,23.4675,65.12
11,"2024-11-29 12:30:00+00:00",0,12.5,23.184,65.12
11,"2024-11-29 13:00:00+00:00",0,13,23.184,65.12
11,"2024-11-29 13:30:00+00:00",0,13.5,22.491,65.12
11,"2024-11-29 14:00:00+00:00",0,14,23.4255,65.12
11,"2024-11-29 14:30:00+00:00",0,14.5,22.9425,65.12
11,"2024-11-29 15:00:00+00:00",0,15,24.8745,65.12
11,"2024-11-29 15:30:00+00:00",0,15.5,26.565,65.12
11,"2024-11-29 16:00:00+00:00",0,16,40.53,65.12
11,"2024-11-29 16:30:00+00:00",0,16.5,42.462,65.12
11,"2024-11-29 17:00:00+00:00",0,17,38.598,65.12
11,"2024-11-29 17:30:00+00:00",0,17.5,39.3225,65.12
11,"2024-11-29 18:00:00+00:00",0,18,39.564,65.12
11,"2024-11-29 18:30:00+00:00",0,18.5,36.7395,65.12
11,"2024-11-29 19:00:00+00:00",0,19,23.4255,65.12
11,"2024-11-29 19:30:00+00:00",0,19.5,26.3235,65.12
11,"2024-11-29 20:00:00+00:00",0,20,23.961,65.12
11,"2024-11-29 20:30:00+00:00",0,20.5,22.491,65.12
11,"2024-11-29 21:00:00+00:00",0,21,26.8065,65.12
11,"2024-11-29 21:30:00+00:00",0,21.5,24.15,65.12
11,"2024-11-29 22:00:00+00:00",0,22,22.491,65.12
11,"2024-11-29 22:30:00+00:00",0,22.5,21.441,65.12
11,"2024-11-29 23:00:00+00:00",0,23,20.5485,65.12
11,"2024-11-29 23:30:00+00:00",0,23.5,19.845,65.12
11,"2024-11-30 00:00:00+00:00",1,0,18.2805,65.12
11,"2024-11-30 00:30:00+00:00",1,0.5,21.294,65.12
11,"2024-11-30 01:00:00+00:00",1,1,18.795,65.12
11,"2024-11-30 01:30:00+00:00",1,1.5,17.6295,65.12
11,"2024-11-30 02:00:00+00:00",1,2,17.871,65.12
11,"2024-11-30 02:30:00+00:00",1,2.5,17.9655,65.12
11,"2024-11-30 03:00:00+00:00",1,3,18.1125,65.12
11,"2024-11-30 03:30:00+00:00",1,3.5,17.6295,65.12
11,"2024-11-30 04:00:00+00:00",1,4,18.5955,65.12
11,"2024-11-30 04:30:00+00:00",1,4.5,18.354,65.12
11,"2024-11-30 05:00:00+00:00",1,5,18.4485,65.12
11,"2024-11-30 05:30:00+00:00",1,5.5,18.7425,65.12
11,"2024-11-30 06:00:00+00:00",1,6,21.252,65.12
11,"2024-11-30 06:30:00+00:00",1,6.5,21.252,65.12
11,"2024-11-30 07:00:00+00:00",1,7,23.184,65.12
11,"2024-11-30 07:30:00+00:00",1,7.5,24.15,65.12
11,"2024-11-30 08:00:00+00:00",1,8,22.9215,65.12
11,"2024-11-30 08:30:00+00:00",1,8.5,24.4125,65.12
11,"2024-11-30 09:00:00+00:00",1,9,23.058,65.12
11,"2024-11-30 09:30:00+00:00",1,9.5,24.507,65.12
11,"2024-11-30 10:00:00+00:00",1,10,25.1265,65.12
11,"2024-11-30 10:30:00+00:00",1,10.5,25.1265,65.12
11,"2024-11-30 11:00:00+00:00",1,11,23.058,65.12
11,"2024-11-30 11:30:00+00:00",1,11.5,23.667,65.12
11,"2024-11-30 12:00:00+00:00",1,12,23.2365,65.12
11,"2024-11-30 12:30:00+00:00",1,12.5,23.9085,65.12
11,"2024-11-30 13:00:00+00:00",1,13,22.554,65.12
11,"2024-11-30 13:30:00+00:00",1,13.5,18.5955,65.12
11,"2024-11-30 14:00:00+00:00",1,14,23.4045,65.12
11,"2024-11-30 14:30:00+00:00",1,14.5,23.9085,65.12
11,"2024-11-30 15:00:00+00:00",1,15,24.927,65.12
11,"2024-11-30 15:30:00+00:00",1,15.5,25.9035,65.12
11,"2024-11-30 16:00:00+00:00",1,16,37.6845,65.12
11,"2024-11-30 16:30:00+00:00",1,16.5,39.984,65.12
11,"2024-11-30 17:00:00+00:00",1,17,39.753,65.12
11,"2024-11-30 17:30:00+00:00",1,17.5,39.3225,65.12
11,"2024-11-30 18:00:00+00:00",1,18,39.9525,65.12
11,"2024-11-30 18:30:00+00:00",1,18.5,36.666,65.12
11,"2024-11-30 19:00:00+00:00",1,19,25.3575,65.12
11,"2024-11-30 19:30:00+00:00",1,19.5,24.318,65.12
11,"2024-11-30 20:00:00+00:00",1,20,23.163,65.12
11,"2024-11-30 20:30:00+00:00",1,20.5,21.4725,65.12
11,"2024-11-30 21:00:00+00:00",1,21,22.218,65.12
11,"2024-11-30 21:30:00+00:00",1,21.5,21.798,65.12
11,"2024-11-30 22:00:00+00:00",1,22,21.252,65.12
11,"2024-11-30 22:30:00+00:00",1,22.5,17.703,65.12
11,"2024-11-30 23:00:00+00:00",1,23,23.4255,65.12
11,"2024-11-30 23:30:00+00:00",1,23.5,19.8345,65.12
12,"2024-12-01 00:00:00+00:00",1,0,13.524,65.12
12,"2024-12-01 00:30:00+00:00",1,0.5,20.3805,65.12
12,"2024-12-01 01:00:00+00:00",1,1,18.144,65.12
12,"2024-12-01 01:30:00+00:00",1,1.5,12.117,65.12
12,"2024-12-01 02:00:00+00:00",1,2,17.1465,65.12
12,"2024-12-01 02:30:00+00:00",1,2.5,12.201,65.12
12,"2024-12-01 03:00:00+00:00",1,3,14.7315,65.12
12,"2024-12-01 03:30:00+00:00",1,3.5,12.558,65.12
12,"2024-12-01 04:00:00+00:00",1,4,14.091,65.12
12,"2024-12-01 04:30:00+00:00",1,4.5,15.2775,65.12
12,"2024-12-01 05:00:00+00:00",1,5,16.107,65.12
12,"2024-12-01 05:30:00+00:00",1,5.5,16.107,65.12
12,"2024-12-01 06:00:00+00:00",1,6,17.955,65.12
12,"2024-12-01 06:30:00+00:00",1,6.5,20.8635,65.12
12,"2024-12-01 07:00:00+00:00",1,7,19.299,65.12
12,"2024-12-01 07:30:00+00:00",1,7.5,23.058,65.12
12,"2024-12-01 08:00:00+00:00",1,8,13.041,65.12
12,"2024-12-01 08:30:00+00:00",1,8.5,24.612,65.12
12,"2024-12-01 09:00:00+00:00",1,9,21.735,65.12
12,"2024-12-01 09:30:00+00:00",1,9.5,24.3705,65.12
12,"2024-12-01 10:00:00+00:00",1,10,23.3625,65.12
12,"2024-12-01 10:30:00+00:00",1,10.5,24.2865,65.12
12,"2024-12-01 11:00:00+00:00",1,11,24.339,65.12
12,"2024-12-01 11:30:00+00:00",1,11.5,25.116,65.12
12,"2024-12-01 12:00:00+00:00",1,12,23.793,65.12
12,"2024-12-01 12:30:00+00:00",1,12.5,25.473,65.12
12,"2024-12-01 13:00:00+00:00",1,13,23.646,65.12
12,"2024-12-01 13:30:00+00:00",1,13.5,24.633,65.12
12,"2024-12-01 14:00:00+00:00",1,14,25.3575,65.12
12,"2024-12-01 14:30:00+00:00",1,14.5,26.082,65.12
12,"2024-12-01 15:00:00+00:00",1,15,21.252,65.12
12,"2024-12-01 15:30:00+00:00",1,15.5,26.607,65.12
12,"2024-12-01 16:00:00+00:00",1,16,35.112,65.12
12,"2024-12-01 16:30:00+00:00",1,16.5,43.302,65.12
12,"2024-12-01 17:00:00+00:00",1,17,41.979,65.12
12,"2024-12-01 17:30:00+00:00",1,17.5,41.685,65.12
12,"2024-12-01 18:00:00+00:00",1,18,42.525,65.12
12,"2024-12-01 18:30:00+00:00",1,18.5,39.396,65.12
12,"2024-12-01 19:00:00+00:00",1,19,26.733,65.12
12,"2024-12-01 19:30:00+00:00",1,19.5,21.6405,65.12
12,"2024-12-01 20:00:00+00:00",1,20,23.7195,65.12
12,"2024-12-01 20:30:00+00:00",1,20.5,23.478,65.12
12,"2024-12-01 21:00:00+00:00",1,21,26.5755,65.12
12,"2024-12-01 21:30:00+00:00",1,21.5,23.184,65.12
12,"2024-12-01 22:00:00+00:00",1,22,22.8585,65.12
12,"2024-12-01 22:30:00+00:00",1,22.5,18.1965,65.12
12,"2024-12-01 23:00:00+00:00",1,23,20.769,65.12
12,"2024-12-01 23:30:00+00:00",1,23.5,14.49,65.12
12,"2024-12-02 00:00:00+00:00",0,0,12.075,65.12
12,"2024-12-02 00:30:00+00:00",0,0.5,16.926,65.12
12,"2024-12-02 01:00:00+00:00",0,1,15.0675,65.12
12,"2024-12-02 01:30:00+00:00",0,1.5,9.7125,65.12
12,"2024-12-02 02:00:00+00:00",0,2,11.592,65.12
12,"2024-12-02 02:30:00+00:00",0,2.5,8.1585,65.12
12,"2024-12-02 03:00:00+00:00",0,3,10.8675,65.12
12,"2024-12-02 03:30:00+00:00",0,3.5,8.568,65.12
12,"2024-12-02 04:00:00+00:00",0,4,15.666,65.12
12,"2024-12-02 04:30:00+00:00",0,4.5,13.2825,65.12
12,"2024-12-02 05:00:00+00:00",0,5,18.0915,65.12
12,"2024-12-02 05:30:00+00:00",0,5.5,22.701,65.12
12,"2024-12-02 06:00:00+00:00",0,6,26.4285,65.12
12,"2024-12-02 06:30:00+00:00",0,6.5,22.344,65.12
12,"2024-12-02 07:00:00+00:00",0,7,24.15,65.12
12,"2024-12-02 07:30:00+00:00",0,7.5,29.1795,65.12
12,"2024-12-02 08:00:00+00:00",0,8,23.6775,65.12
12,"2024-12-02 08:30:00+00:00",0,8.5,23.4255,65.12
12,"2024-12-02 09:00:00+00:00",0,9,24.6855,65.12
12,"2024-12-02 09:30:00+00:00",0,9.5,23.5305,65.12
12,"2024-12-02 10:00:00+00:00",0,10,23.163,65.12
12,"2024-12-02 10:30:00+00:00",0,10.5,23.709,65.12
12,"2024-12-02 11:00:00+00:00",0,11,22.6695,65.12
12,"2024-12-02 11:30:00+00:00",0,11.5,22.6695,65.12
12,"2024-12-02 12:00:00+00:00",0,12,24.276,65.12
12,"2024-12-02 12:30:00+00:00",0,12.5,24.8955,65.12
12,"2024-12-02 13:00:00+00:00",0,13,26.6595,65.12
12,"2024-12-02 13:30:00+00:00",0,13.5,24.339,65.12
12,"2024-12-02 14:00:00+00:00",0,14,26.565,65.12
12,"2024-12-02 14:30:00+00:00",0,14.5,24.948,65.12
12,"2024-12-02 15:00:00+00:00",0,15,24.276,65.12
12,"2024-12-02 15:30:00+00:00",0,15.5,29.946,65.12
12,"2024-12-02 16:00:00+00:00",0,16,35.7,65.12
12,"2024-12-02 16:30:00+00:00",0,16.5,44.7825,65.12
12,"2024-12-02 17:00:00+00:00",0,17,41.8635,65.12
12,"2024-12-02 17:30:00+00:00",0,17.5,42.2415,65.12
12,"2024-12-02 18:00:00+00:00",0,18,41.7375,65.12
12,"2024-12-02 18:30:00+00:00",0,18.5,36.4245,65.12
12,"2024-12-02 19:00:00+00:00",0,19,27.6255,65.12
12,"2024-12-02 19:30:00+00:00",0,19.5,24.15,65.12
12,"2024-12-02 20:00:00+00:00",0,20,25.893,65.12
12,"2024-12-02 20:30:00+00:00",0,20.5,24.402,65.12
12,"2024-12-02 21:00:00+00:00",0,21,26.271,65.12
12,"2024-12-02 21:30:00+00:00",0,21.5,24.1605,65.12
12,"2024-12-02 22:00:00+00:00",0,22,23.184,65.12
12,"2024-12-02 22:30:00+00:00",0,22.5,20.5275,65.12
12,"2024-12-02 23:00:00+00:00",0,23,21.9555,65.12
12,"2024-12-02 23:30:00+00:00",0,23.5,20.769,65.12
12,"2024-12-03 00:00:00+00:00",0,0,20.643,65.12
12,"2024-12-03 00:30:00+00:00",0,0.5,22.2705,65.12
12,"2024-12-03 01:00:00+00:00",0,1,21.462,65.12
12,"2024-12-03 01:30:00+00:00",0,1.5,21.462,65.12
12,"2024-12-03 02:00:00+00:00",0,2,22.218,65.12
12,"2024-12-03 02:30:00+00:00",0,2.5,22.218,65.12
12,"2024-12-03 03:00:00+00:00",0,3,21.714,65.12
12,"2024-12-03 03:30:00+00:00",0,3.5,20.0445,65.12
12,"2024-12-03 04:00:00+00:00",0,4,22.9425,65.12
12,"2024-12-03 04:30:00+00:00",0,4.5,21.4935,65.12
12,"2024-12-03 05:00:00+00:00",0,5,27.5835,65.12
12,"2024-12-03 05:30:00+00:00",0,5.5,24.15,65.12
12,"2024-12-03 06:00:00+00:00",0,6,26.334,65.12
12,"2024-12-03 06:30:00+00:00",0,6.5,27.7725,65.12
12,"2024-12-03 07:00:00+00:00",0,7,29.988,65.12
12,"2024-12-03 07:30:00+00:00",0,7.5,35.259,65.12
12,"2024-12-03 08:00:00+00:00",0,8,31.6365,65.12
12,"2024-12-03 08:30:00+00:00",0,8.5,31.4895,65.12
12,"2024-12-03 09:00:00+00:00",0,9,31.374,65.12
12,"2024-12-03 09:30:00+00:00",0,9.5,30.7335,65.12
12,"2024-12-03 10:00:00+00:00",0,10,28.854,65.12
12,"2024-12-03 10:30:00+00:00",0,10.5,27.846,65.12
12,"2024-12-03 11:00:00+00:00",0,11,28.6755,65.12
12,"2024-12-03 11:30:00+00:00",0,11.5,26.733,65.12
12,"2024-12-03 12:00:00+00:00",0,12,27.3105,65.12
12,"2024-12-03 12:30:00+00:00",0,12.5,27.048,65.12
12,"2024-12-03 13:00:00+00:00",0,13,30.9855,65.12
12,"2024-12-03 13:30:00+00:00",0,13.5,30.639,65.12
12,"2024-12-03 14:00:00+00:00",0,14,32.2035,65.12
12,"2024-12-03 14:30:00+00:00",0,14.5,33.0015,65.12
12,"2024-12-03 15:00:00+00:00",0,15,34.8285,65.12
12,"2024-12-03 15:30:00+00:00",0,15.5,39.438,65.12
12,"2024-12-03 16:00:00+00:00",0,16,50.19,65.12
12,"2024-12-03 16:30:00+00:00",0,16.5,56.0385,65.12
12,"2024-12-03 17:00:00+00:00",0,17,51.639,65.12
12,"2024-12-03 17:30:00+00:00",0,17.5,53.3085,65.12
12,"2024-12-03 18:00:00+00:00",0,18,55.7445,65.12
12,"2024-12-03 18:30:00+00:00",0,18.5,50.673,65.12
12,"2024-12-03 19:00:00+00:00",0,19,38.451,65.12
12,"2024-12-03 19:30:00+00:00",0,19.5,34.776,65.12
12,"2024-12-03 20:00:00+00:00",0,20,34.776,65.12
12,"2024-12-03 20:30:00+00:00",0,20.5,27.048,65.12
12,"2024-12-03 21:00:00+00:00",0,21,30.408,65.12
12,"2024-12-03 21:30:00+00:00",0,21.5,23.961,65.12
12,"2024-12-03 22:00:00+00:00",0,22,27.2895,65.12
12,"2024-12-03 22:30:00+00:00",0,22.5,22.5855,65.12
12,"2024-12-03 23:00:00+00:00",0,23,25.3575,65.12
12,"2024-12-03 23:30:00+00:00",0,23.5,24.15,65.12
12,"2024-12-04 00:00:00+00:00",0,0,21.9765,65.12
12,"2024-12-04 00:30:00+00:00",0,0.5,26.796,65.12
12,"2024-12-04 01:00:00+00:00",0,1,22.638,65.12
12,"2024-12-04 01:30:00+00:00",0,1.5,20.538,65.12
12,"2024-12-04 02:00:00+00:00",0,2,20.769,65.12
12,"2024-12-04 02:30:00+00:00",0,2.5,20.769,65.12
12,"2024-12-04 03:00:00+00:00",0,3,21.252,65.12
12,"2024-12-04 03:30:00+00:00",0,3.5,20.5485,65.12
12,"2024-12-04 04:00:00+00:00",0,4,22.386,65.12
12,"2024-12-04 04:30:00+00:00",0,4.5,21.7875,65.12
12,"2024-12-04 05:00:00+00:00",0,5,25.3785,65.12
12,"2024-12-04 05:30:00+00:00",0,5.5,25.0845,65.12
12,"2024-12-04 06:00:00+00:00",0,6,30.744,65.12
12,"2024-12-04 06:30:00+00:00",0,6.5,32.4345,65.12
12,"2024-12-04 07:00:00+00:00",0,7,39.5115,65.12
12,"2024-12-04 07:30:00+00:00",0,7.5,42.273,65.12
12,"2024-12-04 08:00:00+00:00",0,8,41.0445,65.12
12,"2024-12-04 08:30:00+00:00",0,8.5,41.055,65.12
12,"2024-12-04 09:00:00+00:00",0,9,39.8475,65.12
12,"2024-12-04 09:30:00+00:00",0,9.5,40.089,65.12
12,"2024-12-04 10:00:00+00:00",0,10,37.9155,65.12
12,"2024-12-04 10:30:00+00:00",0,10.5,36.4875,65.12
12,"2024-12-04 11:00:00+00:00",0,11,36.2775,65.12
12,"2024-12-04 11:30:00+00:00",0,11.5,34.23,65.12
12,"2024-12-04 12:00:00+00:00",0,12,35.133,65.12
12,"2024-12-04 12:30:00+00:00",0,12.5,35.133,65.12
12,"2024-12-04 13:00:00+00:00",0,13,38.619,65.12
12,"2024-12-04 13:30:00+00:00",0,13.5,35.553,65.12
12,"2024-12-04 14:00:00+00:00",0,14,33.642,65.12
12,"2024-12-04 14:30:00+00:00",0,14.5,32.1405,65.12
12,"2024-12-04 15:00:00+00:00",0,15,34.776,65.12
12,"2024-12-04 15:30:00+00:00",0,15.5,34.5345,65.12
12,"2024-12-04 16:00:00+00:00",0,16,51.177,65.12
12,"2024-12-04 16:30:00+00:00",0,16.5,50.463,65.12
12,"2024-12-04 17:00:00+00:00",0,17,48.741,65.12
12,"2024-12-04 17:30:00+00:00",0,17.5,48.741,65.12
12,"2024-12-04 18:00:00+00:00",0,18,43.8585,65.12
12,"2024-12-04 18:30:00+00:00",0,18.5,40.9395,65.12
12,"2024-12-04 19:00:00+00:00",0,19,27.531,65.12
12,"2024-12-04 19:30:00+00:00",0,19.5,26.082,65.12
12,"2024-12-04 20:00:00+00:00",0,20,25.116,65.12
12,"2024-12-04 20:30:00+00:00",0,20.5,22.218,65.12
12,"2024-12-04 21:00:00+00:00",0,21,24.864,65.12
12,"2024-12-04 21:30:00+00:00",0,21.5,22.7325,65.12
12,"2024-12-04 22:00:00+00:00",0,22,23.8455,65.12
12,"2024-12-04 22:30:00+00:00",0,22.5,21.2835,65.12
12,"2024-12-04 23:00:00+00:00",0,23,22.4595,65.12
12,"2024-12-04 23:30:00+00:00",0,23.5,21.0105,65.12
12,"2024-12-05 00:00:00+00:00",0,0,18.8895,65.12
12,"2024-12-05 00:30:00+00:00",0,0.5,22.701,65.12
12,"2024-12-05 01:00:00+00:00",0,1,20.097,65.12
12,"2024-12-05 01:30:00+00:00",0,1.5,18.9735,65.12
12,"2024-12-05 02:00:00+00:00",0,2,18.9735,65.12
12,"2024-12-05 02:30:00+00:00",0,2.5,18.8265,65.12
12,"2024-12-05 03:00:00+00:00",0,3,18.8265,65.12
12,"2024-12-05 03:30:00+00:00",0,3.5,18.354,65.12
12,"2024-12-05 04:00:00+00:00",0,4,20.286,65.12
12,"2024-12-05 04:30:00+00:00",0,4.5,18.837,65.12
12,"2024-12-05 05:00:00+00:00",0,5,21.567,65.12
12,"2024-12-05 05:30:00+00:00",0,5.5,23.331,65.12
12,"2024-12-05 06:00:00+00:00",0,6,24.7065,65.12
12,"2024-12-05 06:30:00+00:00",0,6.5,24.3915,65.12
12,"2024-12-05 07:00:00+00:00",0,7,22.449,65.12
12,"2024-12-05 07:30:00+00:00",0,7.5,28.9275,65.12
12,"2024-12-05 08:00:00+00:00",0,8,26.439,65.12
12,"2024-12-05 08:30:00+00:00",0,8.5,28.959,65.12
12,"2024-12-05 09:00:00+00:00",0,9,25.1895,65.12
12,"2024-12-05 09:30:00+00:00",0,9.5,26.3235,65.12
12,"2024-12-05 10:00:00+00:00",0,10,24.0975,65.12
12,"2024-12-05 10:30:00+00:00",0,10.5,24.549,65.12
12,"2024-12-05 11:00:00+00:00",0,11,24.8745,65.12
12,"2024-12-05 11:30:00+00:00",0,11.5,23.9295,65.12
12,"2024-12-05 12:00:00+00:00",0,12,25.284,65.12
12,"2024-12-05 12:30:00+00:00",0,12.5,26.082,65.12
12,"2024-12-05 13:00:00+00:00",0,13,25.8405,65.12
12,"2024-12-05 13:30:00+00:00",0,13.5,24.15,65.12
12,"2024-12-05 14:00:00+00:00",0,14,24.3915,65.12
12,"2024-12-05 14:30:00+00:00",0,14.5,23.667,65.12
12,"2024-12-05 15:00:00+00:00",0,15,22.9635,65.12
12,"2024-12-05 15:30:00+00:00",0,15.5,24.99,65.12
12,"2024-12-05 16:00:00+00:00",0,16,36.645,65.12
12,"2024-12-05 16:30:00+00:00",0,16.5,38.577,65.12
12,"2024-12-05 17:00:00+00:00",0,17,36.4245,65.12
12,"2024-12-05 17:30:00+00:00",0,17.5,35.9415,65.12
12,"2024-12-05 18:00:00+00:00",0,18,34.944,65.12
12,"2024-12-05 18:30:00+00:00",0,18.5,33.768,65.12
12,"2024-12-05 19:00:00+00:00",0,19,23.73,65.12
12,"2024-12-05 19:30:00+00:00",0,19.5,23.667,65.12
12,"2024-12-05 20:00:00+00:00",0,20,24.108,65.12
12,"2024-12-05 20:30:00+00:00",0,20.5,18.837,65.12
12,"2024-12-05 21:00:00+00:00",0,21,18.165,65.12
12,"2024-12-05 21:30:00+00:00",0,21.5,8.568,65.12
12,"2024-12-05 22:00:00+00:00",0,22,10.8675,65.12
12,"2024-12-05 22:30:00+00:00",0,22.5,1.7535,65.12
12,"2024-12-05 23:00:00+00:00",0,23,5.7225,65.12
12,"2024-12-05 23:30:00+00:00",0,23.5,1.449,65.12
12,"2024-12-06 00:00:00+00:00",0,0,0,65.12
12,"2024-12-06 00:30:00+00:00",0,0.5,5.67,65.12
12,"2024-12-06 01:00:00+00:00",0,1,2.604,65.12
12,"2024-12-06 01:30:00+00:00",0,1.5,0.987,65.12
12,"2024-12-06 02:00:00+00:00",0,2,2.3205,65.12
12,"2024-12-06 02:30:00+00:00",0,2.5,0.483,65.12
12,"2024-12-06 03:00:00+00:00",0,3,1.932,65.12
12,"2024-12-06 03:30:00+00:00",0,3.5,1.848,65.12
12,"2024-12-06 04:00:00+00:00",0,4,2.898,65.12
12,"2024-12-06 04:30:00+00:00",0,4.5,3.129,65.12
12,"2024-12-06 05:00:00+00:00",0,5,9.5235,65.12
12,"2024-12-06 05:30:00+00:00",0,5.5,14.7315,65.12
12,"2024-12-06 06:00:00+00:00",0,6,15.7605,65.12
12,"2024-12-06 06:30:00+00:00",0,6.5,20.0445,65.12
12,"2024-12-06 07:00:00+00:00",0,7,24.444,65.12
12,"2024-12-06 07:30:00+00:00",0,7.5,24.15,65.12
12,"2024-12-06 08:00:00+00:00",0,8,24.003,65.12
12,"2024-12-06 08:30:00+00:00",0,8.5,24.15,65.12
12,"2024-12-06 09:00:00+00:00",0,9,23.9085,65.12
12,"2024-12-06 09:30:00+00:00",0,9.5,23.184,65.12
12,"2024-12-06 10:00:00+00:00",0,10,25.3575,65.12
12,"2024-12-06 10:30:00+00:00",0,10.5,25.3575,65.12
12,"2024-12-06 11:00:00+00:00",0,11,25.074,65.12
12,"2024-12-06 11:30:00+00:00",0,11.5,24.612,65.12
12,"2024-12-06 12:00:00+00:00",0,12,25.7145,65.12
12,"2024-12-06 12:30:00+00:00",0,12.5,25.6305,65.12
12,"2024-12-06 13:00:00+00:00",0,13,25.3575,65.12
12,"2024-12-06 13:30:00+00:00",0,13.5,25.578,65.12
12,"2024-12-06 14:00:00+00:00",0,14,25.9665,65.12
12,"2024-12-06 14:30:00+00:00",0,14.5,25.3575,65.12
12,"2024-12-06 15:00:00+00:00",0,15,26.166,65.12
12,"2024-12-06 15:30:00+00:00",0,15.5,28.203,65.12
12,"2024-12-06 16:00:00+00:00",0,16,40.53,65.12
12,"2024-12-06 16:30:00+00:00",0,16.5,40.9185,65.12
12,"2024-12-06 17:00:00+00:00",0,17,42.0735,65.12
12,"2024-12-06 17:30:00+00:00",0,17.5,40.53,65.12
12,"2024-12-06 18:00:00+00:00",0,18,40.9185,65.12
12,"2024-12-06 18:30:00+00:00",0,18.5,38.073,65.12
12,"2024-12-06 19:00:00+00:00",0,19,26.3235,65.12
12,"2024-12-06 19:30:00+00:00",0,19.5,26.565,65.12
12,"2024-12-06 20:00:00+00:00",0,20,23.772,65.12
12,"2024-12-06 20:30:00+00:00",0,20.5,24.15,65.12
12,"2024-12-06 21:00:00+00:00",0,21,25.011,65.12
12,"2024-12-06 21:30:00+00:00",0,21.5,23.4255,65.12
12,"2024-12-06 22:00:00+00:00",0,22,21.0105,65.12
12,"2024-12-06 22:30:00+00:00",0,22.5,15.435,65.12
12,"2024-12-06 23:00:00+00:00",0,23,16.527,65.12
12,"2024-12-06 23:30:00+00:00",0,23.5,13.881,65.12
12,"2024-12-07 00:00:00+00:00",1,0,12.1695,65.12
12,"2024-12-07 00:30:00+00:00",1,0.5,17.745,65.12
12,"2024-12-07 01:00:00+00:00",1,1,15.309,65.12
12,"2024-12-07 01:30:00+00:00",1,1.5,11.9805,65.12
12,"2024-12-07 02:00:00+00:00",1,2,14.49,65.12
12,"2024-12-07 02:30:00+00:00",1,2.5,11.592,65.12
12,"2024-12-07 03:00:00+00:00",1,3,12.201,65.12
12,"2024-12-07 03:30:00+00:00",1,3.5,7.6335,65.12
12,"2024-12-07 04:00:00+00:00",1,4,11.0355,65.12
12,"2024-12-07 04:30:00+00:00",1,4.5,9.4395,65.12
12,"2024-12-07 05:00:00+00:00",1,5,10.8675,65.12
12,"2024-12-07 05:30:00+00:00",1,5.5,10.3635,65.12
12,"2024-12-07 06:00:00+00:00",1,6,7.7385,65.12
12,"2024-12-07 06:30:00+00:00",1,6.5,9.744,65.12
12,"2024-12-07 07:00:00+00:00",1,7,11.592,65.12
12,"2024-12-07 07:30:00+00:00",1,7.5,12.7995,65.12
12,"2024-12-07 08:00:00+00:00",1,8,12.075,65.12
12,"2024-12-07 08:30:00+00:00",1,8.5,17.325,65.12
12,"2024-12-07 09:00:00+00:00",1,9,22.6065,65.12
12,"2024-12-07 09:30:00+00:00",1,9.5,24.822,65.12
12,"2024-12-07 10:00:00+00:00",1,10,27.174,65.12
12,"2024-12-07 10:30:00+00:00",1,10.5,26.229,65.12
12,"2024-12-07 11:00:00+00:00",1,11,26.8065,65.12
12,"2024-12-07 11:30:00+00:00",1,11.5,24.927,65.12
12,"2024-12-07 12:00:00+00:00",1,12,25.095,65.12
12,"2024-12-07 12:30:00+00:00",1,12.5,25.767,65.12
12,"2024-12-07 13:00:00+00:00",1,13,23.793,65.12
12,"2024-12-07 13:30:00+00:00",1,13.5,21.714,65.12
12,"2024-12-07 14:00:00+00:00",1,14,19.215,65.12
12,"2024-12-07 14:30:00+00:00",1,14.5,18.8265,65.12
12,"2024-12-07 15:00:00+00:00",1,15,17.871,65.12
12,"2024-12-07 15:30:00+00:00",1,15.5,18.5955,65.12
12,"2024-12-07 16:00:00+00:00",1,16,30.87,65.12
12,"2024-12-07 16:30:00+00:00",1,16.5,34.4925,65.12
12,"2024-12-07 17:00:00+00:00",1,17,34.4715,65.12
12,"2024-12-07 17:30:00+00:00",1,17.5,34.9965,65.12
12,"2024-12-07 18:00:00+00:00",1,18,33.579,65.12
12,"2024-12-07 18:30:00+00:00",1,18.5,29.421,65.12
12,"2024-12-07 19:00:00+00:00",1,19,16.7895,65.12
12,"2024-12-07 19:30:00+00:00",1,19.5,12.369,65.12
12,"2024-12-07 20:00:00+00:00",1,20,14.4585,65.12
12,"2024-12-07 20:30:00+00:00",1,20.5,10.437,65.12
12,"2024-12-07 21:00:00+00:00",1,21,15.456,65.12
12,"2024-12-07 21:30:00+00:00",1,21.5,11.9805,65.12
12,"2024-12-07 22:00:00+00:00",1,22,12.285,65.12
12,"2024-12-07 22:30:00+00:00",1,22.5,9.2505,65.12
12,"2024-12-07 23:00:00+00:00",1,23,9.45,65.12
12,"2024-12-07 23:30:00+00:00",1,23.5,6.762,65.12
12,"2024-12-08 00:00:00+00:00",1,0,2.9505,65.12
12,"2024-12-08 00:30:00+00:00",1,0.5,13.524,65.12
12,"2024-12-08 01:00:00+00:00",1,1,9.4185,65.12
12,"2024-12-08 01:30:00+00:00",1,1.5,7.4865,65.12
12,"2024-12-08 02:00:00+00:00",1,2,8.694,65.12
12,"2024-12-08 02:30:00+00:00",1,2.5,5.2395,65.12
12,"2024-12-08 03:00:00+00:00",1,3,4.83,65.12
12,"2024-12-08 03:30:00+00:00",1,3.5,3.0975,65.12
12,"2024-12-08 04:00:00+00:00",1,4,5.796,65.12
12,"2024-12-08 04:30:00+00:00",1,4.5,2.898,65.12
12,"2024-12-08 05:00:00+00:00",1,5,4.7985,65.12
12,"2024-12-08 05:30:00+00:00",1,5.5,4.7985,65.12
12,"2024-12-08 06:00:00+00:00",1,6,3.633,65.12
12,"2024-12-08 06:30:00+00:00",1,6.5,4.893,65.12
12,"2024-12-08 07:00:00+00:00",1,7,6.7935,65.12
12,"2024-12-08 07:30:00+00:00",1,7.5,8.988,65.12
12,"2024-12-08 08:00:00+00:00",1,8,7.854,65.12
12,"2024-12-08 08:30:00+00:00",1,8.5,17.871,65.12
12,"2024-12-08 09:00:00+00:00",1,9,16.9785,65.12
12,"2024-12-08 09:30:00+00:00",1,9.5,20.5275,65.12
12,"2024-12-08 10:00:00+00:00",1,10,21.0105,65.12
12,"2024-12-08 10:30:00+00:00",1,10.5,21.252,65.12
12,"2024-12-08 11:00:00+00:00",1,11,21.6615,65.12
12,"2024-12-08 11:30:00+00:00",1,11.5,21.714,65.12
12,"2024-12-08 12:00:00+00:00",1,12,23.835,65.12
12,"2024-12-08 12:30:00+00:00",1,12.5,25.599,65.12
12,"2024-12-08 13:00:00+00:00",1,13,25.599,65.12
12,"2024-12-08 13:30:00+00:00",1,13.5,25.8405,65.12
12,"2024-12-08 14:00:00+00:00",1,14,23.982,65.12
12,"2024-12-08 14:30:00+00:00",1,14.5,22.428,65.12
12,"2024-12-08 15:00:00+00:00",1,15,22.386,65.12
12,"2024-12-08 15:30:00+00:00",1,15.5,24.0765,65.12
12,"2024-12-08 16:00:00+00:00",1,16,33.5475,65.12
12,"2024-12-08 16:30:00+00:00",1,16.5,39.6165,65.12
12,"2024-12-08 17:00:00+00:00",1,17,41.013,65.12
12,"2024-12-08 17:30:00+00:00",1,17.5,39.585,65.12
12,"2024-12-08 18:00:00+00:00",1,18,41.2545,65.12
12,"2024-12-08 18:30:00+00:00",1,18.5,35.4165,65.12
12,"2024-12-08 19:00:00+00:00",1,19,25.6725,65.12
12,"2024-12-08 19:30:00+00:00",1,19.5,22.9425,65.12
12,"2024-12-08 20:00:00+00:00",1,20,24.108,65.12
12,"2024-12-08 20:30:00+00:00",1,20.5,23.31,65.12
12,"2024-12-08 21:00:00+00:00",1,21,25.599,65.12
12,"2024-12-08 21:30:00+00:00",1,21.5,22.05,65.12
12,"2024-12-08 22:00:00+00:00",1,22,21.735,65.12
12,"2024-12-08 22:30:00+00:00",1,22.5,14.7315,65.12
12,"2024-12-08 23:00:00+00:00",1,23,14.973,65.12
12,"2024-12-08 23:30:00+00:00",1,23.5,10.8675,65.12
12,"2024-12-09 00:00:00+00:00",0,0,14.7105,65.12
12,"2024-12-09 00:30:00+00:00",0,0.5,16.275,65.12
12,"2024-12-09 01:00:00+00:00",0,1,14.7105,65.12
12,"2024-12-09 01:30:00+00:00",0,1.5,14.7105,65.12
12,"2024-12-09 02:00:00+00:00",0,2,14.637,65.12
12,"2024-12-09 02:30:00+00:00",0,2.5,14.2485,65.12
12,"2024-12-09 03:00:00+00:00",0,3,15.939,65.12
12,"2024-12-09 03:30:00+00:00",0,3.5,13.524,65.12
12,"2024-12-09 04:00:00+00:00",0,4,16.842,65.12
12,"2024-12-09 04:30:00+00:00",0,4.5,14.973,65.12
12,"2024-12-09 05:00:00+00:00",0,5,15.6975,65.12
12,"2024-12-09 05:30:00+00:00",0,5.5,17.6295,65.12
12,"2024-12-09 06:00:00+00:00",0,6,21.735,65.12
12,"2024-12-09 06:30:00+00:00",0,6.5,22.218,65.12
12,"2024-12-09 07:00:00+00:00",0,7,24.0975,65.12
12,"2024-12-09 07:30:00+00:00",0,7.5,25.263,65.12
12,"2024-12-09 08:00:00+00:00",0,8,26.9535,65.12
12,"2024-12-09 08:30:00+00:00",0,8.5,28.5915,65.12
12,"2024-12-09 09:00:00+00:00",0,9,27.531,65.12
12,"2024-12-09 09:30:00+00:00",0,9.5,26.082,65.12
12,"2024-12-09 10:00:00+00:00",0,10,25.704,65.12
12,"2024-12-09 10:30:00+00:00",0,10.5,25.599,65.12
12,"2024-12-09 11:00:00+00:00",0,11,26.859,65.12
12,"2024-12-09 11:30:00+00:00",0,11.5,26.082,65.12
12,"2024-12-09 12:00:00+00:00",0,12,26.208,65.12
12,"2024-12-09 12:30:00+00:00",0,12.5,26.8275,65.12
12,"2024-12-09 13:00:00+00:00",0,13,25.263,65.12
12,"2024-12-09 13:30:00+00:00",0,13.5,24.024,65.12
12,"2024-12-09 14:00:00+00:00",0,14,24.9585,65.12
12,"2024-12-09 14:30:00+00:00",0,14.5,25.095,65.12
12,"2024-12-09 15:00:00+00:00",0,15,25.5675,65.12
12,"2024-12-09 15:30:00+00:00",0,15.5,27.3945,65.12
12,"2024-12-09 16:00:00+00:00",0,16,38.262,65.12
12,"2024-12-09 16:30:00+00:00",0,16.5,42.2205,65.12
12,"2024-12-09 17:00:00+00:00",0,17,40.53,65.12
12,"2024-12-09 17:30:00+00:00",0,17.5,41.496,65.12
12,"2024-12-09 18:00:00+00:00",0,18,42.0735,65.12
12,"2024-12-09 18:30:00+00:00",0,18.5,40.53,65.12
12,"2024-12-09 19:00:00+00:00",0,19,29.3895,65.12
12,"2024-12-09 19:30:00+00:00",0,19.5,26.7645,65.12
12,"2024-12-09 20:00:00+00:00",0,20,27.531,65.12
12,"2024-12-09 20:30:00+00:00",0,20.5,24.507,65.12
12,"2024-12-09 21:00:00+00:00",0,21,27.615,65.12
12,"2024-12-09 21:30:00+00:00",0,21.5,21.714,65.12
12,"2024-12-09 22:00:00+00:00",0,22,22.575,65.12
12,"2024-12-09 22:30:00+00:00",0,22.5,20.769,65.12
12,"2024-12-09 23:00:00+00:00",0,23,23.184,65.12
12,"2024-12-09 23:30:00+00:00",0,23.5,21.0315,65.12
12,"2024-12-10 00:00:00+00:00",0,0,20.958,65.12
12,"2024-12-10 00:30:00+00:00",0,0.5,23.1105,65.12
12,"2024-12-10 01:00:00+00:00",0,1,21.6615,65.12
12,"2024-12-10 01:30:00+00:00",0,1.5,20.958,65.12
12,"2024-12-10 02:00:00+00:00",0,2,20.958,65.12
12,"2024-12-10 02:30:00+00:00",0,2.5,20.958,65.12
12,"2024-12-10 03:00:00+00:00",0,3,20.7165,65.12
12,"2024-12-10 03:30:00+00:00",0,3.5,20.958,65.12
12,"2024-12-10 04:00:00+00:00",0,4,21.063,65.12
12,"2024-12-10 04:30:00+00:00",0,4.5,19.8975,65.12
12,"2024-12-10 05:00:00+00:00",0,5,20.5275,65.12
12,"2024-12-10 05:30:00+00:00",0,5.5,19.32,65.12
12,"2024-12-10 06:00:00+00:00",0,6,24.087,65.12
12,"2024-12-10 06:30:00+00:00",0,6.5,22.575,65.12
12,"2024-12-10 07:00:00+00:00",0,7,24.633,65.12
12,"2024-12-10 07:30:00+00:00",0,7.5,29.463,65.12
12,"2024-12-10 08:00:00+00:00",0,8,29.3685,65.12
12,"2024-12-10 08:30:00+00:00",0,8.5,30.1875,65.12
12,"2024-12-10 09:00:00+00:00",0,9,27.4365,65.12
12,"2024-12-10 09:30:00+00:00",0,9.5,27.825,65.12
12,"2024-12-10 10:00:00+00:00",0,10,26.481,65.12
12,"2024-12-10 10:30:00+00:00",0,10.5,25.872,65.12
12,"2024-12-10 11:00:00+00:00",0,11,26.46,65.12
12,"2024-12-10 11:30:00+00:00",0,11.5,24.15,65.12
12,"2024-12-10 12:00:00+00:00",0,12,27.342,65.12
12,"2024-12-10 12:30:00+00:00",0,12.5,26.733,65.12
12,"2024-12-10 13:00:00+00:00",0,13,27.678,65.12
12,"2024-12-10 13:30:00+00:00",0,13.5,27.4365,65.12
12,"2024-12-10 14:00:00+00:00",0,14,30.1875,65.12
12,"2024-12-10 14:30:00+00:00",0,14.5,30.135,65.12
12,"2024-12-10 15:00:00+00:00",0,15,29.2215,65.12
12,"2024-12-10 15:30:00+00:00",0,15.5,34.1985,65.12
12,"2024-12-10 16:00:00+00:00",0,16,44.919,65.12
12,"2024-12-10 16:30:00+00:00",0,16.5,49.854,65.12
12,"2024-12-10 17:00:00+00:00",0,17,48.7935,65.12
12,"2024-12-10 17:30:00+00:00",0,17.5,48.7935,65.12
12,"2024-12-10 18:00:00+00:00",0,18,52.9095,65.12
12,"2024-12-10 18:30:00+00:00",0,18.5,48.6465,65.12
12,"2024-12-10 19:00:00+00:00",0,19,36.225,65.12
12,"2024-12-10 19:30:00+00:00",0,19.5,33.81,65.12
12,"2024-12-10 20:00:00+00:00",0,20,33.621,65.12
12,"2024-12-10 20:30:00+00:00",0,20.5,28.0875,65.12
12,"2024-12-10 21:00:00+00:00",0,21,31.395,65.12
12,"2024-12-10 21:30:00+00:00",0,21.5,25.3575,65.12
12,"2024-12-10 22:00:00+00:00",0,22,28.3815,65.12
12,"2024-12-10 22:30:00+00:00",0,22.5,21.4515,65.12
12,"2024-12-10 23:00:00+00:00",0,23,23.793,65.12
12,"2024-12-10 23:30:00+00:00",0,23.5,21.0105,65.12
12,"2024-12-11 00:00:00+00:00",0,0,18.837,65.12
12,"2024-12-11 00:30:00+00:00",0,0.5,24.15,65.12
12,"2024-12-11 01:00:00+00:00",0,1,21.252,65.12
12,"2024-12-11 01:30:00+00:00",0,1.5,21.4935,65.12
12,"2024-12-11 02:00:00+00:00",0,2,21.105,65.12
12,"2024-12-11 02:30:00+00:00",0,2.5,20.5065,65.12
12,"2024-12-11 03:00:00+00:00",0,3,21.0105,65.12
12,"2024-12-11 03:30:00+00:00",0,3.5,21.0105,65.12
12,"2024-12-11 04:00:00+00:00",0,4,21.252,65.12
12,"2024-12-11 04:30:00+00:00",0,4.5,21.0105,65.12
12,"2024-12-11 05:00:00+00:00",0,5,21.504,65.12
12,"2024-12-11 05:30:00+00:00",0,5.5,21.714,65.12
12,"2024-12-11 06:00:00+00:00",0,6,22.407,65.12
12,"2024-12-11 06:30:00+00:00",0,6.5,34.251,65.12
12,"2024-12-11 07:00:00+00:00",0,7,33.999,65.12
12,"2024-12-11 07:30:00+00:00",0,7.5,49.266,65.12
12,"2024-12-11 08:00:00+00:00",0,8,46.7355,65.12
12,"2024-12-11 08:30:00+00:00",0,8.5,49.077,65.12
12,"2024-12-11 09:00:00+00:00",0,9,46.578,65.12
12,"2024-12-11 09:30:00+00:00",0,9.5,48.174,65.12
12,"2024-12-11 10:00:00+00:00",0,10,48.2475,65.12
12,"2024-12-11 10:30:00+00:00",0,10.5,48.2475,65.12
12,"2024-12-11 11:00:00+00:00",0,11,51.198,65.12
12,"2024-12-11 11:30:00+00:00",0,11.5,51.7755,65.12
12,"2024-12-11 12:00:00+00:00",0,12,52.8885,65.12
12,"2024-12-11 12:30:00+00:00",0,12.5,59.4615,65.12
12,"2024-12-11 13:00:00+00:00",0,13,65.205,65.12
12,"2024-12-11 13:30:00+00:00",0,13.5,58.107,65.12
12,"2024-12-11 14:00:00+00:00",0,14,56.2905,65.12
12,"2024-12-11 14:30:00+00:00",0,14.5,60.102,65.12
12,"2024-12-11 15:00:00+00:00",0,15,65.205,65.12
12,"2024-12-11 15:30:00+00:00",0,15.5,81.606,65.12
12,"2024-12-11 16:00:00+00:00",0,16,93.66,65.12
12,"2024-12-11 16:30:00+00:00",0,16.5,99.9915,65.12
12,"2024-12-11 17:00:00+00:00",0,17,93.66,65.12
12,"2024-12-11 17:30:00+00:00",0,17.5,87.9165,65.12
12,"2024-12-11 18:00:00+00:00",0,18,85.806,65.12
12,"2024-12-11 18:30:00+00:00",0,18.5,71.442,65.12
12,"2024-12-11 19:00:00+00:00",0,19,50.1375,65.12
12,"2024-12-11 19:30:00+00:00",0,19.5,36.2565,65.12
12,"2024-12-11 20:00:00+00:00",0,20,39.123,65.12
12,"2024-12-11 20:30:00+00:00",0,20.5,30.1875,65.12
12,"2024-12-11 21:00:00+00:00",0,21,36.225,65.12
12,"2024-12-11 21:30:00+00:00",0,21.5,26.3235,65.12
12,"2024-12-11 22:00:00+00:00",0,22,32.361,65.12
12,"2024-12-11 22:30:00+00:00",0,22.5,21.6405,65.12
12,"2024-12-11 23:00:00+00:00",0,23,29.463,65.12
12,"2024-12-11 23:30:00+00:00",0,23.5,24.633,65.12
12,"2024-12-12 00:00:00+00:00",0,0,20.433,65.12
12,"2024-12-12 00:30:00+00:00",0,0.5,26.3235,65.12
12,"2024-12-12 01:00:00+00:00",0,1,22.9425,65.12
12,"2024-12-12 01:30:00+00:00",0,1.5,22.554,65.12
12,"2024-12-12 02:00:00+00:00",0,2,21.4725,65.12
12,"2024-12-12 02:30:00+00:00",0,2.5,20.685,65.12
12,"2024-12-12 03:00:00+00:00",0,3,21.7455,65.12
12,"2024-12-12 03:30:00+00:00",0,3.5,21.1155,65.12
12,"2024-12-12 04:00:00+00:00",0,4,22.617,65.12
12,"2024-12-12 04:30:00+00:00",0,4.5,20.958,65.12
12,"2024-12-12 05:00:00+00:00",0,5,25.116,65.12
12,"2024-12-12 05:30:00+00:00",0,5.5,28.3185,65.12
12,"2024-12-12 06:00:00+00:00",0,6,30.429,65.12
12,"2024-12-12 06:30:00+00:00",0,6.5,36.225,65.12
12,"2024-12-12 07:00:00+00:00",0,7,44.1945,65.12
12,"2024-12-12 07:30:00+00:00",0,7.5,66.759,65.12
12,"2024-12-12 08:00:00+00:00",0,8,63.9345,65.12
12,"2024-12-12 08:30:00+00:00",0,8.5,71.2425,65.12
12,"2024-12-12 09:00:00+00:00",0,9,68.103,65.12
12,"2024-12-12 09:30:00+00:00",0,9.5,68.586,65.12
12,"2024-12-12 10:00:00+00:00",0,10,70.539,65.12
12,"2024-12-12 10:30:00+00:00",0,10.5,71.2425,65.12
12,"2024-12-12 11:00:00+00:00",0,11,67.62,65.12
12,"2024-12-12 11:30:00+00:00",0,11.5,63.8295,65.12
12,"2024-12-12 12:00:00+00:00",0,12,70.644,65.12
12,"2024-12-12 12:30:00+00:00",0,12.5,82.887,65.12
12,"2024-12-12 13:00:00+00:00",0,13,84.399,65.12
12,"2024-12-12 13:30:00+00:00",0,13.5,80.535,65.12
12,"2024-12-12 14:00:00+00:00",0,14,85.344,65.12
12,"2024-12-12 14:30:00+00:00",0,14.5,85.7325,65.12
12,"2024-12-12 15:00:00+00:00",0,15,84.756,65.12
12,"2024-12-12 15:30:00+00:00",0,15.5,99.9915,65.12
12,"2024-12-12 16:00:00+00:00",0,16,99.9915,65.12
12,"2024-12-12 16:30:00+00:00",0,16.5,99.9915,65.12
12,"2024-12-12 17:00:00+00:00",0,17,99.9915,65.12
12,"2024-12-12 17:30:00+00:00",0,17.5,99.9915,65.12
12,"2024-12-12 18:00:00+00:00",0,18,99.9915,65.12
12,"2024-12-12 18:30:00+00:00",0,18.5,99.9915,65.12
12,"2024-12-12 19:00:00+00:00",0,19,75.8835,65.12
12,"2024-12-12 19:30:00+00:00",0,19.5,58.7265,65.12
12,"2024-12-12 20:00:00+00:00",0,20,40.929,65.12
12,"2024-12-12 20:30:00+00:00",0,20.5,31.563,65.12
12,"2024-12-12 21:00:00+00:00",0,21,36.708,65.12
12,"2024-12-12 21:30:00+00:00",0,21.5,27.531,65.12
12,"2024-12-12 22:00:00+00:00",0,22,34.0725,65.12
12,"2024-12-12 22:30:00+00:00",0,22.5,26.565,65.12
12,"2024-12-12 23:00:00+00:00",0,23,28.203,65.12
12,"2024-12-12 23:30:00+00:00",0,23.5,23.9085,65.12
12,"2024-12-13 00:00:00+00:00",0,0,20.0445,65.12
12,"2024-12-13 00:30:00+00:00",0,0.5,23.667,65.12
12,"2024-12-13 01:00:00+00:00",0,1,22.701,65.12
12,"2024-12-13 01:30:00+00:00",0,1.5,20.3595,65.12
12,"2024-12-13 02:00:00+00:00",0,2,21.735,65.12
12,"2024-12-13 02:30:00+00:00",0,2.5,21.105,65.12
12,"2024-12-13 03:00:00+00:00",0,3,20.0445,65.12
12,"2024-12-13 03:30:00+00:00",0,3.5,19.803,65.12
12,"2024-12-13 04:00:00+00:00",0,4,21.987,65.12
12,"2024-12-13 04:30:00+00:00",0,4.5,19.803,65.12
12,"2024-12-13 05:00:00+00:00",0,5,24.7695,65.12
12,"2024-12-13 05:30:00+00:00",0,5.5,26.4285,65.12
12,"2024-12-13 06:00:00+00:00",0,6,32.067,65.12
12,"2024-12-13 06:30:00+00:00",0,6.5,37.674,65.12
12,"2024-12-13 07:00:00+00:00",0,7,40.9185,65.12
12,"2024-12-13 07:30:00+00:00",0,7.5,50.8935,65.12
12,"2024-12-13 08:00:00+00:00",0,8,46.074,65.12
12,"2024-12-13 08:30:00+00:00",0,8.5,48.5415,65.12
12,"2024-12-13 09:00:00+00:00",0,9,39.2175,65.12
12,"2024-12-13 09:30:00+00:00",0,9.5,39.0285,65.12
12,"2024-12-13 10:00:00+00:00",0,10,35.0175,65.12
12,"2024-12-13 10:30:00+00:00",0,10.5,35.0175,65.12
12,"2024-12-13 11:00:00+00:00",0,11,35.5845,65.12
12,"2024-12-13 11:30:00+00:00",0,11.5,35.0175,65.12
12,"2024-12-13 12:00:00+00:00",0,12,33.7575,65.12
12,"2024-12-13 12:30:00+00:00",0,12.5,35.742,65.12
12,"2024-12-13 13:00:00+00:00",0,13,35.9835,65.12
12,"2024-12-13 13:30:00+00:00",0,13.5,33.7575,65.12
12,"2024-12-13 14:00:00+00:00",0,14,42.525,65.12
12,"2024-12-13 14:30:00+00:00",0,14.5,41.538,65.12
12,"2024-12-13 15:00:00+00:00",0,15,46.6095,65.12
12,"2024-12-13 15:30:00+00:00",0,15.5,57.393,65.12
12,"2024-12-13 16:00:00+00:00",0,16,63.042,65.12
12,"2024-12-13 16:30:00+00:00",0,16.5,74.8965,65.12
12,"2024-12-13 17:00:00+00:00",0,17,68.4915,65.12
12,"2024-12-13 17:30:00+00:00",0,17.5,67.4415,65.12
12,"2024-12-13 18:00:00+00:00",0,18,59.1255,65.12
12,"2024-12-13 18:30:00+00:00",0,18.5,48.258,65.12
12,"2024-12-13 19:00:00+00:00",0,19,37.695,65.12
12,"2024-12-13 19:30:00+00:00",0,19.5,32.655,65.12
12,"2024-12-13 20:00:00+00:00",0,20,31.878,65.12
12,"2024-12-13 20:30:00+00:00",0,20.5,27.825,65.12
12,"2024-12-13 21:00:00+00:00",0,21,28.497,65.12
12,"2024-12-13 21:30:00+00:00",0,21.5,25.725,65.12
12,"2024-12-13 22:00:00+00:00",0,22,25.095,65.12
12,"2024-12-13 22:30:00+00:00",0,22.5,20.769,65.12
12,"2024-12-13 23:00:00+00:00",0,23,22.218,65.12
12,"2024-12-13 23:30:00+00:00",0,23.5,23.31,65.12
12,"2024-12-14 00:00:00+00:00",1,0,23.0685,65.12
12,"2024-12-14 00:30:00+00:00",1,0.5,26.565,65.12
12,"2024-12-14 01:00:00+00:00",1,1,22.5015,65.12
12,"2024-12-14 01:30:00+00:00",1,1.5,19.32,65.12
12,"2024-12-14 02:00:00+00:00",1,2,20.16,65.12
12,"2024-12-14 02:30:00+00:00",1,2.5,18.5955,65.12
12,"2024-12-14 03:00:00+00:00",1,3,18.5955,65.12
12,"2024-12-14 03:30:00+00:00",1,3.5,18.4485,65.12
12,"2024-12-14 04:00:00+00:00",1,4,18.5955,65.12
12,"2024-12-14 04:30:00+00:00",1,4.5,18.5955,65.12
12,"2024-12-14 05:00:00+00:00",1,5,18.5955,65.12
12,"2024-12-14 05:30:00+00:00",1,5.5,18.5955,65.12
12,"2024-12-14 06:00:00+00:00",1,6,19.446,65.12
12,"2024-12-14 06:30:00+00:00",1,6.5,20.0445,65.12
12,"2024-12-14 07:00:00+00:00",1,7,20.643,65.12
12,"2024-12-14 07:30:00+00:00",1,7.5,25.3575,65.12
12,"2024-12-14 08:00:00+00:00",1,8,20.0445,65.12
12,"2024-12-14 08:30:00+00:00",1,8.5,28.2555,65.12
12,"2024-12-14 09:00:00+00:00",1,9,26.3235,65.12
12,"2024-12-14 09:30:00+00:00",1,9.5,27.4365,65.12
12,"2024-12-14 10:00:00+00:00",1,10,25.893,65.12
12,"2024-12-14 10:30:00+00:00",1,10.5,23.2785,65.12
12,"2024-12-14 11:00:00+00:00",1,11,23.9085,65.12
12,"2024-12-14 11:30:00+00:00",1,11.5,20.16,65.12
12,"2024-12-14 12:00:00+00:00",1,12,19.8975,65.12
12,"2024-12-14 12:30:00+00:00",1,12.5,21.1365,65.12
12,"2024-12-14 13:00:00+00:00",1,13,20.853,65.12
12,"2024-12-14 13:30:00+00:00",1,13.5,19.803,65.12
12,"2024-12-14 14:00:00+00:00",1,14,21.189,65.12
12,"2024-12-14 14:30:00+00:00",1,14.5,20.958,65.12
12,"2024-12-14 15:00:00+00:00",1,15,20.0655,65.12
12,"2024-12-14 15:30:00+00:00",1,15.5,23.5515,65.12
12,"2024-12-14 16:00:00+00:00",1,16,35.4585,65.12
12,"2024-12-14 16:30:00+00:00",1,16.5,39.06,65.12
12,"2024-12-14 17:00:00+00:00",1,17,38.598,65.12
12,"2024-12-14 17:30:00+00:00",1,17.5,38.598,65.12
12,"2024-12-14 18:00:00+00:00",1,18,38.7135,65.12
12,"2024-12-14 18:30:00+00:00",1,18.5,32.319,65.12
12,"2024-12-14 19:00:00+00:00",1,19,21.924,65.12
12,"2024-12-14 19:30:00+00:00",1,19.5,19.572,65.12
12,"2024-12-14 20:00:00+00:00",1,20,22.701,65.12
12,"2024-12-14 20:30:00+00:00",1,20.5,21.252,65.12
12,"2024-12-14 21:00:00+00:00",1,21,22.701,65.12
12,"2024-12-14 21:30:00+00:00",1,21.5,21.735,65.12
12,"2024-12-14 22:00:00+00:00",1,22,21.4935,65.12
12,"2024-12-14 22:30:00+00:00",1,22.5,18.963,65.12
12,"2024-12-14 23:00:00+00:00",1,23,16.884,65.12
12,"2024-12-14 23:30:00+00:00",1,23.5,16.065,65.12
12,"2024-12-15 00:00:00+00:00",1,0,12.075,65.12
12,"2024-12-15 00:30:00+00:00",1,0.5,16.569,65.12
12,"2024-12-15 01:00:00+00:00",1,1,13.7655,65.12
12,"2024-12-15 01:30:00+00:00",1,1.5,6.5205,65.12
12,"2024-12-15 02:00:00+00:00",1,2,15.2145,65.12
12,"2024-12-15 02:30:00+00:00",1,2.5,8.3895,65.12
12,"2024-12-15 03:00:00+00:00",1,3,9.66,65.12
12,"2024-12-15 03:30:00+00:00",1,3.5,8.211,65.12
12,"2024-12-15 04:00:00+00:00",1,4,9.3975,65.12
12,"2024-12-15 04:30:00+00:00",1,4.5,7.5075,65.12
12,"2024-12-15 05:00:00+00:00",1,5,7.728,65.12
12,"2024-12-15 05:30:00+00:00",1,5.5,8.232,65.12
12,"2024-12-15 06:00:00+00:00",1,6,8.4525,65.12
12,"2024-12-15 06:30:00+00:00",1,6.5,10.8675,65.12
12,"2024-12-15 07:00:00+00:00",1,7,11.592,65.12
12,"2024-12-15 07:30:00+00:00",1,7.5,14.2695,65.12
12,"2024-12-15 08:00:00+00:00",1,8,9.66,65.12
12,"2024-12-15 08:30:00+00:00",1,8.5,15.099,65.12
12,"2024-12-15 09:00:00+00:00",1,9,9.66,65.12
12,"2024-12-15 09:30:00+00:00",1,9.5,14.658,65.12
12,"2024-12-15 10:00:00+00:00",1,10,11.1615,65.12
12,"2024-12-15 10:30:00+00:00",1,10.5,13.335,65.12
12,"2024-12-15 11:00:00+00:00",1,11,12.9465,65.12
12,"2024-12-15 11:30:00+00:00",1,11.5,12.432,65.12
12,"2024-12-15 12:00:00+00:00",1,12,11.0145,65.12
12,"2024-12-15 12:30:00+00:00",1,12.5,13.524,65.12
12,"2024-12-15 13:00:00+00:00",1,13,13.041,65.12
12,"2024-12-15 13:30:00+00:00",1,13.5,12.558,65.12
12,"2024-12-15 14:00:00+00:00",1,14,11.592,65.12
12,"2024-12-15 14:30:00+00:00",1,14.5,11.592,65.12
12,"2024-12-15 15:00:00+00:00",1,15,15.2145,65.12
12,"2024-12-15 15:30:00+00:00",1,15.5,18.7635,65.12
12,"2024-12-15 16:00:00+00:00",1,16,32.0775,65.12
12,"2024-12-15 16:30:00+00:00",1,16.5,34.9755,65.12
12,"2024-12-15 17:00:00+00:00",1,17,34.3875,65.12
12,"2024-12-15 17:30:00+00:00",1,17.5,35.4795,65.12
12,"2024-12-15 18:00:00+00:00",1,18,33.5265,65.12
12,"2024-12-15 18:30:00+00:00",1,18.5,31.1115,65.12
12,"2024-12-15 19:00:00+00:00",1,19,19.1835,65.12
12,"2024-12-15 19:30:00+00:00",1,19.5,13.524,65.12
12,"2024-12-15 20:00:00+00:00",1,20,18.837,65.12
12,"2024-12-15 20:30:00+00:00",1,20.5,9.66,65.12
12,"2024-12-15 21:00:00+00:00",1,21,15.582,65.12
12,"2024-12-15 21:30:00+00:00",1,21.5,6.0375,65.12
12,"2024-12-15 22:00:00+00:00",1,22,12.432,65.12
12,"2024-12-15 22:30:00+00:00",1,22.5,0,65.12
12,"2024-12-15 23:00:00+00:00",1,23,3.381,65.12
12,"2024-12-15 23:30:00+00:00",1,23.5,1.7535,65.12
12,"2024-12-16 00:00:00+00:00",0,0,0.2415,65.12
12,"2024-12-16 00:30:00+00:00",0,0.5,3.381,65.12
12,"2024-12-16 01:00:00+00:00",0,1,0.2415,65.12
12,"2024-12-16 01:30:00+00:00",0,1.5,0.147,65.12
12,"2024-12-16 02:00:00+00:00",0,2,0.2415,65.12
12,"2024-12-16 02:30:00+00:00",0,2.5,-0.4935,65.12
12,"2024-12-16 03:00:00+00:00",0,3,0.2415,65.12
12,"2024-12-16 03:30:00+00:00",0,3.5,0.1155,65.12
12,"2024-12-16 04:00:00+00:00",0,4,0.2415,65.12
12,"2024-12-16 04:30:00+00:00",0,4.5,0.2415,65.12
12,"2024-12-16 05:00:00+00:00",0,5,-0.6615,65.12
12,"2024-12-16 05:30:00+00:00",0,5.5,4.9875,65.12
12,"2024-12-16 06:00:00+00:00",0,6,13.7655,65.12
12,"2024-12-16 06:30:00+00:00",0,6.5,18.144,65.12
12,"2024-12-16 07:00:00+00:00",0,7,18.9315,65.12
12,"2024-12-16 07:30:00+00:00",0,7.5,24.3915,65.12
12,"2024-12-16 08:00:00+00:00",0,8,23.436,65.12
12,"2024-12-16 08:30:00+00:00",0,8.5,24.15,65.12
12,"2024-12-16 09:00:00+00:00",0,9,23.226,65.12
12,"2024-12-16 09:30:00+00:00",0,9.5,22.911,65.12
12,"2024-12-16 10:00:00+00:00",0,10,20.58,65.12
12,"2024-12-16 10:30:00+00:00",0,10.5,20.58,65.12
12,"2024-12-16 11:00:00+00:00",0,11,20.5485,65.12
12,"2024-12-16 11:30:00+00:00",0,11.5,19.152,65.12
12,"2024-12-16 12:00:00+00:00",0,12,18.858,65.12
12,"2024-12-16 12:30:00+00:00",0,12.5,18.963,65.12
12,"2024-12-16 13:00:00+00:00",0,13,18.6165,65.12
12,"2024-12-16 13:30:00+00:00",0,13.5,18.102,65.12
12,"2024-12-16 14:00:00+00:00",0,14,20.8005,65.12
12,"2024-12-16 14:30:00+00:00",0,14.5,19.32,65.12
12,"2024-12-16 15:00:00+00:00",0,15,17.388,65.12
12,"2024-12-16 15:30:00+00:00",0,15.5,21.252,65.12
12,"2024-12-16 16:00:00+00:00",0,16,33.096,65.12
12,"2024-12-16 16:30:00+00:00",0,16.5,38.598,65.12
12,"2024-12-16 17:00:00+00:00",0,17,37.3695,65.12
12,"2024-12-16 17:30:00+00:00",0,17.5,37.044,65.12
12,"2024-12-16 18:00:00+00:00",0,18,36.666,65.12
12,"2024-12-16 18:30:00+00:00",0,18.5,35.343,65.12
12,"2024-12-16 19:00:00+00:00",0,19,23.4255,65.12
12,"2024-12-16 19:30:00+00:00",0,19.5,18.837,65.12
12,"2024-12-16 20:00:00+00:00",0,20,23.184,65.12
12,"2024-12-16 20:30:00+00:00",0,20.5,22.218,65.12
12,"2024-12-16 21:00:00+00:00",0,21,26.3235,65.12
12,"2024-12-16 21:30:00+00:00",0,21.5,19.7505,65.12
12,"2024-12-16 22:00:00+00:00",0,22,19.803,65.12
12,"2024-12-16 22:30:00+00:00",0,22.5,17.388,65.12
12,"2024-12-16 23:00:00+00:00",0,23,13.167,65.12
12,"2024-12-16 23:30:00+00:00",0,23.5,13.7865,65.12
12,"2024-12-17 00:00:00+00:00",0,0,10.626,65.12
12,"2024-12-17 00:30:00+00:00",0,0.5,16.0965,65.12
12,"2024-12-17 01:00:00+00:00",0,1,15.33,65.12
12,"2024-12-17 01:30:00+00:00",0,1.5,12.243,65.12
12,"2024-12-17 02:00:00+00:00",0,2,14.973,65.12
12,"2024-12-17 02:30:00+00:00",0,2.5,14.973,65.12
12,"2024-12-17 03:00:00+00:00",0,3,15.141,65.12
12,"2024-12-17 03:30:00+00:00",0,3.5,14.7315,65.12
12,"2024-12-17 04:00:00+00:00",0,4,15.6975,65.12
12,"2024-12-17 04:30:00+00:00",0,4.5,12.558,65.12
12,"2024-12-17 05:00:00+00:00",0,5,19.5615,65.12
12,"2024-12-17 05:30:00+00:00",0,5.5,18.291,65.12
12,"2024-12-17 06:00:00+00:00",0,6,22.554,65.12
12,"2024-12-17 06:30:00+00:00",0,6.5,21.4935,65.12
12,"2024-12-17 07:00:00+00:00",0,7,20.412,65.12
12,"2024-12-17 07:30:00+00:00",0,7.5,25.725,65.12
12,"2024-12-17 08:00:00+00:00",0,8,22.9635,65.12
12,"2024-12-17 08:30:00+00:00",0,8.5,23.856,65.12
12,"2024-12-17 09:00:00+00:00",0,9,23.4255,65.12
12,"2024-12-17 09:30:00+00:00",0,9.5,22.4595,65.12
12,"2024-12-17 10:00:00+00:00",0,10,22.4595,65.12
12,"2024-12-17 10:30:00+00:00",0,10.5,21.0105,65.12
12,"2024-12-17 11:00:00+00:00",0,11,22.4595,65.12
12,"2024-12-17 11:30:00+00:00",0,11.5,20.769,65.12
12,"2024-12-17 12:00:00+00:00",0,12,21.735,65.12
12,"2024-12-17 12:30:00+00:00",0,12.5,20.916,65.12
12,"2024-12-17 13:00:00+00:00",0,13,22.4595,65.12
12,"2024-12-17 13:30:00+00:00",0,13.5,20.748,65.12
12,"2024-12-17 14:00:00+00:00",0,14,21.735,65.12
12,"2024-12-17 14:30:00+00:00",0,14.5,21.2835,65.12
12,"2024-12-17 15:00:00+00:00",0,15,20.643,65.12
12,"2024-12-17 15:30:00+00:00",0,15.5,22.554,65.12
12,"2024-12-17 16:00:00+00:00",0,16,32.928,65.12
12,"2024-12-17 16:30:00+00:00",0,16.5,35.9415,65.12
12,"2024-12-17 17:00:00+00:00",0,17,34.314,65.12
12,"2024-12-17 17:30:00+00:00",0,17.5,34.314,65.12
12,"2024-12-17 18:00:00+00:00",0,18,31.4685,65.12
12,"2024-12-17 18:30:00+00:00",0,18.5,31.3425,65.12
12,"2024-12-17 19:00:00+00:00",0,19,19.32,65.12
12,"2024-12-17 19:30:00+00:00",0,19.5,20.5275,65.12
12,"2024-12-17 20:00:00+00:00",0,20,20.0445,65.12
12,"2024-12-17 20:30:00+00:00",0,20.5,19.32,65.12
12,"2024-12-17 21:00:00+00:00",0,21,19.32,65.12
12,"2024-12-17 21:30:00+00:00",0,21.5,14.5425,65.12
12,"2024-12-17 22:00:00+00:00",0,22,16.4955,65.12
12,"2024-12-17 22:30:00+00:00",0,22.5,12.3165,65.12
12,"2024-12-17 23:00:00+00:00",0,23,9.9015,65.12
12,"2024-12-17 23:30:00+00:00",0,23.5,6.4995,65.12
12,"2024-12-18 00:00:00+00:00",0,0,5.985,65.12
12,"2024-12-18 00:30:00+00:00",0,0.5,10.7205,65.12
12,"2024-12-18 01:00:00+00:00",0,1,4.7775,65.12
12,"2024-12-18 01:30:00+00:00",0,1.5,1.785,65.12
12,"2024-12-18 02:00:00+00:00",0,2,3.864,65.12
12,"2024-12-18 02:30:00+00:00",0,2.5,2.415,65.12
12,"2024-12-18 03:00:00+00:00",0,3,1.596,65.12
12,"2024-12-18 03:30:00+00:00",0,3.5,1.575,65.12
12,"2024-12-18 04:00:00+00:00",0,4,1.953,65.12
12,"2024-12-18 04:30:00+00:00",0,4.5,0.9975,65.12
12,"2024-12-18 05:00:00+00:00",0,5,2.289,65.12
12,"2024-12-18 05:30:00+00:00",0,5.5,5.019,65.12
12,"2024-12-18 06:00:00+00:00",0,6,7.728,65.12
12,"2024-12-18 06:30:00+00:00",0,6.5,16.6215,65.12
12,"2024-12-18 07:00:00+00:00",0,7,12.684,65.12
12,"2024-12-18 07:30:00+00:00",0,7.5,19.95,65.12
12,"2024-12-18 08:00:00+00:00",0,8,14.679,65.12
12,"2024-12-18 08:30:00+00:00",0,8.5,16.6845,65.12
12,"2024-12-18 09:00:00+00:00",0,9,16.401,65.12
12,"2024-12-18 09:30:00+00:00",0,9.5,16.6845,65.12
12,"2024-12-18 10:00:00+00:00",0,10,17.031,65.12
12,"2024-12-18 10:30:00+00:00",0,10.5,16.233,65.12
12,"2024-12-18 11:00:00+00:00",0,11,16.0335,65.12
12,"2024-12-18 11:30:00+00:00",0,11.5,14.973,65.12
12,"2024-12-18 12:00:00+00:00",0,12,16.1805,65.12
12,"2024-12-18 12:30:00+00:00",0,12.5,17.577,65.12
12,"2024-12-18 13:00:00+00:00",0,13,18.9315,65.12
12,"2024-12-18 13:30:00+00:00",0,13.5,20.244,65.12
12,"2024-12-18 14:00:00+00:00",0,14,21.735,65.12
12,"2024-12-18 14:30:00+00:00",0,14.5,21.861,65.12
12,"2024-12-18 15:00:00+00:00",0,15,20.3595,65.12
12,"2024-12-18 15:30:00+00:00",0,15.5,20.4855,65.12
12,"2024-12-18 16:00:00+00:00",0,16,31.794,65.12
12,"2024-12-18 16:30:00+00:00",0,16.5,35.9415,65.12
12,"2024-12-18 17:00:00+00:00",0,17,36.645,65.12
12,"2024-12-18 17:30:00+00:00",0,17.5,36.9075,65.12
12,"2024-12-18 18:00:00+00:00",0,18,36.9075,65.12
12,"2024-12-18 18:30:00+00:00",0,18.5,36.9075,65.12
12,"2024-12-18 19:00:00+00:00",0,19,26.6385,65.12
12,"2024-12-18 19:30:00+00:00",0,19.5,24.675,65.12
12,"2024-12-18 20:00:00+00:00",0,20,22.827,65.12
12,"2024-12-18 20:30:00+00:00",0,20.5,20.9895,65.12
12,"2024-12-18 21:00:00+00:00",0,21,21.756,65.12
12,"2024-12-18 21:30:00+00:00",0,21.5,20.0865,65.12
12,"2024-12-18 22:00:00+00:00",0,22,20.5065,65.12
12,"2024-12-18 22:30:00+00:00",0,22.5,17.7765,65.12
12,"2024-12-18 23:00:00+00:00",0,23,6.615,65.12
12,"2024-12-18 23:30:00+00:00",0,23.5,6.132,65.12
12,"2024-12-19 00:00:00+00:00",0,0,2.898,65.12
12,"2024-12-19 00:30:00+00:00",0,0.5,3.6855,65.12
12,"2024-12-19 01:00:00+00:00",0,1,3.6225,65.12
12,"2024-12-19 01:30:00+00:00",0,1.5,1.449,65.12
12,"2024-12-19 02:00:00+00:00",0,2,2.3205,65.12
12,"2024-12-19 02:30:00+00:00",0,2.5,0.777,65.12
12,"2024-12-19 03:00:00+00:00",0,3,2.541,65.12
12,"2024-12-19 03:30:00+00:00",0,3.5,1.512,65.12
12,"2024-12-19 04:00:00+00:00",0,4,2.541,65.12
12,"2024-12-19 04:30:00+00:00",0,4.5,2.1735,65.12
12,"2024-12-19 05:00:00+00:00",0,5,2.415,65.12
12,"2024-12-19 05:30:00+00:00",0,5.5,5.46,65.12
12,"2024-12-19 06:00:00+00:00",0,6,11.361,65.12
12,"2024-12-19 06:30:00+00:00",0,6.5,15.834,65.12
12,"2024-12-19 07:00:00+00:00",0,7,16.6635,65.12
12,"2024-12-19 07:30:00+00:00",0,7.5,21.1785,65.12
12,"2024-12-19 08:00:00+00:00",0,8,20.2335,65.12
12,"2024-12-19 08:30:00+00:00",0,8.5,19.803,65.12
12,"2024-12-19 09:00:00+00:00",0,9,21.6405,65.12
12,"2024-12-19 09:30:00+00:00",0,9.5,19.551,65.12
12,"2024-12-19 10:00:00+00:00",0,10,19.8555,65.12
12,"2024-12-19 10:30:00+00:00",0,10.5,19.32,65.12
12,"2024-12-19 11:00:00+00:00",0,11,18.669,65.12
12,"2024-12-19 11:30:00+00:00",0,11.5,17.451,65.12
12,"2024-12-19 12:00:00+00:00",0,12,18.165,65.12
12,"2024-12-19 12:30:00+00:00",0,12.5,18.1125,65.12
12,"2024-12-19 13:00:00+00:00",0,13,19.551,65.12
12,"2024-12-19 13:30:00+00:00",0,13.5,18.9315,65.12
12,"2024-12-19 14:00:00+00:00",0,14,19.32,65.12
12,"2024-12-19 14:30:00+00:00",0,14.5,19.887,65.12
12,"2024-12-19 15:00:00+00:00",0,15,20.286,65.12
12,"2024-12-19 15:30:00+00:00",0,15.5,22.9215,65.12
12,"2024-12-19 16:00:00+00:00",0,16,33.957,65.12
12,"2024-12-19 16:30:00+00:00",0,16.5,37.632,65.12
12,"2024-12-19 17:00:00+00:00",0,17,35.8575,65.12
12,"2024-12-19 17:30:00+00:00",0,17.5,35.889,65.12
12,"2024-12-19 18:00:00+00:00",0,18,35.3115,65.12
12,"2024-12-19 18:30:00+00:00",0,18.5,33.684,65.12
12,"2024-12-19 19:00:00+00:00",0,19,24.633,65.12
12,"2024-12-19 19:30:00+00:00",0,19.5,23.184,65.12
12,"2024-12-19 20:00:00+00:00",0,20,22.701,65.12
12,"2024-12-19 20:30:00+00:00",0,20.5,21.252,65.12
12,"2024-12-19 21:00:00+00:00",0,21,21.3465,65.12
12,"2024-12-19 21:30:00+00:00",0,21.5,21.252,65.12
12,"2024-12-19 22:00:00+00:00",0,22,19.929,65.12
12,"2024-12-19 22:30:00+00:00",0,22.5,19.32,65.12
12,"2024-12-19 23:00:00+00:00",0,23,18.291,65.12
12,"2024-12-19 23:30:00+00:00",0,23.5,12.075,65.12
12,"2024-12-20 00:00:00+00:00",0,0,9.6705,65.12
12,"2024-12-20 00:30:00+00:00",0,0.5,17.6295,65.12
12,"2024-12-20 01:00:00+00:00",0,1,14.007,65.12
12,"2024-12-20 01:30:00+00:00",0,1.5,9.786,65.12
12,"2024-12-20 02:00:00+00:00",0,2,7.728,65.12
12,"2024-12-20 02:30:00+00:00",0,2.5,4.0425,65.12
12,"2024-12-20 03:00:00+00:00",0,3,6.4995,65.12
12,"2024-12-20 03:30:00+00:00",0,3.5,4.3995,65.12
12,"2024-12-20 04:00:00+00:00",0,4,9.5655,65.12
12,"2024-12-20 04:30:00+00:00",0,4.5,6.9195,65.12
12,"2024-12-20 05:00:00+00:00",0,5,12.075,65.12
12,"2024-12-20 05:30:00+00:00",0,5.5,13.104,65.12
12,"2024-12-20 06:00:00+00:00",0,6,21.4935,65.12
12,"2024-12-20 06:30:00+00:00",0,6.5,22.1445,65.12
12,"2024-12-20 07:00:00+00:00",0,7,21.735,65.12
12,"2024-12-20 07:30:00+00:00",0,7.5,24.129,65.12
12,"2024-12-20 08:00:00+00:00",0,8,22.9425,65.12
12,"2024-12-20 08:30:00+00:00",0,8.5,24.129,65.12
12,"2024-12-20 09:00:00+00:00",0,9,23.9085,65.12
12,"2024-12-20 09:30:00+00:00",0,9.5,23.184,65.12
12,"2024-12-20 10:00:00+00:00",0,10,21.378,65.12
12,"2024-12-20 10:30:00+00:00",0,10.5,20.412,65.12
12,"2024-12-20 11:00:00+00:00",0,11,20.0865,65.12
12,"2024-12-20 11:30:00+00:00",0,11.5,19.194,65.12
12,"2024-12-20 12:00:00+00:00",0,12,20.7795,65.12
12,"2024-12-20 12:30:00+00:00",0,12.5,20.286,65.12
12,"2024-12-20 13:00:00+00:00",0,13,19.5405,65.12
12,"2024-12-20 13:30:00+00:00",0,13.5,19.32,65.12
12,"2024-12-20 14:00:00+00:00",0,14,20.937,65.12
12,"2024-12-20 14:30:00+00:00",0,14.5,20.9895,65.12
12,"2024-12-20 15:00:00+00:00",0,15,20.3595,65.12
12,"2024-12-20 15:30:00+00:00",0,15.5,22.9425,65.12
12,"2024-12-20 16:00:00+00:00",0,16,32.802,65.12
12,"2024-12-20 16:30:00+00:00",0,16.5,37.044,65.12
12,"2024-12-20 17:00:00+00:00",0,17,35.4585,65.12
12,"2024-12-20 17:30:00+00:00",0,17.5,35.4795,65.12
12,"2024-12-20 18:00:00+00:00",0,18,36.183,65.12
12,"2024-12-20 18:30:00+00:00",0,18.5,33.5265,65.12
12,"2024-12-20 19:00:00+00:00",0,19,21.252,65.12
12,"2024-12-20 19:30:00+00:00",0,19.5,20.5275,65.12
12,"2024-12-20 20:00:00+00:00",0,20,21.6825,65.12
12,"2024-12-20 20:30:00+00:00",0,20.5,20.6535,65.12
12,"2024-12-20 21:00:00+00:00",0,21,20.0445,65.12
12,"2024-12-20 21:30:00+00:00",0,21.5,15.6975,65.12
12,"2024-12-20 22:00:00+00:00",0,22,14.2695,65.12
12,"2024-12-20 22:30:00+00:00",0,22.5,9.492,65.12
12,"2024-12-20 23:00:00+00:00",0,23,9.177,65.12
12,"2024-12-20 23:30:00+00:00",0,23.5,4.83,65.12
12,"2024-12-21 00:00:00+00:00",1,0,0.7245,65.12
12,"2024-12-21 00:30:00+00:00",1,0.5,5.796,65.12
12,"2024-12-21 01:00:00+00:00",1,1,5.019,65.12
12,"2024-12-21 01:30:00+00:00",1,1.5,-0.609,65.12
12,"2024-12-21 02:00:00+00:00",1,2,4.032,65.12
12,"2024-12-21 02:30:00+00:00",1,2.5,-0.168,65.12
12,"2024-12-21 03:00:00+00:00",1,3,3.6225,65.12
12,"2024-12-21 03:30:00+00:00",1,3.5,0.798,65.12
12,"2024-12-21 04:00:00+00:00",1,4,3.864,65.12
12,"2024-12-21 04:30:00+00:00",1,4.5,2.415,65.12
12,"2024-12-21 05:00:00+00:00",1,5,2.415,65.12
12,"2024-12-21 05:30:00+00:00",1,5.5,1.5435,65.12
12,"2024-12-21 06:00:00+00:00",1,6,0.7245,65.12
12,"2024-12-21 06:30:00+00:00",1,6.5,2.898,65.12
12,"2024-12-21 07:00:00+00:00",1,7,0.966,65.12
12,"2024-12-21 07:30:00+00:00",1,7.5,5.3235,65.12
12,"2024-12-21 08:00:00+00:00",1,8,4.1055,65.12
12,"2024-12-21 08:30:00+00:00",1,8.5,10.5,65.12
12,"2024-12-21 09:00:00+00:00",1,9,4.8615,65.12
12,"2024-12-21 09:30:00+00:00",1,9.5,8.757,65.12
12,"2024-12-21 10:00:00+00:00",1,10,7.728,65.12
12,"2024-12-21 10:30:00+00:00",1,10.5,7.602,65.12
12,"2024-12-21 11:00:00+00:00",1,11,7.728,65.12
12,"2024-12-21 11:30:00+00:00",1,11.5,5.922,65.12
12,"2024-12-21 12:00:00+00:00",1,12,6.5205,65.12
12,"2024-12-21 12:30:00+00:00",1,12.5,7.245,65.12
12,"2024-12-21 13:00:00+00:00",1,13,6.951,65.12
12,"2024-12-21 13:30:00+00:00",1,13.5,5.796,65.12
12,"2024-12-21 14:00:00+00:00",1,14,7.224,65.12
12,"2024-12-21 14:30:00+00:00",1,14.5,7.119,65.12
12,"2024-12-21 15:00:00+00:00",1,15,7.6335,65.12
12,"2024-12-21 15:30:00+00:00",1,15.5,8.1165,65.12
12,"2024-12-21 16:00:00+00:00",1,16,21.21,65.12
12,"2024-12-21 16:30:00+00:00",1,16.5,26.04,65.12
12,"2024-12-21 17:00:00+00:00",1,17,24.948,65.12
12,"2024-12-21 17:30:00+00:00",1,17.5,27.006,65.12
12,"2024-12-21 18:00:00+00:00",1,18,25.7145,65.12
12,"2024-12-21 18:30:00+00:00",1,18.5,21.1155,65.12
12,"2024-12-21 19:00:00+00:00",1,19,9.66,65.12
12,"2024-12-21 19:30:00+00:00",1,19.5,6.573,65.12
12,"2024-12-21 20:00:00+00:00",1,20,3.864,65.12
12,"2024-12-21 20:30:00+00:00",1,20.5,1.932,65.12
12,"2024-12-21 21:00:00+00:00",1,21,5.397,65.12
12,"2024-12-21 21:30:00+00:00",1,21.5,1.2075,65.12
12,"2024-12-21 22:00:00+00:00",1,22,3.4335,65.12
12,"2024-12-21 22:30:00+00:00",1,22.5,-0.3885,65.12
12,"2024-12-21 23:00:00+00:00",1,23,4.347,65.12
12,"2024-12-21 23:30:00+00:00",1,23.5,0.966,65.12
12,"2024-12-22 00:00:00+00:00",1,0,-1.2075,65.12
12,"2024-12-22 00:30:00+00:00",1,0.5,0.2625,65.12
12,"2024-12-22 01:00:00+00:00",1,1,-0.9555,65.12
12,"2024-12-22 01:30:00+00:00",1,1.5,-1.596,65.12
12,"2024-12-22 02:00:00+00:00",1,2,-0.4305,65.12
12,"2024-12-22 02:30:00+00:00",1,2.5,-0.9975,65.12
12,"2024-12-22 03:00:00+00:00",1,3,-0.9765,65.12
12,"2024-12-22 03:30:00+00:00",1,3.5,-0.9765,65.12
12,"2024-12-22 04:00:00+00:00",1,4,-0.3045,65.12
12,"2024-12-22 04:30:00+00:00",1,4.5,-0.9975,65.12
12,"2024-12-22 05:00:00+00:00",1,5,-0.315,65.12
12,"2024-12-22 05:30:00+00:00",1,5.5,-0.2415,65.12
12,"2024-12-22 06:00:00+00:00",1,6,-0.609,65.12
12,"2024-12-22 06:30:00+00:00",1,6.5,0.609,65.12
12,"2024-12-22 07:00:00+00:00",1,7,-0.3885,65.12
12,"2024-12-22 07:30:00+00:00",1,7.5,0.9555,65.12
12,"2024-12-22 08:00:00+00:00",1,8,1.0185,65.12
12,"2024-12-22 08:30:00+00:00",1,8.5,5.796,65.12
12,"2024-12-22 09:00:00+00:00",1,9,4.8615,65.12
12,"2024-12-22 09:30:00+00:00",1,9.5,9.429,65.12
12,"2024-12-22 10:00:00+00:00",1,10,3.255,65.12
12,"2024-12-22 10:30:00+00:00",1,10.5,3.507,65.12
12,"2024-12-22 11:00:00+00:00",1,11,3.4755,65.12
12,"2024-12-22 11:30:00+00:00",1,11.5,3.381,65.12
12,"2024-12-22 12:00:00+00:00",1,12,2.6565,65.12
12,"2024-12-22 12:30:00+00:00",1,12.5,3.9585,65.12
12,"2024-12-22 13:00:00+00:00",1,13,4.5045,65.12
12,"2024-12-22 13:30:00+00:00",1,13.5,5.313,65.12
12,"2024-12-22 14:00:00+00:00",1,14,7.56,65.12
12,"2024-12-22 14:30:00+00:00",1,14.5,10.626,65.12
12,"2024-12-22 15:00:00+00:00",1,15,9.66,65.12
12,"2024-12-22 15:30:00+00:00",1,15.5,11.592,65.12
12,"2024-12-22 16:00:00+00:00",1,16,22.974,65.12
12,"2024-12-22 16:30:00+00:00",1,16.5,30.8385,65.12
12,"2024-12-22 17:00:00+00:00",1,17,31.353,65.12
12,"2024-12-22 17:30:00+00:00",1,17.5,28.623,65.12
12,"2024-12-22 18:00:00+00:00",1,18,28.623,65.12
12,"2024-12-22 18:30:00+00:00",1,18.5,23.8665,65.12
12,"2024-12-22 19:00:00+00:00",1,19,16.422,65.12
12,"2024-12-22 19:30:00+00:00",1,19.5,12.075,65.12
12,"2024-12-22 20:00:00+00:00",1,20,16.422,65.12
12,"2024-12-22 20:30:00+00:00",1,20.5,10.626,65.12
12,"2024-12-22 21:00:00+00:00",1,21,14.175,65.12
12,"2024-12-22 21:30:00+00:00",1,21.5,7.56,65.12
12,"2024-12-22 22:00:00+00:00",1,22,8.694,65.12
12,"2024-12-22 22:30:00+00:00",1,22.5,4.83,65.12
12,"2024-12-22 23:00:00+00:00",1,23,11.592,65.12
12,"2024-12-22 23:30:00+00:00",1,23.5,5.796,65.12
12,"2024-12-23 00:00:00+00:00",0,0,2.1735,65.12
12,"2024-12-23 00:30:00+00:00",0,0.5,9.66,65.12
12,"2024-12-23 01:00:00+00:00",0,1,4.83,65.12
12,"2024-12-23 01:30:00+00:00",0,1.5,3.087,65.12
12,"2024-12-23 02:00:00+00:00",0,2,6.132,65.12
12,"2024-12-23 02:30:00+00:00",0,2.5,5.796,65.12
12,"2024-12-23 03:00:00+00:00",0,3,0.7245,65.12
12,"2024-12-23 03:30:00+00:00",0,3.5,0,65.12
12,"2024-12-23 04:00:00+00:00",0,4,1.239,65.12
12,"2024-12-23 04:30:00+00:00",0,4.5,2.058,65.12
12,"2024-12-23 05:00:00+00:00",0,5,2.1735,65.12
12,"2024-12-23 05:30:00+00:00",0,5.5,7.2135,65.12
12,"2024-12-23 06:00:00+00:00",0,6,6.3,65.12
12,"2024-12-23 06:30:00+00:00",0,6.5,16.422,65.12
12,"2024-12-23 07:00:00+00:00",0,7,19.677,65.12
12,"2024-12-23 07:30:00+00:00",0,7.5,24.15,65.12
12,"2024-12-23 08:00:00+00:00",0,8,23.331,65.12
12,"2024-12-23 08:30:00+00:00",0,8.5,23.31,65.12
12,"2024-12-23 09:00:00+00:00",0,9,23.667,65.12
12,"2024-12-23 09:30:00+00:00",0,9.5,23.5935,65.12
12,"2024-12-23 10:00:00+00:00",0,10,23.058,65.12
12,"2024-12-23 10:30:00+00:00",0,10.5,22.9425,65.12
12,"2024-12-23 11:00:00+00:00",0,11,23.184,65.12
12,"2024-12-23 11:30:00+00:00",0,11.5,22.9425,65.12
12,"2024-12-23 12:00:00+00:00",0,12,22.9425,65.12
12,"2024-12-23 12:30:00+00:00",0,12.5,22.995,65.12
12,"2024-12-23 13:00:00+00:00",0,13,22.9425,65.12
12,"2024-12-23 13:30:00+00:00",0,13.5,21.735,65.12
12,"2024-12-23 14:00:00+00:00",0,14,19.803,65.12
12,"2024-12-23 14:30:00+00:00",0,14.5,20.9055,65.12
12,"2024-12-23 15:00:00+00:00",0,15,20.475,65.12
12,"2024-12-23 15:30:00+00:00",0,15.5,24.444,65.12
12,"2024-12-23 16:00:00+00:00",0,16,35.868,65.12
12,"2024-12-23 16:30:00+00:00",0,16.5,40.047,65.12
12,"2024-12-23 17:00:00+00:00",0,17,39.7845,65.12
12,"2024-12-23 17:30:00+00:00",0,17.5,39.8055,65.12
12,"2024-12-23 18:00:00+00:00",0,18,39.984,65.12
12,"2024-12-23 18:30:00+00:00",0,18.5,37.8735,65.12
12,"2024-12-23 19:00:00+00:00",0,19,25.62,65.12
12,"2024-12-23 19:30:00+00:00",0,19.5,25.0425,65.12
12,"2024-12-23 20:00:00+00:00",0,20,24.15,65.12
12,"2024-12-23 20:30:00+00:00",0,20.5,21.735,65.12
12,"2024-12-23 21:00:00+00:00",0,21,22.7745,65.12
12,"2024-12-23 21:30:00+00:00",0,21.5,21.4725,65.12
12,"2024-12-23 22:00:00+00:00",0,22,21.252,65.12
12,"2024-12-23 22:30:00+00:00",0,22.5,19.5405,65.12
12,"2024-12-23 23:00:00+00:00",0,23,19.32,65.12
12,"2024-12-23 23:30:00+00:00",0,23.5,16.1595,65.12
12,"2024-12-24 00:00:00+00:00",0,0,12.7785,65.12
12,"2024-12-24 00:30:00+00:00",0,0.5,17.535,65.12
12,"2024-12-24 01:00:00+00:00",0,1,16.485,65.12
12,"2024-12-24 01:30:00+00:00",0,1.5,12.558,65.12
12,"2024-12-24 02:00:00+00:00",0,2,15.2355,65.12
12,"2024-12-24 02:30:00+00:00",0,2.5,13.7445,65.12
12,"2024-12-24 03:00:00+00:00",0,3,17.808,65.12
12,"2024-12-24 03:30:00+00:00",0,3.5,13.9125,65.12
12,"2024-12-24 04:00:00+00:00",0,4,14.8785,65.12
12,"2024-12-24 04:30:00+00:00",0,4.5,14.49,65.12
12,"2024-12-24 05:00:00+00:00",0,5,15.456,65.12
12,"2024-12-24 05:30:00+00:00",0,5.5,16.422,65.12
12,"2024-12-24 06:00:00+00:00",0,6,19.4775,65.12
12,"2024-12-24 06:30:00+00:00",0,6.5,22.806,65.12
12,"2024-12-24 07:00:00+00:00",0,7,19.0785,65.12
12,"2024-12-24 07:30:00+00:00",0,7.5,23.9925,65.12
12,"2024-12-24 08:00:00+00:00",0,8,21.714,65.12
12,"2024-12-24 08:30:00+00:00",0,8.5,25.116,65.12
12,"2024-12-24 09:00:00+00:00",0,9,22.701,65.12
12,"2024-12-24 09:30:00+00:00",0,9.5,24.15,65.12
12,"2024-12-24 10:00:00+00:00",0,10,24.15,65.12
12,"2024-12-24 10:30:00+00:00",0,10.5,23.9085,65.12
12,"2024-12-24 11:00:00+00:00",0,11,23.373,65.12
12,"2024-12-24 11:30:00+00:00",0,11.5,22.512,65.12
12,"2024-12-24 12:00:00+00:00",0,12,21.798,65.12
12,"2024-12-24 12:30:00+00:00",0,12.5,23.982,65.12
12,"2024-12-24 13:00:00+00:00",0,13,22.6695,65.12
12,"2024-12-24 13:30:00+00:00",0,13.5,21.735,65.12
12,"2024-12-24 14:00:00+00:00",0,14,23.184,65.12
12,"2024-12-24 14:30:00+00:00",0,14.5,22.4595,65.12
12,"2024-12-24 15:00:00+00:00",0,15,23.478,65.12
12,"2024-12-24 15:30:00+00:00",0,15.5,26.0295,65.12
12,"2024-12-24 16:00:00+00:00",0,16,36.477,65.12
12,"2024-12-24 16:30:00+00:00",0,16.5,38.598,65.12
12,"2024-12-24 17:00:00+00:00",0,17,36.477,65.12
12,"2024-12-24 17:30:00+00:00",0,17.5,36.2775,65.12
12,"2024-12-24 18:00:00+00:00",0,18,35.7,65.12
12,"2024-12-24 18:30:00+00:00",0,18.5,34.335,65.12
12,"2024-12-24 19:00:00+00:00",0,19,23.4255,65.12
12,"2024-12-24 19:30:00+00:00",0,19.5,22.7955,65.12
12,"2024-12-24 20:00:00+00:00",0,20,22.4175,65.12
12,"2024-12-24 20:30:00+00:00",0,20.5,20.5275,65.12
12,"2024-12-24 21:00:00+00:00",0,21,23.4465,65.12
12,"2024-12-24 21:30:00+00:00",0,21.5,20.286,65.12
12,"2024-12-24 22:00:00+00:00",0,22,19.929,65.12
12,"2024-12-24 22:30:00+00:00",0,22.5,11.592,65.12
12,"2024-12-24 23:00:00+00:00",0,23,24.15,65.12
12,"2024-12-24 23:30:00+00:00",0,23.5,19.5615,65.12
12,"2024-12-25 00:00:00+00:00",0,0,17.1675,65.12
12,"2024-12-25 00:30:00+00:00",0,0.5,19.32,65.12
12,"2024-12-25 01:00:00+00:00",0,1,18.165,65.12
12,"2024-12-25 01:30:00+00:00",0,1.5,14.8785,65.12
12,"2024-12-25 02:00:00+00:00",0,2,16.296,65.12
12,"2024-12-25 02:30:00+00:00",0,2.5,14.133,65.12
12,"2024-12-25 03:00:00+00:00",0,3,17.388,65.12
12,"2024-12-25 03:30:00+00:00",0,3.5,13.944,65.12
12,"2024-12-25 04:00:00+00:00",0,4,14.7315,65.12
12,"2024-12-25 04:30:00+00:00",0,4.5,14.2485,65.12
12,"2024-12-25 05:00:00+00:00",0,5,14.238,65.12
12,"2024-12-25 05:30:00+00:00",0,5.5,14.133,65.12
12,"2024-12-25 06:00:00+00:00",0,6,14.616,65.12
12,"2024-12-25 06:30:00+00:00",0,6.5,21.0105,65.12
12,"2024-12-25 07:00:00+00:00",0,7,17.9445,65.12
12,"2024-12-25 07:30:00+00:00",0,7.5,24.129,65.12
12,"2024-12-25 08:00:00+00:00",0,8,19.299,65.12
12,"2024-12-25 08:30:00+00:00",0,8.5,23.9085,65.12
12,"2024-12-25 09:00:00+00:00",0,9,21.735,65.12
12,"2024-12-25 09:30:00+00:00",0,9.5,22.176,65.12
12,"2024-12-25 10:00:00+00:00",0,10,21.546,65.12
12,"2024-12-25 10:30:00+00:00",0,10.5,22.6065,65.12
12,"2024-12-25 11:00:00+00:00",0,11,21.252,65.12
12,"2024-12-25 11:30:00+00:00",0,11.5,24.255,65.12
12,"2024-12-25 12:00:00+00:00",0,12,24.654,65.12
12,"2024-12-25 12:30:00+00:00",0,12.5,25.3575,65.12
12,"2024-12-25 13:00:00+00:00",0,13,25.8405,65.12
12,"2024-12-25 13:30:00+00:00",0,13.5,25.599,65.12
12,"2024-12-25 14:00:00+00:00",0,14,24.759,65.12
12,"2024-12-25 14:30:00+00:00",0,14.5,23.8875,65.12
12,"2024-12-25 15:00:00+00:00",0,15,24.171,65.12
12,"2024-12-25 15:30:00+00:00",0,15.5,23.709,65.12
12,"2024-12-25 16:00:00+00:00",0,16,36.9495,65.12
12,"2024-12-25 16:30:00+00:00",0,16.5,34.734,65.12
12,"2024-12-25 17:00:00+00:00",0,17,36.9075,65.12
12,"2024-12-25 17:30:00+00:00",0,17.5,35.217,65.12
12,"2024-12-25 18:00:00+00:00",0,18,36.4665,65.12
12,"2024-12-25 18:30:00+00:00",0,18.5,35.9205,65.12
12,"2024-12-25 19:00:00+00:00",0,19,23.835,65.12
12,"2024-12-25 19:30:00+00:00",0,19.5,23.4255,65.12
12,"2024-12-25 20:00:00+00:00",0,20,22.1865,65.12
12,"2024-12-25 20:30:00+00:00",0,20.5,22.092,65.12
12,"2024-12-25 21:00:00+00:00",0,21,23.184,65.12
12,"2024-12-25 21:30:00+00:00",0,21.5,21.357,65.12
12,"2024-12-25 22:00:00+00:00",0,22,22.701,65.12
12,"2024-12-25 22:30:00+00:00",0,22.5,22.407,65.12
12,"2024-12-25 23:00:00+00:00",0,23,25.8405,65.12
12,"2024-12-25 23:30:00+00:00",0,23.5,22.7955,65.12
12,"2024-12-26 00:00:00+00:00",0,0,22.9425,65.12
12,"2024-12-26 00:30:00+00:00",0,0.5,24.15,65.12
12,"2024-12-26 01:00:00+00:00",0,1,23.7615,65.12
12,"2024-12-26 01:30:00+00:00",0,1.5,22.5225,65.12
12,"2024-12-26 02:00:00+00:00",0,2,23.373,65.12
12,"2024-12-26 02:30:00+00:00",0,2.5,21.462,65.12
12,"2024-12-26 03:00:00+00:00",0,3,20.769,65.12
12,"2024-12-26 03:30:00+00:00",0,3.5,20.097,65.12
12,"2024-12-26 04:00:00+00:00",0,4,21.567,65.12
12,"2024-12-26 04:30:00+00:00",0,4.5,21.3675,65.12
12,"2024-12-26 05:00:00+00:00",0,5,23.205,65.12
12,"2024-12-26 05:30:00+00:00",0,5.5,20.5275,65.12
12,"2024-12-26 06:00:00+00:00",0,6,22.6905,65.12
12,"2024-12-26 06:30:00+00:00",0,6.5,21.231,65.12
12,"2024-12-26 07:00:00+00:00",0,7,23.2365,65.12
12,"2024-12-26 07:30:00+00:00",0,7.5,24.7275,65.12
12,"2024-12-26 08:00:00+00:00",0,8,22.428,65.12
12,"2024-12-26 08:30:00+00:00",0,8.5,26.859,65.12
12,"2024-12-26 09:00:00+00:00",0,9,20.5275,65.12
12,"2024-12-26 09:30:00+00:00",0,9.5,23.9085,65.12
12,"2024-12-26 10:00:00+00:00",0,10,23.184,65.12
12,"2024-12-26 10:30:00+00:00",0,10.5,22.9425,65.12
12,"2024-12-26 11:00:00+00:00",0,11,24.15,65.12
12,"2024-12-26 11:30:00+00:00",0,11.5,25.116,65.12
12,"2024-12-26 12:00:00+00:00",0,12,25.305,65.12
12,"2024-12-26 12:30:00+00:00",0,12.5,26.565,65.12
12,"2024-12-26 13:00:00+00:00",0,13,27.027,65.12
12,"2024-12-26 13:30:00+00:00",0,13.5,25.62,65.12
12,"2024-12-26 14:00:00+00:00",0,14,26.1555,65.12
12,"2024-12-26 14:30:00+00:00",0,14.5,24.444,65.12
12,"2024-12-26 15:00:00+00:00",0,15,25.5045,65.12
12,"2024-12-26 15:30:00+00:00",0,15.5,26.565,65.12
12,"2024-12-26 16:00:00+00:00",0,16,38.64,65.12
12,"2024-12-26 16:30:00+00:00",0,16.5,39.9525,65.12
12,"2024-12-26 17:00:00+00:00",0,17,41.496,65.12
12,"2024-12-26 17:30:00+00:00",0,17.5,39.1755,65.12
12,"2024-12-26 18:00:00+00:00",0,18,40.173,65.12
12,"2024-12-26 18:30:00+00:00",0,18.5,38.8395,65.12
12,"2024-12-26 19:00:00+00:00",0,19,26.5125,65.12
12,"2024-12-26 19:30:00+00:00",0,19.5,25.599,65.12
12,"2024-12-26 20:00:00+00:00",0,20,24.759,65.12
12,"2024-12-26 20:30:00+00:00",0,20.5,24.15,65.12
12,"2024-12-26 21:00:00+00:00",0,21,24.024,65.12
12,"2024-12-26 21:30:00+00:00",0,21.5,23.184,65.12
12,"2024-12-26 22:00:00+00:00",0,22,24.633,65.12
12,"2024-12-26 22:30:00+00:00",0,22.5,24.15,65.12
12,"2024-12-26 23:00:00+00:00",0,23,26.0505,65.12
12,"2024-12-26 23:30:00+00:00",0,23.5,24.3915,65.12
12,"2024-12-27 00:00:00+00:00",0,0,22.1445,65.12
12,"2024-12-27 00:30:00+00:00",0,0.5,28.182,65.12
12,"2024-12-27 01:00:00+00:00",0,1,25.599,65.12
12,"2024-12-27 01:30:00+00:00",0,1.5,22.2705,65.12
12,"2024-12-27 02:00:00+00:00",0,2,23.4255,65.12
12,"2024-12-27 02:30:00+00:00",0,2.5,22.0605,65.12
12,"2024-12-27 03:00:00+00:00",0,3,24.654,65.12
12,"2024-12-27 03:30:00+00:00",0,3.5,22.218,65.12
12,"2024-12-27 04:00:00+00:00",0,4,23.478,65.12
12,"2024-12-27 04:30:00+00:00",0,4.5,22.05,65.12
12,"2024-12-27 05:00:00+00:00",0,5,25.3575,65.12
12,"2024-12-27 05:30:00+00:00",0,5.5,25.0845,65.12
12,"2024-12-27 06:00:00+00:00",0,6,26.082,65.12
12,"2024-12-27 06:30:00+00:00",0,6.5,24.5385,65.12
12,"2024-12-27 07:00:00+00:00",0,7,24.2235,65.12
12,"2024-12-27 07:30:00+00:00",0,7.5,25.6725,65.12
12,"2024-12-27 08:00:00+00:00",0,8,22.512,65.12
12,"2024-12-27 08:30:00+00:00",0,8.5,25.3575,65.12
12,"2024-12-27 09:00:00+00:00",0,9,23.793,65.12
12,"2024-12-27 09:30:00+00:00",0,9.5,25.641,65.12
12,"2024-12-27 10:00:00+00:00",0,10,25.599,65.12
12,"2024-12-27 10:30:00+00:00",0,10.5,26.25,65.12
12,"2024-12-27 11:00:00+00:00",0,11,24.3915,65.12
12,"2024-12-27 11:30:00+00:00",0,11.5,24.3705,65.12
12,"2024-12-27 12:00:00+00:00",0,12,25.1895,65.12
12,"2024-12-27 12:30:00+00:00",0,12.5,25.599,65.12
12,"2024-12-27 13:00:00+00:00",0,13,26.565,65.12
12,"2024-12-27 13:30:00+00:00",0,13.5,26.1765,65.12
12,"2024-12-27 14:00:00+00:00",0,14,28.4025,65.12
12,"2024-12-27 14:30:00+00:00",0,14.5,27.7725,65.12
12,"2024-12-27 15:00:00+00:00",0,15,30.5235,65.12
12,"2024-12-27 15:30:00+00:00",0,15.5,32.6025,65.12
12,"2024-12-27 16:00:00+00:00",0,16,44.1525,65.12
12,"2024-12-27 16:30:00+00:00",0,16.5,46.326,65.12
12,"2024-12-27 17:00:00+00:00",0,17,46.326,65.12
12,"2024-12-27 17:30:00+00:00",0,17.5,45.318,65.12
12,"2024-12-27 18:00:00+00:00",0,18,43.911,65.12
12,"2024-12-27 18:30:00+00:00",0,18.5,42.7035,65.12
12,"2024-12-27 19:00:00+00:00",0,19,31.1325,65.12
12,"2024-12-27 19:30:00+00:00",0,19.5,29.337,65.12
12,"2024-12-27 20:00:00+00:00",0,20,26.859,65.12
12,"2024-12-27 20:30:00+00:00",0,20.5,25.3575,65.12
12,"2024-12-27 21:00:00+00:00",0,21,25.389,65.12
12,"2024-12-27 21:30:00+00:00",0,21.5,24.8745,65.12
12,"2024-12-27 22:00:00+00:00",0,22,24.759,65.12
12,"2024-12-27 22:30:00+00:00",0,22.5,23.9085,65.12
12,"2024-12-27 23:00:00+00:00",0,23,25.6305,65.12
12,"2024-12-27 23:30:00+00:00",0,23.5,26.082,65.12
12,"2024-12-28 00:00:00+00:00",1,0,23.373,65.12
12,"2024-12-28 00:30:00+00:00",1,0.5,26.859,65.12
12,"2024-12-28 01:00:00+00:00",1,1,24.1185,65.12
12,"2024-12-28 01:30:00+00:00",1,1.5,20.5275,65.12
12,"2024-12-28 02:00:00+00:00",1,2,23.1315,65.12
12,"2024-12-28 02:30:00+00:00",1,2.5,21.0105,65.12
12,"2024-12-28 03:00:00+00:00",1,3,24.8745,65.12
12,"2024-12-28 03:30:00+00:00",1,3.5,22.4805,65.12
12,"2024-12-28 04:00:00+00:00",1,4,23.478,65.12
12,"2024-12-28 04:30:00+00:00",1,4.5,22.0605,65.12
12,"2024-12-28 05:00:00+00:00",1,5,24.654,65.12
12,"2024-12-28 05:30:00+00:00",1,5.5,23.7405,65.12
12,"2024-12-28 06:00:00+00:00",1,6,25.599,65.12
12,"2024-12-28 06:30:00+00:00",1,6.5,23.4255,65.12
12,"2024-12-28 07:00:00+00:00",1,7,25.599,65.12
12,"2024-12-28 07:30:00+00:00",1,7.5,25.8405,65.12
12,"2024-12-28 08:00:00+00:00",1,8,22.9425,65.12
12,"2024-12-28 08:30:00+00:00",1,8.5,28.1085,65.12
12,"2024-12-28 09:00:00+00:00",1,9,25.0005,65.12
12,"2024-12-28 09:30:00+00:00",1,9.5,26.9535,65.12
12,"2024-12-28 10:00:00+00:00",1,10,24.3705,65.12
12,"2024-12-28 10:30:00+00:00",1,10.5,23.856,65.12
12,"2024-12-28 11:00:00+00:00",1,11,24.15,65.12
12,"2024-12-28 11:30:00+00:00",1,11.5,23.7405,65.12
12,"2024-12-28 12:00:00+00:00",1,12,22.6485,65.12
12,"2024-12-28 12:30:00+00:00",1,12.5,23.1,65.12
12,"2024-12-28 13:00:00+00:00",1,13,25.725,65.12
12,"2024-12-28 13:30:00+00:00",1,13.5,24.5385,65.12
12,"2024-12-28 14:00:00+00:00",1,14,26.565,65.12
12,"2024-12-28 14:30:00+00:00",1,14.5,22.218,65.12
12,"2024-12-28 15:00:00+00:00",1,15,26.103,65.12
12,"2024-12-28 15:30:00+00:00",1,15.5,26.9535,65.12
12,"2024-12-28 16:00:00+00:00",1,16,40.7715,65.12
12,"2024-12-28 16:30:00+00:00",1,16.5,41.8845,65.12
12,"2024-12-28 17:00:00+00:00",1,17,41.4645,65.12
12,"2024-12-28 17:30:00+00:00",1,17.5,41.4645,65.12
12,"2024-12-28 18:00:00+00:00",1,18,41.853,65.12
12,"2024-12-28 18:30:00+00:00",1,18.5,39.711,65.12
12,"2024-12-28 19:00:00+00:00",1,19,26.565,65.12
12,"2024-12-28 19:30:00+00:00",1,19.5,25.3575,65.12
12,"2024-12-28 20:00:00+00:00",1,20,23.31,65.12
12,"2024-12-28 20:30:00+00:00",1,20.5,25.3575,65.12
12,"2024-12-28 21:00:00+00:00",1,21,23.184,65.12
12,"2024-12-28 21:30:00+00:00",1,21.5,21.9765,65.12
12,"2024-12-28 22:00:00+00:00",1,22,22.386,65.12
12,"2024-12-28 22:30:00+00:00",1,22.5,21.1575,65.12
12,"2024-12-28 23:00:00+00:00",1,23,24.8745,65.12
12,"2024-12-28 23:30:00+00:00",1,23.5,24.843,65.12
12,"2024-12-29 00:00:00+00:00",1,0,21.609,65.12
12,"2024-12-29 00:30:00+00:00",1,0.5,26.019,65.12
12,"2024-12-29 01:00:00+00:00",1,1,23.814,65.12
12,"2024-12-29 01:30:00+00:00",1,1.5,22.05,65.12
12,"2024-12-29 02:00:00+00:00",1,2,22.239,65.12
12,"2024-12-29 02:30:00+00:00",1,2.5,19.8555,65.12
12,"2024-12-29 03:00:00+00:00",1,3,19.32,65.12
12,"2024-12-29 03:30:00+00:00",1,3.5,17.262,65.12
12,"2024-12-29 04:00:00+00:00",1,4,19.4355,65.12
12,"2024-12-29 04:30:00+00:00",1,4.5,17.43,65.12
12,"2024-12-29 05:00:00+00:00",1,5,17.514,65.12
12,"2024-12-29 05:30:00+00:00",1,5.5,18.228,65.12
12,"2024-12-29 06:00:00+00:00",1,6,18.837,65.12
12,"2024-12-29 06:30:00+00:00",1,6.5,19.32,65.12
12,"2024-12-29 07:00:00+00:00",1,7,19.32,65.12
12,"2024-12-29 07:30:00+00:00",1,7.5,18.711,65.12
12,"2024-12-29 08:00:00+00:00",1,8,18.7215,65.12
12,"2024-12-29 08:30:00+00:00",1,8.5,24.654,65.12
12,"2024-12-29 09:00:00+00:00",1,9,20.937,65.12
12,"2024-12-29 09:30:00+00:00",1,9.5,23.688,65.12
12,"2024-12-29 10:00:00+00:00",1,10,21.8295,65.12
12,"2024-12-29 10:30:00+00:00",1,10.5,21.9555,65.12
12,"2024-12-29 11:00:00+00:00",1,11,22.029,65.12
12,"2024-12-29 11:30:00+00:00",1,11.5,21.882,65.12
12,"2024-12-29 12:00:00+00:00",1,12,20.475,65.12
12,"2024-12-29 12:30:00+00:00",1,12.5,22.029,65.12
12,"2024-12-29 13:00:00+00:00",1,13,21.252,65.12
12,"2024-12-29 13:30:00+00:00",1,13.5,22.3125,65.12
12,"2024-12-29 14:00:00+00:00",1,14,22.7955,65.12
12,"2024-12-29 14:30:00+00:00",1,14.5,22.4385,65.12
12,"2024-12-29 15:00:00+00:00",1,15,22.3335,65.12
12,"2024-12-29 15:30:00+00:00",1,15.5,25.3575,65.12
12,"2024-12-29 16:00:00+00:00",1,16,38.2095,65.12
12,"2024-12-29 16:30:00+00:00",1,16.5,40.53,65.12
12,"2024-12-29 17:00:00+00:00",1,17,39.6165,65.12
12,"2024-12-29 17:30:00+00:00",1,17.5,39.6165,65.12
12,"2024-12-29 18:00:00+00:00",1,18,40.5825,65.12
12,"2024-12-29 18:30:00+00:00",1,18.5,37.443,65.12
12,"2024-12-29 19:00:00+00:00",1,19,26.4915,65.12
12,"2024-12-29 19:30:00+00:00",1,19.5,24.129,65.12
12,"2024-12-29 20:00:00+00:00",1,20,23.9085,65.12
12,"2024-12-29 20:30:00+00:00",1,20.5,23.5305,65.12
12,"2024-12-29 21:00:00+00:00",1,21,25.62,65.12
12,"2024-12-29 21:30:00+00:00",1,21.5,22.2075,65.12
12,"2024-12-29 22:00:00+00:00",1,22,23.9085,65.12
12,"2024-12-29 22:30:00+00:00",1,22.5,18.7635,65.12
12,"2024-12-29 23:00:00+00:00",1,23,19.299,65.12
12,"2024-12-29 23:30:00+00:00",1,23.5,15.8865,65.12
12,"2024-12-30 00:00:00+00:00",0,0,13.524,65.12
12,"2024-12-30 00:30:00+00:00",0,0.5,20.5275,65.12
12,"2024-12-30 01:00:00+00:00",0,1,15.645,65.12
12,"2024-12-30 01:30:00+00:00",0,1.5,12.8205,65.12
12,"2024-12-30 02:00:00+00:00",0,2,10.626,65.12
12,"2024-12-30 02:30:00+00:00",0,2.5,7.7805,65.12
12,"2024-12-30 03:00:00+00:00",0,3,10.626,65.12
12,"2024-12-30 03:30:00+00:00",0,3.5,11.2035,65.12
12,"2024-12-30 04:00:00+00:00",0,4,13.524,65.12
12,"2024-12-30 04:30:00+00:00",0,4.5,10.29,65.12
12,"2024-12-30 05:00:00+00:00",0,5,10.773,65.12
12,"2024-12-30 05:30:00+00:00",0,5.5,9.66,65.12
12,"2024-12-30 06:00:00+00:00",0,6,15.9915,65.12
12,"2024-12-30 06:30:00+00:00",0,6.5,19.32,65.12
12,"2024-12-30 07:00:00+00:00",0,7,21.252,65.12
12,"2024-12-30 07:30:00+00:00",0,7.5,24.633,65.12
12,"2024-12-30 08:00:00+00:00",0,8,21.735,65.12
12,"2024-12-30 08:30:00+00:00",0,8.5,26.082,65.12
12,"2024-12-30 09:00:00+00:00",0,9,23.1735,65.12
12,"2024-12-30 09:30:00+00:00",0,9.5,24.654,65.12
12,"2024-12-30 10:00:00+00:00",0,10,23.331,65.12
12,"2024-12-30 10:30:00+00:00",0,10.5,23.9085,65.12
12,"2024-12-30 11:00:00+00:00",0,11,21.504,65.12
12,"2024-12-30 11:30:00+00:00",0,11.5,20.538,65.12
12,"2024-12-30 12:00:00+00:00",0,12,20.5065,65.12
12,"2024-12-30 12:30:00+00:00",0,12.5,22.701,65.12
12,"2024-12-30 13:00:00+00:00",0,13,21.882,65.12
12,"2024-12-30 13:30:00+00:00",0,13.5,22.701,65.12
12,"2024-12-30 14:00:00+00:00",0,14,22.701,65.12
12,"2024-12-30 14:30:00+00:00",0,14.5,23.7195,65.12
12,"2024-12-30 15:00:00+00:00",0,15,25.3785,65.12
12,"2024-12-30 15:30:00+00:00",0,15.5,25.3365,65.12
12,"2024-12-30 16:00:00+00:00",0,16,38.5665,65.12
12,"2024-12-30 16:30:00+00:00",0,16.5,41.685,65.12
12,"2024-12-30 17:00:00+00:00",0,17,41.4645,65.12
12,"2024-12-30 17:30:00+00:00",0,17.5,39.8055,65.12
12,"2024-12-30 18:00:00+00:00",0,18,39.564,65.12
12,"2024-12-30 18:30:00+00:00",0,18.5,36.12,65.12
12,"2024-12-30 19:00:00+00:00",0,19,28.98,65.12
12,"2024-12-30 19:30:00+00:00",0,19.5,27.048,65.12
12,"2024-12-30 20:00:00+00:00",0,20,25.851,65.12
12,"2024-12-30 20:30:00+00:00",0,20.5,22.029,65.12
12,"2024-12-30 21:00:00+00:00",0,21,23.667,65.12
12,"2024-12-30 21:30:00+00:00",0,21.5,22.26,65.12
12,"2024-12-30 22:00:00+00:00",0,22,21.231,65.12
12,"2024-12-30 22:30:00+00:00",0,22.5,13.2825,65.12
12,"2024-12-30 23:00:00+00:00",0,23,15.813,65.12
12,"2024-12-30 23:30:00+00:00",0,23.5,11.592,65.12
12,"2024-12-31 00:00:00+00:00",0,0,4.8825,65.12
12,"2024-12-31 00:30:00+00:00",0,0.5,11.991,65.12
12,"2024-12-31 01:00:00+00:00",0,1,10.6785,65.12
12,"2024-12-31 01:30:00+00:00",0,1.5,4.5885,65.12
12,"2024-12-31 02:00:00+00:00",0,2,7.728,65.12
12,"2024-12-31 02:30:00+00:00",0,2.5,2.898,65.12
12,"2024-12-31 03:00:00+00:00",0,3,6.1005,65.12
12,"2024-12-31 03:30:00+00:00",0,3.5,3.57,65.12
12,"2024-12-31 04:00:00+00:00",0,4,4.515,65.12
12,"2024-12-31 04:30:00+00:00",0,4.5,3.6225,65.12
12,"2024-12-31 05:00:00+00:00",0,5,2.6565,65.12
12,"2024-12-31 05:30:00+00:00",0,5.5,3.864,65.12
12,"2024-12-31 06:00:00+00:00",0,6,4.347,65.12
12,"2024-12-31 06:30:00+00:00",0,6.5,9.66,65.12
12,"2024-12-31 07:00:00+00:00",0,7,7.728,65.12
12,"2024-12-31 07:30:00+00:00",0,7.5,13.86,65.12
12,"2024-12-31 08:00:00+00:00",0,8,10.269,65.12
12,"2024-12-31 08:30:00+00:00",0,8.5,16.422,65.12
12,"2024-12-31 09:00:00+00:00",0,9,18.5955,65.12
12,"2024-12-31 09:30:00+00:00",0,9.5,21.0105,65.12
12,"2024-12-31 10:00:00+00:00",0,10,18.249,65.12
12,"2024-12-31 10:30:00+00:00",0,10.5,19.0785,65.12
12,"2024-12-31 11:00:00+00:00",0,11,19.635,65.12
12,"2024-12-31 11:30:00+00:00",0,11.5,17.871,65.12
12,"2024-12-31 12:00:00+00:00",0,12,17.4195,65.12
12,"2024-12-31 12:30:00+00:00",0,12.5,18.816,65.12
12,"2024-12-31 13:00:00+00:00",0,13,18.1125,65.12
12,"2024-12-31 13:30:00+00:00",0,13.5,17.6295,65.12
12,"2024-12-31 14:00:00+00:00",0,14,17.85,65.12
12,"2024-12-31 14:30:00+00:00",0,14.5,19.068,65.12
12,"2024-12-31 15:00:00+00:00",0,15,18.27,65.12
12,"2024-12-31 15:30:00+00:00",0,15.5,19.4985,65.12
12,"2024-12-31 16:00:00+00:00",0,16,31.248,65.12
12,"2024-12-31 16:30:00+00:00",0,16.5,34.7445,65.12
12,"2024-12-31 17:00:00+00:00",0,17,33.9255,65.12
12,"2024-12-31 17:30:00+00:00",0,17.5,32.9805,65.12
12,"2024-12-31 18:00:00+00:00",0,18,34.2405,65.12
12,"2024-12-31 18:30:00+00:00",0,18.5,27.0165,65.12
12,"2024-12-31 19:00:00+00:00",0,19,17.7765,65.12
12,"2024-12-31 19:30:00+00:00",0,19.5,12.4635,65.12
12,"2024-12-31 20:00:00+00:00",0,20,16.149,65.12
12,"2024-12-31 20:30:00+00:00",0,20.5,9.66,65.12
12,"2024-12-31 21:00:00+00:00",0,21,11.109,65.12
12,"2024-12-31 21:30:00+00:00",0,21.5,3.6225,65.12
12,"2024-12-31 22:00:00+00:00",0,22,2.4885,65.12
12,"2024-12-31 22:30:00+00:00",0,22.5,-4.83,65.12
12,"2024-12-31 23:00:00+00:00",0,23,2.898,65.12
12,"2024-12-31 23:30:00+00:00",0,23.5,-1.3125,65.12
