"window","month","weekend","mean.Q_heatout","mean.Q_hp","mean.Q_gas","mean.Q_heat_elec_in","mean.Q_total_elec_in","count","p50.Q_heatout","p50.Q_hp","p50.Q_gas","p50.Q_heat_elec_in","p50.Q_total_elec_in","p10.Q_heatout","p10.Q_hp","p10.Q_gas","p10.Q_heat_elec_in","p10.Q_total_elec_in","p25.Q_heatout","p25.Q_hp","p25.Q_gas","p25.Q_heat_elec_in","p25.Q_total_elec_in","p75.Q_heatout","p75.Q_hp","p75.Q_gas","p75.Q_heat_elec_in","p75.Q_total_elec_in","p90.Q_heatout","p90.Q_hp","p90.Q_gas","p90.Q_heat_elec_in","p90.Q_total_elec_in"
0,1,0,0.582628509121481,0.497192579132243,0.0854359299892435,0.2052328445251,0.32648023099926,443,0.306952380952312,0.255904761904795,0,0.127809523809533,0.221099166666644,0,0,0,0.00543809523811173,0.0969394795238958,0.0205476190476258,0.00802380952384716,0,0.0240476190476114,0.130779990476187,0.88907142857121,0.794261904761882,0,0.315904761904701,0.44280387500001,1.47687619047631,1.29641904761901,0.084180952380952,0.527047619047412,0.674856515714174
0,1,1,0.531950903830313,0.45052886344907,0.0814220403812369,0.190557985327317,0.329551677283961,443,0.292099999999937,0.233799999999883,0,0.101562499999966,0.217688799999972,0,0,0,0.00499999999995453,0.0950712500000128,0.00540000000005421,0.00245000000003302,0,0.0216000000000129,0.143002425000008,0.802700000000095,0.707816666666566,0,0.280800000000022,0.419829999999719,1.37897999999972,1.27036000000003,0.112932500000011,0.513100000000023,0.673146150000183
0,2,0,0.526068482760999,0.454823356540088,0.0712451262209083,0.185064625117102,0.299655395740169,442,0.274725000000001,0.222099999999921,0,0.121474999999993,0.205807599999979,0,0,0,0.0054049999998847,0.0825213199999958,0.0153249999999503,0.00875460526316673,0,0.0243307692307536,0.124319199999931,0.792989393939519,0.721875000000023,0,0.273887500000001,0.400350800000032,1.3964188888892,1.23500000000011,0.0922950000001974,0.49167500000001,0.601338319999922
0,2,1,0.560831208252539,0.478310778926948,0.0825204293255805,0.205178912590677,0.341633165081451,442,0.31078124999955,0.255624999999707,0,0.129687499999983,0.231567800000085,0,0,0,0.00487499999999841,0.0869832800000239,0.00703124999992611,0.00240624999996441,0,0.0218124999998999,0.137111250000084,0.846593749999783,0.753531250000605,0,0.310718749999864,0.44859999999975,1.43602499999981,1.27382500000052,0.178700000000168,0.544374999999991,0.731971999999794
0,3,0,0.419116374942138,0.356918404566863,0.0621979703752744,0.143893963437235,0.256998149660162,444,0.21695652173916,0.178499999999946,0,0.0928372502937979,0.205772886956592,0,0,0,0.00453478260862104,0.077684409999992,0.0182065217391522,0.00905434782611754,0,0.0164619565217283,0.11633509382148,0.605563905546899,0.522543478260757,0,0.210217391304389,0.34503604130435,1.03927826086978,1.00017173913035,0.0938877470355755,0.380465217391174,0.536907018850058
0,3,1,0.394377868698269,0.342414487262172,0.0519633814360927,0.14376182927306,0.270185809928476,443,0.181499999999915,0.153749999999718,0,0.0836875000000532,0.219271799999982,0,0,0,0.00427500000000691,0.0743010000000706,0.00187500000009777,0.000750000000039107,0,0.0111249999999634,0.12105279999995,0.581687500000043,0.527718750000147,0,0.226624999999899,0.371287799999783,1.00257499999991,0.937374999999701,0.0765850000001217,0.364862499999923,0.518353211999812
0,4,0,0.415266681825953,0.321197605616473,0.0940690762094792,0.120674905821327,0.250135049542274,434,0.166100000000001,0.134500000000071,0,0.0631499999999836,0.166379576315784,0,0,0,0.0048812499999542,0.0844712062162621,0.00639404761903637,0.00219999999988735,0,0.0158822674418179,0.113020617441714,0.539116569767457,0.470354196301376,0,0.169751162790643,0.307745213889105,1.07601476190471,0.939275889046831,0.120977291381673,0.324517342342323,0.51297813405416
0,4,1,0.399434789178087,0.356940619124926,0.0424941700531619,0.147520536530654,0.294311793865622,434,0.196214285714481,0.149011904762033,0,0.0778000000000248,0.211110083333301,0,0,0,0.0044333333333725,0.0852699200000069,0.00140625000004017,0.000142857142723837,0,0.0114642857143638,0.123041346428572,0.560160714285627,0.514999999999808,0,0.226611111111167,0.386524075000014,1.03328571428544,0.986512499999668,0.0336866666668009,0.40418205128184,0.634619647058835
0,5,0,0.252257441694644,0.223196325495391,0.0290611161992467,0.0763866428685552,0.219304649779333,434,0.0929534632034712,0.0735669988925855,0,0.041550420168059,0.16048017857142,0,0,0,0.00450714285710168,0.080295318181793,9.19913420100832e-05,0,0,0.0108571428571081,0.108964554736235,0.272559523809497,0.240145960832207,0,0.0911915544674892,0.235351659619557,0.633437209302368,0.577421904761793,0.0565441860465203,0.157354703832859,0.397043933554789
0,5,1,0.260889359983822,0.220056861730936,0.0408324982528816,0.0747198527349824,0.220630600226665,434,0.0443710526315747,0.021789473684171,0,0.0273961038961937,0.170152652631608,0,0,0,0.00433333333317023,0.0695713263157866,0,0,0,0.00763541666668901,0.10877401228074,0.23959999999997,0.205585526315769,0,0.093708333333369,0.249141523245544,0.586073684210504,0.492153157894741,0.0137999999998605,0.195681871344995,0.400671329122661
0,6,0,0.110267767656499,0.106403514534282,0.0038642531222148,0.049427646439436,0.196556853461853,436,0.00340909090910331,0.000517441860433404,0,0.0134999999998448,0.139110709090954,0,0,0,0.00413228438227918,0.0615726672727876,0,0,0,0.00548863636361251,0.0967525999999391,0.0837386363636406,0.0806136363636429,0,0.0455749999999759,0.195798936363701,0.219693939393859,0.213795454545478,4.54545454638059e-05,0.0973642857142679,0.355959741818222
0,6,1,0.108100243010044,0.104294111784622,0.0038061312254254,0.0539507181083401,0.196498891390636,436,0,0,0,0.0109999999998394,0.136287849999993,0,0,0,0.00349999999995632,0.0652741999999267,0,0,0,0.00510937499985786,0.103064199999961,0.0524687499999281,0.0473593750000134,0,0.0453593749999755,0.205843789999903,0.298999999999751,0.298374999999737,0,0.144625000000004,0.38992877999997
0,7,0,0.0831986349039218,0.0797856332097019,0.00341300169422081,0.0438553141798908,0.200135004252222,438,0.00154653679656543,4.65116279085208e-05,0,0.0134939091915703,0.144546195348775,0,0,0,0.00393016304347474,0.071498400697671,0,0,0,0.00609489872463144,0.10943614709303,0.0669186046511424,0.0631436877076741,0,0.042348837209284,0.219365698338902,0.175032558139527,0.173022591362148,0.000748837209272989,0.0965142857142924,0.352722021162749
0,7,1,0.0649384673357377,0.063329849262215,0.00160861807352079,0.0379947907296734,0.19713567186128,438,0,0,0,0.0102611111111325,0.14765540000002,0,0,0,0.00300000000001135,0.0696247060561151,0,0,0,0.00478947368420497,0.104514477777792,0.0135263157897143,0.0110394736842265,0,0.0272499999999935,0.211668086842061,0.183791052631644,0.165226315789495,0,0.0862189473683927,0.351906345789378
0,8,0,0.080657430920071,0.0785151901944058,0.00214224072566546,0.0428817378720971,0.184911752241749,437,0.00345238095238052,0.000863636363646945,0,0.0163571428571371,0.143850958768873,0,0,0,0.00374523809519815,0.0663022587139661,0,0,0,0.005750000000015,0.110318449477386,0.0770714285714088,0.0730238095238098,0,0.0451707317073414,0.20691189817074,0.189069793621014,0.176675853658401,0,0.0895616724739169,0.317578887719166
0,8,1,0.0782163794665476,0.0730454446618785,0.00517093480466894,0.042751747662534,0.18212953688918,438,0,0,0,0.0105999999999789,0.138739983333361,0,0,0,0.00289333333341157,0.0660487270666636,0,0,0,0.00499999999996861,0.0994363499999744,0.0423666666666198,0.0343166666666671,0,0.0349722222221729,0.2117812194444,0.184256666666619,0.179806666666641,0,0.0979866666664899,0.342559719999911
0,9,0,0.130627917823218,0.126134120104768,0.00449379771844972,0.0534165834140874,0.196074467641558,408,0.0094318181818122,0.00349999999999216,0,0.0158409090909169,0.134730409090911,0,0,0,0.000200000000000109,0.0656526145454579,0,0,0,0.00544617224880719,0.101017690909104,0.122284090909092,0.119988636363643,0,0.0568750000000083,0.21179090909093,0.389781818181956,0.35778333333337,0.00064545454546409,0.140936363636366,0.358454378181811
0,9,1,0.122712177888613,0.11752857439734,0.00518360349127254,0.0494037822111401,0.193147078952376,401,0,0,0,0.0103749999999963,0.137812499999791,0,0,0,0,0.0672763400000002,0,0,0,0.00462499999999721,0.10015,0.0696250000000091,0.046125,0,0.0372500000000286,0.206787499999974,0.352125000000059,0.348125000000209,0,0.135750000000016,0.340703919999838
0,10,0,0.267143321328532,0.251088672802454,0.0160546485260766,0.0938494510885183,0.223409891050016,420,0.103404761904753,0.0849285714285729,0,0.0424999999999783,0.170472561904761,0,0,0,0.00233333333333453,0.0720548476190475,0,0,0,0.00814285714285543,0.107199914285712,0.336166666666645,0.300071428571403,0,0.119869047619053,0.284663823809535,0.725928571428522,0.714566666666664,0.00756190476190484,0.2325142857143,0.399672152380952
0,10,1,0.30750880952381,0.293625238095238,0.01388357142857,0.113017857142853,0.248372703339613,420,0.126549999999966,0.100399999999974,0,0.0505000000000067,0.188907280000007,0,0,0,0.00246999999999517,0.0828423999999963,0,0,0,0.00795000000000527,0.125061899999998,0.42675000000001,0.413400000000139,0,0.160049999999884,0.280081399999769,0.880350000000083,0.877650000000058,0.00931999999998658,0.304619999999993,0.458431200000015
0,11,0,0.442378878563979,0.405692607647444,0.0366862709165344,0.153269655390411,0.262195943099896,438,0.235840909090859,0.209286544850503,0,0.0935432900432773,0.196308181818176,0,0,0,0.00500454545453357,0.0832102751797131,0.0156022727272655,0.00538636363636804,0,0.0210227272727329,0.117992099999997,0.723079545454569,0.651363636363649,0,0.24409090909089,0.343227236363721,1.18263181818191,1.11015454545468,0.0585681818181844,0.393263636363564,0.509468974545426
0,11,1,0.501846386586675,0.44475960168965,0.0570867848970248,0.183674876689803,0.311560596997982,437,0.240624999999995,0.210374999999971,0,0.106499999999983,0.215452699999949,0,0,0,0.00457499999999982,0.0816780000000233,0.00450000000006411,0.00299999999998591,0,0.0205000000000126,0.134997500000012,0.783250000000124,0.71074999999999,0,0.290499999999995,0.400576332058768,1.39262500000005,1.26927499999994,0.0556499999999745,0.477424999999886,0.64781459999998
0,12,0,0.54484645525276,0.486911035686776,0.0579354195659829,0.19677468029517,0.314059448682632,442,0.356130434782462,0.286413043478269,0,0.138021739130418,0.242015554347789,0,0,0,0.00643913043480434,0.0889495652173722,0.0499782608695845,0.0216630434782552,0,0.0354076086956397,0.133618686956518,0.889456521739218,0.766347826086923,0,0.283445652173888,0.419194747826064,1.29206956521764,1.18715652173922,0.0991745197168612,0.451452173913122,0.600619982608754
0,12,1,0.6171733947425,0.555654022570557,0.0615193721719457,0.222556151691438,0.345540997417092,442,0.463562500000009,0.38075000000002,0,0.15318750000003,0.255112116666598,0,0,0,0.00551250000000039,0.105778539999999,0.0342812500001913,0.00893750000006577,0,0.0338750000000063,0.144079775000013,0.939906250000007,0.858781249999947,0,0.342625000000087,0.464659099999915,1.46433749999982,1.42820624999989,0.0946999999999468,0.531550000000063,0.672004230000074
0.5,1,0,0.583839585167665,0.510831004387922,0.0730085807797409,0.211570616504833,0.32823815606776,443,0.340857142857463,0.272238095238208,0,0.127761904762013,0.244962145238091,0,0,0,0.00542857142856324,0.0752257638095388,0.0184999999999578,0.00514285714287459,0,0.0241428571428952,0.120284133333344,0.903928571428402,0.78053571428558,0,0.315880952380975,0.452953744047635,1.4760190476189,1.34672380952359,0.0526142857142959,0.529428571428579,0.72865303619058
0.5,1,1,0.557824873696666,0.482954861782944,0.0748700119137213,0.20532874968648,0.350471430024683,443,0.29840000000022,0.237449999999899,0,0.118899999999974,0.238898549999994,0,0,0,0.00501999999999953,0.0930414999999978,0.00250000000000909,0.00105000000007749,0,0.025349999999969,0.130637125000052,0.897177083333476,0.768849999999952,0,0.309150000000028,0.460323500000028,1.43722000000023,1.31127999999992,0.0378599999999915,0.534319999999962,0.739997857000056
0.5,2,0,0.551018833257903,0.484966764061421,0.0660520691964852,0.194673716785496,0.30564744487753,442,0.297999999999933,0.261700000000121,0,0.121300000000042,0.234016800000021,0,0,0,0.00559999999999604,0.0833589600000289,0.0133000000000493,0.00660000000009405,0,0.0241562500000583,0.125977799999991,0.845687499999883,0.76052500000003,0,0.292662499999955,0.436974600000039,1.39556500000013,1.28929227272724,0.06696799999988,0.481359999999986,0.613226904000022
0.5,2,1,0.618470359746473,0.537413492961298,0.0810568667851769,0.224258435681958,0.345569237058293,442,0.340500000000077,0.292531249999875,0,0.145374999999945,0.25229149999998,0,0,0,0.00537500000002354,0.0798499199999833,0.00468750000015917,0.000874999999986415,0,0.0237500000000352,0.129011500000002,0.969531250000699,0.813093749999978,0,0.32884375000004,0.438610999999966,1.59873750000022,1.49973750000019,0.0999125000001587,0.585562499999975,0.739489000000153
0.5,3,0,0.436282765658458,0.383287575028276,0.0529951906301798,0.156346483048381,0.261547679152732,443,0.22639130434784,0.169354838709612,0,0.0919130434782821,0.199915973912835,0,0,0,0.00452173913039903,0.0785681773912841,0.0144239130434461,0.00686956521746612,0,0.0176521739130446,0.107389284782629,0.621902173913202,0.555499999999938,0,0.220358695652235,0.340005863043504,1.1532608695653,1.10862608695654,0.100078260869648,0.402130434782679,0.599378755652226
0.5,3,1,0.433909681637021,0.379558405167074,0.0543512764699532,0.155559346206212,0.275142550301725,443,0.211874999999964,0.154624999999896,0,0.0802499999999782,0.217628400000062,0,0,0,0.00424999999999045,0.0736530399999863,0.002437499999985,0.000468749999924968,0,0.0110624999999374,0.11086229999999,0.646187500000054,0.583812500000192,0,0.231187499999963,0.373638399999835,1.05939999999996,0.989175000000432,0.0466800000000625,0.369899999999779,0.536625039999958
0.5,4,0,0.387566680117417,0.343343543396884,0.0442231367205307,0.138184059445878,0.252947145755331,434,0.191971377459795,0.149380952380955,0,0.0775611888111841,0.202672273846163,0,0,0,0.00525897435896468,0.0774281723076893,0.00437362637350421,0.00120549450552397,0,0.0138415178571539,0.10815862857141,0.53591055456171,0.499275968992251,0,0.204859890109872,0.317750881389539,0.969391055456106,0.911759999999963,0.036361129567981,0.353126153846211,0.549510034761943
0.5,4,1,0.466926292297899,0.414200503272607,0.052725789025285,0.16949744398624,0.284956345248481,434,0.246083333333561,0.204795238095267,0,0.0915833333333738,0.21599032307699,0,0,0,0.00392083333336284,0.0809484999999688,0.00129761904761272,6.92307692291321e-05,0,0.0126197478990364,0.123709683333387,0.708625000000222,0.585538461538412,0,0.246529411764805,0.345083749999881,1.2465888888886,1.18880897435915,0.0471035294117199,0.442257142857345,0.617314000000215
0.5,5,0,0.187644488123404,0.170993632086373,0.0166508560370331,0.0725107513606248,0.188208879177751,434,0.0595703488372416,0.0430090909090868,0,0.0310522727272314,0.136732166666689,0,0,0,0.00429090909093497,0.0652389545454612,0,0,0,0.007644117647086,0.0938109018292632,0.225996189024391,0.214686046511646,0,0.08094318181815,0.220166925000022,0.490106976744088,0.472686363636452,0.0146877378435179,0.177517926829215,0.408645755116225
0.5,5,1,0.198073335907105,0.181524545957961,0.0165487899491395,0.076098344551967,0.194005284161742,434,0.00966666666681704,0.00247017543858593,0,0.0175559210525882,0.142825066666652,0,0,0,0.00366666666662038,0.060585328947358,0,0,0,0.00535294117644488,0.0947582383040964,0.24129385964925,0.219162280701738,0,0.10207456140342,0.233822368421256,0.5983532894738,0.554926842105217,0.00415555555555834,0.202284210526319,0.397459366081848
0.5,6,0,0.0986080549750303,0.0959234555776853,0.00268459939734665,0.0472914381831881,0.159618840929597,436,0.000181818181834553,0,0,0.011522727272801,0.117474168181918,0,0,0,0.00357954545454204,0.0566807945454505,0,0,0,0.00508901515144951,0.0902952022727124,0.0770909090909,0.0742840909090835,0,0.040670454545423,0.178777497727302,0.21522727272734,0.210665775401102,0,0.0986704545454435,0.342927974545423
0.5,6,1,0.105780183759287,0.102772606760598,0.00300757699868965,0.0518406768785492,0.174072939999129,436,0,0,0,0.0103124999999693,0.128121950000006,0,0,0,0.00340624999994862,0.0634472599999725,0,0,0,0.00500000000002921,0.0984564249999941,0.0338124999999607,0.032406249999994,0,0.0382812499999901,0.202061425000104,0.350687499999936,0.347906250000051,0,0.135124999999945,0.329545349999976
0.5,7,0,0.0799841754770035,0.07774428889903,0.00223988657797229,0.0418157773786896,0.17079586256045,438,0,0,0,0.0108333333334019,0.125754141140679,0,0,0,0.00295238095239275,0.0642824443410736,0,0,0,0.00487153931339852,0.0929012825358695,0.0522234432234661,0.0506855158730503,0,0.033142857142841,0.19042156769101,0.170090476190255,0.160855149501448,0,0.0823119047619413,0.342343738604657
0.5,7,1,0.0745380860388203,0.0728660413914347,0.00167204464738677,0.037688119302001,0.166262038535903,438,0,0,0,0.00932456140355906,0.127314311111133,0,0,0,0.00299999999987677,0.0629455144444737,0,0,0,0.00471362229101316,0.0931476263157584,0.00965277777786217,0.00903728070195934,0,0.0217638888888132,0.177270741666702,0.182177777777734,0.178175438596484,0,0.0768210526315516,0.303607768421185
0.5,8,0,0.0845129551970631,0.0818524770098983,0.00266047818716369,0.0425390821805705,0.164539667630035,437,0,0,0,0.0112439024390303,0.122674977150118,0,0,0,0.00306495507060841,0.0577994948780678,0,0,0,0.00505263157901936,0.0910759636363573,0.0644390243903283,0.063439024390302,0,0.0338048780487631,0.173052204878052,0.151779717586642,0.140612955465512,0,0.0804682926829474,0.318961971707323
0.5,8,1,0.0806993331883752,0.0785888562731063,0.00211047691527177,0.0413227839385362,0.164694364058493,438,0,0,0,0.00976666666668204,0.122671816666676,0,0,0,0.00291333333336899,0.060982323333348,0,0,0,0.00484166666666492,0.0887020666666736,0.0186249999999746,0.0143000000000029,0,0.0282500000000334,0.182844533333345,0.250126666666678,0.235138095238108,0,0.101333333333343,0.286776506666713
0.5,9,0,0.13358255637478,0.130970162635405,0.00261239373937373,0.0569556426052448,0.191341704190548,404,0.000636363636361507,5.71895424829347e-05,0,0.0120909090909138,0.124119690909178,0,0,0,0.000536363636363655,0.0584420290909061,0,0,0,0.00507954545451836,0.0914467818181402,0.110045454545457,0.107374999999992,0,0.0565871212121243,0.196492727272626,0.371899999999987,0.36204999999999,0.000627272727272294,0.140413636363652,0.352895890909087
0.5,9,1,0.125433915211968,0.124217892768078,0.00121602244389011,0.0546222984206167,0.192243857504758,401,0,0,0,0.00987499999996545,0.126849999999916,0,0,0,0,0.0617777200000002,0,0,0,0.00450000000000017,0.0965704999999955,0.0414999999999281,0.0316250000000054,0,0.0357500000000073,0.200495200000003,0.316000000000003,0.316000000000003,0,0.134,0.36013462000002
0.5,10,0,0.261898932823131,0.255366506519279,0.00653242630385399,0.0977311536281169,0.218901024415093,420,0.0750952380952259,0.0673095238095412,0,0.0422380952380993,0.158402040476191,0,0,0,0.00194285714286425,0.066319999999999,0,0,0,0.006845238095241,0.0963607011904786,0.355083333333366,0.324119047619076,0,0.123904761904878,0.275351255476194,0.695366666666658,0.684190476190459,0.00221428571428716,0.244861904761903,0.426539721428582
0.5,10,1,0.325876210317466,0.310824305555561,0.015051904761905,0.118409444444447,0.249912632754718,420,0.100300000000084,0.0840000000000088,0,0.0446999999999989,0.185933639999999,0,0,0,0.00237999999986706,0.0701080000000225,0,0,0,0.00764999999996689,0.117461549999996,0.465850000000012,0.429525000000003,0,0.164650000000015,0.295023900000028,0.910659999999984,0.896850000000002,0.0073599999998237,0.31919999999991,0.462835000000014
0.5,11,0,0.474845808448786,0.436253170968305,0.0385926374804806,0.166878241769898,0.26471765443276,438,0.246386363636382,0.20009090909087,0,0.0914477272727213,0.196085509090902,0,0,0,0.0050454545454559,0.0873450909091151,0.00836363636362204,0.00353409090909113,0,0.0223295454545555,0.110818486363637,0.760022727272717,0.650161469344616,0,0.258284090909085,0.367675232769574,1.22249545454549,1.16749545454557,0.0663999999999789,0.412250000000006,0.519005500000027
0.5,11,1,0.481109147789559,0.438566680207559,0.0425424675819994,0.177301048016465,0.283557462315568,437,0.257499999999964,0.229625000000027,0,0.116250000000107,0.214704199999994,0,0,0,0.00399999999997647,0.0871296599999974,0.00237499999997226,0.000500000000002388,0,0.0123750000001621,0.119401349999996,0.740875000000017,0.670875000000025,0,0.272750000000031,0.361783500000132,1.29027499999996,1.25092500000003,0.0208999999999806,0.446849999999983,0.561928239999997
0.5,12,0,0.563201742867117,0.509620625573759,0.0535811172933568,0.204181940613596,0.323679180476006,442,0.379304347826099,0.319347826086987,0,0.145239130434736,0.256243465217396,0,0,0,0.00639999999994307,0.09078775391305,0.0526956521739126,0.0227608695652068,0,0.0398478260869355,0.139867060968358,0.903815217391303,0.808641545893732,0,0.299141304347822,0.415816647826111,1.39746956521748,1.28760434782607,0.0776086956521638,0.471208695652137,0.690572869565236
0.5,12,1,0.623966661157481,0.556029872455987,0.0679367887014926,0.231549340977661,0.331283885703957,442,0.436437500000097,0.352035714285507,0,0.156125000000003,0.266718000000031,0,0,0,0.00574999999998056,0.102569149999981,0.017874999999691,0.00674999999992566,0,0.0400625000000367,0.137897500000004,0.931843750000084,0.848625000000043,0,0.335781250000033,0.430527674999941,1.51297500000003,1.45059999999999,0.0985374999999441,0.538337500000007,0.603218700000036
1,1,0,0.664657045531814,0.583272428685832,0.0813846168459807,0.238566331645657,0.380207699174644,443,0.338571428571413,0.284904761904597,0,0.140380952380924,0.254659742857115,0,0,0,0.00539047619049164,0.0850857576190915,0.0229761904761398,0.00750000000009875,0,0.0300476190476366,0.127762194805185,0.946976190476215,0.862714285714316,0,0.333249999999951,0.53497233333331,1.74120952380965,1.59480952380963,0.068742857142847,0.622504761904769,0.82765954761892
1,1,1,0.587347318069435,0.52520872075316,0.0621385973162742,0.216947898975244,0.343574465777775,443,0.347500000000127,0.283549999999855,0,0.138100000000077,0.248412366666714,0,0,0,0.00522000000004028,0.0810719999999907,0.00315000000009604,0.00154999999999745,0,0.0257000000000062,0.126945725000002,0.887099999999827,0.795700000000101,0,0.315191666666701,0.458213499999835,1.46250999999941,1.3726999999999,0.0404400000000169,0.556879999999873,0.730280986999944
1,2,0,0.625260547838461,0.555746680283648,0.0695138675548154,0.222861136243221,0.351977837658904,442,0.359724999999878,0.298287499999998,0,0.146275000000003,0.237398300000039,0,0,0,0.00560500000001582,0.0734340800000065,0.0286937499999467,0.006712499999972,0,0.0295999999998827,0.115346999999997,0.875725000000034,0.771437500000016,0,0.319750000000044,0.48009999999997,1.60318499999973,1.46485999999998,0.0882449999999884,0.55697000000006,0.724354040000044
1,2,1,0.667038232600733,0.589405551066578,0.0776326815341479,0.240383283505718,0.354957555571881,442,0.374500000000012,0.302874999999886,0,0.143125000000026,0.242542499999923,0,0,0,0.00526249999999209,0.0767069000000274,0.00409375000015188,0.00103124999998272,0,0.0274062500000127,0.130373399999991,1.00493749999978,0.870671874999886,0,0.359218750000053,0.465815734999973,1.6798499999999,1.51418750000004,0.104462500000051,0.609099999999853,0.792366000000026
1,3,0,0.488413552534258,0.434626045442182,0.0537875070920799,0.173546027968008,0.28806075361679,443,0.259826086956467,0.219173913043446,0,0.102434782608705,0.195802765217365,0,0,0,0.0051565217391469,0.0738778469565399,0.0280434782608811,0.00826086956520988,0,0.0227826086956682,0.110331799209482,0.682499999999891,0.589021739130203,0,0.236260869565126,0.359537391304168,1.21166086956523,1.10394347826067,0.0910603995299346,0.406082608695608,0.652503826086951
1,3,1,0.50179201772646,0.446403600011733,0.0553884177147228,0.179446119531332,0.294367492261703,443,0.26585714285719,0.214714285714373,0,0.101428571428609,0.214397671428505,0,0,0,0.00417142857148585,0.0676335485714396,0.00167857142845865,0.000428571428546069,0,0.0117857142857264,0.107000988095237,0.745392857143381,0.650714285714261,0,0.271392857142904,0.374353528571487,1.22677142857159,1.15262857142857,0.101971428571389,0.44551428571395,0.60875833800004
1,4,0,0.415475312874692,0.370720257015949,0.0447550558587429,0.150352080459518,0.266494153899467,434,0.198489878542542,0.174542635658973,0,0.0851839826840208,0.177279430402948,0,0,0,0.00523076923082744,0.0733306916483371,0.00694755244755591,0.00199999999970152,0,0.0158489010988953,0.106902195054938,0.602499999999801,0.528716666666554,0,0.204470779220908,0.328851428571513,1.05270615384619,1.01043992277992,0.0386906976746223,0.37278423076929,0.520438838461596
1,4,1,0.498185033444924,0.440214089853175,0.0579709435917453,0.184545341143451,0.298410353520695,434,0.270749999999907,0.205050420168144,0,0.102194444444548,0.228039933333234,0,0,0,0.00389999999992614,0.0702230466666677,0.00100000000001717,0,0,0.0130357142857191,0.106360803921538,0.740791666666495,0.654511904761724,0,0.278535714285746,0.396543228571367,1.21994428571446,1.14121904761918,0.0618695238095812,0.491934759358657,0.600626040000267
1,5,0,0.179585539399426,0.163666817520877,0.0159187218785525,0.0722461526490431,0.175332240379906,434,0.0575359408033997,0.0493001573564145,0,0.0292633037694442,0.127492985365847,0,0,0,0.00434971590907518,0.0621763311751686,0,0,0,0.00788779069765916,0.0898772465116219,0.215864825581385,0.204630285411976,0,0.0885047238372307,0.197348860294976,0.446345232815923,0.413677519379709,0.0145442917547179,0.182063392857221,0.322601186046507
1,5,1,0.193645695198805,0.176319179601928,0.0173265155968739,0.0749211872783704,0.17578957247979,434,0.0191549707602005,0.00419883040932857,0,0.0218947368420482,0.132547348245664,0,0,0,0.00385614035083387,0.0600562140350858,0,0,0,0.00580555555504563,0.0947042611110888,0.240460526315782,0.214933198380628,0,0.0869327485380002,0.189801836842103,0.570649342105274,0.533068421052723,0.00705964912283181,0.196544444444281,0.331100310526351
1,6,0,0.0962126653179726,0.0924344462375556,0.00377821908041549,0.0489119099712881,0.15195899242835,436,0.00101851851853712,0.000136363636370747,0,0.011598484848537,0.11521165454546,0,0,0,0.00361363636366459,0.0523849300000029,0,0,0,0.00513636363637622,0.0883121082739253,0.0839810606060446,0.0790777272727917,0,0.0464034090909719,0.160448395454563,0.218909090909092,0.218909090909092,7.95454545474492e-05,0.112549373040651,0.261734098181681
1,6,1,0.107365055701173,0.101931487549141,0.00543356815203234,0.0521892406618622,0.159642228250447,436,0,0,0,0.0109062499999481,0.121876100000012,0,0,0,0.00341875000000904,0.0552650399999159,0,0,0,0.00499999999999545,0.0889471749999932,0.0524375000000141,0.049437499999982,0,0.0435937499999993,0.190832359999904,0.313875000000224,0.30812916666625,0,0.132749999999987,0.267582110000196
1,7,0,0.0707793503394908,0.0693607886703718,0.00141856166911857,0.042029103714191,0.163187760423163,438,0,0,0,0.0110721526535686,0.122235026301273,0,0,0,0.00290476190473081,0.0577678489368827,0,0,0,0.00488439849621421,0.0927460046511714,0.0448214285714286,0.0442840531561524,0,0.031412464986001,0.180231739761717,0.156974999999972,0.154684090909092,0,0.0836418604651858,0.303279972403174
1,7,1,0.0694188674163675,0.0677860187421685,0.00163284867419743,0.0367741618006874,0.156118650939733,438,0,0,0,0.00971052631571805,0.121647166666641,0,0,0,0.00299999999999296,0.060586573955504,0,0,0,0.0046973684209812,0.0901455500000239,0.00987499999999972,0.00786944444444973,0,0.022495614035181,0.166103499999966,0.196760233918178,0.18289473684205,0,0.0837310526313064,0.24875184666673
1,8,0,0.0776392575875052,0.0756728570458547,0.00196640054165232,0.0419493558525509,0.160671134128626,437,0,0,0,0.0118648648648652,0.12258294390246,0,0,0,0.00310218228504725,0.0549572395121957,0,0,0,0.00507317073174263,0.0865402768292576,0.0604736842104963,0.0566829268292685,0,0.0357272727272754,0.164175305263213,0.171511308203992,0.16416385809314,0,0.0883490022172431,0.299039302439047
1,8,1,0.0719262031601052,0.0697424702833944,0.00218373287671233,0.039132160977026,0.15597401019459,438,0,0,0,0.0102083333332753,0.11581999999997,0,0,0,0.00286666666661491,0.0576484266666724,0,0,0,0.00487916666665722,0.0855800416666622,0.00363333333337815,0.00110833333328628,0,0.021835714285799,0.168915752380907,0.211440000000001,0.192719999999917,0,0.0888416666666154,0.270837333333376
1,9,0,0.141661017274352,0.138375802502874,0.00328521477147758,0.0620503560862178,0.182381166531608,404,0.008659090909088,0.000818181818181688,0,0.0142386363636357,0.127565942857143,0,0,0,0.000299999999999965,0.0592657818181814,0,0,0,0.00513636363636305,0.0970659090908855,0.128113636363651,0.126443181818168,0,0.0599772727273065,0.197143227272702,0.394454545454539,0.370190909090916,0.00022727272727097,0.155081060606042,0.341411634545345
1,9,1,0.113199085619285,0.111126454696591,0.00207263092269304,0.0506437032418931,0.173202248838088,401,0,0,0,0.0103749999999963,0.118658800000003,0,0,0,0,0.0594705600000193,0,0,0,0.00462500000000077,0.0960007000000209,0.0426249999999868,0.0302499999999668,0,0.0367499999999942,0.177763200000004,0.349,0.331374999999994,0,0.120124999999988,0.319628199999999
1,10,0,0.259133282312926,0.250368429705216,0.00876485260770978,0.0988299461451247,0.214802641751124,420,0.0738333333333318,0.0649523809523933,0,0.0413809523809375,0.148435811904758,0,0,0,0.00199047619045348,0.068925490476157,0,0,0,0.00651190476190574,0.100648707142857,0.343226190476192,0.324428571428414,0,0.129571428571429,0.264055638095229,0.705509523809531,0.700709523809535,0.00212857142857275,0.230538095238097,0.362989892857138
1,10,1,0.339851904761903,0.32414,0.0157119047619034,0.122572043650795,0.257385049716983,420,0.133400000000012,0.117200000000014,0,0.0530499999999804,0.17367425,0,0,0,0.00236000000011331,0.0714681999999563,0,0,0,0.00815000000002328,0.111512974999923,0.491599999999998,0.480950000000021,0,0.16162499999999,0.288422800000017,0.964609999999958,0.892830000000039,0.002129999999996,0.315039999999962,0.491803574999894
1,11,0,0.519242264706483,0.476821223323968,0.0424210413825146,0.182869672048205,0.294014519116254,438,0.295147727272733,0.24322727272727,0,0.1090454545455,0.214882909090915,0,0,0,0.00525909090910504,0.0857265804228375,0.0152499999999727,0.00350113636364169,0,0.026090909090899,0.116855668181825,0.765488636363635,0.695727272727272,0,0.263204545454595,0.367488472727267,1.30114090909092,1.24269545454542,0.0386740259740088,0.447763636363638,0.582927369090909
1,11,1,0.541025037177344,0.489905738931727,0.0511192982456137,0.194074804979198,0.309480586893526,437,0.331124999999986,0.265249999999995,0,0.127874999999932,0.23331000000001,0,0,0,0.00446470588233129,0.0852869199999897,0.00175000000001546,0.000749999999982265,0,0.0167500000002292,0.1173598,0.839166666666719,0.744000000000141,0,0.287750000000003,0.370467449999983,1.38389999999979,1.28685000000016,0.0361999999999684,0.46617500000003,0.578464367999993
1,12,0,0.61107392851556,0.557790106451722,0.0532838220638398,0.221210560683201,0.344279174559823,442,0.39452367149754,0.32697826086949,0,0.142427704752294,0.255139130434776,0,0,0,0.00656521739130307,0.0871109674916487,0.0440177865612684,0.0271578947368583,0,0.0407055335968184,0.14062336956519,0.889010869565151,0.826728260869666,0,0.311108695652132,0.443008228260831,1.45053913043482,1.39455217391278,0.0733525603864749,0.501791304347949,0.685243913043544
1,12,1,0.678191215157393,0.610431771170004,0.0677594439873888,0.248567915785187,0.351153963043287,442,0.471625000000031,0.354437499999982,0,0.166499999999995,0.271974050000047,0,0,0,0.00575000000003456,0.0994455500000093,0.0109062499999766,0.00453124999999411,0,0.0395000000000465,0.142161974999989,1.04568750000002,0.939375000000126,0,0.36671874999999,0.508331125000065,1.64577500000005,1.49157499999994,0.0944812500000285,0.589112499999942,0.769621929999979
1.5,1,0,0.687349495612562,0.605148448558118,0.0822010470544469,0.246053032951632,0.379704563546013,443,0.373428571428555,0.316999999999975,0,0.146238095238124,0.252501219047634,0,0,0,0.00602380952383274,0.0844408761904751,0.0393928571428811,0.0148095238095634,0,0.0326904761904773,0.124968660714312,1.02928571428564,0.892309523809596,0,0.360928571428661,0.547770142142854,1.77886666666671,1.62719999999979,0.0963238095238121,0.635066666666496,0.845446829047577
1.5,1,1,0.599719948314171,0.535479607832601,0.0642403404815736,0.219992161130821,0.350664479000014,443,0.322399999999834,0.267500000000018,0,0.135500000000002,0.242796799999981,0,0,0,0.00514000000000579,0.0851619200000079,0.00204999999996289,0.000450000000023465,0,0.0256999999999551,0.121333150000006,0.949550000000273,0.808099999999877,0,0.312049999999993,0.502021800000097,1.4984999999998,1.38475999999989,0.0426400000000012,0.546019999999926,0.708938960000131
1.5,2,0,0.635976332941693,0.565801275724039,0.070175057217649,0.227331536282221,0.355413936787763,442,0.353039473684192,0.32305000000008,0,0.143775000000067,0.24289999999991,0,0,0,0.00590500000004454,0.0801829200000118,0.0322500000000218,0.0102624999999762,0,0.0385650000000163,0.113149199999985,0.875500000000022,0.773662500000006,0,0.330714583333374,0.489219999999936,1.52149500000018,1.46212,0.0642910000000727,0.548815000000001,0.786423147825895
1.5,2,1,0.700562672376652,0.621583832956271,0.0789788394203914,0.250884886518707,0.376662498072099,442,0.417875000000037,0.338250000000016,0,0.16612499999998,0.276691600000008,0,0,0,0.00550000000004047,0.0729490199999946,0.00524999999987585,0.00337500000000546,0,0.0342812499998928,0.129026400000095,1.08296875000002,0.979859375000017,0,0.387937500000155,0.518493700000004,1.73513750000011,1.5261125000002,0.0428375000000643,0.588775000000004,0.813340759999982
1.5,3,0,0.509554413107002,0.455672756117148,0.0538816569898517,0.184411116220728,0.299909277192618,443,0.290717391304379,0.264652173912944,0,0.114722222222124,0.203919913043524,0,0,0,0.00531304347827561,0.0782949860869452,0.0346521739130495,0.00702173913043063,0,0.0249999999999872,0.11551522826088,0.728999999999953,0.649456521739348,0,0.262108695652192,0.38459098043484,1.25668695652153,1.20710434782614,0.090308930669844,0.433991304347641,0.644918926086985
1.5,3,1,0.515870921892245,0.46645739668532,0.049413525206923,0.188645457965659,0.315310594985295,443,0.262857142857164,0.207857142857133,0,0.118428571428597,0.228603400000623,0,0,0,0.00431428571420318,0.0706994914285707,0.00110714285710855,0.000285714285772493,0,0.012071428571403,0.106900450000003,0.758428571428534,0.697285714285758,0,0.270928571428515,0.418517049999847,1.28619999999968,1.2760571428572,0.0477999999998995,0.4800779220784,0.678989359999941
1.5,4,0,0.433268539597829,0.387105984246918,0.0461625553509114,0.158066482512762,0.265454732319371,434,0.223282170542697,0.185618727050199,0,0.0907912513843036,0.187331228754632,0,0,0,0.00520521739123659,0.074725268571426,0.0131030219779998,0.00166735880400786,0,0.0198142857142532,0.112306823076808,0.633083056478356,0.557079670329635,0,0.211678571428592,0.331541076447839,1.17622666666674,1.0918351648351,0.0370888372092643,0.431741025641022,0.588867930232561
1.5,4,1,0.510036877441377,0.436181880089796,0.0738549973515947,0.186664250234648,0.28632726717804,434,0.272348214285533,0.217923076923188,0,0.102983333333328,0.174184173076922,0,0,0,0.00403750000003243,0.0699594200000252,0.0011738095238083,0.000205882352940488,0,0.0166250000001469,0.102667775980389,0.719767857142848,0.677500000000086,0,0.282642857142873,0.39882759294869,1.27718076923062,1.24419999999997,0.0651428571428791,0.499842857142831,0.641123443333488
1.5,5,0,0.183274573263494,0.167619530515846,0.0156550427476444,0.0749809053853931,0.175702123301914,434,0.067108350951413,0.0548681818182269,0,0.0307307185233809,0.133820141352552,0,0,0,0.00440272727276635,0.0647686999999983,0,0,0,0.00795182724252343,0.0875518073170913,0.226849927325564,0.218201902748393,0,0.0923874999999441,0.213166524999972,0.53235662790696,0.518831162790656,0.0170053911204734,0.19913896766866,0.335431976097566
1.5,5,1,0.181310733591442,0.163893260214047,0.0174174733774052,0.072935914048998,0.170172192405772,434,0.0161480263158362,0.00448684210526776,0,0.0224842105263152,0.126388408479451,0,0,0,0.00370000000002841,0.0587689042105392,0,0,0,0.00588888888900228,0.0908497837719455,0.248495065789452,0.20926923076926,0,0.087702631578886,0.211178706578974,0.592699999999878,0.552112222222046,0.00405555555550344,0.20957000000002,0.364955303643584
1.5,6,0,0.087493348842137,0.0840675848884455,0.00342576395369189,0.0471609585769094,0.149854561236852,436,0.0015340909089797,6.8181818178914e-05,0,0.0129318181818199,0.115441911363652,0,0,0,0.00371590909090778,0.0512596690909061,0,0,0,0.00538636363639129,0.084027393181812,0.0950284090909082,0.0922454545454491,0,0.0472840909089301,0.174403390909009,0.234886363636344,0.234886363636344,9.09090909379467e-05,0.112499999999996,0.281319548795967
1.5,6,1,0.0970761263106258,0.0922393799148137,0.00483674639580773,0.0489926837592871,0.150147913731927,436,0,0,0,0.0110937499999295,0.119764700000035,0,0,0,0.00350000000000428,0.0532753400000373,0,0,0,0.00500000000000167,0.0865614000000164,0.0778906249999451,0.0778906249999451,0,0.0410468750000703,0.184689900000229,0.331031249999967,0.31900000000006,0,0.131312500000025,0.280383939999953
1.5,7,0,0.0610205445565499,0.0596287491380041,0.00139179541854633,0.0399997770662312,0.158505250806233,438,0,0,0,0.0109196617335932,0.117819465116232,0,0,0,0.0029202090592237,0.0564899855813878,0,0,0,0.00490476190481916,0.0903877577242718,0.0486607142856884,0.0479269102989534,0,0.0319426910298004,0.169027842814573,0.131404761904707,0.127961904761954,0,0.0863396103896079,0.315504820465119
1.5,7,1,0.0576846333467169,0.0561033281049234,0.00158130524179568,0.0339226541882842,0.139167986286931,438,0,0,0,0.0100555555555515,0.112892566666613,0,0,0,0.00294736842106932,0.0546572631578973,0,0,0,0.00474707602339865,0.0843165052631666,0.00833552631575803,0.00592836257314239,0,0.0256960784313865,0.158469863450347,0.156327777777734,0.152633333333337,0,0.0757777777777711,0.22229237894731
1.5,8,0,0.0751564624002322,0.0733336486191528,0.00182281378107657,0.0430416957609548,0.158521052260071,437,0,0,0,0.0118421052630334,0.11884683671373,0,0,0,0.00316559691905865,0.0534970923170727,0,0,0,0.00500000000000062,0.0837852115853094,0.0593636363636355,0.058024390243878,0,0.0359024390243842,0.184689619640585,0.170892682926853,0.167112195121974,0,0.0926682926829694,0.286327296585369
1.5,8,1,0.0704946029934043,0.0680594178082182,0.00243518518518535,0.0409038622526626,0.149902547608766,438,0,0,0,0.0102666666666196,0.11407161666664,0,0,0,0.00282333333339162,0.054636176666655,0,0,0,0.00486666666666622,0.0831474333333583,0.013266666666649,0.00545000000000375,0,0.0257458333333277,0.165521089285709,0.224201428571473,0.213586666666773,0,0.0936649999999657,0.256167366666636
1.5,9,0,0.139191722788352,0.134206675533626,0.00498504725472535,0.0633995853044145,0.180044023027311,404,0.00302272727275139,0.000159090909092315,0,0.0136136363635793,0.122763636363577,0,0,0,0.000190909090909133,0.0569047872727113,0,0,0,0.00504545454545465,0.0888527636363727,0.107397727272707,0.105102272727273,0,0.0546022727272734,0.175907952727228,0.438827272727264,0.435831818181799,0.000262626262622201,0.161559659090908,0.312432327272726
1.5,9,1,0.109628532834578,0.108234829592683,0.00139370324189519,0.0535800083125509,0.167520652019057,401,0,0,0,0.0103749999999678,0.116212500000018,0,0,0,0,0.0561878200000361,0,0,0,0.00462499999999899,0.0854016,0.0392499999999956,0.0368749999999984,0,0.0348750000000031,0.173536000000022,0.311999999999842,0.311625,0,0.11675000000001,0.288147839999841
1.5,10,0,0.269673241213149,0.258579590419498,0.0110936507936516,0.105165072278914,0.215169886439353,420,0.111666666666658,0.101452380952378,0,0.0493095238095366,0.158173752380948,0,0,0,0.00194761904762625,0.0703173190476434,0,0,0,0.00872767857142755,0.0969312226189858,0.368833333333343,0.356904761904733,0,0.132285714285629,0.266783198571409,0.756595238095257,0.754419047619,0.00357619047619062,0.264871428571431,0.381283142857151
1.5,10,1,0.329641507936513,0.313492936507939,0.0161485714285727,0.124097261904761,0.228997306641514,420,0.135650000000124,0.115450000000027,0,0.0586999999999811,0.155208499999996,0,0,0,0.00240000000003136,0.0770282000000082,0,0,0,0.00879999999998801,0.0999207250000004,0.467900000000023,0.428500000000008,0,0.169674999999987,0.277185924999724,0.959919999999802,0.940070000000143,0.00153000000001758,0.315010000000358,0.431633955000196
1.5,11,0,0.518466607120917,0.477187487648304,0.0412791194726125,0.183474780141441,0.290265589359223,438,0.285295454545441,0.241749999999996,0,0.118590909090905,0.207746145454577,0,0,0,0.00521363636363348,0.07476918545454,0.00967045454545969,0.00440227272728748,0,0.0233181818181764,0.114506672727264,0.804556818181791,0.758090909090965,0,0.275465909090909,0.382200436363632,1.31254999999995,1.25855454545459,0.0460272727272478,0.447281818181833,0.612223869090933
1.5,11,1,0.527944529081644,0.47791068087417,0.050033848207472,0.188435366549371,0.294080712098233,437,0.334625000000003,0.275874999999928,0,0.122374999999977,0.204999999999934,0,0,0,0.00445000000000419,0.0808941999999902,0.00150000000002137,0.000500000000002388,0,0.0157499999999935,0.110842099999997,0.829625000000022,0.738499999999959,0,0.281999999999997,0.390538999999942,1.33652500000009,1.28435,0.0188749999999973,0.459550000000024,0.581565160000002
1.5,12,0,0.624157920838576,0.562347870685099,0.0618100501534774,0.222318793917665,0.340462816048131,442,0.414934782608439,0.354891304347841,0,0.147543478260903,0.269428332608714,0,0,0,0.00648260869563889,0.084043233913043,0.0472826086956833,0.0223586956522062,0,0.0411847826086782,0.145611659782593,0.919717391304368,0.858478260869585,0,0.324597826086935,0.444345572826052,1.45709565217408,1.38895652173925,0.0641347826086955,0.50726086956521,0.687230916086855
1.5,12,1,0.705262763951747,0.627651462875373,0.077611301076373,0.252205264098648,0.348119181342001,442,0.452312499999984,0.365625000000094,0,0.159812499999959,0.265874999999995,0,0,0,0.00600000000000307,0.0977625000000342,0.019093749999989,0.00565624999998171,0,0.0415000000000169,0.138939425,1.05731250000002,0.968124999999971,0,0.384625000000035,0.528272499999944,1.83975,1.79741249999983,0.100874999999917,0.626762499999919,0.740342149999972
2,1,0,0.68451016924109,0.602722422460006,0.0817877467810848,0.254217891400381,0.362628303604649,443,0.408666666666726,0.317428571428555,0,0.16403225806451,0.245098776190448,0,0,0,0.00579047619049951,0.0876797523809525,0.0519285714285664,0.021904761904763,0,0.0401785714286337,0.126902257142844,1.03695238095258,0.954714285714328,0,0.382595238095226,0.528580467142868,1.65524761904751,1.5041333333334,0.0652952380952575,0.596285714285759,0.788659672380931
2,1,1,0.608039429932998,0.5325935276255,0.075445902307496,0.219303801193163,0.342842819395056,443,0.376300000000128,0.29330000000009,0,0.143100000000004,0.253433000000012,0,0,0,0.0047999999999729,0.0892547099999406,0.000900000000046931,0.00036666666661489,0,0.0294000000000552,0.132860599999969,0.905200000000149,0.810899999999969,0,0.326099999999883,0.443604000000174,1.51610000000004,1.43612000000001,0.0580600000001141,0.507280000000033,0.708579916000009
2,2,0,0.644817799842165,0.569149623789201,0.0756681760529639,0.233670408202243,0.341866045761847,442,0.37443750000009,0.334499999999935,0,0.147574999999951,0.242100000000006,0,0,0,0.0059549999999308,0.0733117078260916,0.046650000000011,0.0170187499999883,0,0.0379874999999785,0.134426849999981,0.952887500000111,0.863275000000044,0,0.357168749999995,0.441822899999975,1.56108999999991,1.44358499999994,0.0681499999999655,0.548537499999983,0.776021440000005
2,2,1,0.668487950693113,0.584269304388436,0.084218646304667,0.242189946042526,0.359407623413434,442,0.443437500000016,0.342874999999971,0,0.166125000000008,0.251881499999982,0,0,0,0.00563749999994911,0.0826407600000604,0.00621874999998795,0.00334374999997955,0,0.0390624999999112,0.13929219999995,0.961109375000177,0.85362499999971,0,0.350656250000071,0.422014999999984,1.60908750000047,1.52911249999957,0.174874999999999,0.575487500000054,0.781924319999951
2,3,0,0.521275959532933,0.464493573869897,0.056782385663035,0.189492612359579,0.286311375856423,443,0.316782608695655,0.288565217391292,0,0.126956521739114,0.203643478260744,0,0,0,0.00587826086961701,0.0777397026086683,0.0379565217391375,0.00649999999999706,0,0.0279782608695758,0.118620800000022,0.767760869565178,0.69108695652162,0,0.28815372670806,0.37964127670806,1.26773043478283,1.20619130434802,0.0984391304347811,0.451234782609058,0.567048546956447
2,3,1,0.49367324674012,0.445475658596504,0.0481975881436134,0.181210314152866,0.279382998166444,443,0.300124999999639,0.219124999999991,0,0.123999999999967,0.22805229999992,0,0,0,0.00437499999994201,0.0675974999999923,0.00243750000015553,0.0012749999999528,0,0.0132499999999567,0.101480250000114,0.737249999999903,0.658562500000244,0,0.266031250000011,0.356903999999944,1.24517499999988,1.20577500000031,0.0771124999999061,0.440974999999935,0.574707560000028
2,4,0,0.456775795734688,0.408029990633881,0.0487458051008055,0.173596163643216,0.279801023335667,434,0.256365384615368,0.229944444444376,0,0.106060439560433,0.207763929323325,0,0,0,0.00584615384613104,0.0721615885714392,0.0170071428571659,0.00368333333338212,0,0.0213347176079681,0.120001469930075,0.686973492723437,0.622368279569888,0,0.262557692307711,0.357936167226831,1.17865428571442,1.13622857142877,0.0374599999999236,0.435363461538429,0.558865434285685
2,4,1,0.523030369424645,0.456085385300452,0.0669449841241896,0.194836374031154,0.298296348146879,434,0.327348739495353,0.251497326203072,0,0.116702205882436,0.203590725490211,0,0,0,0.00468095238081787,0.0686475600000589,0.00354166666670608,0.000999999999813945,0,0.0187115384615582,0.122605499359015,0.775414027149182,0.736640476190454,0,0.287749999999777,0.387918166666614,1.2808523809526,1.18060476190437,0.0944882352941227,0.496845833333343,0.65793558538455
2,5,0,0.216349055494372,0.197528828060105,0.0188202274342685,0.0888299951070682,0.182419354841594,434,0.0841541635409606,0.0665232558139501,0,0.0452790697675137,0.129875457317058,0,0,0,0.00446818181817228,0.0638269766173391,0,0,0,0.00976162790696131,0.0890481965367861,0.254755813953466,0.240109936574957,0,0.122636363636244,0.223363075000069,0.563635000000124,0.555090609756217,0.012799927325513,0.228764816203999,0.355551530697809
2,5,1,0.197532199762587,0.1794139139005,0.0181182858620768,0.0782332265166593,0.17526394653463,434,0.0311363636363274,0.0125611111111286,0,0.0231666666666872,0.126561395321601,0,0,0,0.00360526315786733,0.0611580819298264,0,0,0,0.00580555555571513,0.0903183369617715,0.273539473684143,0.239986111111068,0,0.108223684210568,0.201667309210491,0.608065789473847,0.557700000000064,0.00347333333324068,0.23330701754387,0.364811625555461
2,6,0,0.107598073121402,0.104065810454863,0.00353226266653994,0.0551332139975516,0.150814980673322,436,0.0105822510822258,0.00715909090910248,0,0.0208409090908917,0.110709795454542,0,0,0,0.00409090909092345,0.0561460909090346,0,0,0,0.00557954545449458,0.0834063429425654,0.122602272727325,0.119465909090856,0,0.06760795454549,0.170389818181825,0.268628964059197,0.268628964059197,0.000363636363694943,0.139295454545453,0.286587690909147
2,6,1,0.101490588138926,0.097645261304062,0.0038453268348621,0.0496973855941366,0.145119827895928,436,0,0,0,0.0112321428571138,0.107592178571439,0,0,0,0.00353125000001775,0.0532940699999838,0,0,0,0.00500000000008849,0.083298699999976,0.0756718749998981,0.0756718749998981,0,0.0424687500000047,0.166551250000047,0.323593750000157,0.323593750000157,0,0.138437500000016,0.253272989999931
2,7,0,0.0844618204560189,0.0829390227626099,0.0015227976934077,0.0476413638762912,0.155968067602943,438,0.000178571428590874,5.89700996670406e-05,0,0.0130813492063469,0.125793193942934,0,0,0,0.00300000000000938,0.0540677296217018,0,0,0,0.00499999999994132,0.0901696025636656,0.0850722591362787,0.083084302325505,0,0.0564424141750308,0.177000739651977,0.216052380952414,0.208047619047678,0,0.127100000000024,0.270640831893696
2,7,1,0.0680937055823015,0.0663584135851864,0.00173529199711489,0.0378630882562051,0.142503898489766,438,0,0,0,0.0105999999999767,0.112728744444376,0,0,0,0.00305263157892588,0.0564882868420991,0,0,0,0.00477777777781638,0.0874803166666819,0.0460394736842018,0.04357535885167,0,0.0362631578947376,0.148160416081844,0.200876666666665,0.1915752631579,0,0.0923631578947791,0.234414511754441
2,8,0,0.0971836718155222,0.0952585484295913,0.00192512338593109,0.0522725025907525,0.160171382911178,437,0.0104878048780559,0.00646341463415432,0,0.0179512195121671,0.118519053357495,0,0,0,0.00314351732994831,0.0562215214634073,0,0,0,0.00507317073169272,0.0845306603658781,0.0941707317073251,0.0850731707316947,0,0.0594634146341267,0.180742625609749,0.244206873614204,0.238454988913567,0,0.126871770334928,0.272981128780451
2,8,1,0.0860528430093499,0.0844554305283762,0.00159741248097457,0.0486734281003154,0.149484278792187,438,0,0,0,0.0104555555556004,0.110509846666661,0,0,0,0.00290416666665822,0.0555253766666599,0,0,0,0.00486666666663496,0.0833314777777681,0.0679333333333415,0.063933333333379,0,0.0397666666667141,0.158077278571417,0.267931111111105,0.265313333333339,0,0.140199166666709,0.253168639999998
2,9,0,0.150248352118302,0.144847882071297,0.00540047004700451,0.0694944705084838,0.172215593502659,404,0.0241136363636139,0.0165909090909366,0,0.0232500000000238,0.122933818181818,0,0,0,0.000363636363636632,0.0551949072727308,0,0,0,0.00521212121211189,0.0880221909090911,0.150420454545454,0.147647727272729,0,0.0830454545454687,0.170381818181776,0.433695454545453,0.402772727272711,0.000963636363626332,0.181701785714286,0.305356799999996
2,9,1,0.117792913549457,0.116245947630921,0.00154696591853662,0.0545780340814634,0.159714805542861,401,0,0,0,0.0105,0.11266,0,0,0,0,0.0545428000000012,0,0,0,0.00462499999999721,0.083488999999967,0.0746249999999975,0.0681249999999806,0,0.0489999999999995,0.1620481,0.375249999999994,0.375249999999994,0,0.177374999999994,0.319112519999986
2,10,0,0.288139522392295,0.276568547335606,0.0115709750566892,0.113135376984127,0.220109617760111,420,0.128666666666663,0.11188095238095,0,0.058904761904763,0.148621416666655,0,0,0,0.0022999999999984,0.0702695666666491,0.000178571428569913,0,0,0.00904761904761894,0.0919234821428499,0.395607142857329,0.37182142857139,0,0.156940476190476,0.277373451190485,0.821352380952346,0.804257142857217,0.00200952380952368,0.294771428571428,0.414474857142854
2,10,1,0.354498730158724,0.336776587301582,0.0177221428571413,0.130807916666666,0.233988244207541,420,0.175349999999992,0.153250000000014,0,0.0725500000000011,0.171944199999988,0,0,0,0.00226999999993057,0.0723367999999694,0,0,0,0.0106999999999971,0.100515824999999,0.521250000000003,0.498725000000027,0,0.185625000000044,0.321209525000055,0.956920000000004,0.93961000000002,0.0112299999999998,0.328510000000072,0.435654049999975
2,11,0,0.55173867719185,0.509105950709808,0.0426327264820423,0.197181729228609,0.297537186679964,438,0.305590909090917,0.269363636363628,0,0.118159090909113,0.221229563636351,0,0,0,0.00552727272726941,0.0884769090909025,0.0289659090909347,0.00998863636363401,0,0.0281022727272638,0.115239494545454,0.813625000000011,0.763818181818198,0,0.294795454545444,0.380670670909095,1.41424090909083,1.30691363636358,0.0413318181817712,0.489163636363656,0.598796756363615
2,11,1,0.56996830463308,0.515096546433225,0.0548717581998508,0.203397314497879,0.316626142891337,437,0.32987500000003,0.265499999999861,0,0.125750000000004,0.222521400000062,0,0,0,0.00507500000000221,0.0824372799999944,0.0043749999999534,0.00124999999997044,0,0.018999999999906,0.115233849999991,0.865749999999996,0.794125000000123,0,0.293874999999986,0.411547399999994,1.43854999999992,1.379575,0.0596500000000177,0.501825000000026,0.659588540000001
2,12,0,0.627041408194078,0.569278553293811,0.0577628549002654,0.230300951524546,0.335641999016547,442,0.438782608695686,0.350978260869694,0,0.154326086956506,0.273623315217419,0,0,0,0.00667391304348208,0.086376621060872,0.0675326086956394,0.0375108695652003,0,0.0505760869565146,0.147362236956523,0.92208695652179,0.828546376811685,0,0.338086956521775,0.411636442391383,1.44043478260869,1.39745652173915,0.0645453416149313,0.530078260869584,0.698929379130429
2,12,1,0.675380726014187,0.603176647617098,0.0722040783970913,0.247944701132202,0.351179545847031,442,0.434124999999937,0.382375000000103,0,0.169562500000048,0.264790449999925,0,0,0,0.00576250000003711,0.0917901499999822,0.0155624999999589,0.00578125000003381,0,0.0387812499999498,0.128702500000016,1.05549999999991,0.946640625000007,0,0.378218750000004,0.444895250000012,1.77409999999993,1.56671250000007,0.0537249999998382,0.601462499999979,0.710442210000035
2.5,1,0,0.724923980786721,0.635523778464496,0.0894002023222266,0.271823622367892,0.384956229591437,443,0.462523809523797,0.378333333333406,0,0.178380952381,0.265192500000054,0,0,0,0.00581904761904211,0.0948619476190721,0.0490000000000053,0.0175714285714083,0,0.0392380952380968,0.14340698571428,1.05469047619046,0.935464285714277,0,0.401952380952345,0.528147488095241,1.83196190476197,1.62659047619052,0.0724000000000204,0.636085714285794,0.827178228571498
2.5,1,1,0.622047399584356,0.550562608387973,0.0714847911963868,0.231579401805869,0.342403968740744,443,0.376299999999901,0.281900000000041,0,0.139950000000056,0.234670449999982,0,0,0,0.00540000000002692,0.08592177999996,0.0032999999999447,0.000999999999930879,0,0.032700000000051,0.121857200000094,0.985400000000072,0.851949999999943,0,0.349150000000327,0.503425600000343,1.51807999999972,1.39760000000002,0.0262900000000173,0.561719999999868,0.707814119999965
2.5,2,0,0.684379852118473,0.606476040942714,0.077903811175759,0.253746574136653,0.359675893240642,442,0.432699999999977,0.350980555555588,0,0.158474999999993,0.233052579999995,0,0,0,0.00639999999998964,0.0765523599999986,0.0600249999999415,0.0212000000000046,0,0.0458187499999823,0.134813599999967,1.01802499999995,0.919912499999941,0,0.391149999999962,0.530736399999983,1.71719999999999,1.63448999999977,0.109802499999988,0.584825000000033,0.772661440000014
2.5,2,1,0.684890943941668,0.593619558464406,0.0912713854772727,0.24755912429074,0.361704893481099,442,0.438975000000063,0.344812499999705,0,0.165562500000036,0.266594999999967,0,0,0,0.00563750000003225,0.0814585600000009,0.00612500000005412,0.00325000000001908,0,0.0335624999999809,0.145148700000018,1.04043749999991,0.897124999999788,0,0.365218749999912,0.449083900000024,1.78796249999978,1.71092500000012,0.151089999999945,0.641949999999713,0.808488599999913
2.5,3,0,0.545412224237776,0.488159715555119,0.0572525086826565,0.203160604671799,0.288503636991159,443,0.343217391304437,0.292217391304447,0,0.133521739130332,0.211784251130401,0,0,0,0.00648695652175973,0.0743972556521754,0.0469565217391074,0.0214158485273443,0,0.0305434782608838,0.11086612173909,0.802356280193108,0.714173913043455,0,0.306254347826149,0.403511078561002,1.33472826086972,1.25630496894398,0.0899962397179372,0.511321739130437,0.673433384347932
2.5,3,1,0.496830246584344,0.430238722344862,0.0665915242394879,0.17958674893266,0.264920946800184,443,0.295750000000226,0.234874999999989,0,0.118812499999855,0.191921999999982,0,0,0,0.00440000000033933,0.0712654400000049,0.002732142857196,0.00125000000002729,0,0.0149062499998678,0.107252283333324,0.783906249999803,0.694312499999911,0,0.273562499999912,0.359662500000092,1.21111249999961,1.11380000000002,0.0734749999999964,0.430724999999757,0.548294200000015
2.5,4,0,0.494719856240125,0.44123554431784,0.0534843119222849,0.195204730385889,0.291347482532211,434,0.298969696969717,0.242899048625799,0,0.124711068211051,0.214376028264739,0,0,0,0.00558461538460226,0.0734293646154314,0.0338732057416604,0.00805357142858306,0,0.0277972868217069,0.127740284090902,0.747326923076893,0.673274150268391,0,0.310973076923087,0.401311835714289,1.24403833333313,1.19312000000046,0.0550604651163941,0.479648505747108,0.657653571428522
2.5,4,1,0.55720162624979,0.493401698589424,0.0637999276603584,0.210482286392627,0.289534978840925,434,0.381515837103995,0.312174603174663,0,0.137732142857215,0.222213080769219,0,0,0,0.00474999999997578,0.0694409485714207,0.00667857142863275,0.00151587301591372,0,0.022957142857043,0.12077770000003,0.790214285713871,0.741166666666725,0,0.294244505494486,0.353205631410221,1.31764285714293,1.24588076923053,0.0713509803921743,0.523692307692567,0.614814804615387
2.5,5,0,0.26360108979429,0.245825748984765,0.0177753408095244,0.112599761317097,0.192465622367897,434,0.0935022727272937,0.078736677115988,0,0.0554878048780399,0.139235358706742,0,0,0,0.00464045454541209,0.0681245493023044,0,0,0,0.0103080882353291,0.091489163675938,0.328195454545518,0.303969696969568,0,0.152021618625325,0.239990460975702,0.693560116278993,0.684881363636315,0.0128610465115989,0.303073225806226,0.403394735155978
2.5,5,1,0.228610601115914,0.211772161874474,0.0168384392414468,0.0939073624515651,0.181389699162946,434,0.0506052631578649,0.0369356725146833,0,0.0304000000000308,0.122488106725071,0,0,0,0.00377777777771307,0.0591633605263191,0,0,0,0.00682017543864764,0.0848219545321727,0.275982456140371,0.258777777777747,0,0.115166666666736,0.221681063157886,0.605642105263311,0.59003684210528,0.00681133603247373,0.247123076923064,0.350692793859688
2.5,6,0,0.159660631496122,0.15388912467976,0.00577150681636298,0.0806906573027626,0.162936398508554,436,0.0268295454545544,0.0222045454545733,0,0.0245681818182003,0.117043906220086,0,0,0,0.00404545454540797,0.0558946892177698,0,0,0,0.00584989429178948,0.0826200012986969,0.129854269293998,0.126450431034453,0,0.0893522727274569,0.187029445454536,0.522624999999938,0.499250000000013,0.000397727272725619,0.248545454545411,0.345899938181853
2.5,6,1,0.131009403669732,0.127424397935787,0.00358500573394576,0.0646412093162973,0.158741844156969,436,0,0,0,0.0123749999997926,0.108195200000204,0,0,0,0.00359374999999629,0.0511950500000177,0,0,0,0.00512499999994986,0.0802468949999968,0.0955312499999733,0.0926093749999977,0,0.0572187500000124,0.172517500000011,0.423437500000035,0.423437500000035,0,0.184468749999944,0.281018890399926
2.5,7,0,0.126408022366033,0.123707010292048,0.00270101207398674,0.0707670420727678,0.158983711326754,438,0.00115822259137737,0.00054761904762234,0,0.0167906976745068,0.116141970930221,0,0,0,0.00294390243901695,0.0522250647619147,0,0,0,0.00495238095233964,0.0824283090909203,0.117522023809508,0.116143687707606,0,0.0771677740863903,0.18545788564946,0.359347619047668,0.352147176079751,0,0.240057142857083,0.318549062682202
2.5,7,1,0.100448755079996,0.0987462169614904,0.00170253811850772,0.0535167030354017,0.152846855122828,438,0,0,0,0.01121111111111,0.113699723391822,0,0,0,0.00299999999997112,0.0543502400000051,0,0,0,0.00488888888890355,0.0857760444444401,0.044999999999989,0.0430657894736741,0,0.0370416666666981,0.15753600555562,0.285700000000027,0.279718181818057,0,0.139846666666485,0.246571672222199
2.5,8,0,0.130687804123295,0.128381430934311,0.00230637318898342,0.0728071813161885,0.158982303322663,437,0.00865853658536353,0.00726829268292688,0,0.0183170731707421,0.123229192751842,0,0,0,0.00310526315798166,0.0522010780487916,0,0,0,0.00509090909091273,0.0830877426829312,0.121863636363628,0.11499999999997,0,0.0826842105264069,0.188623155969225,0.428733761232531,0.405663414634119,0,0.221547671840383,0.322730027548126
2.5,8,1,0.106146602522286,0.103752424440096,0.00239417808219053,0.0578064443357191,0.148403392198403,438,0,0,0,0.0114999999999933,0.112967519999978,0,0,0,0.00286666666662566,0.0515125100000184,0,0,0,0.00499999999999735,0.0796305583332802,0.0678444444444938,0.0663166666666851,0,0.0418000000000366,0.164891447619006,0.3076775,0.3076775,0,0.175199999999998,0.232347653333371
2.5,9,0,0.191262089133643,0.18687671809654,0.00438537103710386,0.0901686382150805,0.163048643029974,404,0.0432500000000005,0.0389545454545441,0,0.0315909090909172,0.123905563636363,0,0,0,0.000254545454545348,0.0617670109090917,0,0,0,0.00607954545456447,0.0855913545454489,0.218784090909088,0.199988636363631,0,0.121454545454526,0.180177568421054,0.58204545454539,0.58204545454539,0.000363636363609065,0.270318181818183,0.339339814909094
2.5,9,1,0.151873441396513,0.150269326683295,0.0016041147132167,0.0708737531172076,0.158939440857134,401,0,0,0,0.011124999999879,0.108426,0,0,0,0,0.0541287000000187,0,0,0,0.00450000000000017,0.0838249999999941,0.119500000000002,0.0943333333333335,0,0.0647499999999681,0.163085999999992,0.534250000000007,0.534250000000007,0,0.218499999999999,0.317326000000039
2.5,10,0,0.34038884920635,0.329808123582767,0.0105807256235829,0.137269725056689,0.211012422308177,420,0.15788095238093,0.143857142857142,0,0.0761011904761919,0.167200971428561,0,0,0,0.00255714285713676,0.0658912952380584,0.000226190476178361,0,0,0.0105595238095479,0.091206107142857,0.505750000000018,0.490833333333355,0,0.20417857142865,0.26775527619046,0.933395238095205,0.933395238095205,0.00348095238095243,0.34992380952377,0.388261428571419
2.5,10,1,0.378117242063499,0.364021289682545,0.0140959523809532,0.149015912698416,0.229231752169823,420,0.196749999999985,0.158700000000065,0,0.0843999999999908,0.17405505000001,0,0,0,0.00189000000002096,0.0696458999999994,0,0,0,0.0111500000000017,0.09086812500002,0.602774999999991,0.58335000000082,0,0.223074999999999,0.313513750000015,1.02783000000003,1.02783000000003,0.0114199999999881,0.393860000000011,0.487342000000017
2.5,11,0,0.577332574365146,0.527598972445759,0.0497336019193867,0.213746726801817,0.307597385959899,438,0.350704545454557,0.317413636363606,0,0.14059090909091,0.233454545454505,0,0,0,0.00549090909092084,0.0814547854545426,0.0261704545454506,0.00935227272727297,0,0.0292272727273115,0.115694195999999,0.877829545454544,0.837806818181842,0,0.327636363636359,0.428890077272739,1.39693181818179,1.34483636363632,0.0331409090909295,0.516254545454564,0.618786392727265
2.5,11,1,0.587631687034075,0.530968357514631,0.0566633295194482,0.220192751940588,0.320725239555423,437,0.406125000000031,0.349125000000129,0,0.159750000000003,0.260457505882395,0,0,0,0.0049000000000035,0.0866545199999879,0.00387500000005048,0.00175000000007231,0,0.0221250000000026,0.123312799999991,0.875500000000047,0.804374999999993,0,0.31450000000018,0.412792983333347,1.51584999999998,1.37135000000011,0.0549999999999503,0.53862500000013,0.648554378823504
2.5,12,0,0.649514955610387,0.58723384699209,0.0622811086182977,0.246369254436811,0.347743514942668,442,0.484717391304347,0.40900000000011,0,0.174326086956538,0.286556328260866,0,0,0,0.00683913043477906,0.0872929921739246,0.0669347826087006,0.0290108695651567,0,0.0469347826086979,0.147829424272724,0.969733695652014,0.909663043478345,0,0.378369565217386,0.470435626086961,1.54062608695645,1.42037391304351,0.0748652173913204,0.576826086956554,0.685952041739127
2.5,12,1,0.684569898606307,0.608535859116383,0.0760340394899254,0.251757399952983,0.361512111434575,442,0.466875000000101,0.39362500000005,0,0.166562499999983,0.294511500000023,0,0,0,0.00599999999998744,0.0883237000000164,0.0141875000000197,0.00653124999999123,0,0.040500000000014,0.133498749999961,1.03478124999975,0.967093749999933,0,0.370218749999996,0.513561374999995,1.58964999999997,1.56628749999992,0.0483166666666061,0.592468749999977,0.728844519999934
3,1,0,0.733597889195109,0.645699794251324,0.0878980949437861,0.277584098021319,0.393608157239496,443,0.527571428571329,0.424809523809472,0,0.198047619047646,0.285067002380952,0,0,0,0.0060857142857263,0.0916947023809044,0.0852857142856843,0.0393690476190532,0,0.0564494047619471,0.128744923809511,1.07445238095231,0.955047619047578,0,0.418309523809566,0.543530326190505,1.80309523809523,1.66696190476188,0.108428571428603,0.663028571428541,0.853375634285716
3,1,1,0.661652177165084,0.589671662366986,0.0719805147980976,0.245707278118166,0.359711600469127,443,0.418100000000004,0.367750000000013,0,0.159899999999948,0.252397149999972,0,0,0,0.00549999999998818,0.0833250799999919,0.00450000000000727,0.00199999999999818,0,0.0370000000000573,0.124526900000017,1.01104999999981,0.912525000000073,0,0.363099999999873,0.479116224999934,1.56719999999985,1.49125999999986,0.0428600000000007,0.613699999999944,0.791924620000107
3,2,0,0.680527473744936,0.60633363987667,0.0741938338682692,0.25892567720793,0.371063276731334,442,0.449075000000005,0.381174999999882,0,0.177699999999902,0.247634400000023,0,0,0,0.00695499999998561,0.0850109657143105,0.0813125000000184,0.0454500000000081,0,0.0551750000000133,0.131737249999952,0.996450000000288,0.91110000000001,0,0.387249999999997,0.46722494999994,1.62147000000008,1.53190499999973,0.114425000000002,0.610720000000012,0.777839120000022
3,2,1,0.725461840120654,0.633849695647487,0.0916121444731699,0.265236848200813,0.38730839936802,442,0.510749999999973,0.423687499999999,0,0.185812499999955,0.281877499999935,0,0,0,0.00549999999996374,0.075815179999987,0.0284843749999813,0.00825000000000386,0,0.0485000000000824,0.15017729999998,1.10674999999977,0.96190625000004,0,0.383343750000052,0.563723767857064,1.75173750000092,1.58425000000014,0.157879166666606,0.655137499999842,0.801440499999936
3,3,0,0.564139300292797,0.505274044224135,0.0588652560686586,0.214831935443599,0.313210388840804,443,0.375695652173976,0.32843478260864,0,0.154304347826076,0.249309826086949,0,0,0,0.00649565217389982,0.084898290434777,0.0743478260870173,0.0352391304347649,0,0.0400000000000131,0.129129973913081,0.80919565217405,0.728641304347854,0,0.312608695652295,0.411665847826091,1.30208695652174,1.22102173913052,0.102947545581968,0.499800000000026,0.654498595817839
3,3,1,0.521126002674918,0.465306193204854,0.0558198094700574,0.19712378282302,0.29611891823409,443,0.334437499999937,0.293625000000019,0,0.130874999999974,0.23689706666669,0,0,0,0.00474999999995589,0.0676239999999961,0.0081875000000764,0.00287500000001728,0,0.0235625000000823,0.111981900000029,0.805093750000118,0.736812499999893,0,0.298437500000176,0.390728749999891,1.28372499999991,1.18250000000019,0.0750750000000495,0.477925000000004,0.605397799999974
3,4,0,0.519019316092678,0.463159614443202,0.0558597016494835,0.206127929644679,0.294533537233106,434,0.301428571428573,0.265971794871912,0,0.132543589743641,0.224930932467606,0,0,0,0.00586923076922665,0.0810923767032998,0.0439785714285734,0.0197759136212649,0,0.0366186046511465,0.12208627142857,0.728764033263993,0.648108228980258,0,0.287066483516439,0.428037178571286,1.19543888888901,1.11719999999979,0.0788100000000312,0.470285714285796,0.595590843076885
3,4,1,0.615430185895333,0.546120871970874,0.0693093139244633,0.23186591585353,0.307698101525347,434,0.414590909090888,0.322714285714721,0,0.140976190476311,0.21450370000004,0,0,0,0.00513619047618802,0.0794821169230858,0.039350000000248,0.00476648351649636,0,0.0354071428571034,0.123037666666615,0.820802197802571,0.731892857142806,0,0.339350000000034,0.411137979831818,1.49810000000049,1.36699191919177,0.0836400000000993,0.555105882352874,0.724934841538342
3,5,0,0.286734942964289,0.268578676391056,0.0181562665732361,0.121177735073498,0.206482675260861,434,0.106081923890022,0.0832912513842735,0,0.0614451219512188,0.148810444186096,0,0,0,0.0046636363636501,0.060946209090924,0.000571590909050262,0,0,0.0110590909091224,0.0937113749999973,0.325487500000043,0.307996119733821,0,0.166733139534816,0.247812877816481,0.747674279379532,0.718085365853753,0.00950465116280212,0.289225882352983,0.429654302752625
3,5,1,0.257688134237197,0.238321646586891,0.0193664876503016,0.104941568602191,0.191726526890436,434,0.0769388888888254,0.0421169590644063,0,0.0432368421052561,0.132530573099417,0,0,0,0.00412500000003177,0.061607644444457,0,0,0,0.00801923076919303,0.087382722222156,0.317777777778113,0.269552631578923,0,0.136573684210568,0.261643314285584,0.677321052631617,0.675098245614052,0.00845964912280243,0.263329166666624,0.410731806315766
3,6,0,0.174778751970134,0.169323321335432,0.00545543063469977,0.084745067519256,0.166300032128012,436,0.0220681818181922,0.0148295454545565,0,0.0273863636363607,0.115394286363723,0,0,0,0.00396564482025341,0.0520185971317754,0,0,0,0.00595428118391893,0.0774190159090893,0.143937708565095,0.140795454545644,0,0.10393750000003,0.204888756818188,0.440636363636465,0.436659090909126,0.000875000000006598,0.21394318181817,0.36247520954544
3,6,1,0.158842499453912,0.153123606105283,0.00571889334862194,0.0718679854739999,0.157864076482359,436,0,0,0,0.0123125000000499,0.113994450000182,0,0,0,0.00365625000003611,0.0535887699999735,0,0,0,0.00512500000006355,0.0787960749999758,0.0964709821428823,0.0941093750000191,0,0.0583124999999036,0.172101375000056,0.510406250000031,0.510406250000031,0,0.228223214285687,0.326081339999997
3,7,0,0.118526096321192,0.115109554885207,0.00341654143598439,0.0665846613102473,0.164179204802663,438,0.000644795127345888,7.09018718128979e-05,0,0.0184950166111291,0.121950705473652,0,0,0,0.00304367816089294,0.0522846962601342,0,0,0,0.00504761904765127,0.0819868598837175,0.101145180023219,0.0953377630121214,0,0.0928416389811703,0.202409414682529,0.373703382663883,0.370087596899206,0,0.183376744186038,0.303846796578083
3,7,1,0.114209658153412,0.112481825634519,0.00172783251889185,0.0573891627221441,0.156367698074677,438,0,0,0,0.0116666666666103,0.117782923391688,0,0,0,0.00289999999997008,0.05224289052627,0,0,0,0.00487012987012913,0.0829701975146511,0.0678749999999702,0.0643289473684129,0,0.0470197368420574,0.179773021344925,0.308494444444417,0.296927777777785,0,0.166305263157927,0.277769533333308
3,8,0,0.127135447433636,0.125129640653942,0.00200580677969436,0.0690605725474109,0.154966067189489,437,0.00885365853659229,0.00657894736842104,0,0.0227812500000019,0.116537783924615,0,0,0,0.00320487804877749,0.0515833130488145,0,0,0,0.00547368421051655,0.0784274457317065,0.103853658536603,0.103853658536603,0,0.0905365853657979,0.205517021716949,0.373733333333267,0.36233170731709,0,0.189016463414632,0.286768201707363
3,8,1,0.123786144632899,0.119710649960135,0.00407549467275796,0.0639023900123282,0.14585079376221,438,0,0,0,0.011933333333255,0.117887400000016,0,0,0,0.00290166666669507,0.0509411633333391,0,0,0,0.00500000000010914,0.0780577075000012,0.105633333333337,0.102983333333334,0,0.0626333333333028,0.16865544285717,0.419973333333327,0.414313333333389,0,0.184116666666733,0.324510333333274
3,9,0,0.193528033205616,0.189353020704367,0.00417501250124928,0.0905218671702479,0.179521134388706,404,0.0357045454545332,0.0227954545454478,0,0.0326818181817107,0.128102254545455,0,0,0,0.000272727272727271,0.0580480127272908,0,0,0,0.00621590909090878,0.0830150545454557,0.183886363636368,0.177545454545472,0,0.118559090909066,0.195228934545421,0.590183333333333,0.555036363636357,0.00127272727272692,0.257539393939384,0.322422203636352
3,9,1,0.154429758935991,0.15201922277639,0.00241053615960139,0.0687718204488762,0.165704380647618,401,0,0,0,0.0112500000000005,0.105146000000006,0,0,0,0,0.0506790399999892,0,0,0,0.00462500000000199,0.0787227999999872,0.110250000000001,0.102874999999997,0,0.0694999999999907,0.17669500000001,0.537249999999993,0.528374999999997,0,0.2105,0.304074400000005
3,10,0,0.345679169501133,0.334343341836735,0.0113358276643985,0.138736488095237,0.219090913807721,420,0.145523809523809,0.132928571428571,0,0.0812619047619028,0.163305395238082,0,0,0,0.00260952380951705,0.0654965333333464,0.000297619047625544,4.76190476233352e-05,0,0.0120952380952268,0.0967555857142627,0.485882142857142,0.460749999999929,0,0.20835714285713,0.269922534523783,0.994271428571371,0.990166666666644,0.00271428571427648,0.361580952380952,0.415075115238094
3,10,1,0.401233373015871,0.384472658730159,0.0167607142857127,0.154312103174603,0.226301202150942,420,0.204924999999984,0.174000000000013,0,0.0847000000000022,0.170946349999996,0,0,0,0.00198999999999842,0.0683239999999493,0,0,0,0.0115749999999942,0.0920024749999851,0.603625000000009,0.578299999999889,0,0.218749999999995,0.290648374999955,1.17314999999986,1.10644,0.00480999999999768,0.371489999999981,0.47267149999998
3,11,0,0.586053646085793,0.538448293390542,0.0476053526952507,0.219221479690988,0.312777134312425,438,0.375047077921903,0.340863636363627,0,0.155045454545471,0.220898909090976,0,0,0,0.00630454545453745,0.0852376872727274,0.0529772727272653,0.0325113636363854,0,0.0346590909090679,0.123278545454542,0.90436363636364,0.845297040169,0,0.322693181818172,0.418770454545444,1.44422272727278,1.3780590909091,0.0784636363636142,0.509277272727295,0.661363870909074
3,11,1,0.58677328383298,0.53185280328378,0.0549204805492001,0.218467872366342,0.310212182158334,437,0.385749999999859,0.350499999999954,0,0.157249999999905,0.245428600000005,0,0,0,0.00450000000010959,0.0788190000000035,0.0059999999999718,0.00212499999997818,0,0.0230000000000246,0.118982800000013,0.843624999999946,0.832249999999931,0,0.325500000000006,0.391130600000034,1.43281666666658,1.38447500000007,0.0287499999999938,0.488674999999995,0.61203251999999
3,12,0,0.663757249703073,0.59680068692022,0.0669565627828544,0.251031483074886,0.361921145738322,442,0.488391304347863,0.391891304347827,0,0.194449048913035,0.3073898804348,0,0,0,0.00923775743707157,0.093135739130428,0.094673913043485,0.0579782608695634,0,0.056728260869551,0.143840700869506,1.00095652173913,0.923021739130537,0,0.383695652173859,0.487726782608733,1.5004565217391,1.40441304347811,0.0820173913042887,0.553269565217366,0.727593756521756
3,12,1,0.741190732306902,0.662142265455131,0.0790484668517698,0.26859381525338,0.364616958959362,442,0.556843749999956,0.480687500000045,0,0.202437499999831,0.304128300000025,0,0,0,0.00651249999996253,0.0846854200000019,0.0301875000000677,0.00715624999994447,0,0.0485000000000095,0.124549399999981,1.10050000000003,0.993031250000037,0,0.405937499999875,0.522283699999956,1.71092500000003,1.63504999999997,0.088250000000071,0.623324999999774,0.763840740000002
3.5,1,0,0.800813697886436,0.706293872102446,0.0945198257839878,0.298404507515704,0.403362116182475,443,0.614904761904654,0.482904761904831,0,0.222190476190484,0.30844312619045,0,0,0,0.00639999999998292,0.0993922971428676,0.0808809523809237,0.0568809523809013,0,0.0552142857142955,0.127737184523823,1.17776190476174,1.07719047619053,0,0.485857142857115,0.586052642857153,1.87707619047613,1.71537142857156,0.101723809523831,0.697304761904793,0.859592850000048
3.5,1,1,0.691478954369565,0.617700411605588,0.0737785427639761,0.258577796141031,0.352733730543215,443,0.427499999999964,0.37489999999998,0,0.169099999999867,0.263245499999991,0,0,0,0.00589999999999691,0.0870641899999901,0.0248499999999695,0.0103500000000281,0,0.0415000000000305,0.122514500000013,1.06480000000024,0.961900000000058,0,0.370849999999973,0.488552800000496,1.61159999999993,1.51495999999994,0.0575200000000405,0.614240000000051,0.692487794000084
3.5,2,0,0.731522785369537,0.651315333982597,0.080207451386937,0.272360148181199,0.377727712777128,442,0.52287500000009,0.459325000000081,0,0.204474999999935,0.27195000000002,0,0,0,0.0074774999999795,0.0799919999999794,0.0806874999999991,0.0539874999999993,0,0.0524249999999511,0.141722099999982,1.06903749999998,0.940431250000062,0,0.394542045454559,0.501838947368412,1.81480500000004,1.63461500000001,0.102069999999829,0.631900000000081,0.775909717391368
3.5,2,1,0.791222561139837,0.698443522408962,0.0927790387308707,0.285854842706314,0.385867816759232,442,0.60012500000002,0.466937499999886,0,0.219187499999862,0.299015600000002,0,0,0,0.0056249999998613,0.0877298000000207,0.06540624999991,0.0109375000000007,0,0.0562812500000512,0.149988299999989,1.19284374999958,1.08609374999952,0,0.435781249999963,0.492284249999883,1.96932499999928,1.83421250000014,0.175112500000496,0.69507499999994,0.824627719999867
3.5,3,0,0.607285525733253,0.546633787921946,0.0606517378113099,0.23206625980496,0.323140999263392,443,0.427565217391258,0.369913043478174,0,0.173565217391293,0.257390478260846,0,0,0,0.00671304347823262,0.076372800000001,0.0871521739130635,0.0400543478260913,0,0.0461739130434837,0.131605750000005,0.904347826087163,0.827391304347894,0,0.349902173912997,0.449384448913024,1.3838939958589,1.32063478260877,0.103860869565235,0.566852173913053,0.670617523478317
3.5,3,1,0.564714747035014,0.511417068866674,0.0532976781683416,0.216683673725325,0.305162408802846,443,0.399687499999914,0.305750000000103,0,0.149624999999958,0.236749999999911,0,0,0,0.00474999999999,0.0737912399999228,0.0399687499999857,0.00521875000000272,0,0.0359999999999161,0.115320000000014,0.830312500000104,0.741624999999887,0,0.299624999999878,0.401781749999968,1.27317500000013,1.25515000000002,0.10267499999993,0.552500000000009,0.626126500000195
3.5,4,0,0.541848155505277,0.482592788778962,0.0592553667263059,0.210014177899903,0.310661403461329,434,0.359905555555709,0.283253968253903,0,0.138850427350374,0.251531305594421,0,0,0,0.00543076923079706,0.0784663692307824,0.051494505494468,0.0132272727272731,0,0.0350233516483327,0.122340900000019,0.761608823529482,0.714374999999791,0,0.297999999999967,0.410692891338909,1.29785384615386,1.24204051282036,0.116559999999997,0.531120000000053,0.695210392307693
3.5,4,1,0.615093712190882,0.5465990486664,0.0684946635244863,0.234494975577641,0.322633353175321,434,0.436722222222165,0.348719047618982,0,0.160483333333305,0.250288402197817,0,0,0,0.00470000000004802,0.068691520000095,0.0357142857144075,0.00468627450973323,0,0.0314833333332987,0.126605686813134,0.896214285714483,0.850173076923301,0,0.358516483516439,0.459566892307728,1.44863809523922,1.42162820512826,0.109650588235293,0.565250000000041,0.750014689075299
3.5,5,0,0.272285932348707,0.254944955707084,0.0173409766416233,0.112941592048499,0.204083140535711,434,0.122372093023273,0.0993372093023797,0,0.0568592375366557,0.149353602959868,0,0,0,0.00462454545448653,0.0629522237209324,0.000229545454571548,0,0,0.010526162790664,0.0905498555445471,0.362576086956721,0.344614957716642,0,0.149982558139408,0.257691978048827,0.743160000000062,0.741088292682915,0.00869302325580873,0.306014950166143,0.455505819236309
3.5,5,1,0.262888583636773,0.240957365459729,0.0219312181770529,0.106092769006802,0.19106432796357,434,0.0813479532163779,0.0513421052631585,0,0.044523391812764,0.124753845029185,0,0,0,0.00377777777774939,0.0608792888888839,0,0,0,0.00778333333334445,0.0861314277778117,0.357603947368452,0.318273504273505,0,0.131493749999973,0.225084698245582,0.754980000000011,0.7448023529412,0.0105004048583017,0.287989705882273,0.408713634386112
3.5,6,0,0.146102125268508,0.141285379711101,0.00481674555740883,0.0689269968017111,0.157343504883077,436,0.0247556818182319,0.0213636363636376,0,0.024818181818224,0.1197118080338,0,0,0,0.00393102536997334,0.0487122218182352,0,0,0,0.00598863636365753,0.081559090909092,0.143511363636325,0.139746753246744,0,0.0744470693779522,0.180611427272746,0.473909090909055,0.450522727272652,0.0010227272727496,0.192674242424239,0.291520943636326
3.5,6,1,0.158735374344683,0.153059915629089,0.00567545871559403,0.0743650775447835,0.157783887468254,436,0,0,0,0.0117812499999345,0.111262199999911,0,0,0,0.0034375000000006,0.0514080699999678,0,0,0,0.00525000000004639,0.0793125500000081,0.101453125000006,0.0960625000001302,0,0.0614218749999349,0.17716465000001,0.422874999999905,0.422874999999905,0,0.21465624999999,0.277084030000064
3.5,7,0,0.0987859457117214,0.0960251843554273,0.00276076135629407,0.0518913994239973,0.15503615654655,438,0.000334038054973488,3.48837209373393e-05,0,0.0142738095238036,0.123250225467933,0,0,0,0.00301707317077873,0.0525167301742071,0,0,0,0.00499999999999434,0.0833602697145896,0.0812048097252386,0.0791154485049554,0,0.0525303460010512,0.183910332066187,0.293857317073129,0.283820099667755,0,0.152917940199356,0.286686318803869
3.5,7,1,0.100929205023482,0.0992250954344407,0.00170410958904148,0.0555073938537163,0.152467864122696,438,0,0,0,0.0111055555556445,0.113646763157872,0,0,0,0.00289842105270269,0.0506196494736808,0,0,0,0.00474493927130096,0.0802485973683949,0.0335964912280635,0.0329210526315992,0,0.0325000000001028,0.149821347076028,0.261294444444433,0.252808333333334,0,0.132581781376717,0.322627568888906
3.5,8,0,0.101277641173227,0.0984373442218137,0.00284029695141344,0.0533734922587391,0.152011077303446,437,0.0046666666667079,0.00351219512195135,0,0.0155263157896211,0.115099360000014,0,0,0,0.0031756097560782,0.0485847887804875,0,0,0,0.00519512195122976,0.0788773742239898,0.0802926829268327,0.0750243902441028,0,0.0529268292683,0.170481780487766,0.314687804878075,0.250521951219515,0,0.151824390243911,0.33004744536585
3.5,8,1,0.116018166992824,0.112877489671671,0.00314067732115675,0.0616026708704718,0.150268605935911,438,0,0,0,0.0114333333332828,0.111937466666628,0,0,0,0.00297999999988697,0.0493534466666384,0,0,0,0.00499999999980597,0.0773438499999896,0.0878166666666933,0.0805166666666649,0,0.0456500000000179,0.155269866666628,0.341211428571446,0.301400000000331,0,0.143513333333326,0.305364177777778
3.5,9,0,0.180762525310342,0.175593400897901,0.00516912441244219,0.0774778841252638,0.177611923605126,404,0.0258863636363586,0.014636363636376,0,0.0248181818181805,0.13012704545473,0,0,0,0.000218181818181797,0.0550947272727277,0,0,0,0.00623328877005346,0.080088943636366,0.197534090909066,0.186886363636362,0,0.08669318181816,0.201555981818182,0.582518181818081,0.582518181818081,0.000227272727271111,0.213620454545448,0.410805003636378
3.5,9,1,0.149575540315881,0.144718931837076,0.00485660847880336,0.0617809642560297,0.148225335428575,401,0,0,0,0.0102500000000028,0.103250000000004,0,0,0,0,0.0497941599999907,0,0,0,0.00450000000001438,0.0750500000000239,0.0726250000000732,0.0726250000000732,0,0.0417500000000146,0.151950000000001,0.513124999999995,0.513124999999995,0,0.184499999999998,0.2929802
3.5,10,0,0.331140058106576,0.321272144274377,0.00986791383219957,0.123593971088436,0.209091140256068,420,0.157857142857137,0.152142857142832,0,0.0761190476190612,0.162353604761896,0,0,0,0.00247619047618968,0.065155428571436,0.000797619047617782,9.52380952384376e-05,0,0.0121071428571408,0.0928390333333558,0.451571428571427,0.425999999999952,0,0.181892857142827,0.260851244047616,0.892857142857116,0.891857142857251,0.00309523809524145,0.309680952380951,0.403377845238101
3.5,10,1,0.3902548015873,0.371927658730156,0.0183271428571448,0.142984662698411,0.212788920433964,420,0.206600000000014,0.169749999999995,0,0.0833500000000925,0.164306020000006,0,0,0,0.00208999999999985,0.0686692000000812,0,0,0,0.0112250000000898,0.0932291750001224,0.579450000000083,0.538975000000005,0,0.197049999999996,0.259088999999945,1.05854000000009,1.0444999999999,0.00651999999999827,0.358540000000104,0.448001800000132
3.5,11,0,0.652007078559236,0.602400127196291,0.0496069513629432,0.234828899559307,0.314519329538753,438,0.469509977827051,0.402272727272757,0,0.161227272727313,0.243064172727281,0,0,0,0.00809999999997384,0.0858193818181796,0.0866477272727228,0.0438409090909085,0,0.043749999999955,0.125012113636319,0.97873863636354,0.922624999999998,0,0.35156818181817,0.428344795454525,1.54294545454543,1.46385909090906,0.0681363636363731,0.558495454545433,0.607946254545485
3.5,11,1,0.63763364565506,0.57597020171913,0.0616634439359259,0.239328565499425,0.306110491743082,437,0.452499999999958,0.39387499999998,0,0.178500000000156,0.249030400000046,0,0,0,0.00445000000004256,0.0810209599999691,0.0211249999999836,0.00549999999999784,0,0.0297499999999973,0.115587299999986,0.932500000000005,0.883374999999916,0,0.339000000000027,0.377796364999992,1.55890000000004,1.40480000000001,0.0293749999999481,0.568874999999997,0.583571239999991
3.5,12,0,0.725492927063803,0.66058285665722,0.0649100704065817,0.268539180072331,0.363959479168642,442,0.568021739130448,0.485891304347962,0,0.199565217391301,0.305859942826091,0,0,0,0.0108434782608632,0.0855014621739094,0.120619565217378,0.0849985177865715,0,0.0647499999999987,0.143564082608686,1.09305434782614,1.00703260869566,0,0.406456521739134,0.489841886956477,1.63544782608703,1.53928260869566,0.112286335403704,0.580560869565233,0.73967794130423
3.5,12,1,0.777977287418451,0.697299107142846,0.0806781802756062,0.287997632147266,0.36464669056038,442,0.566187499999871,0.48412499999995,0,0.209937499999995,0.301343749999997,0,0,0,0.00713750000001171,0.0919899999999941,0.051354166666691,0.00984374999990223,0,0.0572499999999642,0.13151559999992,1.18884374999991,1.09403125000006,0,0.424765624999979,0.51291250000002,1.82786249999999,1.71421250000007,0.124987500000054,0.632618750000007,0.692840000000017
4,1,0,0.866661770540165,0.766816408880841,0.0998453616593235,0.312357132679825,0.41008256868039,443,0.647095238095214,0.546047619047646,0,0.228190476190472,0.308845297619017,0,0,0,0.0112952380952915,0.106627151904756,0.141333333333347,0.0975735930735984,0,0.075369047619057,0.14294183376623,1.29299999999996,1.12135714285714,0,0.45846428571428,0.585670733690553,2.03680952380956,1.79807619047613,0.113114285714305,0.670857142857299,0.841959170323796
4,1,1,0.753844813500995,0.67965467053637,0.0741901429646299,0.276828110555739,0.364625450012349,443,0.519416666666769,0.431999999999971,0,0.190800000000007,0.270078599999996,0,0,0,0.00606000000000677,0.0916560000000026,0.0743999999999914,0.0407999999999901,0,0.0503999999999791,0.135771599999956,1.10714999999994,1.0535499999999,0,0.403600000000114,0.531389550000103,1.8475,1.7673799999999,0.0764000000000124,0.615560000000378,0.718604233599988
4,2,0,0.811479170860186,0.722022717689197,0.0894564531709917,0.29017705038965,0.375789263431892,442,0.561650000000065,0.489072966507129,0,0.21917499999999,0.268490899999924,0,0,0,0.012135000000003,0.0903667400000531,0.130062499999964,0.0851125000000242,0,0.0669874999999749,0.147618650000001,1.0840125,0.995681249999711,0,0.42886249999998,0.51000259999995,1.93064749999996,1.79020499999999,0.123880000000059,0.621215000000072,0.794902199999997
4,2,1,0.844099467607551,0.738727652535362,0.105371815072186,0.297345723802342,0.379091013900324,442,0.623187499999972,0.516937499999897,0,0.215343749999945,0.274086900000009,0,0,0,0.0056625000000139,0.0835633800000203,0.0820937499998989,0.0256562499999995,0,0.0583437500000032,0.147996399999979,1.27790624999998,1.14809375000027,0,0.452781250000044,0.548367600000038,1.92934999999954,1.82908750000011,0.220749999999794,0.658818750000022,0.772129121599975
4,3,0,0.662501577389745,0.599278141361371,0.0632234360283735,0.245369894314942,0.316739573753592,443,0.465130434782523,0.410608695652083,0,0.186478260869575,0.2585602391304,5.01672240874273e-05,0,0,0.011443478260837,0.0816815913043398,0.113565217391288,0.0713478260870388,0,0.0556553552492087,0.140577419565214,0.935997412008107,0.88360033444804,0,0.344874581939829,0.435658690683305,1.44547826086943,1.42668695652171,0.121678260869569,0.551382608695712,0.664540773912995
4,3,1,0.61327212823547,0.558679213315548,0.0545929149199177,0.228772240068682,0.314023522966621,443,0.435624999999959,0.380833333333309,0,0.165000000000077,0.27431370000006,0,0,0,0.00501666666666552,0.0759573399999881,0.0354687500000956,0.00550000000004047,0,0.0324374999999388,0.121121800000081,0.901249999999778,0.804000000000304,0,0.323406249999976,0.411958449999963,1.35604444444437,1.32107500000038,0.114749999999989,0.526949999999885,0.607170503999971
4,4,0,0.587749326006257,0.516298396936452,0.0714509290698121,0.210864768248578,0.296333545951953,434,0.374047619047665,0.310150000000046,0,0.138323809523815,0.24270079890108,0,0,0,0.00569890109889352,0.0698674823077032,0.0877643112700591,0.040987362637365,0,0.0478076923077512,0.121500949725316,0.815649603174532,0.745708270676757,0,0.294338205980031,0.408917331818244,1.44787472527487,1.30430192307713,0.14379285714297,0.517070256410287,0.611955094219704
4,4,1,0.659749849144486,0.575125029395538,0.0846248197489446,0.242010154039813,0.327097877699232,434,0.410416666666823,0.337857142857323,0,0.156967320261417,0.25649001333325,0,0,0,0.00499999999992724,0.0650215666666812,0.0252142857140793,0.00800000000000194,0,0.0294999999999906,0.121045879761941,0.961999999999535,0.883136904762009,0,0.368083333333384,0.465620615384618,1.51172857142813,1.44808461538465,0.0988000000002363,0.615142857142707,0.753323864242422
4,5,0,0.287419006264846,0.264898973459518,0.0225200328053246,0.10593392818049,0.199495760562875,434,0.127102642276374,0.0991341463414296,0,0.0544804310833509,0.156098644405626,0,0,0,0.00475000000002307,0.0653946606201716,0.000473837209087482,5.49418604710218e-05,0,0.0117648809524245,0.0899921640244517,0.372720779220709,0.338786337209386,0,0.147559883720925,0.255299049999985,0.717080853658529,0.704629999999898,0.0140651162790916,0.280917073170704,0.422893808536603
4,5,1,0.273354689647847,0.247967319187924,0.025387370459918,0.103695840566689,0.194676934380968,434,0.0894666666666128,0.0696944444444701,0,0.0478216374269066,0.139554410526375,0,0,0,0.0042222222222386,0.0628549684210957,0,0,0,0.00844871794870182,0.0851189833333837,0.365465909090837,0.333657894736928,0,0.149999999999982,0.264290659919144,0.775187499999469,0.758040476190385,0.00575999999995015,0.287652631579046,0.38807091729321
4,6,0,0.152597591375393,0.147252790742154,0.00534480063323624,0.0663484665524504,0.154488010107773,436,0.0378068181818049,0.0306590909091914,0,0.0270340909090633,0.108563054545517,0,0,0,0.00405681818180025,0.0466927227272952,0,0,0,0.00670454545456649,0.0800469255980919,0.158090909090916,0.152500000000002,0,0.0812784090909031,0.164859484090897,0.426931818181567,0.426931818181567,0.000511363636338625,0.197431818181748,0.301069459090912
4,6,1,0.144669623743994,0.139454505242464,0.00521511850153216,0.0675954961227651,0.149163284139344,436,0,0,0,0.0121562499999186,0.109567049999959,0,0,0,0.00361249999991458,0.0475966700000073,0,0,0,0.00521874999955685,0.0758096750000103,0.131203125000033,0.131203125000033,0,0.065296874999957,0.167487580000167,0.447031249999895,0.435468749999961,0,0.212249999999869,0.277003579999991
4,7,0,0.0955533893135482,0.0933059378249797,0.00224745148856728,0.0475988073974416,0.151970670335501,438,0.000331007751941406,3.5714285653891e-05,0,0.0149061461793869,0.123422766193975,0,0,0,0.00303145500419261,0.0519785238327607,0,0,0,0.00510829493083936,0.0807505328417536,0.0805982142857491,0.0787827380952207,0,0.0543114617941652,0.178824729568153,0.247236363636319,0.235034108527283,0,0.131314013118661,0.282832119487456
4,7,1,0.0904027229916293,0.0887546082222097,0.00164811476941994,0.0489880189611578,0.144169481628171,438,0,0,0,0.0111055555554577,0.110908297368255,0,0,0,0.00296999999993432,0.0484016099071281,0,0,0,0.00482222222223988,0.0790689192982462,0.0557192982456276,0.0555000000000179,0,0.0399736842104629,0.164837396052575,0.300350000000051,0.28370555555549,0,0.134288596491238,0.299738944444459
4,8,0,0.0976332641379836,0.0951435775685597,0.00248968656942306,0.0485198023477207,0.149059196908756,437,0.00368292682926439,0.00275609756100471,0,0.0167567567567645,0.11006205243903,0,0,0,0.00318373983741026,0.0481854687804894,0,0,0,0.00536585365853171,0.0766525499999942,0.0729024390243903,0.0721219512194761,0,0.046609756097561,0.17002682926829,0.256087034659751,0.230517073170849,0,0.122199999999982,0.271111932682937
4,8,1,0.116311648365586,0.113619791440166,0.00269185692541897,0.058032037761835,0.147609565970609,438,0,0,0,0.0119444444444146,0.113586933333312,0,0,0,0.00287500000004321,0.0473075133333376,0,0,0,0.00499999999999545,0.0785402666666609,0.0930000000000442,0.0792583333333321,0,0.0489333333333888,0.158721333333333,0.350609999999996,0.343863333333146,0,0.155387499999983,0.296241833333298
4,9,0,0.175986106121305,0.170000186279322,0.00598591984198409,0.0730961311030182,0.172134488057201,404,0.039340909090909,0.0352272727272665,0,0.0276363636363702,0.134059081818196,0,0,0,0.000204545454545466,0.0531038709090911,0,0,0,0.00630681818181772,0.0836020818181838,0.201897727272734,0.177193181818181,0,0.0895454545454919,0.190706363636438,0.491913636363624,0.491913636363624,0.000276262626262452,0.193976363636365,0.297428358181822
4,9,1,0.136546030756442,0.13165347049044,0.00489256026600291,0.0600117414796339,0.154919863428577,401,0,0,0,0.0110000000000099,0.10621,0,0,0,0,0.0470449600000047,0,0,0,0.00450000000000728,0.0793500000000043,0.115000000000009,0.099375000000002,0,0.0541250000000274,0.15241400000007,0.450500000000005,0.450500000000005,0,0.164000000000009,0.312528900000032
4,10,0,0.346516611394556,0.330998697562356,0.0155179138321995,0.124955820578231,0.214038138766396,420,0.182023809523812,0.163642857142853,0,0.0807142857142902,0.163057735714282,0,0,0,0.00240952380952138,0.0678870476190367,0.0020833333333328,0.000702380952379233,0,0.0132261904761961,0.0953260714284186,0.48540476190469,0.448928571428547,0,0.179559523809527,0.263533103571403,0.92156666666661,0.893176190476249,0.00405714285714229,0.298447619047616,0.384687114285684
4,10,1,0.386279126984127,0.363681031746032,0.0225980952380946,0.138439126984125,0.222051468698106,420,0.222149999999965,0.172000000000025,0,0.0778500000000236,0.153237099999996,0,0,0,0.002,0.0601796999999998,0,0,0,0.0119499999999974,0.0945447999999883,0.573300000000029,0.548649999999987,0,0.196874999999991,0.317593175000027,1.00828000000009,0.946099999999988,0.0124299999998994,0.362059999999997,0.483658899999844
4,11,0,0.696866391748902,0.647514522188986,0.0493518695599157,0.248660322800968,0.323912772358751,438,0.44588636363637,0.390523784355136,0,0.180227272727259,0.235916218181749,0,0,0,0.00874999999999288,0.0891583127272788,0.0982840909090974,0.0670568181817866,0,0.0526181818181796,0.13953229665071,1.05186363636363,0.992056818181808,0,0.370031183932372,0.447647727272733,1.68348181818172,1.62318181818182,0.102709090909069,0.557409090909098,0.634371018181802
4,11,1,0.699730676034699,0.635640801892827,0.0640898741418756,0.258884631976358,0.327603170589328,437,0.478625000000136,0.416250000000048,0,0.186249999999958,0.250550000000079,0,0,0,0.00420000000001722,0.0844367920000431,0.040499999999999,0.00675000000001091,0,0.0397500000000051,0.114031144117646,0.997500000000116,0.912000000000035,0,0.357874999999993,0.436116200000014,1.75984999999994,1.69917500000012,0.0773499999999381,0.582525000000043,0.690335819999995
4,12,0,0.765967518700103,0.696569840680972,0.0693976780191356,0.275399127934584,0.353436655814167,442,0.583869565217475,0.495750000000033,0,0.208956521739153,0.286352243478242,0,0,0,0.0150043478260942,0.104257097391277,0.184065217391296,0.115315217391285,0,0.0835978260869531,0.162970727173909,1.12828260869566,1.01052173913049,0,0.411576086956535,0.478160213913058,1.66392173913041,1.61429565217388,0.199128364389239,0.573130434782564,0.720849292173953
4,12,1,0.819953342246007,0.729487784519413,0.0904655577265885,0.297952116021232,0.361799497741214,442,0.605062500000088,0.529875000000004,0,0.218062499999974,0.307541634999994,0,0,0,0.00943750000002979,0.106544240000053,0.14290625000001,0.0462812499999421,0,0.0651562500000216,0.136384074999977,1.19428125000006,1.11674999999991,0,0.436343749999999,0.492708449999949,1.95247499999993,1.79216249999978,0.182362499999954,0.671562499999948,0.672585249999715
4.5,1,0,0.9024813137338,0.80391341030961,0.0985679034241883,0.320475749100665,0.425845735698311,443,0.690750000000116,0.576047619047694,0,0.244000000000001,0.35190959047621,0,0,0,0.0136952380952304,0.104917364285706,0.152232142857156,0.0989523809524339,0,0.0777738095238114,0.156295919047633,1.30066666666649,1.18902380952369,0,0.474952380952426,0.553538739285689,2.08959999999993,1.90447619047629,0.0853809523809321,0.717933333333331,0.902571555238211
4.5,1,1,0.807790908398735,0.723906775592102,0.0838841328066242,0.284174252033396,0.384882315481483,443,0.60330000000049,0.515599999999904,0,0.212250000000046,0.314192799999974,0,0,0,0.00620000000001255,0.110473139999933,0.10280000000007,0.0604500000000257,0,0.0634499999998751,0.147192500000053,1.22144999999992,1.12425000000004,0,0.422199999999998,0.536938800000007,1.9571800000001,1.88364000000001,0.0768599999999879,0.652120000000186,0.771128040000053
4.5,2,0,0.846349543596407,0.752809512861434,0.0935400307349717,0.295565316184844,0.379014703789284,442,0.653424999999925,0.555275000000018,0,0.244349999999951,0.319282599999977,0,0,0,0.0119399999999496,0.0983674599999511,0.137357499999997,0.0981687499999922,0,0.07721875,0.159181450000058,1.20641875000011,1.09772499999987,0,0.42151249999996,0.498493724999882,1.93952999999984,1.7771550000002,0.166666428571365,0.652170000000019,0.771685400000014
4.5,2,1,0.86057222446671,0.760828634723125,0.0997435897435918,0.301296255745887,0.384422072577636,442,0.645687500000065,0.577312499999721,0,0.225562499999981,0.310232680000003,0,0,0,0.00652500000006597,0.101872666666681,0.158008333333427,0.0869270833332296,0,0.0730000000000147,0.143097150000003,1.24934374999997,1.1610000000002,0,0.461218750000072,0.556968749999897,2.01376249999994,1.87877500000006,0.158039166666658,0.693237500000015,0.806544199999915
4.5,3,0,0.7152431446029,0.644011183840667,0.071231960762233,0.257744261751256,0.327988619812682,443,0.523130434782694,0.448760869565239,0,0.198956521739151,0.277103217391307,1.53846153846891e-05,0,0,0.0109304347826132,0.0859834260869622,0.157760869565219,0.0912608695652344,0,0.0613695652173291,0.145050791304354,1.00178260869571,0.951332298136641,0,0.360697826086972,0.442974036231863,1.53799130434816,1.47375652173927,0.172426086956504,0.56371304347816,0.620430514221549
4.5,3,1,0.659903643744636,0.602071062856751,0.0578325808878867,0.241857089042134,0.332194446075668,443,0.481812500000161,0.411875000000009,0,0.174624999999963,0.275158599999987,0,0,0,0.00487499999988614,0.0851142342856779,0.0493749999997136,0.00906249999993137,0,0.0435624999999788,0.13995690000003,0.992500000000007,0.95188750000028,0,0.361812499999956,0.453731200000395,1.46973749999983,1.45185999999997,0.116500000000007,0.584399999999993,0.672131640000035
4.5,4,0,0.682441533130379,0.603542304093252,0.0788992290371243,0.245794225215392,0.319180658962975,434,0.454256410256434,0.348388653981686,0,0.15845641025648,0.263923642857178,0,0,0,0.0057384615384063,0.0885229138461579,0.106607142857164,0.0363230769231485,0,0.0476538461538262,0.132339142408832,0.933875000000074,0.859767151767263,0,0.352653846153885,0.45566102016133,1.65812857142872,1.44978741258744,0.162174418604671,0.591832857142844,0.595071011538557
4.5,4,1,0.736212331634671,0.646973548556965,0.0892387830777071,0.273079484896441,0.342736006695676,434,0.461825396825607,0.390111111111208,0,0.17350980392156,0.271174000000003,0,0,0,0.00499999999991265,0.0701086628571367,0.0659587912085379,0.0132380952385004,0,0.0439107142855448,0.128474995238143,1.0818928571433,0.974375000000312,0,0.419201388888921,0.533985171428358,1.72416410256436,1.66559000000033,0.124662184873699,0.651610256410289,0.694935009230694
4.5,5,0,0.357073786814283,0.327789983109584,0.0292838037047035,0.133208913733082,0.214394210925433,434,0.161554069767489,0.130559756097548,0,0.0710964523281601,0.144474307142854,0,0,0,0.00499227272726392,0.0645256404651142,0.00446056149728809,0.00100369978857882,0,0.0131056818181936,0.0871759249999988,0.43885570824522,0.411690726035162,0,0.172523809523815,0.274165477396619,0.958370953436949,0.912393780487592,0.0259954545455209,0.32628073170737,0.447405509999991
4.5,5,1,0.302034907635583,0.275274824687246,0.0267600829483343,0.116159878006019,0.208443064219136,434,0.113078947368425,0.0836315789474131,0,0.0502222222221943,0.131971148888866,0,0,0,0.00434385964926399,0.0611908666666812,0,0,0,0.00866666666671436,0.0835885777777698,0.396395833333277,0.380481578947366,0,0.153695344129566,0.273486662573106,0.927715789473378,0.887781424148428,0.0197187134502982,0.351007017543912,0.460313937777796
4.5,6,0,0.180818561211556,0.17320848566402,0.0076100755475368,0.0787605454921153,0.160932434937591,436,0.0396250000000216,0.0350113636363574,0,0.0288116028707385,0.108486241031921,0,0,0,0.00415909090911222,0.0478973472726986,0,0,0,0.00703977272725119,0.0796915181818353,0.161318181818191,0.159829545454552,0,0.0811079545454989,0.162432144258372,0.489977272727174,0.485679090909045,0.000500000000008848,0.203977272727312,0.280290881818219
4.5,6,1,0.15824094582787,0.152351474442985,0.0058894713848831,0.0757779925731747,0.162644641993822,436,0,0,0,0.0128125000000807,0.104378949999978,0,0,0,0.00368749999996787,0.0459435400000196,0,0,0,0.00534375000009391,0.0750715749999664,0.140062500000011,0.128953125000067,0,0.0681875000000112,0.155438800000069,0.51496874999998,0.510124999999981,0,0.201718749999993,0.34804098000002
4.5,7,0,0.113452919795187,0.110542954883213,0.00290996491197565,0.0527480042724926,0.152471441804077,438,1.16279069791132e-05,0,0,0.013297846889905,0.101733524186062,0,0,0,0.00299268292682945,0.0508848045528547,0,0,0,0.00502353942141943,0.0782063428571121,0.0724108054452457,0.0676841966173607,0,0.044808139534926,0.161584277408547,0.306410852713256,0.296183720930233,0,0.118562507090156,0.249374616744197
4.5,7,1,0.0948435114452919,0.0928645734229163,0.00197893802237616,0.0523002211267926,0.159639975426506,438,0,0,0,0.0108654970760161,0.0986887811109732,0,0,0,0.00294736842106618,0.0479205445614011,0,0,0,0.00484210526315858,0.0759537976608606,0.0307434210526022,0.030455263157886,0,0.0310606725146048,0.14859014868426,0.224258771929826,0.222273076923121,0,0.0978359649121767,0.300694796666723
4.5,8,0,0.112920051145374,0.109555422541937,0.0033646286034376,0.0530234555196401,0.151527764674401,437,0.00356097560970517,0.0020731707317082,0,0.0169512195122324,0.10744830853658,0,0,0,0.00336496674057791,0.0465711992682899,0,0,0,0.00536585365854557,0.0732173894124168,0.0766842105263334,0.0720937500002061,0,0.043341463414638,0.152221076219516,0.300945454545482,0.283357894736973,0,0.139717073170756,0.244387370000001
4.5,8,1,0.120710703413786,0.117912821627889,0.00279788178589559,0.0602042318982415,0.157235063188415,438,0,0,0,0.0117083333333302,0.1073200666667,0,0,0,0.00299999999993967,0.0482891033333378,0,0,0,0.00500000000006838,0.0766806999999784,0.093083333333353,0.08140000000004,0,0.0479499999999196,0.150273716666706,0.371743333333381,0.324740000000001,0,0.15942000000001,0.311998834444407
4.5,9,0,0.207134998108839,0.197483059164944,0.00965193894389474,0.0850508208147059,0.176715686960421,404,0.0518863636363576,0.0374999999999982,0,0.0324090909090873,0.1300982,0,0,0,0.000177272727272753,0.0467307454545453,0,0,0,0.00626136363638384,0.0789565636363641,0.202693181818211,0.192386363636359,0,0.0958409090909225,0.178188327272632,0.534301363636366,0.521922727272708,0.00174090909090487,0.205127272727253,0.262472027272726
4.5,9,1,0.132099854530335,0.127846321695754,0.00425353283458118,0.0634950124688265,0.167091524685712,401,0,0,0,0.010749999999998,0.10664,0,0,0,0,0.0481421199999944,0,0,0,0.00450000000000106,0.0774114999999765,0.102374999999995,0.099125000000015,0,0.0480000000000054,0.150285900000025,0.434750000000009,0.434750000000009,0,0.162374999999997,0.277622460000003
4.5,10,0,0.440148278061221,0.417646350623581,0.0225019274376407,0.155177903911565,0.237262505891292,420,0.207190476190476,0.201999999999966,0,0.0852380952380901,0.175165947619049,0,0,0,0.00278571428571676,0.0681522190476433,0.0132738095238177,0.00114285714285888,0,0.0185833333333375,0.0916298404762524,0.581761904761877,0.546952380952387,0,0.212345238095244,0.28802054047625,1.07500000000002,1.02107142857146,0.0136142857142855,0.363614285714287,0.404324514285727
4.5,10,1,0.471138769841274,0.445238769841272,0.0259000000000013,0.169217023809528,0.25797220062265,420,0.275799999999992,0.226650000000001,0,0.0990499999999958,0.182165000000039,0,0,0,0.00230000000001247,0.0645263000000029,0,0,0,0.0122750000000023,0.0913069249999858,0.719675000000038,0.704049999999973,0,0.254875000000041,0.317201925000038,1.19232999999998,1.1391,0.0301700000000284,0.414209999999994,0.578229349999991
4.5,11,0,0.709536223554327,0.654403390823892,0.0551328327304352,0.24584514712754,0.330405325156646,438,0.488159090909069,0.437590909090895,0,0.177727272727263,0.26686349090908,0,0,0,0.00982727272727983,0.091070727272725,0.123102272727248,0.0908295454545406,0,0.0547727272727251,0.142107839234484,1.04871590909091,1.00221590909093,0,0.367965909090908,0.43640060454546,1.62017727272731,1.57383181818179,0.138495454545514,0.553390909090904,0.688160192727379
4.5,11,1,0.730585140841247,0.654680564182199,0.0759045766590415,0.255965521139808,0.345060838472056,437,0.526499999999999,0.436249999999973,0,0.183624999999992,0.298270000000011,0,0,0,0.00440000000001675,0.0852910376471172,0.0762499999999982,0.0211250000000013,0,0.0441250000000792,0.129938700000026,1.06500000000005,0.961500000000001,0,0.366375000000033,0.440335511764728,1.70040000000063,1.65797500000005,0.155475000000006,0.594500000000273,0.673030519999933
4.5,12,0,0.802994440995924,0.737132492162405,0.0658619488335169,0.286615154078983,0.37807302396716,442,0.602456521739194,0.534739130434891,0,0.226152173913053,0.315849634782621,0,0,0,0.015182608695657,0.107890862608677,0.192619565217414,0.131554347826079,0,0.0811086956521769,0.169892981807801,1.17742391304331,1.0897065217391,0,0.413880434782559,0.513762780434781,1.70105652173927,1.67155000000004,0.154939130434792,0.575178260869533,0.694125364347833
4.5,12,1,0.848217931455791,0.754042433546833,0.0941754979089569,0.301465024926054,0.406051579349927,442,0.638374999999996,0.545562499999874,0,0.226750000000067,0.338498699999989,0,0,0,0.0117750000000314,0.110003289999995,0.153531250000071,0.0692187500000046,0,0.0786562500000638,0.164231649999991,1.26715625000013,1.17312500000003,0,0.445406250000005,0.558197325000064,1.89428749999977,1.74653749999995,0.129862500000013,0.648250000000062,0.87178323000006
5,1,0,0.945759009014061,0.827623677368442,0.118135331645624,0.328828101062442,0.431797026823412,443,0.766047619047619,0.647428571428463,0,0.26480952380952,0.351470952380955,0,0,0,0.0158285714285631,0.11133687904759,0.197499999999958,0.133904761904747,0,0.0898809523809356,0.163685289285723,1.33185714285715,1.1785714285713,0,0.464047619047604,0.598818864285687,2.10686666666652,1.95445714285708,0.167057142857201,0.736038095238131,0.87671186619047
5,1,1,0.841110090830928,0.742901707334559,0.0982083834963668,0.291452092514958,0.394485915148148,443,0.652499999999964,0.551000000000386,0,0.219300000000112,0.29969039999998,0,0,0,0.00843000000011672,0.102751560000038,0.166300000000046,0.0975000000000251,0,0.0683000000000334,0.149308349999938,1.22119999999995,1.06974999999999,0,0.429649999999981,0.552229799999998,1.91376000000007,1.80978000000043,0.166840000000039,0.647159999999907,0.819740380000015
5,2,0,0.907160274205112,0.802556716273345,0.104603557931766,0.308628165984424,0.388044162742582,442,0.73081249999984,0.610849999999963,0,0.250060714285726,0.318349999999937,0.000304999999993925,0,0,0.0132749999999953,0.102111260000048,0.216850000000079,0.140899999999988,0,0.0994374999999991,0.178629450000004,1.26165000000014,1.14129999999986,0,0.449325000000065,0.55974550000005,2.0799849999999,1.84113978260862,0.223425000000026,0.664734999999939,0.762528220000026
5,2,1,0.930045378600152,0.817739827533571,0.112305551066574,0.320663291855209,0.398794942678263,442,0.748062499999889,0.629500000000007,0,0.243187500000033,0.319087499999972,0,0,0,0.01214999999995,0.101049580000034,0.234281250000038,0.146562499999937,0,0.0917499999999905,0.146984149999988,1.3303749999999,1.17937499999996,0,0.479312499999907,0.578878199999917,2.04443749999985,1.93367499999956,0.225637499999954,0.690774999999996,0.788189339999954
5,3,0,0.767809959441299,0.690593845115186,0.077216114326109,0.270699890177951,0.336299694314749,443,0.585260869565128,0.505130434782626,0,0.209869565217342,0.299318478260829,0.00220000000023467,0.000227173913039837,0,0.013652173913034,0.0950034826086813,0.199780570652126,0.140043478260847,0,0.0743695652174171,0.149546252173915,1.11984782608693,1.03250000000017,0,0.371876723223744,0.459725528260852,1.62541739130442,1.57452173913038,0.191469565217451,0.591395792426345,0.658558664852779
5,3,1,0.726972872412247,0.65136777325069,0.0756050991615589,0.261695059768422,0.328899182009788,443,0.566499999999905,0.483749999999816,0,0.197875000000124,0.280580000000081,0,0,0,0.0049000000000035,0.0812289599999903,0.119249999999994,0.055187500000045,0,0.0525000000000198,0.125248600000046,1.04200000000026,0.959812500000226,0,0.373287500000016,0.45140329999996,1.64490000000005,1.5057624999996,0.161474999999974,0.625887499999976,0.646970039999976
5,4,0,0.853047325832934,0.754559353814692,0.0984879720182461,0.294981301006533,0.356500217930796,434,0.633848837209149,0.493192389006412,0,0.211021978021985,0.296982671428536,0,0,0,0.00851538461534308,0.0912475857782282,0.166204945054961,0.104207142857192,0,0.0685250000000072,0.137030650506117,1.24834007936509,1.06716607142855,0,0.430296703296653,0.518180813928319,1.94082967032969,1.86305545454556,0.234968035190591,0.671298571428554,0.684274063953606
5,4,1,0.882554861427599,0.773676473075867,0.108878388351732,0.316291472310403,0.372137055748574,434,0.623441176470618,0.502250000000033,0,0.211506410256442,0.300676173626344,0,0,0,0.00553714285716675,0.0771290800000253,0.145353174603307,0.0491691176471517,0,0.0595294117648539,0.12985626666661,1.2802740384614,1.18438863636373,0,0.485178571428411,0.524112226126258,2.0731944444447,2.01460897435899,0.180909954751206,0.770300000000001,0.839786117646742
5,5,0,0.457402203914388,0.423780898972667,0.0336213049417216,0.162557289321335,0.244666488362374,434,0.252839285714351,0.210581818181665,0,0.0986250000000155,0.193877095519008,0,0,0,0.00536772727278751,0.0642988296828855,0.0347920454545188,0.0139431818181706,0,0.0268409090910444,0.10285008546508,0.68645265151509,0.634728693181907,0,0.248281926406854,0.343241801211506,1.24619163034018,1.22806493506505,0.0728556818182022,0.396082578397194,0.501628329999968
5,5,1,0.399201612169455,0.368941960406616,0.0302596517628429,0.141928588788749,0.226952445948964,434,0.222637426900547,0.167608187134563,0,0.0797222222221623,0.145856803508738,0,0,0,0.00458888888893449,0.0628949859649149,0,0,0,0.0108611111111385,0.0880849250000332,0.527249999999816,0.522862500000076,0,0.203539473684222,0.308529464912332,1.17196176470594,1.10688888888882,0.0447919028340471,0.399266666666674,0.547790535473645
5,6,0,0.218078023711805,0.210214278315604,0.00786374539620503,0.0847593020352736,0.162326055472617,436,0.0698093434343968,0.0620340909091174,0,0.0409090909091235,0.125715727272731,0,0,0,0.0045909090909168,0.0600921363636505,0.000261363636372959,0,0,0.0109431818181782,0.0854523068181636,0.253769396551722,0.244227272727378,0,0.107204545454547,0.186485034090926,0.687886363636318,0.682011363636447,0.0031931818181864,0.240749999999976,0.319408049090953
5,6,1,0.190147371941894,0.180628094965047,0.00951927697684611,0.075604755078637,0.163587633781308,436,0.00331249999998562,0.00043750000003584,0,0.019999999999996,0.106123950000053,0,0,0,0.00393750000001702,0.0544840000000298,0,0,0,0.00596875000000097,0.0794071749999567,0.214143749999971,0.204171875000022,0,0.085531250000023,0.175089074999785,0.635812500000156,0.634218750000109,0,0.218312499999854,0.389328290000083
5,7,0,0.127183222075536,0.123458997395754,0.00372422467978237,0.0550072311648864,0.151142695185253,438,0.00967441860462101,0.00468881506091109,0,0.0175697674418889,0.1206088107822,0,0,0,0.00319523809523503,0.0528962256345694,0,0,0,0.00570224252492709,0.0806645934385693,0.102969822812855,0.101577380952344,0,0.0550639534882784,0.161640303197669,0.377042424242359,0.372045514950194,0,0.142743853820605,0.292464850119235
5,7,1,0.0993606980419195,0.0965092787783906,0.00285141926353172,0.0488800528136108,0.150588701988797,438,0,0,0,0.0120263157895029,0.103969933333328,0,0,0,0.00300000000010498,0.0471556036842137,0,0,0,0.00499999999992711,0.078957226315792,0.0909210526316358,0.0881578947369474,0,0.0444857142858097,0.163362097192988,0.291868713450261,0.28422748538014,0,0.121733333333493,0.28553557555556
5,8,0,0.137216094834287,0.133410878202732,0.0038052166315548,0.0593749791169392,0.151710665002133,437,0.0200243902439058,0.0166585365853878,0,0.023024390243846,0.118302069512187,0,0,0,0.00364775353016883,0.0546374982926652,0,0,0,0.00676923076923103,0.0806678536585492,0.118829268292673,0.107842105262918,0,0.0575789473683759,0.163213099999992,0.436853658536656,0.429356097560978,0,0.170421822849805,0.264356239999982
5,8,1,0.125572684279192,0.12001138290933,0.00556130136986418,0.0560157932883959,0.146787173996182,438,0,0,0,0.0131749999999785,0.109483600000047,0,0,0,0.00333333333338676,0.0485906166666861,0,0,0,0.00516666666660134,0.0790078916666821,0.145499999999974,0.137783333333334,0,0.0605666666666366,0.153691666666696,0.419060000000102,0.36950000000002,0,0.141193333333342,0.283659519999996
5,9,0,0.280452589485296,0.264106823658713,0.0163457658265826,0.0976833600534001,0.190184642370807,404,0.0842272727272712,0.0697954545454874,0,0.0402954545454533,0.142061363636362,0,0,0,0.000554545454545728,0.0559832981818183,0,0,0,0.00832954545455196,0.092114581818154,0.329897727272743,0.31176136363637,0,0.124546590909077,0.227626472727276,0.942695454545455,0.934013636363642,0.0102318181818399,0.279186363636355,0.341425970909093
5,9,1,0.162401392352458,0.157196072319207,0.00520532003325014,0.0625962177888622,0.163011214971435,401,0,0,0,0.0116250000000005,0.107165199999966,0,0,0,0,0.0486744800000029,0,0,0,0.00475000000005821,0.0787190000000079,0.1748750000001,0.151125000000036,0,0.0623749999999958,0.167677400000001,0.527125000000001,0.527125000000001,0,0.182749999999942,0.360857160000059
5,10,0,0.590635087868481,0.55582635770975,0.0348087301587298,0.182539820011339,0.254350799586701,420,0.334976190476068,0.309428571428571,0,0.1149523809524,0.188900733333332,0,0,0,0.00328571428572497,0.0832573666666598,0.0703214285714318,0.0481190476190561,0,0.0402023809523824,0.126456021428565,0.815285714285697,0.775119047618865,0,0.257488095238097,0.311523952380951,1.48694196428562,1.39557142857144,0.0652619047619009,0.421723809523786,0.522164718095286
5,10,1,0.586469444444442,0.553965396825397,0.0325040476190465,0.189694047619044,0.272587784226409,420,0.352950000000005,0.311449999999999,0,0.126299999999879,0.213817500000001,0,0,0,0.00228000000009429,0.0782967999999883,0.0224250000000037,0.00272500000000094,0,0.0291499999999981,0.109287150000018,0.833049999999983,0.798749999999984,0,0.259275000000053,0.331324399999978,1.45753999999999,1.44212750000001,0.0815399999999758,0.49218999999998,0.627479500000039
5,11,0,0.728691031794472,0.666031718093204,0.0626593137012681,0.249253558350322,0.340373231286509,438,0.558482558139513,0.468318181818373,0,0.195522198731497,0.288936718181808,0.000154545454542448,0,0,0.0102499999999995,0.0969766254545485,0.164116014799157,0.110931818181848,0,0.0657386363636353,0.162020745454545,1.08879545454543,1.02723572938689,0,0.358715909090883,0.432346290909065,1.61405909090906,1.57064090909089,0.181168181818183,0.556581818181809,0.710052092727283
5,11,1,0.727954122198089,0.65545663936056,0.0724974828375271,0.254574251405369,0.342591511902149,437,0.542124999999999,0.441529411764698,0,0.181375000000173,0.297741800000002,0,0,0,0.00519999999999641,0.0843688999999559,0.116125000000068,0.0635882352941118,0,0.0541250000000275,0.125519200000017,1.145,1.0161250000001,0,0.370999999999981,0.427532000000001,1.64327500000028,1.60634999999997,0.14210000000005,0.570574999999988,0.792076879999998
5,12,0,0.837203280985904,0.755696522758426,0.0815067582274796,0.290124770063206,0.393415894054829,442,0.680597496706082,0.591478260869587,0,0.235065217391302,0.354525076086986,0.00146956521740524,0.000495652173899346,0,0.0245217391304427,0.112319874347924,0.244097826086955,0.171630434782588,0,0.0876638198757939,0.175270010068653,1.1885869565217,1.09638191699605,0,0.41753260869563,0.549149258695688,1.76899565217401,1.6806347826087,0.197989751552798,0.577878260869555,0.81665926826089
5,12,1,0.913789028251159,0.807103919242527,0.106685109008635,0.320666140722026,0.412157874557241,442,0.695062499999949,0.570625000000007,0,0.249625000000002,0.364342799999991,0,0,0,0.0126124999999959,0.119701989999983,0.213562500000009,0.136624999999966,0,0.0933437500000558,0.169151074999999,1.33981250000005,1.20640624999984,0,0.469593750000051,0.576243749999937,2.01846249999996,1.88695000000021,0.276199999999958,0.669524999999996,0.823968369999987
5.5,1,0,1.1369883879666,0.981928596801167,0.155059791165431,0.385101004428513,0.456926298999257,443,0.865428571428744,0.706619047619132,0,0.292380952380979,0.361946280952383,0,0,0,0.0157619047619283,0.112067670000057,0.231071428571406,0.16235714285718,0,0.0993181818181678,0.178995216666655,1.59114285714274,1.43007142857156,0,0.544440476190497,0.580247984523848,2.66245714285722,2.35737142857149,0.233990476190432,0.85930476190469,1.01328591428568
5.5,1,1,0.929787034200431,0.813442928356438,0.116344105843997,0.327756093016584,0.409781354080237,443,0.645400000000109,0.584399999999959,0,0.238599999999985,0.304022200000031,0,0,0,0.0146000000000095,0.0996403699999877,0.157650000000081,0.0953499999999167,0,0.0670428571427948,0.150231799999957,1.36954999999993,1.21575000000001,0,0.460899999999964,0.55913780000002,2.16425999999992,1.96058000000034,0.139359999999943,0.76511999999989,0.937022709999765
5.5,2,0,1.10374614738291,0.972251573733317,0.131494573649597,0.368275674221761,0.429492542989277,442,0.811900000000026,0.71887499999998,0,0.275624999999991,0.347279599999974,0.00286600000008582,0,0,0.0192250000000121,0.114639240000031,0.248862500000053,0.177912500000036,0,0.1055625,0.170967800000004,1.52230000000012,1.35337499999991,0,0.507449999999954,0.604119559999963,2.54832000000022,2.35861499999978,0.257275000000095,0.781521304347707,0.883189413333223
5.5,2,1,1.09235647220426,0.945254846746386,0.147101625457881,0.373382905085112,0.449742038534041,442,0.786062500000014,0.668187499999874,0,0.276687500000009,0.363543999999985,0,0,0,0.0108124999999348,0.110705439999982,0.26906249999962,0.176187500000367,0,0.111078125000061,0.160307199999935,1.55299999999992,1.42115624999999,0,0.556109374999935,0.630580819999955,2.35632500000033,2.20119999999991,0.305131250000022,0.804587500000099,0.935768239999834
5.5,3,0,0.95498222296512,0.855397442312765,0.09958478065236,0.331454493707121,0.394425366599025,443,0.745260869565201,0.598739130434811,0,0.242108695652193,0.327060821739144,0.00262608695660595,0.00113655913978628,0,0.0169478260869478,0.0966760869565126,0.266624320652206,0.182292199488462,0,0.0884918478260877,0.161857773913058,1.32910869565206,1.21554347826093,0,0.459161594202843,0.50901413347824,2.20456521739126,2.11401739130435,0.257517391304357,0.753081521739189,0.810097329192476
5.5,3,1,0.847412961699705,0.76009512202433,0.0873178396753713,0.310504555602408,0.388991372409413,443,0.651749999999765,0.528125000000272,0,0.203375000000108,0.292033599999961,0,0,0,0.00517333333329627,0.0819296800000906,0.185562500000032,0.0850625000000101,0,0.0748124999999042,0.136882733333338,1.20571249999989,1.09843749999988,0,0.466124999999906,0.557805804999427,1.98737499999975,1.9170250000006,0.201049999999907,0.70782499999998,0.727363839999977
5.5,4,0,1.05444816232749,0.938260236518643,0.11618792580884,0.360649288791257,0.440954986400474,434,0.758406976744302,0.63555681063121,0,0.253346153846188,0.308050352702696,0.00128571428523563,0,0,0.0155480769231081,0.103398154615296,0.253027329192543,0.155731868131934,0,0.0962821428571423,0.177075528571442,1.48197923588051,1.31085714285717,0,0.490942307692299,0.634051929253017,2.43460822898062,2.34357692307699,0.287806613756573,0.91548761904721,0.956511761538458
5.5,4,1,1.04108941509868,0.915815103136526,0.125274311962158,0.373429064612156,0.450229323609933,434,0.742325396825263,0.629511312217117,0,0.268607142857156,0.343945700000016,0,0,0,0.00853076923073772,0.0781628247618941,0.153754901960805,0.0732333333333295,0,0.0621071428571413,0.134349004761909,1.53493509615392,1.3644545454547,0,0.546500000000011,0.604026385714408,2.41790000000025,2.37908333333304,0.290074999999934,0.936428205128274,1.05194061538459
5.5,5,0,0.595730747964199,0.55043507796026,0.0452956700039434,0.197601713302849,0.287505651959844,434,0.331772408963597,0.258441860465096,0,0.113383720930155,0.200434957441817,0,0,0,0.00763863636360622,0.0788349497674433,0.0812881097561092,0.0584512195121862,0,0.0390374999999267,0.117684963636284,0.775673214285742,0.725943425760274,0,0.274812915742737,0.377848141463465,1.49940499999999,1.49940499999999,0.0929986280487803,0.481674191718734,0.588786910588192
5.5,5,1,0.485936090040112,0.450399448955568,0.0355366410845406,0.171095758664559,0.276839786497501,434,0.249464912280677,0.192883040935666,0,0.0833918128653896,0.186534473684218,0,0,0,0.00430833333331104,0.0708738599999953,0.00134294871791568,6.57894736976138e-05,0,0.0119444444444904,0.101956555263113,0.644315789473658,0.609289473684104,0,0.230361111111132,0.364145078508708,1.3669288888887,1.27533333333241,0.0607842105262984,0.431679084967411,0.643490198421073
5.5,6,0,0.267457901848095,0.25513445690742,0.0123234449406764,0.098728451624622,0.184646522562103,436,0.0841931818181804,0.0766022727275774,0,0.0439318181818228,0.130174677272746,0,0,0,0.00474999999995356,0.0662476436363591,0.00178409090904098,0.000180481283426095,0,0.0111704545454449,0.0854769909091139,0.289189035626583,0.281147727272759,0,0.117704545454561,0.203909237899188,0.797022727272757,0.795999999999966,0.00489772727272256,0.267931818181801,0.351104074545435
5.5,6,1,0.218086940257749,0.20404031099825,0.0140466292594994,0.0834918810069917,0.176831480332445,436,0.00846875000000578,0.00153124999999398,0,0.0226249999999623,0.120247949999943,0,0,0,0.00412499999984561,0.0601900699999857,0,0,0,0.00613839285709566,0.0806080000001489,0.24406249999997,0.227874999999969,0,0.0956249999998136,0.179710400000008,0.680941964285801,0.634843749999978,0,0.256035714285757,0.401491189999997
5.5,7,0,0.149608011363445,0.141598054901727,0.00800995646171821,0.0623909276889857,0.165717093182368,438,0.0188482834994231,0.0144047619047461,0,0.0190813953487971,0.121438237862959,0,0,0,0.00314285714284995,0.0551079709523954,0,0,0,0.0060952380952293,0.0825398823920258,0.122709302325586,0.121553571428568,0,0.0575328207052618,0.182717219019896,0.39746060606072,0.375912880143109,0,0.156206493506504,0.332748728964057
5.5,7,1,0.116331905392391,0.11013180112938,0.00620010426301056,0.0524411058437314,0.160366223309003,438,0,0,0,0.0117888888888753,0.110774475029265,0,0,0,0.00299999999999271,0.0522079905263437,0,0,0,0.00499999999992025,0.0829620657894595,0.0668881578946895,0.0638267543859196,0,0.0423749999999233,0.169491656140309,0.349900000000011,0.321536315789465,0,0.146836666666542,0.30904624222217
5.5,8,0,0.161157300472909,0.153709703651191,0.00744759682172194,0.0665548346964102,0.166152967593822,437,0.0303170731707856,0.0274827586207062,0,0.0241707317073223,0.113409602439007,0,0,0,0.00368369704751809,0.0547481465463291,0,0,0,0.00739024390243705,0.0795060913992283,0.171829268292685,0.155714285714285,0,0.0752682926829255,0.190618778048767,0.491019512195179,0.461661460101783,0,0.183788703466005,0.316611481818185
5.5,8,1,0.145839099079512,0.13653831267667,0.00930078640284002,0.0605668360875515,0.15246945608671,438,0,0,0,0.0132444444444524,0.116098777777833,0,0,0,0.00349333333332254,0.0494583300000036,0,0,0,0.00509166666660524,0.0816411000000081,0.142016666666669,0.125250000000004,0,0.0642833333333476,0.1566468166666,0.413613333333284,0.389519999999793,0,0.154706666666749,0.284085256666631
5.5,9,0,0.393450327045947,0.372807412754517,0.0206429142914299,0.128227910351273,0.21783503390114,404,0.120233766233773,0.11099999999998,0,0.0503181818182063,0.147215438181603,0,0,0,0.000804545454545487,0.0643781890909102,0,0,0,0.0108818181818183,0.0925409999999913,0.512499999999997,0.491670454545389,0,0.167113636363633,0.256240145454544,1.14786818181819,1.14786818181819,0.0212454545454538,0.342003636363629,0.440149858181818
5.5,9,1,0.2331965918537,0.227348607647547,0.00584798420615208,0.0797750415627574,0.179453302380943,401,0,0,0,0.0120000000000005,0.119199999999934,0,0,0,0,0.06198636,0,0,0,0.00475000000000847,0.0856709000000067,0.232624999999984,0.230875,0,0.0876249999999886,0.193196999999872,0.710666666666669,0.707749999999919,0,0.22387500000001,0.340108800000012
5.5,10,0,0.829159760487531,0.781881075680276,0.0472786848072556,0.249575992063491,0.337737139100623,420,0.475047619047483,0.441023809523781,0,0.155880952380934,0.247358733333304,0,0,0,0.00282380952380393,0.0865090499999999,0.0994999999999823,0.0872023809523653,0,0.0500476190476154,0.140274994047628,1.13057291666672,1.10584523809528,0,0.330083333333313,0.473988580952409,2.04966666666665,2.02515238095242,0.0635904761904468,0.628761904761913,0.762609269047617
5.5,10,1,0.776290158730142,0.744087301587285,0.0322028571428562,0.245376567460318,0.337526873735845,420,0.445999999999984,0.401850000000002,0,0.148849999999987,0.246381100000017,0,0,0,0.00258000000000664,0.0836548500000023,0.059100000000011,0.0384999999999764,0,0.0402999999999966,0.111179987499956,1.05485000000001,1.02357499999971,0,0.347100000000012,0.534871025000036,2.09946000000006,2.08780999999999,0.0581699999999992,0.623115000000013,0.742912249999969
5.5,11,0,0.894494715409088,0.806609403549464,0.0878853118596255,0.297135123322704,0.382261055608048,438,0.690181818181843,0.608431818181705,0,0.232204545454535,0.32013636363637,0.000140909090898845,0,0,0.0122900000000374,0.115209981818192,0.212124999999992,0.152545454545463,0,0.0853863636363702,0.186809475324685,1.27280681818175,1.14144318181817,0,0.408181818181812,0.488535272727274,1.99823181818183,1.85591363636368,0.201250000000089,0.616500000000009,0.76103548414366
5.5,11,1,0.798271533292942,0.717676395993169,0.0805951372997727,0.28289304302957,0.373051267954184,437,0.533500000000801,0.480374999999981,0,0.193624999999997,0.295449200000038,0,0,0,0.00582499999998447,0.0998129600000422,0.142999999999972,0.0848750000000109,0,0.0686250000000043,0.168123499999979,1.20249999999993,1.10787500000012,0,0.430125000000004,0.536843999999953,1.92944999999979,1.78104999999997,0.11605000000003,0.665249999999908,0.824757999999881
5.5,12,0,1.00403455264433,0.886226631068001,0.117807921576329,0.334449989361295,0.417932047785349,442,0.787913043478269,0.633086956521898,0,0.250152173913059,0.353790830434778,0.00891304347824983,0.000352173913062831,0,0.0319086956521878,0.117634465375496,0.284554347826147,0.21478260869566,0,0.108326086956527,0.177565276086959,1.38943478260872,1.2592826086957,0,0.436543478260864,0.532016734782546,2.35418260869564,2.16596086956527,0.266547826086951,0.728986956521723,0.86945987652174
5.5,12,1,1.02608299053887,0.8892738670643,0.136809123474567,0.35670494505494,0.438400765404755,442,0.842687500000024,0.648770833333316,0,0.285812500000006,0.354067200000013,0,0,0,0.0146625,0.111435210000019,0.241343750000048,0.118625000000009,0,0.0945468749999776,0.155099600000139,1.51937499999997,1.31912500000004,0,0.51462499999997,0.624303776999931,2.19177499999993,2.02404999999995,0.303462500000041,0.781600000000012,0.907240190000016
6,1,0,1.29209975204481,1.11853618276901,0.173563569275803,0.424422740031966,0.493725291068085,443,1.03276190476191,0.854904761904782,0,0.333714285714325,0.399452626190423,0.00360952380951425,0.000695238095236814,0,0.0255904761904796,0.124900723809511,0.425857142857131,0.252185099846384,0,0.131557271557249,0.220690836904749,1.94892857142858,1.70417857142859,0,0.630976190476174,0.73708736547618,2.84941904761903,2.65527619047616,0.422607207207181,0.871200000000072,0.936259392857155
6,1,1,1.10520624216202,0.962593259342867,0.142612982819158,0.363221263750049,0.451991401962974,443,0.855200000000241,0.69990000000007,0,0.278299999999967,0.407386300000026,0,0,0,0.0166000000000145,0.10952614999997,0.243249999999807,0.145899999999994,0,0.103566666666681,0.200603024999986,1.68847500000008,1.45035000000017,0,0.541600000000005,0.667291849999967,2.46622000000011,2.29038000000033,0.246599999999985,0.795720000000564,0.894206169999855
6,2,0,1.26678845439245,1.11168407071426,0.155104383678194,0.412471453978591,0.463439519757081,442,0.997275000000059,0.818374999999696,0,0.315199999999998,0.421545999999984,0.0216449999999805,0.000689999999997102,0,0.034324999999983,0.139549199999999,0.403912500000059,0.271249999999839,0,0.1412125,0.204222650000011,1.82802500000023,1.62375625000062,0,0.601499999999979,0.691550500000021,2.81849000000006,2.64080999999994,0.345717499999942,0.869169999999952,0.881327200000044
6,2,1,1.21378395685197,1.03580259642319,0.177981360428785,0.392995085021178,0.459567873471296,442,0.932531249999983,0.790875000000056,0,0.299874999999971,0.383299999999978,0,0,0,0.0158874999999412,0.118346019999968,0.325374999999994,0.21503125000001,0,0.109699999999949,0.179781250000023,1.73537500000038,1.55667187499989,0,0.59368750000003,0.706878399999999,2.73771249999991,2.36692500000003,0.354599999999998,0.833275000000037,0.911137000000037
6,3,0,1.101912799422,0.98592818279398,0.115984616628018,0.379469782823233,0.442693810785395,443,0.898195652173932,0.764043478260963,0,0.297217391304319,0.388307530434797,0.0243478260869503,0.00126202898551142,0,0.0266434782608722,0.125709499130449,0.409565217391288,0.226380434782664,0,0.121793478260881,0.233236059782572,1.50243478260868,1.38093478260866,0,0.510434782608705,0.572536276087047,2.38793043478246,2.33515652173908,0.377004347826112,0.837408695652183,0.883398019875722
6,3,1,0.987452725650958,0.891552154598615,0.0959005710523448,0.34753411251403,0.424138069416131,443,0.742000000000189,0.63806250000016,0,0.256750000000011,0.336400000000058,0,0,0,0.00987500000002229,0.109718760000008,0.271020833333319,0.183499999999867,0,0.0996875000000444,0.187203749999939,1.37896875000024,1.29571875000001,0,0.511431250000112,0.572957860000197,2.31905000000013,2.16657499999979,0.206174999999915,0.847166666666659,0.939340919999922
6,4,0,1.11113103910574,0.971543303158394,0.139587735947347,0.368543754369638,0.489012530085012,434,0.888460317460539,0.701049999999897,0,0.275614285714322,0.397934257142857,0.00709730769234845,0.0005214285714471,0,0.0193934883720957,0.113099073846147,0.300989285714276,0.176147009966763,0,0.0986505494505654,0.204574616994694,1.58583571428563,1.50182362637348,0,0.542002579365165,0.673471514479621,2.51731538461566,2.34539999999991,0.411506976744149,0.83731809523833,1.01298006646158
6,4,1,1.0498734905151,0.914331092892467,0.135542397622631,0.369826255513117,0.486787059652483,434,0.786944444444593,0.645214285714333,0,0.281114285714357,0.374499066666663,0,0,0,0.0119857142857021,0.0934005294117613,0.216861607142959,0.0815617647058892,0,0.0644999999999987,0.161058817307632,1.54867307692355,1.39511263736223,0,0.565071678321723,0.745345905666729,2.43284999999978,2.33799285714286,0.326866666666379,0.860746153846164,1.0795059538462
6,5,0,0.589820615867616,0.545230595338333,0.0445900205292753,0.193946565904879,0.296811977882754,434,0.334531712473648,0.277848837209329,0,0.108421818181874,0.207330207523812,0,0,0,0.00868499999999655,0.0919856400000021,0.0866219512194893,0.0549720238094692,0,0.0375602536998054,0.135125700609763,0.81810290697684,0.764858720930132,0,0.282590542522031,0.388638502906921,1.47845286443563,1.45630731707314,0.104372093023261,0.473248837209357,0.603691577291346
6,5,1,0.445564874094534,0.405959183494763,0.0396056905997752,0.149334798011894,0.267259298074859,434,0.206831871344998,0.172339181286574,0,0.0708888888888974,0.176059042105261,0,0,0,0.00434583333330921,0.0794284968420951,0.000666118420969939,6.57894736922613e-05,0,0.0134649122806384,0.110404788888897,0.623305555555513,0.561189628482926,0,0.189532894736761,0.35020463815784,1.24176250000022,1.19918187134477,0.10198039215671,0.414095384615454,0.559049725146146
6,6,0,0.256974537826317,0.245433758874068,0.0115407789522448,0.0949787998450383,0.177876812456753,436,0.0878863636363293,0.0813863636363253,0,0.0413342245989405,0.135230700000016,0,0,0,0.0047613636363615,0.0662181818182138,0.00402840909090297,0.000318181818189151,0,0.011130681818124,0.0895443999999947,0.309340909090875,0.307289772727294,0,0.110772727272669,0.188111931818192,0.662522727272737,0.662522727272737,0.00743181818184398,0.252272727272724,0.333783000000011
6,6,1,0.197164901430774,0.190040201780263,0.00712469965050433,0.0779313114351213,0.174280722854491,436,0.004718749999995,0.000787499999980668,0,0.0200312499999775,0.124802749999997,0,0,0,0.00406249999997854,0.059198249999976,0,0,0,0.00617187499997129,0.0860267214286423,0.223328125000023,0.215078124999877,0,0.0870357142857112,0.189176200000054,0.532656250000088,0.532656250000088,0.000374999999953829,0.206666666666766,0.382901359999984
6,7,0,0.145107945245425,0.13785111791862,0.00725682732680317,0.0599950545887704,0.170379620370803,438,0.0227879291251262,0.019186046511623,0,0.0195265780731634,0.124967355841663,0,0,0,0.00338798449612005,0.0605991142856819,0,0,0,0.00625000000003086,0.0905098534883797,0.13422425249179,0.131339424141805,0,0.0632738095238301,0.18771036492246,0.380086046511688,0.377433333333309,0,0.150696124030946,0.327913559999928
6,7,1,0.111026622812539,0.107081385494916,0.00394523731762268,0.0477739834977216,0.153280441368513,438,0,0,0,0.0124722222221988,0.109604411111018,0,0,0,0.00300000000005103,0.0508657157894731,0,0,0,0.0049999999999074,0.0843256842105284,0.0735833333332625,0.0660000000000072,0,0.0449671052631313,0.179339736842008,0.308600000000034,0.307323529411742,0,0.112961111111016,0.303574848888867
6,8,0,0.177178670599817,0.169581600891352,0.0075970697084611,0.0709317813542684,0.172165622569032,437,0.0260487804878447,0.0222727272727587,0,0.0247804878048245,0.128041325609765,0,0,0,0.00378947368419391,0.0581109965789598,0,0,0,0.00722727272725944,0.0901520176828751,0.1655,0.156499999999968,0,0.0696363636363706,0.198235317073173,0.47104767184038,0.450439024390294,0,0.165678048780471,0.305121935122027
6,8,1,0.151817834493003,0.145737608719285,0.00608022577371846,0.0600622318257602,0.156666092616699,438,0,0,0,0.0132000000000365,0.119500256666691,0,0,0,0.00349333333336328,0.051985793333331,0,0,0,0.00517500000008984,0.08454491666666,0.143033333333405,0.131016666666912,0,0.060561111111123,0.183750083333293,0.424799999999964,0.422836666666717,0,0.159906666666618,0.317563760000009
6,9,0,0.38466288986818,0.362751721251318,0.0219111686168612,0.128530471018613,0.234057282703985,404,0.147111363636359,0.129090909090905,0,0.0642499999999948,0.170384436363633,0,0,0,0.000622727272725322,0.0766394763636326,0,0,0,0.0111164772727274,0.111095563636373,0.482693181818183,0.476056818181823,0,0.171693181818203,0.322031854545477,1.17091818181818,1.15760909090907,0.0265363636363563,0.347704545454562,0.467866036363623
6,9,1,0.183358894430594,0.175628428927684,0.00773046550290965,0.064884143807149,0.171366151276188,401,0,0,0,0.0129999999999484,0.113673599999926,0,0,0,0,0.0576482599999944,0,0,0,0.00499999999999545,0.082982400000015,0.177874999999971,0.175125000000001,0,0.0698749999999677,0.186454999999999,0.560750000000099,0.524749999999997,0,0.174250000000029,0.448648460000013
6,10,0,0.855316617063493,0.810611968537416,0.0447046485260773,0.256583458049887,0.376976899022466,420,0.580952380952342,0.516112499999991,0,0.17428571428571,0.295572380952406,0,0,0,0.00367619047618828,0.102134069047619,0.14939285714282,0.109107142857148,0,0.0660238095238155,0.181607504761918,1.21810714285709,1.16642857142857,0,0.345583333333344,0.539381988095245,2.13445714285715,2.13445714285715,0.0636904761904762,0.639276190476202,0.743470809523803
6,10,1,0.821294484127,0.774979722222234,0.0463147619047631,0.251945277777778,0.36512499837736,420,0.527250000000038,0.483900000000039,0,0.168650000000007,0.274695749999963,0,0,0,0.00608999999999923,0.0953067500000128,0.142450000000014,0.0873499999999638,0,0.0567000000000235,0.170422499999931,1.1874750000001,1.086125,0,0.345175000000023,0.52219309999999,2.06233999999986,2.00754999999999,0.0912599999999627,0.594040000000005,0.76632169999995
6,11,0,1.02215592714357,0.92383228588756,0.0983236412560063,0.329799580004747,0.427276036638616,438,0.807545454545449,0.703181818181814,0,0.253272727272709,0.342040727272698,0.00710000000000573,0.00285500000000053,0,0.0258409090909113,0.139335418181799,0.334352272727529,0.254124999999997,0,0.12652272727276,0.227497272727264,1.43231818181825,1.30037499999999,0,0.443318181818182,0.58925622954547,2.21554090909094,2.15022727272726,0.261009090909095,0.677522727272719,0.78176056363632
6,11,1,0.927893914453652,0.829370001410176,0.0985239130434796,0.312788255966,0.400781439150079,437,0.719000000000051,0.642999999999917,0,0.247375000000062,0.32975190000001,0,0,0,0.00730000000001496,0.11861004,0.209625000000045,0.158000000000015,0,0.0906250000000455,0.197747999999996,1.38387499999885,1.22925000000009,0,0.430624999999999,0.458066923529407,2.10919999999989,1.91194999999997,0.194624999999815,0.683674999999992,0.876988020000015
6,12,0,1.17020406610543,1.03569432739587,0.134509738709563,0.381420089292893,0.449058320324033,442,0.938869565217438,0.836456521739266,0,0.306304347826083,0.388791076956533,0.0164347826086797,0.00217826086956438,0,0.037843478260905,0.148749249565234,0.429913043478246,0.300836956521745,0,0.144217391304346,0.230346378260898,1.6314673913043,1.42876086956529,0,0.522065217391304,0.613594993478261,2.62115217391317,2.34957826086958,0.421558695652148,0.791664690381985,0.854003291304407
6,12,1,1.18041559665824,1.01855540966387,0.161860186994375,0.392444807276059,0.465635384933145,442,0.952812500000021,0.735312500000291,0,0.316500000000154,0.376634449999982,0,0,0,0.0207499999999883,0.131339000000017,0.331249999999983,0.198406249999997,0,0.112156250000046,0.173256900000004,1.67493749999986,1.50603125000007,0,0.562406250000123,0.677237825000014,2.61932499999952,2.2815125000001,0.286212499999934,0.85135000000002,0.959079390000042
6.5,1,0,1.51392388507349,1.32191070274465,0.192013182328845,0.498692723667788,0.636275097513307,443,1.19290476190508,1.00552380952363,0,0.392476190476178,0.511677885714262,0.0674571428571416,0.00528571428571572,0,0.0408761904761897,0.172898320952369,0.568166666666597,0.323523809523825,0,0.172309523809531,0.298263319047602,2.24863095238099,2.06265476190478,0,0.729142857142953,0.870908957142864,3.18783809523805,2.97719047619056,0.539969230769224,1.05847142857143,1.26819552857163
6.5,1,1,1.26372088439213,1.10199072073524,0.161730163656887,0.410369487889211,0.529631010104934,443,0.899999999999909,0.796800000000076,0,0.317599999999948,0.405303749999987,0,0,0,0.0183599999999888,0.122864379999992,0.307849999999871,0.170650000000007,0,0.105812499999939,0.216528233333367,1.84535000000005,1.69464999999995,0,0.608950000000004,0.769916900000091,2.82763999999998,2.73637999999979,0.316523333333398,0.915579999999952,1.06303549999995
6.5,2,0,1.48164214970057,1.31388238144619,0.167759768254377,0.487932753338413,0.589460587399886,442,1.15010000000002,1.02256250000055,0,0.37976249999998,0.49150000000006,0.0464674999999959,0.0104399999999854,0,0.045364999999998,0.1706244,0.583606818181902,0.358704999999995,0,0.176875000000051,0.271976400000006,2.10086250000034,1.97338750000001,0,0.700168749999888,0.793032199999974,3.20328000000051,3.01723499999998,0.566779999999925,1.04081749999994,1.06269431999999
6.5,2,1,1.40857158388999,1.22757193268334,0.18099965120664,0.460619051210231,0.566853216664001,442,1.12781250000024,0.912187499999959,0,0.349187500000035,0.450066199999984,6.25000000582086e-05,0,0,0.0204249999999913,0.149920919999995,0.43821874999992,0.286843750000002,0,0.153765624999828,0.22944324999996,1.98409375000014,1.81840625000041,0,0.654124999999979,0.789554250000026,3.29432499999984,2.96253749999992,0.358525000000022,1.03477500000022,1.06441632000005
6.5,3,0,1.29030359067152,1.1569325478708,0.133371042800718,0.436459378883024,0.561307022297449,443,1.08643478260835,0.948086956521919,0,0.370434782608636,0.498896000000055,0.0718782608695541,0.00846956521739668,0,0.0362347826086326,0.155210366956568,0.546707800511457,0.289326086956506,0,0.146576992753632,0.304081199999978,1.83906521739138,1.67856521739131,0,0.615673913043437,0.76595623999997,2.81088695652182,2.73697391304352,0.432915848527343,0.947904347826067,1.00264050782613
6.5,3,1,1.17301688085866,1.06097512685457,0.112041754004084,0.401792315271892,0.521630246567871,443,0.901071428571251,0.740624999999908,0,0.296375000000012,0.426751799999963,0,0,0,0.0129500000000491,0.120220139999957,0.375749999999982,0.235687500000082,0,0.132200000000017,0.233006950000032,1.64718749999997,1.52924999999982,0,0.58600000000007,0.728277699999984,2.67357999999982,2.61301250000008,0.302374999999847,0.914199999999972,1.05984378400002
6.5,4,0,1.08114448410681,0.948057649221706,0.133086834885105,0.364521486256745,0.544148971170995,434,0.844846153846307,0.674143451143545,0,0.273718681318672,0.404181161538445,0.0125690476190298,0.000421428571412111,0,0.024105714285724,0.151996592629705,0.362446153846204,0.194420454545432,0,0.101882059800736,0.227366402197765,1.60885714285731,1.44439335664338,0,0.524785714285839,0.742751647802146,2.4488028571427,2.32965384615377,0.474171428571259,0.839784761904798,1.20003624334311
6.5,4,1,1.10917383026413,0.96598586797642,0.143187962287711,0.379320012209706,0.542333490006148,434,0.913794117646936,0.758488095238103,0,0.294702380952593,0.454999416666764,0,0,0,0.0083499999999276,0.12003114243695,0.277666666666657,0.105397058823526,0,0.0819415584415766,0.234173796428532,1.65747712418286,1.4144583333333,0,0.577163461538524,0.775129624999985,2.34125178571429,2.21285000000016,0.373197254901973,0.8251500000002,1.09883638857171
6.5,5,0,0.552150773005896,0.510799170816423,0.0413516021894732,0.181713731023104,0.33683594816106,434,0.336860465116276,0.275584090909235,0,0.108794900221684,0.240131562790641,0,0,0,0.00764045454547211,0.103862764634149,0.0871193181816537,0.0557699854651343,0,0.0389107558139214,0.150582661205089,0.820272727272726,0.73499772727266,0,0.260387686860704,0.432449822832857,1.30510697674419,1.28944999999999,0.133235064934975,0.433112403100845,0.72634815503878
6.5,5,1,0.423431656739775,0.379826821389576,0.0436048353501877,0.139743497075324,0.268329820267824,434,0.224827485380102,0.170897660818826,0,0.0755087719297721,0.194482966666719,0,0,0,0.0043703947368146,0.0865521977777998,0.000574561403625825,0,0,0.0134407894736699,0.12754018304093,0.593576315789402,0.541416666666349,0,0.195681286549681,0.364282144882994,1.09956315789454,1.01816666666664,0.117036842105251,0.367488888888935,0.556232481203136
6.5,6,0,0.237297535147286,0.226610181198334,0.0106873539489523,0.0868650373689886,0.221886977252044,436,0.106879545454544,0.0942954545450283,0,0.0443636363636309,0.166357999999987,0,0,0,0.00502272727272961,0.0775972591999976,0.0111590909090959,0.000863636363564265,0,0.0132613636363627,0.10936976363637,0.281829545454707,0.265784090909201,0,0.112511363636349,0.243576745454516,0.632873809523842,0.632873809523842,0.0109431818181711,0.224465909090882,0.46452987341524
6.5,6,1,0.188546748034065,0.180672833387936,0.00787391464613533,0.0697410536806511,0.183281829517635,436,0.0249687500000562,0.0141250000000479,0,0.0270312499999363,0.129772050000008,0,0,0,0.0042187500000012,0.0625207500000262,0,0,0,0.00637499999997715,0.0946759000000549,0.265906250000143,0.257859375000024,0,0.0931250000001232,0.222846075000004,0.586562500000127,0.575406249999851,0.000906249999995445,0.185812500000139,0.361511670000041
6.5,7,0,0.138745832193387,0.134065765358479,0.00468006683490885,0.0587185620422031,0.200682251923293,438,0.0253727329581214,0.0204047619047016,0,0.0228188153310356,0.153845866420881,0,0,0,0.00375284552844767,0.0685160121951366,0,0,0,0.0061904761904056,0.105062093732267,0.163038636363577,0.15976619601325,0,0.0735448504983238,0.230793966701891,0.406948837209353,0.398077519379883,0,0.155705284552943,0.353430488372085
6.5,7,1,0.0915459793169979,0.0891033080159581,0.00244267130103599,0.0392737472713285,0.15016818768339,438,0,0,0,0.0122777777777843,0.124547116666609,0,0,0,0.00305263157893761,0.0558009945614118,0,0,0,0.00494444444447122,0.0895392407894704,0.073695175438535,0.0704027777777788,0,0.0403157894737486,0.162803497222247,0.283035964912387,0.257109064327552,0,0.112557777777681,0.269101753333345
6.5,8,0,0.166105974900195,0.159665366574659,0.00644060832553635,0.06685820731271,0.192201584030015,437,0.0498536585365815,0.0459999999999893,0,0.0311463414634074,0.138878336842057,0,0,0,0.00381951219511648,0.0623352097560945,0,0,0,0.00729268292680656,0.0949802414633905,0.179609756097534,0.177804878048816,0,0.074636363636304,0.203058341685181,0.455534788189903,0.427071630295244,3.56867779198798e-05,0.154356867779146,0.396504355831466
6.5,8,1,0.135435773175328,0.129830877183442,0.00560489599188296,0.0518232450895108,0.162513125219572,438,0,0,0,0.013666666666659,0.130209200000002,0,0,0,0.0034233333332954,0.0552375333333544,0,0,0,0.00535000000002057,0.0929383333333073,0.135833333333367,0.123825000000049,0,0.0622833333333518,0.191305000000117,0.435379999999979,0.416206666666742,0,0.137315238095327,0.312621146666566
6.5,9,0,0.395611761095645,0.373392519171453,0.0222192419241925,0.132663838573756,0.272738808969717,404,0.165500000000005,0.151813636363644,0,0.0714545454545391,0.193674945454548,0,0,0,0.000740909090909753,0.0928309236363354,0.013102272727273,0.000590909090914172,0,0.0143749999999827,0.12884163636365,0.536147727272731,0.511257575757576,0,0.175616258741269,0.328238909090878,1.05497272727274,1.05497272727274,0.0379272727272766,0.342229090909068,0.569162385454566
6.5,9,1,0.194907834580214,0.186906275976724,0.00800155860349039,0.0651886949293445,0.179946463942863,401,0,0,0,0.0156250000001421,0.130422000000002,0,0,0,0,0.0614606999999762,0,0,0,0.00499999999999545,0.0917593000000464,0.24962499999998,0.220125000000001,0,0.0921250000000101,0.212270200000019,0.623250000000041,0.623000000000005,0,0.19937500000006,0.330302760000004
6.5,10,0,0.827024852607717,0.782048095238101,0.0449767573696165,0.253834024943308,0.40347099961635,420,0.592761904761903,0.561380952380963,0,0.185023809523802,0.329557876190493,0,0,0,0.00765238095236215,0.129582138095235,0.189119047619051,0.167250000000009,0,0.0810119047619244,0.208681010714285,1.11453571428572,1.09280952380959,0,0.349452380952375,0.479260590476198,2.00876190476188,1.9186285714286,0.0800428571429011,0.590100000000011,0.844337280952392
6.5,10,1,0.872025595238089,0.819727976190474,0.0522976190476196,0.265046150793652,0.396818905773588,420,0.603999999999897,0.53109999999996,0,0.185600000000013,0.335354035999999,0,0,0,0.00757999999995718,0.140994899999956,0.186062500000002,0.136850000000029,0,0.0762749999999936,0.200637550000009,1.13332499999998,1.09975,0,0.345675000000049,0.534718549999981,2.05486999999967,2.04540999999998,0.11503,0.599490000000007,0.814904649999957
6.5,11,0,1.19124300087408,1.08044122990279,0.11080177097129,0.385455434070412,0.543846035478072,438,0.940977272727229,0.796181818181806,0,0.286704545454566,0.426085867906987,0.0221818181818185,0.00254545454545355,0,0.0316954545454447,0.17842788363636,0.374806818181841,0.308193181818178,0,0.143590909090883,0.27134999999999,1.6138068181818,1.52348863636363,0,0.509113636363612,0.74639311387557,2.66898438538207,2.48190454545455,0.318663636363644,0.908286363636369,1.02643264000002
6.5,11,1,1.11662976230538,1.0091996707722,0.107430091533181,0.370798526126699,0.482943990647979,437,0.821374999999762,0.71887499999889,0,0.279874999999997,0.398526200000009,0,0,0,0.0100044117647052,0.126462320000002,0.269125000000003,0.206125,0,0.116624999999999,0.224074400000009,1.58799999999997,1.49362499999998,0,0.497999999999962,0.671245449999961,2.56085000000018,2.4636250000002,0.224949999999976,0.817824999999959,0.93442852
6.5,12,0,1.39152934189094,1.23247090975299,0.159058432137947,0.451275470032173,0.587764769323586,442,1.1442391304347,1.01992391304336,0,0.379152173913014,0.518412819130438,0.0627478260869436,0.0108391304347793,0,0.0505565217391762,0.185776131304326,0.53567391304351,0.355413043478265,0,0.165858695652182,0.303317330434775,1.92544565217391,1.77241304347827,0,0.6143152173913,0.785786824021841,2.97923913043478,2.84587391304354,0.478756521739155,1.00552608695648,1.07868989826087
6.5,12,1,1.38511452848621,1.19143217040312,0.193682358083089,0.455651526904463,0.564102863900903,442,1.09412499999996,0.895312500000017,0,0.346562500000004,0.461439499999966,0,0,0,0.026737500000008,0.126026504285764,0.425875000000303,0.248062500000004,0,0.146749999999969,0.257316275000015,1.93531250000003,1.71306249999991,0,0.644000000000047,0.756652579999984,3.19503750000022,3.01548749999995,0.491504545454144,1.0569499999999,1.09745711999992
7,1,0,1.60209487631922,1.39590682741784,0.206188048901387,0.530044013081399,0.775841980925338,443,1.34652380952385,1.14419047619049,0,0.46819047619046,0.643968436666649,0.0461523809523897,0.0160952380952379,0,0.0417047619047502,0.218794600909101,0.627452380952447,0.38083333333326,0,0.177166666666666,0.379757484523798,2.38466666666651,2.21738095238083,0,0.778690476190474,1.2079789785714,3.25828571428586,3.03671428571413,0.607657142857113,1.10301904761896,1.43512426990471
7,1,1,1.26777038276183,1.10734144182879,0.160428940933034,0.408513869181988,0.549311861845681,443,0.998300000000109,0.871600000000218,0,0.320800000000054,0.479610699999953,0,0,0,0.0291800000000387,0.136347519999947,0.343100000000049,0.206750000000011,0,0.137358333333334,0.249153550000024,1.91395000000007,1.73610000000006,0,0.597250000000008,0.775504517499989,2.71412000000037,2.61738000000007,0.415186666666656,0.878520000000022,1.05779687000004
7,2,0,1.54972121604394,1.37444665374557,0.175274562298371,0.510810608637254,0.696476530557539,442,1.33018749999992,1.15220000000008,0,0.452612500000011,0.616975599999937,0.0922449999999943,0.0184500000000071,0,0.0455074999999937,0.202434080000001,0.599362500000092,0.401474999999999,0,0.177012499999986,0.331232700000016,2.24821250000005,2.13652500000002,0,0.738612500000039,0.996696300000153,3.20030999999994,3.0420099999999,0.571739999999937,1.01733499999997,1.32205840000002
7,2,1,1.42992030632766,1.24375071195145,0.186169594376211,0.462143499066297,0.606867173961724,442,1.20231250000006,0.959187499999756,0,0.369343749999943,0.555346199999937,0.000587500000074218,0,0,0.0353750000000729,0.185589999999952,0.524281249999987,0.328206249999976,0,0.157328125000099,0.272775250000055,2.05081249999944,1.92862500000015,0,0.670437499999906,0.845408149999979,2.97073749999963,2.81515000000024,0.464056249999897,1.01747499999989,1.16949324000002
7,3,0,1.31895828686677,1.1688987952815,0.150059491585264,0.442111635421102,0.661003628982239,443,1.10934782608713,0.957043478261094,0,0.374608695652129,0.602756319999962,0.0700173913043628,0.0107217391304284,0,0.0307173913043837,0.195577419130436,0.553858695652087,0.328402173913041,0,0.153902173913046,0.334464002380937,1.94245652173913,1.81054347826067,0,0.657086956521702,0.954581460869623,2.7004260869566,2.56948695652215,0.466982608695624,0.940082608695829,1.1666174191304
7,3,1,1.18376863546224,1.05720571624264,0.126562919219608,0.399183669556545,0.536828284461945,443,0.909749999999464,0.784125000000357,0,0.30150000000009,0.446752799999942,0,0,0,0.0129999999999941,0.144387680000026,0.391250000000128,0.252312499999989,0,0.126875000000084,0.274210949999984,1.7256874999996,1.57875000000013,0,0.603718749999984,0.821945350000124,2.65777499999995,2.53989249999969,0.312550000000078,0.896162500000048,1.02142584000007
7,4,0,0.996438943851519,0.86600175726892,0.130437186582601,0.330835359923628,0.541815166484527,434,0.783043521594659,0.615391025640732,0,0.247104395604331,0.420477770615397,0.00603857142849328,0.00134285714283514,0,0.0187500000000309,0.161828254597508,0.288076923076932,0.205245847176129,0,0.096585714285756,0.255524896428501,1.39040876565285,1.29715714285708,0,0.462767948717911,0.732080645265754,2.27396314847954,2.14660219780208,0.368983333333332,0.765814311270138,1.05741747692316
7,4,1,1.04378162639407,0.896325448630077,0.147456177763983,0.353281092070637,0.498862502494984,434,0.820467914438205,0.627614379085204,0,0.267428571428549,0.40592226050429,0,0,0,0.0154138461538294,0.123182811764768,0.237939215686038,0.125517857142979,0,0.0751230158729991,0.199542285714317,1.53649789915965,1.39267307692314,0,0.534964285714198,0.694824571428419,2.20973076923043,2.14190000000006,0.319471040723827,0.787385294117721,0.991351058627434
7,5,0,0.501174808356432,0.461893477786923,0.0392813305695047,0.168949310131908,0.352629613511964,434,0.306931818181717,0.227745454545448,0,0.103466463414627,0.265297655654098,0,0,0,0.00664045454542908,0.120847518192264,0.0822272727272403,0.0531110465116609,0,0.0330795454545276,0.166204347619065,0.683394906743218,0.641768009075478,0,0.235796052631571,0.452395771212091,1.32739378048771,1.22650882352939,0.130657194767382,0.415715000000097,0.675785620000066
7,5,1,0.425139517332471,0.385242542538904,0.0398969747935735,0.13766429299428,0.265962250783646,434,0.248144444444431,0.196573099415121,0,0.0808611111111001,0.19241834619879,0,0,0,0.00470000000001771,0.0922051178946768,0.0141666666666822,0.00216666666665945,0,0.0204325657894973,0.131336588157909,0.633833333333465,0.588460526315813,0,0.196097222222263,0.342205836842133,1.08166842105244,1.02529777777787,0.101814035087658,0.350992712550656,0.578605943157699
7,6,0,0.23006083822247,0.220177049924272,0.00988378829819652,0.0872215192508435,0.252709134168651,436,0.0999645454544943,0.0865681818181676,0,0.0411477272727594,0.193987422727346,0,0,0,0.00485227272726134,0.0858775636363764,0.00144886363628674,0.000159090909092315,0,0.0108076298701664,0.118015515909094,0.277011363636492,0.2717329545455,0,0.118906712473558,0.314281196650685,0.628954545454643,0.628954545454643,0.0109772727272561,0.224477272727279,0.456742733759196
7,6,1,0.185922423820438,0.175446783529921,0.0104756402905155,0.0684226149519386,0.185850998662251,436,0.0359375000001378,0.0245624999999938,0,0.0295625000000115,0.146736849999946,0,0,0,0.00409374999993872,0.0680004999999952,0,0,0,0.00687500000001928,0.0985209000000234,0.255821428571445,0.233265625000044,0,0.102262500000125,0.238073225000005,0.546218750000008,0.542437499999949,0.00184374999999903,0.180718749999986,0.350428819999973
7,7,0,0.153703507197615,0.148861933377798,0.00484157381981833,0.0619736026227529,0.225841916525848,438,0.0375849342770226,0.0337040697674088,0,0.0259418604651082,0.181168170731682,0,0,0,0.00359227642275201,0.0792149760278734,0,0,0,0.0062500000000065,0.126482461363637,0.190236710963531,0.184310124787321,0,0.0866752491694825,0.282342479878042,0.432288372092951,0.430609302325598,0,0.170315856236892,0.414091044668102
7,7,1,0.0902483494621093,0.0861421064189861,0.0041062430431243,0.0407995103713373,0.164705143008783,438,0,0,0,0.0124327485379504,0.129350739181266,0,0,0,0.00299999999998145,0.0636985422222458,0,0,0,0.0049583333333605,0.100658600000002,0.0806973684210534,0.0743388888889715,0,0.0411856060605996,0.184964733333361,0.284666666666658,0.277744444444441,0,0.120890643274718,0.294794488888893
7,8,0,0.171343776382688,0.164387627354341,0.00695614902834688,0.0695534343768126,0.202215537430197,437,0.0745925925926031,0.0648292682926829,0,0.0368536585365679,0.155476465982045,0,0,0,0.00396431322207873,0.0646351243902448,0,0,0,0.00785365853661039,0.109468780872915,0.225463414634168,0.225243902438994,0,0.0922195121950736,0.245642151219542,0.467074711167927,0.451224133504472,4.21052631569028e-05,0.178004878048842,0.370258351219553
7,8,1,0.126690529644122,0.12129411285062,0.00539641679350501,0.0521961223454386,0.171089983384197,438,0,0,0,0.0146499999999889,0.144657250000015,0,0,0,0.00324666666669041,0.0615403366666513,0,0,0,0.00516666666667713,0.100397500000013,0.146958333333308,0.140366666666666,0,0.0570333333332579,0.20010020000001,0.375933333333512,0.375933333333512,0,0.143146666666576,0.299786666666673
7,9,0,0.373545060144977,0.348615700959059,0.0249293591859186,0.127200696018715,0.292706680561596,404,0.176954545454544,0.159431818181816,0,0.0687045454545415,0.217954545454545,0,0,0,0.000740909090908203,0.105425530909054,0.00723863636364024,0.000909090909090082,0,0.0128681818181762,0.15156,0.495022727272739,0.490238636363632,0,0.172295454545484,0.36666618181813,0.963764772727268,0.930868181818223,0.0324772727272753,0.332559090909075,0.545379832727252
7,9,1,0.200056733167086,0.190812032418956,0.00924470074812954,0.0672549875311733,0.182240067219047,401,0,0,0,0.0196249999999995,0.144012199999996,0,0,0,0,0.0656724000000177,0,0,0,0.00512499999999249,0.100766800000018,0.283500000000004,0.273124999999994,0,0.0907500000001846,0.224510000000185,0.666625000000003,0.657250000000005,0,0.194374999999998,0.341885520000016
7,10,0,0.753400423752833,0.704693167517006,0.0487072562358268,0.235664985827667,0.434769442957775,420,0.574499999999923,0.514714285714296,0,0.183357142857145,0.364831661904746,0,0,0,0.00541904761904291,0.164611633333333,0.184178571428539,0.135583333333326,0,0.076190476190572,0.231452757142875,1.08573809523822,1.04627380952381,0,0.328428571428577,0.546246789285698,1.73425714285715,1.67142380952374,0.0953000000000436,0.515990476190479,0.827578680952358
7,10,1,0.855690337301586,0.801837718253967,0.0538526190476199,0.25802972222222,0.398996282113206,420,0.633500000000009,0.569199999999888,0,0.192999999999955,0.319670049999994,0,0,0,0.00578000000000969,0.156423449999995,0.212574999999992,0.146675000000014,0,0.0788750000000001,0.227919549999981,1.20076250000009,1.10072500000001,0,0.341474999999997,0.515964674999922,1.98358000000004,1.95178999999996,0.123409999999972,0.590860000000009,0.815721099999992
7,11,0,1.27433229244086,1.15479794208802,0.119534350352844,0.407155897778444,0.621516584671674,438,1.07505496828753,0.929954545454637,0,0.332999999999986,0.533173168727272,0.046500454545456,0.0203499999999971,0,0.0401999999999881,0.181187454545454,0.463772727272743,0.353189393939387,0,0.15167045454545,0.332629090909058,1.77907954545449,1.67379545454546,0,0.568522727272723,0.811841990909093,2.69955909090913,2.59612727272726,0.362445454545484,0.904600000000042,1.15953315636364
7,11,1,1.16569178885512,1.05858040441576,0.107111384439362,0.390159150033008,0.531381315807586,437,0.916124999999965,0.780375000000021,0,0.298625000000015,0.437228600000045,0,0,0,0.0223499999999944,0.143858899999995,0.346749999999986,0.250125000000054,0,0.132250000000028,0.273486047058818,1.64437499999985,1.52137500000006,0,0.543625000000006,0.770747139999984,2.71852500000011,2.50020000000002,0.26499999999999,0.853249999999981,1.0454673199999
7,12,0,1.45577602032073,1.28563246114363,0.170143559177093,0.468268587400937,0.698358552452958,442,1.21921739130436,1.01926086956518,0,0.386043478260879,0.56705483260871,0.0564999999999964,0.023547826086965,0,0.0543652173913052,0.217830475652165,0.571282608695704,0.395978260869563,0,0.177304347826084,0.36379013043483,2.10896739130445,1.95670652173896,0,0.648793478260873,0.98443658913047,3.02387391304335,2.93935652173908,0.535421739130382,0.995434782608704,1.21550442173914
7,12,1,1.43847119338996,1.24965554825077,0.188815645139183,0.475056512482619,0.613789054230885,442,1.19300000000025,0.991812500000065,0,0.372124999999972,0.502736800000014,0.000149999999997874,1.24999999997046e-05,0,0.0463053571428568,0.162331679999976,0.482624999999963,0.285187499999914,0,0.143406250000023,0.297924709090776,2.05981250000026,1.88837499999991,0,0.665250000000022,0.846240350000022,3.10073750000029,2.92968749999973,0.571205681818146,1.0407,1.18518016000001
7.5,1,0,1.5549656451976,1.35880520033773,0.196160444859862,0.529454182688198,0.8553972021881,443,1.37819047619041,1.21880952380958,0,0.451333333333326,0.712524704761872,0.0588571428571522,0.0169809523809363,0,0.0478761904761947,0.299334262380955,0.676904761904769,0.375642857142853,0,0.182714285714298,0.430729750000008,2.28840476190448,2.02969047619046,0,0.76744047619042,1.23468564523806,3.02602857142857,2.87625714285708,0.835423832923841,1.08809047619044,1.60487750476187
7.5,1,1,1.30769526048943,1.14550704880145,0.162188211687984,0.426969825146003,0.615634495950626,443,1.09930000000004,0.898000000000184,0,0.35494999999944,0.51328623333332,0.000139999999996692,0.000139999999992144,0,0.0372100000000233,0.15614458999999,0.472500000000105,0.298799999999977,0,0.148661111111122,0.3122975,1.87354999999986,1.71409999999999,0,0.587599999999804,0.904716250000128,2.71236000000013,2.58294000000002,0.434260000000068,0.902639999999993,1.11169582000021
7.5,2,0,1.51691377465292,1.33763834623849,0.179275428414421,0.507330771571395,0.770052242458864,442,1.32917499999985,1.1236249999998,0,0.42390000000006,0.643911599999923,0.09278499999999,0.039855000000001,0,0.0504050000000091,0.257882200000031,0.663491304347684,0.415337500000009,0,0.188137500000035,0.36503500000001,2.17792500000023,1.99656250000004,0,0.728500000000008,1.07612779999989,3.08266000000072,2.82063499999995,0.680555000000069,1.06318000000002,1.45275164000004
7.5,2,1,1.44095889086403,1.25532753178194,0.185631359082092,0.470736072505924,0.656114678027588,442,1.2541562499998,1.02850000000007,0,0.388312499999955,0.519750899999975,0.025849999999997,0.00165625000000205,0,0.0436583333333426,0.211280000000018,0.53729687499997,0.361406250000045,0,0.1871875,0.350713899999984,2.05778125000004,1.87121875000011,0,0.66253125000003,0.964893900000057,3.00942499999982,2.74913214285677,0.503056250000043,1.01719999999963,1.21925768000005
7.5,3,0,1.25089696486613,1.09489310696845,0.156003857897678,0.421554116828151,0.671295013393083,443,1.10055555555555,0.894630434782575,0,0.354666666666611,0.585307991304335,0.0582782608695435,0.015599999999993,0,0.0328043478260917,0.226248793043467,0.505565217391351,0.296282608695628,0,0.138913043478253,0.350963347826104,1.77117391304333,1.68591304347831,0,0.607489130434799,0.953713695652164,2.50406956521736,2.41931304347817,0.497337963944746,0.899120869565312,1.21759433043493
7.5,3,1,1.18540895785613,1.05945605556655,0.125952902289581,0.399286133815396,0.576114226761013,443,0.968937499999783,0.804400000000958,0,0.317625000000021,0.506498600000109,0,0,0,0.0236000000000558,0.209116640000004,0.416500000000042,0.290781250000066,0,0.136525000000017,0.326205450000037,1.77946875000032,1.65912499999997,0,0.574187499999908,0.823643600000095,2.52892499999975,2.46457499999992,0.407525000000115,0.88255,1.06121785999978
7.5,4,0,0.896446123594743,0.787018559294034,0.109427564300709,0.293473443582517,0.510823881251931,434,0.679673809523726,0.54464835164839,0,0.216538461538378,0.423726019047551,0.0090166666666543,0.000403488372053342,0,0.0131805008944336,0.15099450059801,0.237640476190263,0.142816287878975,0,0.0805220797720484,0.274067402252779,1.30222575757572,1.15217175324676,0,0.407916666666672,0.657417508241754,2.02883999999976,1.90821601328912,0.279331428571398,0.677980620155152,1.02040624615401
7.5,4,1,1.00741214696987,0.88258302102104,0.124829125948833,0.334972394143011,0.49223421499521,434,0.78785714285745,0.651678571428181,0,0.256083333333284,0.385817940630219,0,0,0,0.0102304761904537,0.151698869523778,0.273966666666609,0.116607142857162,0,0.0877500000000187,0.230344907142854,1.40571218487377,1.32631730769224,0,0.495017156862665,0.684834142857137,2.19470427350435,2.12025952380945,0.373399999999816,0.777349999999993,1.00974976153849
7.5,5,0,0.456881769592283,0.417696987140317,0.0391847824519763,0.153012113691799,0.366594210472993,434,0.244920454545499,0.20036136363638,0,0.0885604212860024,0.283765956097569,0,0,0,0.00617909090909962,0.131515983529401,0.0515215909091301,0.0254304968287145,0,0.0255988636363575,0.187504912209317,0.619289772727619,0.594674418604328,0,0.20961773255815,0.456240100000009,1.07065657894717,1.04734991491784,0.105560465116291,0.369409999999986,0.681347442508664
7.5,5,1,0.433995072022021,0.391709386941321,0.0422856850806985,0.140975250453184,0.29277523239921,434,0.220951388888908,0.179499999999836,0,0.0771315789473739,0.230177647368407,0,0,0,0.00433333333333066,0.0985872424561139,0.0181535087719583,0.00098830409356549,0,0.0201027777777593,0.142335748976621,0.560302631578503,0.529235294117504,0,0.199513157894551,0.361944244736859,1.05832999999992,0.996069230769056,0.0750222222221712,0.351241812865738,0.587754520000013
7.5,6,0,0.205501829375599,0.194084485482321,0.0114173438932769,0.0799207532176351,0.286430387806519,436,0.0753636363634249,0.0658295454545416,0,0.0352321428571332,0.209624472727272,0,0,0,0.00436363636367012,0.100757505454563,0.000522727272728801,6.24999999794061e-05,0,0.00923863636363881,0.144051031818156,0.244727272727542,0.236886363636441,0,0.0969886363636708,0.355223377272798,0.546749999999897,0.546749999999897,0.00698863636362355,0.192166490486239,0.498564839090962
7.5,6,1,0.211598058650073,0.199227875163833,0.0123701834862399,0.0783382372214977,0.215036772235465,436,0.0423125000003211,0.0316749999999264,0,0.0299999999999301,0.16869249999995,0,0,0,0.00400000000003331,0.0713972000000063,0,0,0,0.00687499999996533,0.112164175000047,0.27879687499999,0.273334821428635,0,0.112093750000005,0.265753125000102,0.592187499999895,0.592187499999895,0.000468750000038654,0.210000000000023,0.427983750000001
7.5,7,0,0.146666169476765,0.142323155376989,0.00434301409977503,0.0623958433255546,0.253240065096749,438,0.0360504821327313,0.0302111111110763,0,0.0256153846153692,0.193577429069795,0,0,0,0.00307317073170241,0.095533773514194,0,0,0,0.00572493224934837,0.136915824418598,0.172648674242366,0.170727536997897,0,0.0772923588040034,0.328959140527451,0.43954021554173,0.434958536585439,0,0.155883720930417,0.427008297399559
7.5,7,1,0.108111733457093,0.103110555063031,0.00500117839405863,0.0509444038958601,0.183695206910858,438,5.26315789528553e-05,0,0,0.0136249999999641,0.147150189181287,0,0,0,0.0030000000000212,0.0705528305262866,0,0,0,0.00500000000000572,0.106295089473717,0.114791666666678,0.112790935672437,0,0.0511039473684125,0.201123001315836,0.321721052631558,0.31172473684211,0,0.127849999999951,0.278467933333384
7.5,8,0,0.162584775794327,0.156381199588469,0.00620357620585925,0.0687773050217217,0.226056225108008,437,0.0553414634146343,0.0493658536585366,0,0.0291219512194539,0.181739602439,0,0,0,0.00402439024389074,0.0760522312195053,0,0,0,0.0072682926829144,0.124911079268295,0.191947368421097,0.188105263157922,0,0.0828421052631854,0.273479264695067,0.45831574279376,0.45831574279376,0,0.175287804878055,0.394880133658489
7.5,8,1,0.137637080524751,0.132957875806337,0.00467920471841525,0.0602816871421353,0.211389140296001,438,0.000149999999878976,0,0,0.0155999999999996,0.174860533333274,0,0,0,0.0032666666666583,0.0707266800000126,0,0,0,0.00550000000009732,0.113768033333327,0.157483333333337,0.157033333333338,0,0.065483333333349,0.236305413333346,0.427460000000064,0.426813333333349,0,0.165240000000009,0.37560330666672
7.5,9,0,0.343366246173138,0.321546285427062,0.0218199607460751,0.117827483105104,0.32785916068242,404,0.147613636363627,0.131636363636357,0,0.0599318181818016,0.262513854545453,0,0,0,0.000690909090907916,0.117826963636364,0.00721590909090898,0.000681818181817682,0,0.0138704545454464,0.173460199999989,0.456468749999998,0.443170454545406,0,0.164443181818184,0.42088631818179,0.925481818181818,0.915527272727261,0.0301227272727276,0.303572727272724,0.612261574545465
7.5,9,1,0.196673628428927,0.185413653366582,0.011259975062344,0.0702919783873653,0.188223465600003,401,0.0056250000000091,0,0,0.0166250000000012,0.138485400000008,0,0,0,0,0.0704254000000361,0,0,0,0.004999999999999,0.103489399999999,0.246250000000004,0.221249999999998,0,0.090625000000017,0.200500000000003,0.596375000000535,0.56525,0,0.20350000000002,0.334767840000017
7.5,10,0,0.689528319160996,0.642131833900223,0.0473964852607727,0.21348841128118,0.446434235422282,420,0.48666666666665,0.447571428571434,0,0.160976190476183,0.36556845238096,0,0,0,0.00455714285714344,0.18459047619047,0.154059523809557,0.103714285714273,0,0.060119047619045,0.272887648809523,0.94419047619058,0.932523809523815,0,0.299440476190466,0.574005208333341,1.5041285714286,1.45290952380953,0.0752142857143033,0.472480952380923,0.814464285714338
7.5,10,1,0.809817797619043,0.756615178571425,0.0532026190476185,0.248232599206346,0.397591541320753,420,0.568599999999996,0.545049999999986,0,0.179600000000011,0.338750500000006,0,0,0,0.00673000000000386,0.145148500000004,0.183650000000051,0.125624999999999,0,0.0797750000000036,0.226424999999999,1.12697500000009,1.07719999999998,0,0.339775000000041,0.498850674999996,1.84463000000002,1.81152000000002,0.0876699999999904,0.563119999999969,0.7740938
7.5,11,0,1.24605295071802,1.12114202640641,0.12491092431161,0.407852529824267,0.695817222890838,438,1.06845454545462,0.955204545454591,0,0.328886363636368,0.59866623302332,0.0569454545454597,0.0308800000000013,0,0.0506909090909167,0.235837636363644,0.488136363636394,0.339238636363628,0,0.152159090909071,0.359491390909089,1.75977272727278,1.59659090909102,0,0.574409090909084,0.976247968379455,2.58902045454565,2.43262272727268,0.366031818181797,0.86798636363638,1.28439500000008
7.5,11,1,1.18046882679846,1.06416123717221,0.116307589626239,0.389716911924953,0.571363647151916,437,1.006125,0.879124999999819,0,0.314250000000002,0.492456360000031,0,0,0,0.0278500000000036,0.201036400000024,0.388249999999999,0.284250000000042,0,0.145749999999978,0.322301000000083,1.63362500000005,1.51449999999988,0,0.525875000000099,0.72805779999996,2.61380588235295,2.44877499999993,0.236649999999981,0.819425000000001,1.01576024000001
7.5,12,0,1.41665841838069,1.25340003839027,0.163258379990426,0.470725595809094,0.759046604907429,442,1.24786956521736,1.03323913043479,0,0.410434782608695,0.642595269565208,0.0986260869565314,0.0348000000000046,0,0.0692521739130321,0.253219697391307,0.618967391304409,0.400771739130408,0,0.173250000000013,0.377161460411898,2.01558695652181,1.89376086956516,0,0.656163043478227,1.08533499239131,2.73274347826091,2.6185347826087,0.617282608695655,0.95093478260868,1.362052832
7.5,12,1,1.45153096339934,1.24771207028266,0.203818893116679,0.481052610747094,0.630989637632511,442,1.18531249999994,0.979687499999996,0,0.38349999999997,0.540213149999977,0.00358749999998694,0.000875000000010573,0,0.0486696428571175,0.188616860000024,0.525140625000137,0.348218749999976,0,0.179968750000079,0.313328649999998,2.05121875000003,1.85612499999996,0,0.650249999999986,0.874646375000078,3.07897499999934,2.80537499999991,0.577453409090916,1.02128749999993,1.24191342999992
8,1,0,1.48089592667265,1.2900369326652,0.190858994007457,0.508867482832206,0.801311020047973,443,1.26052380952387,1.07200000000003,0,0.426809523809536,0.678997180952388,0.0559142857142845,0.0278380952380935,0,0.04713333333335,0.28733659523809,0.596738095237925,0.376857142857178,0,0.184166666666648,0.412911130952428,2.15173809523802,2.02692857142855,0,0.715238095238111,1.10715430952377,2.92519047619046,2.71840000000015,0.602666666666712,1.0478952380952,1.4483014285714
8,1,1,1.32527851185997,1.16089065758357,0.164387854276401,0.432972733258095,0.676797534944447,443,1.0929000000001,0.905699999999979,0,0.352000000000271,0.53164285000001,0.0070199999999978,0.00203999999999953,0,0.0449399999999969,0.215759889999992,0.514487500000127,0.333174999999892,0,0.153500000000014,0.310545999999973,1.88549999999998,1.75745000000002,0,0.608649999999887,0.956394300000198,2.7374999999998,2.54515999999992,0.494755555555613,0.918500000000094,1.19879195000002
8,2,0,1.43685503229351,1.2582593543216,0.178595677971915,0.478384920893676,0.73776177740962,442,1.27397500000024,1.06680000000001,0,0.412999999999972,0.672174499999925,0.0777500000000089,0.0279640000000101,0,0.0604700000000469,0.250694784980252,0.569381250000083,0.333864772727306,0,0.169650000000043,0.384247274999987,2.04583749999977,1.91816249999985,0,0.696762500000096,1.02767608695647,2.88465499999991,2.72972500000002,0.603162500000056,0.979565000000197,1.35906580000001
8,2,1,1.44098593559221,1.23810573062559,0.202880204966608,0.465830684389136,0.689969159540721,442,1.23671250000009,1.06697500000023,0,0.400312500000009,0.607220499999933,0.0297249999999963,0.00607499999999845,0,0.037250000000023,0.237800840000013,0.521390624999982,0.344249999999981,0,0.17203125,0.328907000000073,2.04753124999922,1.85103125000017,0,0.648406249999908,0.954726299999942,2.85189583333341,2.66396250000023,0.781187499999964,0.966937499999898,1.30716700000013
8,3,0,1.13916930505373,0.992116373798721,0.147052931255011,0.377391710835243,0.617571292586624,443,0.955999999999894,0.868347826086827,0,0.317869565217378,0.529858613043434,0.0684608695652168,0.0110086956521771,0,0.0339739130434776,0.237248354608647,0.443044685990377,0.249263219741377,0,0.125996493688639,0.319787791304347,1.58797826086942,1.46846355498712,0,0.535021739130442,0.835112805622133,2.32577391304366,2.21435652173918,0.436260869565246,0.78046956521745,1.07287544000002
8,3,1,1.13432039078931,0.995128730840914,0.1391916599484,0.375920513509564,0.586289087028034,443,0.935375000000021,0.810125000000426,0,0.298062499999972,0.480711199999965,0,0,0,0.0143000000000114,0.208172599999989,0.356840277777867,0.245979166666823,0,0.122770833333337,0.307064449999973,1.63812500000012,1.56731250000019,0,0.564062500000005,0.796659866666612,2.31632500000052,2.23720000000012,0.426012500000091,0.795274999999967,1.04257172000018
8,4,0,0.777878373546536,0.690088780921799,0.0877895926247351,0.253284138927513,0.478543053186882,434,0.539772727272739,0.456511904761618,0,0.177305860805739,0.379701539194115,0.00011142857142874,0,0,0.0133941860465137,0.170349486046512,0.211577906976658,0.133546703296645,0,0.0744423076923139,0.265216480952417,1.11562857142852,1.01729761904753,0,0.370965873015956,0.631456109523751,1.77800178890892,1.73741384615386,0.217321428571361,0.580518604651169,0.90037055
8,4,1,0.884113949118236,0.776097038759473,0.108016910358762,0.293815427199148,0.472305602111745,434,0.630967032967096,0.536484126983847,0,0.216904761904835,0.399293392857175,0,0,0,0.00654999999992469,0.16076254,0.218453781512807,0.100708333333377,0,0.064050000000021,0.218155649999989,1.26820833333336,1.1937222222222,0,0.437250000000097,0.613060261437903,1.83077999999949,1.75946923076916,0.215515384615111,0.648538461538467,0.987492511538549
8,5,0,0.375953975215244,0.34563392322046,0.0303200519947794,0.127138236246795,0.342092668368984,434,0.195649999999904,0.164788515406124,0,0.0774349894291614,0.288638049999973,0,0,0,0.00554999999999382,0.122570390243875,0.0428557082452143,0.0213661308204247,0,0.0214624999999785,0.184336125000029,0.476989825581315,0.454539772727377,0,0.167790697674485,0.421337666666618,0.932214634146247,0.923846771879463,0.0646372093022988,0.301482926829307,0.598372026097581
8,5,1,0.398402336285641,0.366080208830328,0.0323221274553101,0.131499573985749,0.312287086852886,434,0.211956410256399,0.17013157894745,0,0.0763842105263491,0.236022715789501,0,0,0,0.00366666666654964,0.11464367333333,0.000561403508886302,5.63725491068839e-05,0,0.0116681286549591,0.160560167251506,0.540210526315797,0.494513157894718,0,0.179916666666678,0.400622094444323,1.016054385965,1.0053444444445,0.0610870175438557,0.336437499999996,0.624386291461965
8,6,0,0.17263327166181,0.162560442873994,0.0100728287878142,0.0701499783461432,0.271023507489378,436,0.0593181818181873,0.049113636363679,0,0.0320454545454066,0.213916063636396,0,0,0,0.00440909090908483,0.0875051690909181,0.000471590909073297,0,0,0.00924519230767321,0.131085745909065,0.214619318181845,0.211772727272929,0,0.0972727272727331,0.3363507295455,0.453715909090925,0.453715909090925,0.00728409090912795,0.169909090909047,0.428892503737312
8,6,1,0.208748124180855,0.197062439930093,0.011685684250764,0.0798648741262544,0.230872366596118,436,0.0347499999999883,0.0212499999999985,0,0.0279999999999916,0.1741307,0,0,0,0.00400000000006173,0.0782294999999989,0,0,0,0.00596875000007913,0.118844475000044,0.290142857142855,0.279156249999996,0,0.111640624999865,0.282535600000009,0.562249999999893,0.562062499999911,0.00337500000000545,0.214375000000104,0.438829249999999
8,7,0,0.131756878839892,0.126076676745356,0.00568020209453964,0.0567556453357776,0.268848938750197,438,0.0306807359307269,0.026135280771412,0,0.0254102990033401,0.217888328270519,0,0,0,0.00312682926830058,0.0972713957575953,0,0,0,0.0057930232558076,0.146175289024411,0.161104166666654,0.160341569767511,0,0.0698367248062114,0.339170530232518,0.383615734265728,0.382021987315028,0,0.145951515151704,0.446732571525751
8,7,1,0.122751367360704,0.116286044011145,0.00646532334956064,0.0537179895534105,0.209791933066458,438,0.000526315789533041,0,0,0.0138391812866469,0.162041141520475,0,0,0,0.00314385964905769,0.0752139789473726,0,0,0,0.00499999999999309,0.122169021052632,0.159222222222221,0.139595864661643,0,0.0637236842105153,0.23747390350863,0.367353508771843,0.355428947368392,0,0.139806578947398,0.395167760000043
8,8,0,0.139900590875481,0.135289355518692,0.00461123535678929,0.0615509704908386,0.242739023405706,437,0.0488636363636345,0.0393181818181244,0,0.0270243902439067,0.199179833889599,0,0,0,0.00388780487805445,0.0846807646341479,0,0,0,0.00729268292683394,0.137639089473685,0.168341463414599,0.164682926829234,0,0.0765789473684412,0.282656852439004,0.440590243902417,0.440590243902417,0,0.145363636363638,0.410061572815927
8,8,1,0.160598053924773,0.154924271580782,0.00567378234399047,0.0660164383561627,0.210831477047034,438,0.00376666666664581,6.66666666688797e-05,0,0.0181333333333241,0.177693083333348,0,0,0,0.00344999999997337,0.0757428399999968,0,0,0,0.00533333333330196,0.118672600000035,0.183749999999978,0.178050000000083,0,0.079241666666698,0.248322675000108,0.507050000000076,0.499700000000006,0,0.191526666666657,0.394511426666656
8,9,0,0.287302650294161,0.26770699697883,0.0195956533153309,0.102708613149232,0.307625623299582,404,0.131022727272726,0.122522727272724,0,0.0549545454545149,0.255283927272716,0,0,0,0.000722727272727689,0.122651956363615,0,0,0,0.0103977272727191,0.176699885714285,0.387499999999878,0.369647727272718,0,0.130329545454515,0.377684000000011,0.757950000000048,0.757950000000048,0.0258000000000045,0.254631818181774,0.530556363636357
8,9,1,0.203480569409808,0.191064733998337,0.0124158354114719,0.0733207605985038,0.240244525371421,401,0,0,0,0.0152500000000053,0.199050000000089,0,0,0,0,0.0860113600000019,0,0,0,0.00500000000002388,0.13560119999999,0.234874999999988,0.231125000000006,0,0.0878749999999968,0.275086000000079,0.675624999999968,0.631749999999996,0,0.212499999999977,0.412749799999996
8,10,0,0.597384512471654,0.555969886621313,0.0414146258503403,0.186839747732425,0.429866278056599,420,0.415571428571416,0.381000000000023,0,0.136095238095244,0.376049369047624,0,0,0,0.00446190476190367,0.176399059523789,0.102035714285695,0.0800833333333452,0,0.0435833333333333,0.243516254761899,0.869452380952676,0.819202380952407,0,0.269238095238097,0.558850078571445,1.37834761904759,1.36629999999999,0.0697619047619404,0.414685714285711,0.727689242857094
8,10,1,0.756905277777785,0.694848849206352,0.0620564285714305,0.231062043650798,0.430277307094349,420,0.530250000000092,0.488149999999996,0,0.16755000000003,0.345576599999996,0,0,0,0.00466000000000367,0.162392600000009,0.190050000000007,0.112424999999999,0,0.0638249999999914,0.231658700000002,1.02969999999985,0.97702499999991,0,0.319200000000025,0.566875074999999,1.75286999999998,1.68737000000007,0.142550000000012,0.525139999999882,0.855743000000081
8,11,0,1.16017509315686,1.05543782978603,0.104737263370824,0.38729172615185,0.643235505481544,438,0.988181818181779,0.840854545454575,0,0.305295454545459,0.549713480909112,0.0725636363636371,0.0262545454545465,0,0.0431371035940733,0.234378496363617,0.446200000000006,0.289579545454522,0,0.140386363636334,0.33398765532148,1.62356818181819,1.5271136363637,0,0.535022727272727,0.845504109090905,2.36992272727272,2.28933636363637,0.248554545454614,0.790218181818114,1.19065966545457
8,11,1,1.18096658069407,1.06679722524022,0.114169355453854,0.390117474472626,0.625194744221728,437,0.916499999999999,0.804999999999949,0,0.304749999999991,0.508364800000154,0,0,0,0.0224750000000114,0.243315179999959,0.383125000000036,0.276000000000039,0,0.148625000000024,0.330688099999977,1.66137500000013,1.54137500000019,0,0.552249999999972,0.842323099999921,2.54182499999991,2.39167500000004,0.328575000000055,0.832249999999961,1.14848688
8,12,0,1.33730261499494,1.18567206530298,0.151630549691967,0.443691550469039,0.705478331883529,442,1.1550652173913,0.997391304347915,0,0.371956521739116,0.583478432608692,0.118969565217388,0.0425739130434638,0,0.0619304347826195,0.276179942608668,0.587195652173895,0.377249999999987,0,0.171260869565222,0.399063921739136,1.88229347826085,1.77123913043483,0,0.623437747035519,0.969705143478256,2.57442173913038,2.52256521739133,0.540147826086977,0.873308695652214,1.26283918869563
8,12,1,1.45383236371471,1.25756812060487,0.196264243109834,0.486936399752211,0.687471088865092,442,1.25618750000001,1.06093749999997,0,0.423437499999991,0.576404800000028,0.00706250000000211,0.00156249999999005,0,0.0460249999999924,0.208180602857182,0.561843750000094,0.358937499999989,0,0.183875,0.333513047499969,1.99896875000016,1.83468749999998,0,0.664718749999998,0.932103650000046,2.91542500000006,2.6892750000001,0.649967045454381,0.985175000000046,1.32184347999991
8.5,1,0,1.42864425490411,1.25248055886751,0.176163696036603,0.484989788330939,0.724828992981866,443,1.23804761904765,1.01752380952379,0,0.384714285714219,0.652006659523791,0.0489619047619097,0.0191203463203443,0,0.0371238095238217,0.246554723333337,0.567809523809415,0.286547619047572,0,0.155329794079758,0.346572782142869,2.07104761904775,1.9786666666668,0,0.705333333333312,1.00647762857142,2.89913333333336,2.75756190476204,0.582285714285705,1.05799047619049,1.30746003476186
8.5,1,1,1.31853301130461,1.17220693279946,0.14632607850514,0.428987412662581,0.672905962648139,443,1.13379999999997,0.939799999999923,0,0.362999999999993,0.609145070000028,1.99999999995273e-05,1.99999999995273e-05,0,0.0403133333333329,0.230643910000007,0.532962499999928,0.313099999999986,0,0.158700000000044,0.341226675000021,1.93825000000022,1.83692499999987,0,0.609749999999974,0.939223599999904,2.55284000000093,2.44465999999975,0.508100000000058,0.916679999999869,1.18813311999995
8.5,2,0,1.37057242298398,1.20378239700028,0.166790025983706,0.451101986049348,0.695984219990728,442,1.19564999999996,1.05249473684208,0,0.390958333333374,0.652303699999985,0.0982250000000202,0.0263700000000182,0,0.0401400000000228,0.226835119999994,0.502318750000217,0.308604545454665,0,0.145525000000004,0.342827800000005,1.97288750000004,1.8177937499998,0,0.64185000000003,0.957138499999986,2.75760999999989,2.64625999999987,0.490465000000043,0.939925000000048,1.23267639999994
8.5,2,1,1.39169904923506,1.20301061597715,0.18868843325791,0.443474059559727,0.690915819012913,442,1.24530000000013,1.04218749999995,0,0.372968750000063,0.620966500000031,0.0153250000000128,0.000345833333409476,0,0.0275874999999872,0.237644460000006,0.490390624999967,0.302437500000039,0,0.154062500000069,0.350952649999957,1.96959375000026,1.877671875,0,0.624812499999948,0.941089599999945,2.7166625000001,2.64976249999996,0.706325000000175,0.971265000000111,1.26992824000004
8.5,3,0,1.01866668293978,0.893270566212566,0.125396116727207,0.336623846238436,0.531370639277031,443,0.807130434782583,0.713173913043607,0,0.276173913043492,0.468211417391263,0.0535478260869359,0.0190956521738747,0,0.0317999999999944,0.193484554782616,0.399819169960504,0.20746026750591,0,0.114499999999966,0.292254537391313,1.42047826086965,1.33918581780542,0,0.488464936886368,0.718883373320186,2.11288695652163,2.00233043478258,0.381087592788825,0.722560869565144,0.977761496521715
8.5,3,1,1.02405226415797,0.904988087279542,0.119064176878428,0.337211218017611,0.565446890380044,443,0.861625000000117,0.719249999999874,0,0.276124999999979,0.516812500000005,0,0,0,0.0059249999999679,0.200715840000029,0.298000000000116,0.161187499999926,0,0.099312499999975,0.302204966666625,1.46124999999986,1.33846874999995,0,0.494406249999926,0.758847249999932,2.12302499999996,2.07769999999986,0.390610000000532,0.730275000000097,1.01565499999977
8.5,4,0,0.64897670180957,0.575715623850114,0.0732610779594557,0.214444109885699,0.428884830181332,434,0.420060439560449,0.382262790697693,0,0.156159340659262,0.349738426373682,0.000419230769237972,5.58139534902257e-05,0,0.00596666666677685,0.152188516124037,0.13098214285728,0.0645454365079425,0,0.0516785714286006,0.216330271328684,0.911576923077099,0.853114285714368,0,0.29124651162788,0.531256860231626,1.39372857142868,1.31542761904753,0.16477190476205,0.476792307692398,0.836647055813835
8.5,4,1,0.762264586261596,0.679829979382528,0.0824346068790763,0.26192727367247,0.447515208329132,434,0.48102777777745,0.395349206349309,0,0.170080952381064,0.349099999999942,0,0,0,0.00494285714285679,0.156200485285687,0.118791666666148,0.0638696078431256,0,0.0468750000000095,0.222399423076959,1.14028461538459,1.06078186274508,0,0.376961538461584,0.589662831923057,1.77600000000011,1.75300714285704,0.141593333333517,0.615242857142789,0.876257666515982
8.5,5,0,0.319217146915035,0.291579518442006,0.0276376284730296,0.108456586912634,0.300047394006456,434,0.166993023255816,0.137586382113793,0,0.0618288372092851,0.23976614999999,0,0,0,0.00488000000001648,0.122881436363631,0.0212772198731495,0.00639545454545032,0,0.0170990853658502,0.165138464024293,0.439923444976028,0.391018576290365,0,0.146794642857118,0.340112021781057,0.771340000000019,0.76671136363635,0.0540121262458708,0.269545365853636,0.62919527720925
8.5,5,1,0.340836009679139,0.310538009336911,0.0302980003422312,0.115391444503835,0.324899773043759,434,0.15675358851675,0.116251461988295,0,0.0547222222222103,0.251658466666736,0,0,0,0.00358888888888866,0.116129126666551,0,0,0,0.00958333333346673,0.174438343333229,0.456352777777656,0.411133771929854,0,0.157475000000014,0.429046922221997,0.905921637426942,0.892257894736763,0.0616773279351975,0.318472222222208,0.604015195789511
8.5,6,0,0.15253350317251,0.14334262804302,0.00919087512948996,0.0600682869907611,0.240897351842838,436,0.0489090909090609,0.0394970930232482,0,0.0281704545454369,0.186220663636388,0,0,0,0.00429545454543307,0.0887236363636193,1.70454545489272e-05,0,0,0.00653409090907076,0.136798472727266,0.193249999999952,0.181017045454397,0,0.084465909090871,0.276781581818194,0.398329545454627,0.398329545454627,0.00245454545453909,0.147508599508554,0.424356818181814
8.5,6,1,0.194087900010923,0.181174741972476,0.0129131580384447,0.0744973064111147,0.252578541675494,436,0.0259999999999927,0.0101875000000007,0,0.0280729166666338,0.207904000000024,0,0,0,0.00375000000018844,0.0846930399999997,0,0,0,0.00550000000002981,0.130024167500074,0.260046875000013,0.254919642857217,0,0.105446428571457,0.302008874999984,0.531718750000167,0.531718750000167,3.1249999999261e-05,0.203031250000137,0.430910270000212
8.5,7,0,0.106230471665018,0.100539127662766,0.00569134400225276,0.0453533808039918,0.249652865284955,438,0.018342624854844,0.012325027685476,0,0.0204870129869945,0.204026136670345,0,0,0,0.00298965517238583,0.0954282870050829,0,0,0,0.00530149501657649,0.148528431010455,0.1327948504984,0.127174418604648,0,0.0632362637363017,0.301453050000008,0.308637889960256,0.306741860465151,0,0.119545454545441,0.419202828217049
8.5,7,1,0.121567378592653,0.116335766502172,0.00523161209048013,0.0509713503718064,0.231693322105903,438,0,0,0,0.0144722222223071,0.189062886666671,0,0,0,0.00309035087720606,0.0920760589473571,0,0,0,0.00500000000003688,0.138437442105321,0.124294590643325,0.116013157894721,0,0.059836257309714,0.277340263157791,0.431788888888996,0.426427777777852,0,0.155996666666643,0.387644189473627
8.5,8,0,0.122007945584558,0.11636092329204,0.00564702229251885,0.0544511645094232,0.258041262059274,437,0.0404210526315805,0.0339756097560976,0,0.0263170731707638,0.213501446341457,0,0,0,0.0036477535301682,0.0931383207317181,0,0,0,0.00612195121950114,0.151959102439056,0.172902439024378,0.161121951219551,0,0.0718181818181786,0.301834041463409,0.356629046563212,0.35443237250555,0,0.133580487804893,0.415394529756063
8.5,8,1,0.15528868685221,0.147338699536128,0.00794998731608276,0.0619657434587211,0.243638844948849,438,0.00540000000000873,0.000400000000034121,0,0.0171333333332901,0.201112850000037,0,0,0,0.00318999999996776,0.0904270666666716,0,0,0,0.00513333333332753,0.143625141666692,0.196066666666654,0.188024999999993,0,0.0773833333333869,0.286659632499939,0.46274888888899,0.46274888888899,0,0.169070000000034,0.390511626666648
8.5,9,0,0.231726961516226,0.21357182975305,0.0181551317631776,0.0837671324150448,0.271201677746122,404,0.110159090909098,0.0990909090909171,0,0.0472954545454459,0.222387781818179,0,0,0,0.000677272727274976,0.115004999999999,0,0,0,0.00864772727272108,0.160970909090908,0.311977272727273,0.297113636363633,0,0.114022727272722,0.320810909091003,0.590659090909262,0.584140909090913,0.0262818181818125,0.214598701298702,0.428173796363611
8.5,9,1,0.209041978387362,0.197707190357439,0.0113347880299235,0.0724694513715685,0.254721944704761,401,0,0,0,0.0141249999999502,0.210204999999914,0,0,0,0,0.0914772399999993,0,0,0,0.00487500000000196,0.146349199999928,0.240499999999997,0.22187499999999,0,0.0900000000000034,0.310052100000004,0.613624999999956,0.613624999999956,0,0.224124999999997,0.383632819999963
8.5,10,0,0.529386128117914,0.49284474489796,0.0365413832199533,0.165863927154195,0.389009253599285,420,0.350119047619046,0.283785714285711,0,0.118166666666665,0.323773107142839,0,0,0,0.00318095238095004,0.171901926190476,0.0645238095238213,0.0313809523809465,0,0.0364523809523757,0.225364766666676,0.762309523809207,0.728702380952018,0,0.23984523809524,0.481598184523807,1.18731904761869,1.15209523809519,0.0556142857142993,0.379728571428556,0.693633961904778
8.5,10,1,0.690846746031748,0.632244841269839,0.0586019047619049,0.212652916666667,0.429497286867929,420,0.48349999999997,0.430700000000002,0,0.146050000000051,0.348678800000013,0,0,0,0.00475999999999403,0.155368100000001,0.145325000000009,0.0779250000000076,0,0.0524750000000119,0.232420600000019,0.971624999999974,0.911550000000033,0,0.289474999999997,0.583107000000007,1.56931000000005,1.56102000000005,0.109549999999992,0.503360000000014,0.811204300000002
8.5,11,0,1.07852592883193,0.989289140696174,0.0892367881357627,0.356391639185249,0.563516155540635,438,0.869818181818149,0.778295454545318,0,0.281727272727243,0.508995772727249,0.00477727272725796,0.0018636363636363,0,0.0274363636363596,0.209282158181828,0.344931818181799,0.259188397129195,0,0.114272727272729,0.288574886363671,1.50385227272727,1.41988636363636,0,0.495181818181822,0.741208409090908,2.22401363636334,2.13194999999995,0.210949999999985,0.775240909090899,1.02071740727272
8.5,11,1,1.12680944128222,1.0097809515797,0.117028489702516,0.371618154401349,0.624899980061575,437,0.909499999999866,0.78950000000009,0,0.307249999999925,0.52225997058822,0,0,0,0.0174999999999827,0.241345700000001,0.345124999999996,0.225250000000003,0,0.121125000000106,0.308405911764699,1.62012500000003,1.50799999999992,0,0.521375000000148,0.861800700000012,2.30124999999992,2.20500000000006,0.330525000000148,0.836950000000162,1.18168960000011
8.5,12,0,1.28217900630213,1.15050893153629,0.131670074765837,0.428803519404089,0.678218505913416,442,1.11495652173914,0.975652173913016,0,0.352347826086988,0.575911660869571,0.0779000000001058,0.0154304347826782,0,0.0445608695652041,0.254164056521741,0.534815217391301,0.314793478260977,0,0.149663043478259,0.361385584782628,1.76907608695644,1.70071739130441,0,0.587423913043476,0.902075356521716,2.51117391304366,2.46681739130437,0.450591304347823,0.893078260869627,1.23653851478272
8.5,12,1,1.42125246591643,1.25750894473173,0.163743521184697,0.482910789822923,0.719559815840548,442,1.21037499999994,1.03856250000001,0,0.399562499999974,0.616170910000033,0.00670000000000216,0.000437500000046502,0,0.0453874999999983,0.231058640000032,0.582068750000018,0.343968750000123,0,0.166437500000054,0.367286124999936,2.00934374999994,1.83484374999949,0,0.67415625000001,0.974724425000024,2.82217499999999,2.70684999999989,0.54433750000001,1.01722499999992,1.40054230000003
9,1,0,1.35010226808097,1.18264382591219,0.167458442168772,0.454651445236985,0.701481995729921,443,1.17219047619041,0.995619047619,0,0.37600000000002,0.610599676190482,0.0308095238095229,0.0134571428571256,0,0.0369714285714335,0.236177702857154,0.496970862470805,0.292642857142915,0,0.138690476190484,0.361329871428604,2.00071428571438,1.84290476190455,0,0.667619047619079,0.930210838095126,2.73582857142868,2.66601904761918,0.489027705627793,1.0084952380952,1.35543254742874
9,1,1,1.23781758706869,1.08881270871404,0.14900487835465,0.404777219714067,0.637871068987658,443,1.10620000000017,0.862300000000097,0,0.331899999999995,0.523749999999963,0,0,0,0.034391428571479,0.221863250000022,0.466450000000077,0.271550000000047,0,0.143849999999986,0.33789707499997,1.78689999999992,1.66985000000013,0,0.594600000000048,0.854844399999981,2.47588,2.39591999999972,0.509060000000017,0.832159999999908,1.15530800000025
9,2,0,1.25104319732375,1.10698503676678,0.144058160556974,0.410704737520143,0.640925396978131,442,1.06184999999991,0.943474999999921,0,0.343224999999973,0.554042000000001,0.0818049999999925,0.0238450000000251,0,0.0503650000000221,0.216360342608684,0.446337499999994,0.301174999999966,0,0.141943749999971,0.341832899999966,1.84526249999987,1.7092625000001,0,0.586749999999964,0.842681500000003,2.49035499999982,2.38727785714272,0.475667500000103,0.849699999999951,1.13842797999999
9,2,1,1.29979348111041,1.12484235123537,0.174951129875031,0.411632554496153,0.66448491911347,442,1.12762500000031,0.94937500000043,0,0.337874999999996,0.554460900000009,0.00197499999998457,0.000687499999989427,0,0.025162500000014,0.234397199999912,0.460437500000055,0.266765625000155,0,0.141468749999984,0.345383299999975,1.89904375000011,1.72350000000003,0,0.596187500000035,0.951697399999879,2.62705000000135,2.49372499999973,0.549587500000298,0.903500000000169,1.19694995999993
9,3,0,0.88596702501183,0.784647964509012,0.101319060502822,0.292581530016133,0.504384488547494,443,0.714000000000021,0.607826086956424,0,0.231173913043479,0.431490749999978,0.0294869565217458,0.00543478260870355,0,0.0240173913043444,0.18000888695651,0.287826086956537,0.155022575250844,0,0.0985434782608657,0.274948244712114,1.22696739130432,1.14913068181822,0,0.40666304347815,0.646909995652177,1.84656347826073,1.80369342251943,0.352665217391276,0.651521739130584,0.944893561739145
9,3,1,0.89753906049745,0.797671098549693,0.0998679619477613,0.299646541024829,0.541980447486442,443,0.724000000000046,0.594624999999951,0,0.222250000000031,0.452081499999964,0,0,0,0.00599999999998886,0.188996439199966,0.263874999999928,0.124062499999922,0,0.0926874999999922,0.295627400000046,1.25106250000039,1.16618750000008,0,0.429124999999971,0.697989950000167,2.00952499999934,1.96895714285718,0.293049999999948,0.681699999999992,1.02818238000001
9,4,0,0.578632920583636,0.513157953974131,0.0654749666095023,0.187684065171849,0.40385983365448,434,0.364527472527482,0.305850202429218,0,0.125857142857182,0.327238703174663,0,0,0,0.00891923076923586,0.1491133334526,0.117521428571522,0.0656880952380978,0,0.0465089445438516,0.188446500000012,0.803788461538611,0.748404720279792,0,0.266685714285677,0.504552514262086,1.41328461538452,1.28691230769228,0.137259302325523,0.44144069767456,0.767302998681287
9,4,1,0.681129175799568,0.607064643020149,0.074064532779417,0.233011546838447,0.452956435531,434,0.408131868131892,0.340428571428479,0,0.144966666666453,0.331795264835173,0,0,0,0.00484444444428694,0.164373538000088,0.0848376623376524,0.0288642857142911,0,0.0374264705882347,0.21437738333333,0.958222222222377,0.894428571428632,0,0.361975961538432,0.587628749999981,1.65292222222243,1.58943571428561,0.142430681817988,0.575899999999971,0.936004778461475
9,5,0,0.287231366300043,0.263411016613728,0.0238203496863173,0.0977189716433562,0.290219181332652,434,0.16536363636367,0.142672727272729,0,0.0627954545454827,0.236001760000044,0,0,0,0.00486097560971241,0.12141050181833,0.0301693181817758,0.0088045454544582,0,0.0180150645624156,0.16785195736403,0.38660113636361,0.32996498599441,0,0.137045454545475,0.347539830232611,0.760970431893634,0.750295238095208,0.0511345514950709,0.245841463414593,0.529431915326145
9,5,1,0.300166469351809,0.271438962671541,0.0287275066802626,0.102556487280953,0.312196960507509,434,0.144888888888785,0.0950000000000527,0,0.0503888888888595,0.25190774473687,0,0,0,0.00344444444440721,0.121690152046851,0,0,0,0.00944444444446113,0.169241959649158,0.458409210525822,0.398328947368662,0,0.144437499999919,0.358809530263162,0.80022631578945,0.776778947368366,0.0797210526315731,0.290061111111099,0.571333625789492
9,6,0,0.134549679415209,0.125201995019692,0.00934768439551746,0.0515475688938705,0.220493397678282,436,0.0501477272727015,0.0414534632035222,0,0.0270340909092139,0.176945181818153,0,0,0,0.00425000000000737,0.0908914363636114,0,0,0,0.00658008658004181,0.131913622727262,0.161244318181719,0.155721590909081,0,0.0722499999999616,0.241480545454547,0.361290669856501,0.356909090909085,0.00268181818181678,0.128522727272698,0.372455253588513
9,6,1,0.173641640727394,0.166473789045438,0.00716785168195895,0.0717042130843001,0.267414854320992,436,0.026562499999983,0.00256249999995361,0,0.0216875000000148,0.207394785714217,0,0,0,0.00374999999983317,0.0971884499999737,0,0,0,0.00550000000009732,0.142695224999996,0.231406250000006,0.223734374999807,0,0.10381249999989,0.328481750000001,0.513562500000013,0.513562500000013,0,0.201062499999982,0.452116449999945
9,7,0,0.0976721252253535,0.0930921413494799,0.00457998387587511,0.0420377838471262,0.246128332791522,438,0.0154737804878149,0.0068625541126101,0,0.0177019285309271,0.20047866976741,0,0,0,0.00292315270935783,0.0980246214091982,0,0,0,0.00509523809524483,0.152198308536601,0.120943181818204,0.119225886917925,0,0.0547032115172718,0.276187191860448,0.28943571428575,0.285170930232593,0,0.11443986710956,0.403018662015515
9,7,1,0.135559544115199,0.131145302707669,0.00441424140753031,0.0575782358001997,0.263490178446432,438,0.00274473684210438,0.000472222222271057,0,0.0172388888887823,0.213314077777771,0,0,0,0.0030000000000013,0.106197322105249,0,0,0,0.00500000000007124,0.151583247368445,0.163900584795315,0.158099999999991,0,0.0722615131579616,0.314623269444405,0.457181578947616,0.447142105263236,0,0.157594736842195,0.487997720000038
9,8,0,0.116783513773735,0.11343735710882,0.00334615666491587,0.0519503711044862,0.250130961765862,437,0.0418292682926866,0.0315263157894821,0,0.0228780487803766,0.209000141463433,0,0,0,0.0036770218228367,0.0984709024390179,0,0,0,0.00646341463415571,0.153037370731732,0.150512195121869,0.149181818181818,0,0.0653658536585284,0.285193862804876,0.314599999999957,0.309809360580033,0,0.124182541720256,0.412665669268271
9,8,1,0.144375279046168,0.140325310755959,0.00404996829020773,0.0618606291222739,0.261568464564074,438,0.000416666666554496,0,0,0.0147000000000396,0.212583099999958,0,0,0,0.00300000000001039,0.0980484666666619,0,0,0,0.00500000000003525,0.15488446833335,0.208733333333396,0.197449999999985,0,0.0824083333333327,0.299828508333292,0.470600000000115,0.465893333333412,0,0.180113333333373,0.390001415666602
9,9,0,0.199060522038299,0.180803127101275,0.0182573949370234,0.0721967973418259,0.253966383270518,405,0.0834545454545461,0.0694090909091756,0,0.0407727272727088,0.225970290909092,0,0,0,0.000709090909089354,0.120444200000001,0,0,0,0.00899999999995771,0.154860645454582,0.248136363636346,0.231136363636364,0,0.096681818181878,0.282327272727245,0.567500000000018,0.552000000000026,0.0189999999999949,0.189909090909075,0.372588418181809
9,9,1,0.199694409808811,0.190337489609312,0.00935692019950049,0.0762327514546984,0.281370067638091,401,0,0,0,0.0138750000000698,0.21785479999998,0,0,0,0,0.0972252999999996,0,0,0,0.00499999999999545,0.154456200000073,0.212625000000003,0.21162499999997,0,0.0882500000000163,0.3156194,0.625874999999979,0.61375000000001,0,0.219749999999998,0.513922560000029
9,10,0,0.478565175736965,0.440770617913834,0.0377945578231308,0.147360396825397,0.362454342766393,420,0.285833333333257,0.261047619047609,0,0.100904761904761,0.297163061904761,0,0,0,0.00396190476190354,0.156646304761902,0.0555238095238073,0.0171547619047555,0,0.0305119047619073,0.195722728571409,0.683404761904755,0.642785714285692,0,0.204547619047632,0.440925378571435,1.11919999999999,1.10609047619049,0.0632619047619193,0.331276190476192,0.645118333333361
9,10,1,0.622258750000007,0.5762549404762,0.0460038095238072,0.194233035714284,0.419700124094335,420,0.424349999999972,0.388499999999964,0,0.134749999999979,0.355399400000001,0,0,0,0.00474500000000774,0.166848399999999,0.106450000000023,0.0553250000000011,0,0.048599999999989,0.225935150000024,0.891549999999859,0.859375000000001,0,0.28267500000002,0.523096874999989,1.4427399999998,1.41748999999989,0.0909999999999607,0.432879999999816,0.774702350000011
9,11,0,0.993895606211082,0.90059441054602,0.0933011956650602,0.325987590090108,0.565070459323905,438,0.805568181818203,0.713545454545454,0,0.248409090909093,0.50174034545452,0.00401363636361278,0.000836363636363756,0,0.0203500000000052,0.214858669090908,0.29918344155841,0.236022727272688,0,0.111647727272702,0.30084816363633,1.42713636363634,1.36304545454542,0,0.46934090909093,0.725174109090907,2.08265909090917,1.9902818181818,0.224868181818196,0.707299999999975,0.982279403636325
9,11,1,1.07541734306995,0.954612289675594,0.120805053394356,0.354111825199191,0.600958396838198,437,0.900624999999906,0.772625000000005,0,0.285941176470574,0.522710140000004,0,0,0,0.0149250000000116,0.216681880000029,0.323125000000005,0.189625000000035,0,0.102750000000043,0.312172500000014,1.62862500000023,1.4940000000006,0,0.52512499999996,0.80012799999999,2.19687499999995,2.10557499999979,0.323574999999992,0.752850000000285,1.03161025999998
9,12,0,1.18927489831784,1.07373952442134,0.1155353738965,0.402250578809754,0.651500107132523,442,1.01571739130429,0.888478260869524,0,0.33750000000002,0.564641739130434,0.0519043478261229,0.0225956521739133,0,0.0419260869565209,0.231346228826123,0.506989130434788,0.297801487414192,0,0.142940217391303,0.339588008695601,1.71932608695661,1.59215217391277,0,0.564608695652227,0.917774879227049,2.39526086956532,2.33018260869562,0.392104347826042,0.820852173913089,1.15142481739131
9,12,1,1.34059924046543,1.18797414619695,0.152625094268478,0.460456828343223,0.700371881014908,442,1.22012500000011,0.951750000000032,0,0.38031250000003,0.571109000000009,0,0,0,0.0387785714285645,0.21988680000003,0.54753125000001,0.296718749999986,0,0.151343750000002,0.336177325000039,1.88196875000003,1.83428125000002,0,0.674968749999994,0.966880375000068,2.73467499999948,2.64547499999988,0.533325000000037,0.944118749999991,1.30117014999981
9.5,1,0,1.26260289898321,1.09984696086895,0.162755938114252,0.424060018575169,0.651926420760279,443,1.03071428571439,0.890333333333295,0,0.349619047619052,0.519524345238134,0.0074476190475772,0.00626666666665707,0,0.0269333333333374,0.22473959904762,0.451238095238095,0.226690476190427,0,0.128976190476207,0.313356992857142,1.84363095238088,1.71771428571401,0,0.626571428571424,0.844915108333341,2.64739047619045,2.49255238095255,0.417609523809489,0.944419047619063,1.33494119904758
9.5,1,1,1.18624967886704,1.0354057015658,0.150843977301234,0.380976187341002,0.639922500469131,443,0.952999999999881,0.797400000000015,0,0.312099999999987,0.538259999999986,0,0,0,0.0199200000000065,0.223451100000001,0.388925000000007,0.225049999999987,0,0.129516666666703,0.325115650000074,1.73554999999997,1.62229999999995,0,0.557549999999827,0.852160249999997,2.3870400000002,2.34544000000016,0.49935999999967,0.818039999999983,1.21299783999987
9.5,2,0,1.1175592991089,0.981259882635913,0.136299416472984,0.360998975996607,0.589120442074846,442,0.896600000000127,0.723475000000008,0,0.278899999999999,0.502536600000052,0.0263550000000043,0.00169999999998481,0,0.0233574999999972,0.206456708571453,0.384249999999986,0.220112499999988,0,0.118662499999988,0.29335159999999,1.65649999999957,1.5145666666665,0,0.524962499999978,0.80584114999997,2.43059000000014,2.25893999999989,0.434924000000048,0.775154999999949,1.11959856000001
9.5,2,1,1.18867060978237,1.03625155542986,0.152419054352517,0.380940599188396,0.635611210366722,442,0.980937500000151,0.794071428571563,0,0.293750000000173,0.513068000000004,0,0,0,0.0137749999999633,0.218788560000006,0.37265624999979,0.214387499999961,0,0.12177678571421,0.320428800000086,1.73237500000039,1.59524999999977,0,0.562312500000005,0.910687300000017,2.45930624999974,2.32142499999975,0.497462500000091,0.821137500000023,1.15195175999985
9.5,3,0,0.763432150089979,0.676222611337813,0.0872095387521642,0.251042119516357,0.447826704702153,443,0.584304347826496,0.488217391304399,0,0.184173913043512,0.383828057142856,0.00890000000001791,0.00140869565217027,0,0.0155304347826092,0.170290690434794,0.186586956521749,0.116989130434772,0,0.0718260869565212,0.231718252173952,1.08395652173915,1.01591304347827,0,0.363260869565227,0.600972069565187,1.67726956521741,1.6235782608695,0.269772670807581,0.553391304347883,0.813308424347806
9.5,3,1,0.826696207936785,0.739488559866264,0.0872076480705161,0.265717122991756,0.487409365858484,443,0.577749999999696,0.491750000000139,0,0.189249999999902,0.428901500000026,0,0,0,0.00607500000002333,0.162015760000018,0.183375000000013,0.0939999999999923,0,0.0542187500000235,0.257937450000024,1.14590625000048,1.08331250000003,0,0.393749999999983,0.63825685000003,1.946425,1.82402499999998,0.212362499999994,0.625907692307722,0.885188999999857
9.5,4,0,0.511867661681932,0.454173909256223,0.0576937524257091,0.169669495993475,0.378699871449382,434,0.35558803986708,0.282571428571441,0,0.114269230769231,0.317298998412691,0,0,0,0.00764047619045664,0.14174321396397,0.0985035714285923,0.0612500000000077,0,0.041099999999962,0.189871403846135,0.736788235294071,0.687970833333306,0,0.240403846153762,0.456311371703237,1.14104666666673,1.0518923076922,0.143603174603201,0.39967912087915,0.718128332307642
9.5,4,1,0.605846890064418,0.545030353077405,0.0608165369870066,0.200142779000459,0.432105262342244,434,0.349611111111299,0.282388888888843,0,0.124485714285721,0.321533183333269,0,0,0,0.00422222222233459,0.151525961344553,0.0307272727271415,0.00557051282052928,0,0.0214230769230616,0.21624851474359,0.896357142857402,0.796738461538493,0,0.30294327731097,0.572507050000081,1.59475000000045,1.58805000000054,0.118723529411742,0.510283333333503,0.799267714841659
9.5,5,0,0.262041031459583,0.237184202912188,0.0248568285473927,0.0881837241907672,0.266361838213796,434,0.134439746300137,0.114300699300695,0,0.0534159619450904,0.225549734146335,0,0,0,0.00477378048779866,0.121642415528465,0.0124315410199817,0.00168076109936759,0,0.0122147727272459,0.157385952380945,0.346604490021994,0.32316860465111,0,0.11503353658538,0.310334442424205,0.691318292682947,0.616860132890465,0.0228415178571839,0.216135232558096,0.447526679069797
9.5,5,1,0.264162027219757,0.244189427242276,0.019972599977478,0.0956862202556255,0.309959408815505,434,0.121083333333344,0.0905818713450247,0,0.0436599190283685,0.242812955555612,0,0,0,0.00333333333332904,0.121332206666614,0,0,0,0.0082048611111042,0.173643552631557,0.372214912280629,0.333013157894787,0,0.136500000000044,0.386782083333283,0.816172222221865,0.816172222221865,0.0350450292398394,0.265203333333312,0.553038949239749
9.5,6,0,0.131022350532402,0.124188233548548,0.00683411698385503,0.0514555600103902,0.215127008911001,436,0.042522727272812,0.0347613636363348,0,0.0251829004329012,0.178775357416047,0,0,0,0.00407954545440119,0.0925300145454302,0,0,0,0.00653409090910433,0.130470309090906,0.157613636363633,0.154977272727347,0,0.0667769138755751,0.239478351136391,0.320309523809506,0.320309523809506,4.54545454534707e-05,0.116486786469296,0.33705493090904
9.5,6,1,0.177950258027524,0.172936167540411,0.00501409048711427,0.0706581326452638,0.277127038492055,436,0.0100999999999885,0.000666666666631956,0,0.0181562500000183,0.215918735714278,0,0,0,0.00362500000011323,0.101911860000014,0,0,0,0.00525000000001086,0.154987875000045,0.211765624999884,0.211093750000146,0,0.0954508928572927,0.328247700000025,0.556749999999965,0.556749999999965,0,0.219062500000017,0.47647441000001
9.5,7,0,0.0962302421083627,0.0916431472883571,0.00458709482000147,0.0413090867420446,0.23930487562663,438,0.0101114982578391,0.00253488372092575,0,0.0166251384274778,0.196239066279088,0,0,0,0.00298536585365715,0.102499536666659,0,0,0,0.00510191637617535,0.152551174390238,0.1043365800865,0.102127076411928,0,0.0535557359307214,0.266320472450114,0.277301585623726,0.275413636363601,0,0.105344518272277,0.376409853902423
9.5,7,1,0.126633465156825,0.123642315467759,0.00299114968906665,0.0559632223920098,0.282723003762243,438,0.00220526315792277,0.000214912280680696,0,0.0167388888888828,0.234778311111154,0,0,0,0.00289842105265567,0.109074301688868,0,0,0,0.00499999999999545,0.161230594444502,0.146598958333375,0.144111111111089,0,0.066315789473567,0.336901564912316,0.423134210526311,0.416767836257259,0,0.165788888888842,0.450522394736798
9.5,8,0,0.0974939121395088,0.0947641001081917,0.00272981203131558,0.0447937389735626,0.243503669479175,437,0.0236097560975608,0.0169999999999973,0,0.0201363636363526,0.211164848780472,0,0,0,0.00349268292683499,0.100917109512196,0,0,0,0.00590243902435327,0.150998864634126,0.129853658536593,0.126780487804875,0,0.0605365853658613,0.28285670000003,0.268560765550212,0.263807631578944,0,0.108839024390221,0.389624282195131
9.5,8,1,0.138487808943974,0.134733623251433,0.00375418569254154,0.0618729678553267,0.257694096709582,438,0.000216666666771441,0,0,0.0163541666666809,0.210633333333342,0,0,0,0.00287499999999063,0.0993209333333527,0,0,0,0.00501666666675552,0.152095550000027,0.21363333333339,0.207527777777766,0,0.0841333333333386,0.297694033333374,0.438366666666676,0.438366666666676,0,0.167826666666716,0.40440539333337
9.5,9,0,0.192728553966311,0.179708652482337,0.0130199014839749,0.0687549340331678,0.257183528577864,405,0.0774545454545742,0.0626818181818139,0,0.0365909090909185,0.215945800000082,0,0,0,0.000390909090909424,0.113562732727236,0,0,0,0.00849999999999537,0.164698672727273,0.259571428571426,0.244863636363789,0,0.0897272727272738,0.298937054545441,0.514209090909031,0.506781818181745,0.0117454545454642,0.180054545454546,0.387800308484841
9.5,9,1,0.186928200332505,0.178261637572735,0.00866656275976774,0.0737999792186184,0.27602267860953,401,0,0,0,0.0130000000000017,0.212696599999999,0,0,0,0,0.10062176,0,0,0,0.00487499999999663,0.162901999999999,0.245500000000106,0.243875000000003,0,0.116750000000025,0.346740000000046,0.682500000000033,0.670375000000007,0,0.230250000000004,0.496756959999996
9.5,10,0,0.418966146069539,0.383315805933485,0.0356503401360547,0.129048098544971,0.348215435966155,420,0.260261904761901,0.225428571428674,0,0.0867142857142849,0.294764571428613,0,0,0,0.00401339285715371,0.164387261904765,0.0308089285714246,0.012214285714292,0,0.0267261904761716,0.200769371428561,0.604964285714286,0.547904761904758,0,0.187011904761895,0.415004634523796,1.02748095238096,1.00462380952382,0.0500142857142839,0.31019047619047,0.611564228571428
9.5,10,1,0.567247023809525,0.525570119047619,0.0416769047619058,0.180138888888885,0.414464652509424,420,0.398250000000042,0.337900000000031,0,0.130200000000006,0.351779999999998,0,0,0,0.00417000000001394,0.157143749999998,0.081574999999998,0.0399250000000066,0,0.0381749999999315,0.240642899999914,0.785550000000029,0.738199999999932,0,0.259912499999964,0.510186924999978,1.3289299999996,1.29696999999991,0.0775400000000009,0.416450000000065,0.758755300000001
9.5,11,0,0.900092369817742,0.812871429988926,0.0872209398288166,0.287959087887523,0.492386940337403,438,0.69484090909088,0.638037878787892,0,0.230181818181832,0.40950363636358,3.18181818181785e-05,3.18181818181785e-05,0,0.011495454545472,0.175311805454539,0.256181818181834,0.191181818181822,0,0.0895454545454654,0.242438327272739,1.31782954545457,1.22705628964064,0,0.430318181818174,0.640819999999998,1.97428181818174,1.83859090909092,0.214320454545463,0.613268181818174,0.901963074545443
9.5,11,1,1.03345860695538,0.921733149289476,0.111725457665903,0.341379386686026,0.60453812503904,437,0.882999999999982,0.73012499999993,0,0.280000000000001,0.532216999999998,0,0,0,0.00932499999999553,0.231289959999991,0.344750000000005,0.199874999999906,0,0.104124999999968,0.311720099999937,1.47750000000019,1.36224999999956,0,0.499749999999963,0.806091250000019,2.07250000000015,2.01601000000014,0.386025000000042,0.743624999999981,1.15922347999999
9.5,12,0,1.12395046556551,1.00347016420996,0.120480301355554,0.372765941167593,0.628404948005528,442,0.945630434782659,0.821999999999954,0,0.310521739130434,0.484295217391323,0.060698937198059,0.0234913043478259,0,0.0446521739130407,0.224954891304351,0.458423913043476,0.259141304347815,0,0.128282608695689,0.328644573913075,1.62369565217375,1.51347826086966,0,0.529173913043449,0.891422826086958,2.27596521739136,2.1510565217392,0.421730434782588,0.768143478260859,1.12301710260866
9.5,12,1,1.28691297354606,1.1418149643249,0.145098009221172,0.44472076991636,0.690289692733523,442,1.09912499999993,0.920437499999991,0,0.359249999999975,0.597483400000004,0.0151500000000481,0.00120625000000559,0,0.034012500000074,0.210499540000009,0.467156249999924,0.226406250000018,0,0.142187500000031,0.324879077272668,1.89284375000008,1.79010937500005,0,0.656593749999992,0.962308100000093,2.59126250000023,2.53503750000009,0.471000000000101,0.957049999999998,1.26002677999998
10,1,0,1.22079729872271,1.06297317539659,0.157824123326117,0.403302069184501,0.628667708217652,443,1.01036363636369,0.865619047619128,0,0.317583333333316,0.548487685714297,0.00899047619048015,0.0071428571428225,0,0.0285428571428426,0.217987462857138,0.456584249084311,0.245214285714307,0,0.133285714285692,0.305150176190483,1.82502380952376,1.72541666666666,0,0.606166666666674,0.803603564285603,2.4993619047616,2.32193333333333,0.50544761904761,0.859047619047617,1.23328268666659
10,1,1,1.13261475957575,1.00096355879822,0.131651200777528,0.369095009226408,0.659894802833323,443,0.98759999999993,0.778399999999874,0,0.299999999999977,0.5672814,0,0,0,0.0214799999999992,0.228267650000038,0.398249999999894,0.222700000000009,0,0.114599999999977,0.331341700000028,1.63474999999985,1.5133499999994,0,0.546399999999994,0.885055299999945,2.38716,2.3229800000001,0.411600000000093,0.800220000000081,1.20069456000015
10,2,0,1.03764409700206,0.908800487423063,0.128843609579,0.332056265012451,0.563181421906369,442,0.879925000000161,0.729250000000002,0,0.265587499999998,0.503898200000039,0.0183549999999854,0.00153249999999938,0,0.0241930769230858,0.205951904347842,0.342278260869591,0.225349999999983,0,0.109937500000016,0.288152500000041,1.51021249999997,1.35021249999999,0,0.464062500000003,0.763604199999978,2.25072999999982,2.13559499999999,0.423022500000017,0.711890000000058,1.04567254956526
10,2,1,1.13957181731668,1.00219505180278,0.137376765513898,0.361432422520286,0.619593805716945,442,0.889083333333183,0.743124999999879,0,0.267312499999989,0.496623399999976,0,0,0,0.0148750000000002,0.212712800000001,0.385187500000047,0.199156250000002,0,0.129699999999996,0.322612499999981,1.73843750000028,1.61553125,0,0.554156250000076,0.870856399999942,2.31041249999994,2.27818749999968,0.397199999999873,0.78408750000001,1.09226499999997
10,3,0,0.686914043459482,0.605846314763617,0.0810677286958611,0.222137261444148,0.408178171903716,443,0.557347826086975,0.463521739130414,0,0.172043478260805,0.353170782608701,0.00374948240166021,0.000417391304355752,0,0.0142869565217749,0.149984013913044,0.201600280504888,0.112282608695671,0,0.0664347826087706,0.223067865217402,0.953913043478263,0.90330434782604,0,0.314130434782535,0.551608239130416,1.46411304347845,1.38871304347841,0.245366489925802,0.487895652173867,0.650858187826062
10,3,1,0.747707510811223,0.676161445025991,0.0715460657852336,0.246939225594442,0.490591632118373,443,0.545124999999416,0.421999999999798,0,0.165875000000028,0.394725000000042,0,0,0,0.00557499999994136,0.162001360000012,0.138724999999903,0.0664062500000673,0,0.0490625000000122,0.249935466666738,1.11962500000026,1.06515624999991,0,0.360749999999967,0.620420749999765,1.75497500000018,1.72222500000003,0.164737499999927,0.618125000000429,0.95797492000034
10,4,0,0.483425591115444,0.43105957333679,0.0523660177786571,0.154425077139836,0.369493054220758,434,0.321283914728733,0.277429313929307,0,0.113569767441836,0.323699549103947,0,0,0,0.0062500000000195,0.149039790476202,0.113511904761889,0.0610214285714169,0,0.0435802631579105,0.202027499999955,0.678103571428856,0.623058333333368,0,0.229065789473737,0.44033695357141,1.10073846153847,1.07101523809511,0.128955149501629,0.355114285714378,0.606491650465104
10,4,1,0.537301733029095,0.493170037431466,0.0441316955976311,0.182041706724803,0.4109277159852,434,0.302888888889076,0.249465686274437,0,0.109916666666663,0.312129893939359,0,0,0,0.00472380952369656,0.152298780588236,0.0603956043956354,0.00892226890764581,0,0.0291250000000029,0.212529714285693,0.828434615384546,0.753576923077052,0,0.283267857142879,0.504868875000072,1.38069999999994,1.3505000000001,0.0806893048128141,0.468799999999985,0.799075200000189
10,5,0,0.234078684019048,0.215762051317025,0.0183166327020247,0.0811633990067157,0.259756382589851,434,0.142626744186046,0.114096980255518,0,0.0550116279069601,0.228882673529432,0,0,0,0.00427045454545467,0.117089528342266,0.011602272727311,0.00185049833887138,0,0.0128727272727428,0.155526898255776,0.322137500000077,0.288487500000057,0,0.116489880952342,0.309204975000012,0.603059999999973,0.582660116279045,0.0371271317829448,0.198724736842139,0.390056410148012
10,5,1,0.235401008262946,0.214745789383575,0.0206552188793787,0.0852705050271211,0.297580084141745,434,0.0852692307692365,0.0677631578947081,0,0.0384027777777668,0.237098149572397,0,0,0,0.00314444444446103,0.123205288888894,0,0,0,0.00665789473686623,0.165562486842147,0.334899509803974,0.293540935672484,0,0.122166666666668,0.339916418233083,0.694826315789505,0.687387719298223,0.0276999999999863,0.245378947368402,0.59098015614028
10,6,0,0.105541338466312,0.10218813295681,0.00335320550950352,0.044618800703518,0.196856265930191,436,0.0414772727273306,0.0343181818181791,0,0.0254431818181421,0.167304313636397,0,0,0,0.00422727272725771,0.0878158663637008,0,0,0,0.00674431818185604,0.122150558441551,0.153479665071737,0.152443181818179,0,0.0626079545454189,0.220550705227237,0.288170454545286,0.281170454545457,0,0.102125000000058,0.301203118181575
10,6,1,0.168332250709914,0.163390564930099,0.00494168577981429,0.0664017447575361,0.272818754193997,436,0.0160937499999107,0.00159374999999784,0,0.0211562499999238,0.207545399999995,0,0,0,0.00378125000000917,0.103698499999991,0,0,0,0.00517187500001648,0.144821250000163,0.201437500000054,0.201437500000054,0,0.0846250000000595,0.318389424999955,0.51271875000009,0.491468750000081,0,0.209437499999993,0.504789068571481
10,7,0,0.0779246012558418,0.0742369818307723,0.00368761942506967,0.0365958276289834,0.234163399545971,438,0.0169860627177542,0.00834512195123596,0,0.0181201298704769,0.19433216033684,0,0,0,0.00301707317072237,0.101207481507764,0,0,0,0.00502702702703031,0.145098196283358,0.0949178956325504,0.0896337209302475,0,0.0459525914633402,0.269484074333517,0.235545080500955,0.225546622889393,0,0.097656097561131,0.348140889401994
10,7,1,0.099957298858021,0.0970126980440506,0.00294460081397057,0.0465582131553897,0.269764560699275,438,0.00010263157895631,5.26315789401403e-05,0,0.0145584795321815,0.214565555555544,0,0,0,0.00299999999993956,0.102043722397661,0,0,0,0.00494517543847033,0.154698404824572,0.139311111111015,0.134944444444374,0,0.0652719298244955,0.312064222222242,0.336128888888915,0.336016666666655,0,0.127084210526356,0.470321929824608
10,8,0,0.0858543876368372,0.0834052972521591,0.00244909038467672,0.0406439386320571,0.237619787042938,437,0.0214146341463418,0.0152195121951281,0,0.0207804878048781,0.200926898780458,0,0,0,0.00337414634145453,0.0960639853658564,0,0,0,0.00590243902439209,0.148248567073169,0.118487804878059,0.113341463414655,0,0.0540487804877919,0.259218453048809,0.269521575984947,0.261397902097873,0,0.0988472400513576,0.38368225439027
10,8,1,0.121631842067118,0.118505339022978,0.00312650304414063,0.0530450641443843,0.264224340816872,438,0.00133333333311422,0.000100000000005215,0,0.0150083333333345,0.213374633333347,0,0,0,0.00287249999997169,0.100514359999999,0,0,0,0.00500000000003335,0.157865899999982,0.159904761904765,0.154327777777786,0,0.0697666666664986,0.307465865476206,0.390620000000086,0.390153333333324,0,0.143844444444453,0.454404666666609
10,9,0,0.174831736681149,0.157651449862343,0.0171802868188052,0.0632581431293864,0.249391349665328,405,0.0648181818181774,0.0481818181818777,0,0.029636363636354,0.217669654545456,0,0,0,0.000409090909090895,0.110533585454545,0,0,0,0.0085909090909049,0.160905472727318,0.230909090909091,0.210681818181819,0,0.0845909090909448,0.282949,0.443503636363614,0.431045454545454,0.0144090909090706,0.160010695187166,0.351721498181802
10,9,1,0.153559850374061,0.144601309226929,0.00895854114713194,0.0609256026600218,0.279127899847623,401,0,0,0,0.0141249999999991,0.227907999999931,0,0,0,0,0.105531058399995,0,0,0,0.00500000000000966,0.17215,0.198624999999993,0.176750000000005,0,0.0749999999999993,0.338175000000099,0.49462500000002,0.484499999999997,0,0.183875000000029,0.438618480000002
10,10,0,0.39070091600529,0.360915655234316,0.0297852607709749,0.120719204931975,0.348283440668468,420,0.250976190476141,0.217071428571392,0,0.0878333333333619,0.299836952380948,0,0,0,0.00392857142858356,0.161877738095234,0.0440595238095234,0.0235357142857126,0,0.0288333333333162,0.215067828571428,0.584904761904748,0.558750000000173,0,0.172880952380952,0.401305750000006,0.925595238095242,0.923052380952383,0.0467714285714323,0.277519047619029,0.60454571428577
10,10,1,0.51988416666666,0.480291309523802,0.0395928571428585,0.163786309523813,0.424470529018878,420,0.34194999999996,0.295399999999984,0,0.116050000000005,0.363637850000075,0,0,0,0.00418999999999742,0.156196249999984,0.0361000000000331,0.0108499999999964,0,0.0295750000000002,0.240801099999983,0.757000000000153,0.715124999999901,0,0.241299999999995,0.514093897499977,1.24275500000044,1.22823000000001,0.0639299999999406,0.379959999999984,0.75374499999993
10,11,0,0.836013900232341,0.752896607359054,0.0831172928732877,0.266106084664989,0.456103996897083,438,0.668750000000007,0.561227272727264,0,0.215113636363637,0.382887707441847,9.54545454545421e-05,0,0,0.0122363636363892,0.164501421818181,0.24298863636363,0.165511363636351,0,0.0796818181818201,0.238912180931283,1.21996266233769,1.13453409090909,0,0.37364772727271,0.566454763636371,1.80233181818166,1.74405000000022,0.234827272727257,0.577709090909079,0.838589951966254
10,11,1,0.979442442984058,0.886132984555377,0.0933094584286807,0.331177394172775,0.610198763685542,437,0.820357142856937,0.677374999999869,0,0.255249999999961,0.511832399999979,0,0,0,0.0104000000000042,0.245073559999981,0.301749999999998,0.180999999999941,0,0.092375000000004,0.315048461764707,1.43812499999996,1.34324999999978,0,0.48675000000003,0.800238400000084,2.110825,2.05492499999992,0.295374999999787,0.729325000000012,1.09662188000001
10,12,0,1.10375602105619,0.981964510714829,0.121791510341354,0.363071569368894,0.599780684575666,442,0.94780434782612,0.771847826087008,0,0.305608695652169,0.510701645652261,0.0348762386248712,0.0103913043478275,0,0.0468043478261008,0.218954490434798,0.45414130434784,0.287641304347825,0,0.129293478260893,0.305791866304374,1.55847826086977,1.47323913043472,0,0.525141304347815,0.79702002173915,2.25934347826087,2.18690937198084,0.420817391304393,0.765082608695638,1.0910463652174
10,12,1,1.24408045018707,1.10132456697714,0.142755883209929,0.426637594390902,0.697756837311449,442,1.12106249999996,0.889937500000144,0,0.355187500000014,0.583594400000032,0.00116250000000946,3.74999999962716e-05,0,0.026062500000009,0.209354000000024,0.453687500000029,0.247781249999747,0,0.131937500000092,0.353727524999989,1.85162499999986,1.67187499999991,0,0.631031250000077,1.04278300000001,2.52223750000008,2.49592500000035,0.482574999999973,0.926099999999966,1.23476557999997
10.5,1,0,1.18815442697854,1.03533930193439,0.152815125044147,0.386635598421428,0.63319859019674,443,1.01309090909077,0.847428571428497,0,0.320285714285731,0.547775218095207,0.0107142857142597,0.00549523809521426,0,0.0250000000000022,0.198052246060596,0.408404761904747,0.253519480519538,0,0.120309523809597,0.313677499999989,1.76852380952367,1.67735714285712,0,0.569261904761918,0.789032938095257,2.36177142857146,2.30443809523815,0.436096703296666,0.808657142857139,1.18556949142855
10.5,1,1,1.0892348597227,0.964348729800448,0.124886129922247,0.350337834569504,0.639221481438291,443,0.922900000000026,0.736200000000372,0,0.273300000000017,0.553199200000017,0,0,0,0.0180199999999934,0.222387490000021,0.344050000000107,0.183481249999991,0,0.111949999999991,0.347225474999996,1.65994999999987,1.51710000000044,0,0.526900000000069,0.894060025000001,2.23449000000028,2.14117999999984,0.320479999999907,0.770719999999892,1.11070828400005
10.5,2,0,0.986466562810634,0.873527545587096,0.112939017223534,0.315918560248517,0.537571418895894,442,0.821070000000148,0.71668750000016,0,0.2602875,0.463500000000043,0.00752999999999929,0.00050500000000966,0,0.0195300000000305,0.187722299999963,0.358261805555557,0.223925000000011,0,0.116899999999961,0.282139100000008,1.41242500000001,1.32861250000002,0,0.450662499999981,0.710909089473678,2.10082750000005,1.99591250000001,0.340899999999934,0.658444999999938,0.993271146666681
10.5,2,1,1.10096076994899,0.9855442177512,0.115416552197802,0.353658602222947,0.640340048878506,442,0.924781249999967,0.764624999999683,0,0.285499999999944,0.512549999999959,0,0,0,0.0145374999999156,0.223857479999999,0.330125000000002,0.200015624999908,0,0.117625000000058,0.320754149999965,1.6634583333335,1.57196874999953,0,0.540031250000062,0.908381250000043,2.33968750000019,2.27728749999986,0.339574999999713,0.744237499999991,1.10463750000002
10.5,3,0,0.640469578773748,0.570175712370107,0.0702938664036461,0.205403243067998,0.387400024095537,443,0.516999999999944,0.44456521739128,0,0.161521739130461,0.341928221739179,0.0040695652174058,0.000827769985988968,0,0.0115130434782595,0.168201126956509,0.18045652173908,0.122752386002096,0,0.0637608695652518,0.220935023281873,0.909608695652067,0.838130434782788,0,0.297586956521706,0.474565443478263,1.38499130434801,1.33287657784009,0.216872931276387,0.433000000000036,0.643504525217416
10.5,3,1,0.672105318865995,0.604260035086574,0.0678452837794229,0.219721915180384,0.474317226013339,443,0.482250000000135,0.380750000000034,0,0.154714285714336,0.379462299999992,0,0,0,0.00499999999999545,0.167971,0.119687499999998,0.0265000000000057,0,0.0425312499999793,0.25071789999997,0.994750000000408,0.919187499999793,0,0.321687499999995,0.598349599999829,1.5222571428576,1.48027500000004,0.163299999999958,0.510712500000057,0.808174659999841
10.5,4,0,0.438901001753793,0.393011239714348,0.0458897620394393,0.144436423211352,0.370063491317966,434,0.29126648351635,0.246697802197733,0,0.104525274725277,0.33238470000001,0,0,0,0.00511813186805969,0.148781246943504,0.100857142857202,0.0648073089700938,0,0.0403446428571208,0.209522607142851,0.652666023166022,0.60583887043154,0,0.218732142857181,0.454553500840277,0.998520879120821,0.966065584415468,0.109264186046523,0.32437337662332,0.616658640000025
10.5,4,1,0.495813996865372,0.455174386037208,0.0406396108281705,0.16865141365215,0.401683569512239,434,0.252068627450956,0.213857142856915,0,0.0993333333334653,0.322117169607797,0,0,0,0.00422222222233459,0.154556761176499,0.0311944444447506,0.00310714285715871,0,0.0192738095235893,0.203291853846187,0.694597222222304,0.644934523809557,0,0.236619047618972,0.463881400000069,1.3769362637364,1.37384999999976,0.0785822222222628,0.438141666666748,0.771357339999915
10.5,5,0,0.21343151688789,0.197762154395072,0.0156693624928143,0.0762944412571294,0.241601926217406,434,0.131385281385289,0.112206395348861,0,0.0505813953488304,0.212507595348787,0,0,0,0.0044227272727033,0.111054407272734,0.0208455757231952,0.00821482558140009,0,0.0157673034329406,0.149524137509417,0.283964285714248,0.270637500000089,0,0.108071802325539,0.276056295238092,0.560590476190474,0.54571064301544,0.0315627906976779,0.181776744186061,0.370397244883721
10.5,5,1,0.21417349695549,0.194020648971365,0.0201528479841255,0.0791716087733057,0.29907200677294,434,0.110411111111123,0.0806052631578973,0,0.0406578947368451,0.246130859649126,0,0,0,0.00326315789473406,0.116845291228063,0,0,0,0.00711111111110717,0.172543068421031,0.320680147058874,0.294916666666722,0,0.114105263157888,0.366009599532228,0.571668421052624,0.544247368421064,0.0339590643273575,0.204615789473727,0.53834527368427
10.5,6,0,0.0994684758345075,0.0960652787907031,0.00340319704380082,0.0437729512934329,0.198621605188882,436,0.0320970279720129,0.0275391414141596,0,0.0240340909091,0.168679727272708,0,0,0,0.00420454545456488,0.0860959199999939,0,0,0,0.00661363636356217,0.122788495454528,0.124289772727345,0.12405113636364,0,0.056886363636393,0.226267355555551,0.263568181818218,0.262769886363661,1.13636363633677e-05,0.0989772727273061,0.303271645454709
10.5,6,1,0.167050398645693,0.158554801496285,0.00849559714940765,0.0670333920380171,0.283188620649918,436,0.00166249999999693,0.000250000000015404,0,0.0198437500000068,0.217268766666747,0,0,0,0.00393749999999215,0.102245074800004,0,0,0,0.0053750000000008,0.155883725000014,0.223531250000036,0.223187500000165,0,0.0944241071429019,0.334209374999817,0.454718750000154,0.454718750000154,0,0.176074999999918,0.486997110000188
10.5,7,0,0.0734554907003257,0.0710043432808925,0.00245114741943439,0.0356791719640623,0.235424107895924,438,0.00395902547061773,0.0010200845665651,0,0.0145406976743458,0.193958804645776,0,0,0,0.00324985819623938,0.0970878149002148,0,0,0,0.00499999999998178,0.142680854878075,0.0811142938173747,0.080737804878023,0,0.0447068106314146,0.2674579268293,0.205380620154884,0.204574418604569,0,0.0921991869917983,0.358814815292146
10.5,7,1,0.0953937429598863,0.0905704772672621,0.00482326569262486,0.0444572007706883,0.265551229130863,438,0,0,0,0.0138333333333221,0.217059168421066,0,0,0,0.00305263157891946,0.107639463157896,0,0,0,0.004944444444442,0.156112050000018,0.12577794117633,0.121842105263182,0,0.0546944444444127,0.312307358333373,0.283153684210447,0.276829999999864,0,0.12751111111115,0.436679819532052
10.5,8,0,0.0811231193320507,0.0784293694455463,0.00269374988650492,0.0383476568880168,0.243910741934047,437,0.0307272727272696,0.0280975609756098,0,0.022024390243853,0.200324617438936,0,0,0,0.00357736842103762,0.102477264999991,0,0,0,0.00600000000000173,0.146863889952167,0.110170731707316,0.108292682926842,0,0.0515000000000071,0.274141020731719,0.220043902439053,0.215785365853658,0,0.0882542682927348,0.388913935234526
10.5,8,1,0.113612320613174,0.110980357142855,0.00263196347031975,0.0518464910850193,0.262353966956507,438,0.000150000000019191,0,0,0.0137666666666993,0.215887200000017,0,0,0,0.00291583333333221,0.0998717333333475,0,0,0,0.00499999999997638,0.156825533333318,0.143083333333275,0.134704761904766,0,0.0706666666667729,0.303840633333307,0.372786666666665,0.372786666666665,0,0.146126666666642,0.427549759999968
10.5,9,0,0.171959063113398,0.160313343933292,0.0116457191801052,0.0642043365366731,0.248467049489469,405,0.0664999999999986,0.0583636363635378,0,0.0331818181818183,0.205618181818192,0,0,0,0.000236363636363636,0.115399039999999,0,0,0,0.00709090909089644,0.157922000000001,0.222045454545464,0.213681818181964,0,0.0893181818182297,0.2852826,0.469700000000026,0.469700000000026,0.00950909090912782,0.167209090909089,0.367305758181853
10.5,9,1,0.143862946799671,0.138926433915213,0.00493651288445659,0.0598405029093898,0.272935833142855,401,0,0,0,0.0130000000000017,0.217124300000014,0,0,0,0,0.106507299999999,0,0,0,0.00499999999996703,0.166896600000041,0.152250000000009,0.139499999999999,0,0.0749999999999997,0.323287499999924,0.507124999999999,0.507124999999999,0,0.174750000000003,0.4465123
10.5,10,0,0.35717882227891,0.332006429988661,0.025172392290249,0.112058472694633,0.343725810027255,420,0.233047619047623,0.210976190476193,0,0.0760238095238185,0.290391730952349,0,0,0,0.00409999999999975,0.164402377777775,0.0437220238095108,0.0264285714285736,0,0.0242738095238087,0.210851428571402,0.523011904761948,0.513261904761909,0,0.149523809523813,0.407449364285683,0.893419047619049,0.881480952380958,0.0436571428571803,0.27428571428572,0.539528809523775
10.5,10,1,0.517098174603175,0.481290793650795,0.0358073809523812,0.163074761904761,0.421149222641503,420,0.347549999999876,0.301300000000009,0,0.113750000000066,0.372096399999975,0,0,0,0.00398000000001716,0.166674750000018,0.0685000000000031,0.0207500000000039,0,0.030425000000006,0.245417174999995,0.76617500000001,0.732299999999998,0,0.23137499999997,0.496539500000034,1.22591000000001,1.20459999999996,0.0622299999999859,0.381569999999995,0.687823399999987
10.5,11,0,0.76605649006074,0.688459686243045,0.0775968038176945,0.242525090891207,0.442080456469211,438,0.598000000000034,0.541431818181812,0,0.190621212121226,0.376044285714272,9.09090909084531e-05,3.49999999991725e-05,0,0.0122000000000015,0.176699265454554,0.217352272727355,0.143511363636352,0,0.0706477272727249,0.241717709090895,1.14230681818182,1.07992045454531,0,0.345863636363637,0.558547472727267,1.67073181818177,1.53550454545452,0.197072727272679,0.5083181818182,0.765990987272738
10.5,11,1,0.915922678980066,0.822883834586472,0.0930388443935925,0.307469369555597,0.585486830274866,437,0.709000000000287,0.641875000000013,0,0.2493750000001,0.471500000000014,0,0,0,0.0105500000000802,0.234584780000002,0.273874999999947,0.129624999999976,0,0.0756250000000308,0.295333700000002,1.33637499999992,1.25400000000036,0,0.453375000000023,0.765390300000005,1.920175,1.88745000000006,0.266975000000002,0.69600000000001,1.08295899999993
10.5,12,0,1.08678029672295,0.963737758472562,0.12304253825039,0.35277387076092,0.601746233034081,442,0.954521739130443,0.822108695652174,0,0.298543478260839,0.524075404347817,0.0336139130434762,0.0163826086956345,0,0.0422739130434712,0.225855169999985,0.457858695652244,0.296086956521773,0,0.135478260869579,0.313587084782611,1.5774130434782,1.48214130434785,0,0.507858695652189,0.811699252173921,2.15743478260859,2.10666521739121,0.479413043478335,0.7313695652174,1.04018031443477
10.5,12,1,1.23848930860803,1.09681170679808,0.14167760180995,0.425517253824605,0.717100579084655,442,1.09937499999985,0.903250000000156,0,0.352999999999991,0.605856649999918,0,0,0,0.0269999999999916,0.233240380000009,0.489968749999733,0.286812500000046,0,0.145625000000024,0.372043799999978,1.87431250000023,1.74364062500004,0,0.630328125000036,0.97628092500001,2.4849874999999,2.43456249999949,0.494287499999984,0.884387500000002,1.26470288000001
11,1,0,1.13765252162966,0.992221363511962,0.145431158117698,0.364751296819613,0.598114918258014,443,0.941190476190102,0.817523809523859,0,0.303571428571439,0.530807909523805,0.00273333333333583,0.00129523809525511,0,0.0258000000000006,0.219200238095245,0.439809523809534,0.239380952380949,0,0.126642857142872,0.324273858333307,1.69197619047643,1.52750000000004,0,0.542523809523816,0.741598661904718,2.31088571428577,2.21612380952374,0.452043956043999,0.753638095238093,1.0310595238096
11,1,1,1.05959005921027,0.934725179601537,0.12486487960873,0.340663185710696,0.630192162135786,443,0.882800000000087,0.735400000000026,0,0.285200000000054,0.531737500000009,0,0,0,0.0181599999999937,0.255019199999949,0.335649999999941,0.208607142857153,0,0.103974999999989,0.331820999999963,1.58219999999992,1.4519499999999,0,0.50940000000005,0.831888264999976,2.23231999999975,2.15401999999993,0.34478000000001,0.755720000000001,1.10568839999997
11,2,0,0.941857555041047,0.831906986166069,0.109950568874978,0.299332004883418,0.508737709074531,442,0.810100000000034,0.687074999999902,0,0.255010526315821,0.421670000000058,0.0039449999999988,0.000704230769224481,0,0.0214099999999911,0.19268022857143,0.311668749999982,0.189224999999964,0,0.109062499999976,0.274621000000018,1.35173749999994,1.29605000000004,0,0.422637500000084,0.639783500000115,2.04570499999994,1.96236000000048,0.272225999999968,0.624140000000171,0.925895000000212
11,2,1,1.05824071635067,0.938702740968203,0.119537975382468,0.33592287581699,0.611776436004449,442,0.90888749999981,0.718937499999982,0,0.274625000000014,0.513264999999966,0.00104999999998654,1.24999999940203e-05,0,0.0182875000000692,0.215621399999962,0.354500000000016,0.241625000000028,0,0.114062499999974,0.315177100000025,1.57606249999949,1.47981250000018,0,0.488484375000048,0.862013749999883,2.26468750000052,2.20582499999995,0.35411249999978,0.702537500000443,1.03354260000003
11,3,0,0.607930730115933,0.543344143978106,0.0645865861378289,0.195227656412284,0.38988150663499,443,0.46517391304358,0.407478260869538,0,0.152673913043469,0.339009673913081,0.00713478260861493,0.000525027808664297,0,0.014000000000009,0.177361173913013,0.206565217391274,0.141434782608712,0,0.0718419936372966,0.234458826087029,0.845282608695807,0.771619565217285,0,0.268673913043417,0.466208097826118,1.34319130434769,1.30868695652168,0.214230434782491,0.431956521739148,0.634053913043485
11,3,1,0.610175839438347,0.552342790959355,0.0578330484789937,0.198493126553026,0.445578440990566,443,0.42664285714297,0.339249999999993,0,0.136875000000089,0.348482199999902,0,0,0,0.00499999999996703,0.170092320000002,0.105687499999761,0.0320520833333547,0,0.0327812500000255,0.24989434999998,0.916312499999947,0.86462499999999,0,0.310500000000019,0.565285500000126,1.53565000000024,1.47647499999966,0.140499999999997,0.511725000000007,0.805757759999985
11,4,0,0.440360029261336,0.398101226609659,0.0422588026516792,0.14336508087932,0.347000825741345,434,0.314387719298303,0.275415158371047,0,0.112135714285786,0.310927142857415,0,0,0,0.00574375000003049,0.141516428007549,0.0782069767441678,0.0507538461538196,0,0.0391964285714041,0.20525744335546,0.684711538461425,0.628785714285722,0,0.212078571428544,0.423101190476225,0.954019230769735,0.896580769230856,0.107570718816025,0.311880909090981,0.561091759999974
11,4,1,0.476433070641227,0.440016276140893,0.0364167945003385,0.160506953423162,0.411679756885537,434,0.304294117647042,0.274882352941401,0,0.0950769230768372,0.374537673076869,0,0,0,0.00456428571438296,0.147325333333403,0.033899572649532,0.00512745098044503,0,0.0216794871794786,0.206572899999989,0.721041666666818,0.702386554621813,0,0.243855392156848,0.524927458333363,1.21135238095256,1.20596410256427,0.0732952380954374,0.365883333333295,0.757386468403696
11,5,0,0.215140661460543,0.200086355301312,0.0150543061592299,0.0770533778802777,0.243449805295524,434,0.135291071428605,0.117467101531522,0,0.0511877906976787,0.216088250000045,0,0,0,0.0045409090909216,0.110112131078211,0.0184080338266359,0.00694318181816862,0,0.0165511363636376,0.143033286363661,0.296831395348843,0.291258333333349,0,0.0987922077922001,0.265861297948989,0.547186363636304,0.539453896103769,0.0355813953488312,0.194635000000067,0.411004816789554
11,5,1,0.209352547170931,0.193063956128968,0.0162885910419636,0.0770223807777572,0.314407560893961,434,0.0933888888888658,0.0725964912280368,0,0.0387044534412515,0.242895091093053,0,0,0,0.00325029239767651,0.119793775555502,0,0,0,0.00738461538460692,0.171244799999966,0.315958333333355,0.285194444444439,0,0.110355263157835,0.370477725101236,0.552816666666634,0.544036842105245,0.0260473684210423,0.198618947368559,0.540161541052686
11,6,0,0.102193781285917,0.0983719475846603,0.00382183370125926,0.0454773946776389,0.204933329021988,436,0.0376473354232577,0.0349772727272776,0,0.0285660173160474,0.179098536363683,0,0,0,0.00404545454544996,0.0923442334909276,0,0,0,0.00685208944282505,0.122811122727252,0.136499999999991,0.136499999999991,0,0.0642102272727168,0.229682886602901,0.273066387559758,0.267547448165907,0,0.109121212121183,0.312899610909254
11,6,1,0.152483693752744,0.145458559960688,0.00702513379205363,0.0629057407710654,0.271723617725743,436,0.00462499999997589,0.000906250000020016,0,0.0175312500000189,0.215042599999884,0,0,0,0.00378124999998786,0.106576670000024,0,0,0,0.00525000000003218,0.158096025000009,0.188640625000005,0.185718750000007,0,0.0856874999999774,0.32526572500006,0.462874999999997,0.453999999999987,0,0.168656250000009,0.46029927571431
11,7,0,0.0771282090268749,0.0740535265281974,0.00307468249867486,0.0370948375503923,0.226999252949565,438,0.0105924695459323,0.00595121951219443,0,0.0181842650103481,0.192721013953497,0,0,0,0.00299268292682748,0.101407340627175,0,0,0,0.00526308139532696,0.141254362195095,0.103682649667394,0.101844724900732,0,0.0481220930232568,0.261230462401249,0.211282578397166,0.21057345433891,0,0.0960056910568777,0.362079947958076
11,7,1,0.0845678135948341,0.0803485231245017,0.00421929047033245,0.0421761306029308,0.275573990019873,438,0,0,0,0.0138166666666086,0.214558977777854,0,0,0,0.00307000000033117,0.110899084210522,0,0,0,0.00500000000000335,0.16755663888887,0.0912331871345226,0.0889444444445332,0,0.0525526315788879,0.330245984210443,0.293777894736933,0.291324444444427,0,0.121083333333323,0.459018115555573
11,8,0,0.0770405225046335,0.0740986632105281,0.00294185929410606,0.0385425006830629,0.234589561396618,437,0.0308947368420807,0.0186585365853738,0,0.0221951219511827,0.198421370731621,0,0,0,0.00341863636364234,0.0997895700000099,0,0,0,0.00578048780488069,0.148614492073169,0.111853658536583,0.110891891891892,0,0.0523414634145167,0.263450457317084,0.224357894736778,0.213634589800427,0,0.0960487804877918,0.360973029268319
11,8,1,0.115008101398853,0.111345740921937,0.00366236047691453,0.0522111690947285,0.267737861899471,438,6.66666666745644e-05,0,0,0.014870833333376,0.219698416666642,0,0,0,0.00297999999999087,0.115215373333339,0,0,0,0.00509166666663325,0.157486750000032,0.141933333333343,0.138183333333356,0,0.0675208333333171,0.317198014285685,0.365426666666634,0.365426666666634,0,0.150339999999981,0.445401506666679
11,9,0,0.159602010723917,0.1480029635268,0.0115990471971175,0.059028658972383,0.252158087680942,405,0.0517727272727277,0.0415454545454436,0,0.0301818181818176,0.205045045454553,0,0,0,0.000199999999999954,0.10259419090908,0,0,0,0.00636363636363736,0.156386000000001,0.201181818181836,0.198318181818236,0,0.0793181818181354,0.281834545454529,0.41120606060606,0.404796969696947,0.00680000000002525,0.145422727272727,0.396473515353541
11,9,1,0.124751974231091,0.120189110556942,0.00456286367414842,0.053912926018289,0.291082371580955,401,0,0,0,0.0129999999999999,0.229374999999984,0,0,0,0,0.114230399999999,0,0,0,0.00499999999998124,0.176638000000021,0.144375000000082,0.143250000000024,0,0.0641249999999616,0.337197200000008,0.439875000000029,0.429374999999879,0,0.167375000000035,0.476245680000002
11,10,0,0.358998157982887,0.337927506055451,0.0210706519274375,0.113165935460044,0.332424937073973,420,0.247547619047627,0.220380952380981,0,0.0828333333333154,0.288687880952388,0,0,0,0.00426964285714174,0.149303704761869,0.0490642857142846,0.031809523809516,0,0.0270443722943721,0.200526071428561,0.512452380952388,0.489249999999986,0,0.158892857142858,0.400719095238105,0.881647619047807,0.880109523809535,0.0324952380952355,0.259695238095267,0.507363619047621
11,10,1,0.493927956349199,0.466099384920629,0.0278285714285686,0.155103452380952,0.437665092377357,420,0.346949999999991,0.314050000000014,0,0.111300000000009,0.380977299999992,0,0,0,0.00411249999999701,0.165163949999996,0.0644000000001654,0.0107749999999498,0,0.0340000000000827,0.244224652500002,0.738274999999953,0.70817499999996,0,0.227724999999978,0.53396094999999,1.15133,1.15125,0.0440899999999955,0.388539999999969,0.750960499999989
11,11,0,0.725490779248578,0.656061201754785,0.0694295774937913,0.229656481469788,0.42035932846974,438,0.578681818181663,0.495045454545574,0,0.177068181818176,0.368771454545472,0.00113181818183017,0.000359090909091204,0,0.0142318181818168,0.185460783636363,0.232304545454552,0.165681818181812,0,0.0778863636363644,0.240510714634146,1.06657954545453,0.988670454545456,0,0.333806818181794,0.507781609090887,1.49947727272715,1.45216477272727,0.177181818181816,0.462299999999983,0.724049796363615
11,11,1,0.883979633226293,0.78261355771142,0.101366075514876,0.289846923494802,0.532055223366327,437,0.746750000000049,0.595124999999825,0,0.235499999999988,0.466549999999995,0,0,0,0.00712500000002336,0.187324239999979,0.25449999999995,0.154125000000022,0,0.08562500000005,0.308077300000035,1.319875,1.26124999999999,0,0.425625000000053,0.687888000000042,1.88644999999992,1.81830000000005,0.25059999999994,0.630400000000003,0.913495000000015
11,12,0,1.05958856913162,0.942410643630989,0.117177925500636,0.342976326245784,0.57325075853211,442,0.958804347826067,0.776217391304379,0,0.28806521739125,0.536023002173915,0.041337613751263,0.0194869565217696,0,0.0534347826086814,0.215092313913031,0.467347826086888,0.293934782608656,0,0.134434782608735,0.332328202974872,1.5453478260871,1.45875000000001,0,0.491152173913045,0.751603261956526,2.07820869565219,1.99151739130447,0.410365217391359,0.704682608695642,0.966344096695616
11,12,1,1.18956422915321,1.05250648971127,0.137057739441933,0.402191206097834,0.685681986892427,442,1.07287500000007,0.866375000000047,0,0.329437499999883,0.592472200000019,0,0,0,0.0235749999999974,0.229710479999997,0.504250000000014,0.266718750000017,0,0.142390625000001,0.368218099999971,1.71703124999996,1.60515624999996,0,0.587843749999989,0.957787175,2.36775000000017,2.32186249999968,0.475662500000069,0.848812500000124,1.14149476000005
11.5,1,0,1.07703275007909,0.93870668101237,0.138326069066718,0.343901146880998,0.553038435785435,443,0.930523809523752,0.769571428571475,0,0.294095238095213,0.489207197619085,0.00926666666666846,0.0016666666666749,0,0.031228571428567,0.231066788018454,0.44450000000003,0.26238095238092,0,0.132261904761928,0.311465774999999,1.61971428571431,1.41902380952363,0,0.511333333333352,0.679085492857167,2.13696190476171,2.0230761904762,0.47996190476192,0.717838095238127,1.02510307000006
11.5,1,1,1.00212275744383,0.885302058923644,0.116820698520191,0.320244877100583,0.600706113580255,443,0.844599999999673,0.705199999999967,0,0.258799999999997,0.518553300000034,0,0,0,0.0178899999999993,0.229263999999997,0.325299999999993,0.221900000000005,0,0.105850000000055,0.322609725000004,1.50090000000009,1.42495000000017,0,0.480850000000009,0.774347125000036,2.08332000000017,1.95886000000021,0.325820000000031,0.672179999999962,1.03223499999998
11.5,2,0,0.898461959706506,0.794389120723299,0.104072838983208,0.28287453454361,0.494100845903728,442,0.763086290322633,0.645599999999968,0,0.236550000000011,0.439866200000099,0.00597499999999742,0.0011500000000342,0,0.0193599999999987,0.185554647272628,0.287025000000006,0.177787499999944,0,0.0988374999999777,0.283381199999989,1.28589999999995,1.16977500000007,0,0.39591249999998,0.637595100000031,2.01284499999992,1.93033499999999,0.269250000000048,0.610099999999973,0.858880479999982
11.5,2,1,0.988058337822288,0.864827229225017,0.123231108597277,0.309586594124822,0.587049996386294,442,0.788471428571462,0.646000000000186,0,0.250687500000012,0.495712000000011,0,0,0,0.0138575000000058,0.20810599999998,0.296281249999978,0.194406250000011,0,0.104495535714261,0.317698900000027,1.48690624999984,1.36262500000031,0,0.460359374999982,0.804763999999903,2.09908750000016,2.01707500000003,0.312399999999947,0.671312500000016,1.02036999999999
11.5,3,0,0.576079067571483,0.51019623883703,0.0658828287344489,0.182294598354987,0.363835241230011,443,0.450739130434752,0.378652173913234,0,0.147847826087024,0.317222804347833,0.014229249011857,0.00703675889330221,0,0.016365217391294,0.163230130434785,0.188804347826155,0.141891304347825,0,0.0634875776397492,0.22871886956523,0.830630434782585,0.731478260869628,0,0.261217391304369,0.446236028743936,1.23954782608707,1.21175652173913,0.1971739130434,0.414234782608658,0.597338438260973
11.5,3,1,0.562600516457464,0.513964335924306,0.0486361805331546,0.182646642835471,0.408047718918904,443,0.395000000000039,0.356249999999892,0,0.138642857142809,0.337350000000028,0,0,0,0.00453333333330951,0.159939960000038,0.0786875000000009,0.0165625000000178,0,0.0282250000000242,0.220938749999997,0.890562499999874,0.810937500000137,0,0.29281250000031,0.508422100000001,1.3250500000001,1.31312499999988,0.113274999999976,0.433166666666583,0.709369880000002
11.5,4,0,0.443737418142526,0.393611709151739,0.0501257089907847,0.144253413213143,0.348319816742576,434,0.318855820105949,0.263463562753066,0,0.102448717948818,0.305939794444479,0,0,0,0.0070854838709959,0.153550743870974,0.107363233665564,0.0637171096345387,0,0.0454226190475126,0.197381356593329,0.667877530364404,0.602899999999871,0,0.200493939393981,0.399651785714321,0.991183255814119,0.949892307692229,0.139967074663416,0.316151428571386,0.606644372093057
11.5,4,1,0.465377273986513,0.429668529680453,0.0357087443060551,0.157736770769652,0.373431056334045,434,0.325529411764761,0.266142857142624,0,0.108357142857198,0.328792590476156,0,0,0,0.00445111111109478,0.143849849487093,0.0258055555555734,0.00274404761904398,0,0.0167857142857031,0.205439401923011,0.688499999999938,0.662749999999999,0,0.227727272727275,0.475157444117547,1.15947857142794,1.10993846153853,0.0600941176472829,0.365728205128017,0.689121369747754
11.5,5,0,0.209869396244807,0.194817799069608,0.0150515971752044,0.0752039491233394,0.246375578277949,434,0.138906976744179,0.103965077605279,0,0.0512372505543452,0.226467420930064,0,0,0,0.00489195804190672,0.113039613488373,0.0202307146908725,0.00556133720929282,0,0.0170375000000661,0.146674494512167,0.287600687103613,0.261411565977796,0,0.105465909090955,0.268131258410477,0.506614090908916,0.501094999999941,0.0422534883720641,0.172888414634149,0.389187524547897
11.5,5,1,0.196711641001123,0.1791241441274,0.0175874968737218,0.0735796410159413,0.270797407095688,434,0.0758684210526312,0.0536174089070364,0,0.0389964912280845,0.227881899999962,0,0,0,0.00322222222216623,0.1161221388889,0,0,0,0.0070277777782116,0.161682013157913,0.312093567251331,0.252328947368346,0,0.098602564102523,0.317281605555556,0.563900584795244,0.518777894736812,0.0229473684210533,0.183162280701721,0.452621997894711
11.5,6,0,0.104189592750167,0.101745643754305,0.00244394899585884,0.0479420989112476,0.207869018182337,436,0.0392045454545641,0.0300568181817818,0,0.0240119047619249,0.17748591818182,0,0,0,0.00386363636360701,0.092502657272707,0,0,0,0.00638419913423123,0.125870345665943,0.127500000000014,0.124625000000005,0,0.0612878787878774,0.239384200000005,0.260136363636258,0.260136363636258,0,0.101575216450264,0.318580551818187
11.5,6,1,0.147108794779372,0.145042529488855,0.00206626529051782,0.0611245644932277,0.267216013094352,436,0.026000000000181,0.0079375000000006,0,0.0213750000001429,0.234622049999973,0,0,0,0.00362500000001731,0.10406459000001,0,0,0,0.00559374999999029,0.154035075000057,0.194468749999977,0.193616071428621,0,0.0881093749999984,0.317675650000213,0.435749999999985,0.435749999999985,0,0.160093750000101,0.427960460000052
11.5,7,0,0.0772078144717536,0.0746706108236944,0.00253720364806025,0.0380554831190518,0.232128744534254,438,0.00854239256678487,0.00514396456255842,0,0.0168358348968601,0.202014600199345,0,0,0,0.00309686411150085,0.0918255133408809,0,0,0,0.00534912790699005,0.146448764634197,0.0971607142857107,0.0965357142856971,0,0.050660975609749,0.263535362485507,0.220709523809611,0.21822558139539,0,0.0914395348837097,0.362023221498236
11.5,7,1,0.0963718917299115,0.0908134447910914,0.00555844693881879,0.0448560028443921,0.277994866157001,438,0,0,0,0.0139059829059845,0.22568997777776,0,0,0,0.00303684210524465,0.11666055052627,0,0,0,0.00495833333334458,0.174544034473726,0.0946944444444348,0.0930526315788893,0,0.0569502923976362,0.324126738596648,0.299198830409324,0.296073333333255,0,0.124596491228007,0.418852822456112
11.5,8,0,0.0857315174341135,0.0831015366944652,0.00262998073964838,0.0435641432885067,0.245808694439629,437,0.0328536585365849,0.0221707317073086,0,0.0220487804877854,0.205694194736812,0,0,0,0.00365442875483995,0.100473579999994,0,0,0,0.00599999999999574,0.152820508536603,0.102975609756092,0.0999999999999645,0,0.0528648648648525,0.291099777439006,0.232145454545428,0.225126315789481,0,0.10888510911425,0.366470401676077
11.5,8,1,0.108104632347612,0.105379797238531,0.00272483510908232,0.0499164691599621,0.287746872517328,438,0.000133333333339181,0,0,0.0138333333333201,0.229755999999978,0,0,0,0.00304666666666776,0.113556853333344,0,0,0,0.00500000000001914,0.172786024999989,0.106000000000002,0.104716666666673,0,0.0614523809523963,0.348154933333345,0.371483333333261,0.361183333333305,0,0.147233333333345,0.495436326666646
11.5,9,0,0.158546581197112,0.146560681262089,0.0119858999350234,0.0605065997517665,0.24864832191114,405,0.0539545454545455,0.0454999999999991,0,0.0295454545454496,0.205678181818172,0,0,0,0.000236363636363958,0.101857747272779,0,0,0,0.00631818181818615,0.154844545454547,0.196909090909096,0.186227272727272,0,0.0803181818181736,0.286327272727345,0.365213636363667,0.36086363636368,0.00633636363636267,0.155025668449197,0.381962536363589
11.5,9,1,0.127382896924355,0.122720074812968,0.00466282211138819,0.0523161886949281,0.289985249371423,401,0,0,0,0.0120000000000005,0.23143696,0,0,0,0,0.110497660000002,0,0,0,0.0048749999999842,0.169586769999995,0.156749999999989,0.155250000000009,0,0.0651249999999948,0.3343011,0.379749999999997,0.377625000000009,0,0.137625000000014,0.461071019999992
11.5,10,0,0.335108248084589,0.316804699331755,0.0183035487528356,0.108448459767744,0.314869160700506,420,0.206500000000003,0.196285714285723,0,0.0750952380952475,0.276196026190484,0,0,0,0.00396666666666813,0.142383233333331,0.0434285714285704,0.0318928571428582,0,0.0234999999999932,0.186726320238095,0.509369047619068,0.491551785714302,0,0.155035714285722,0.376078707142854,0.807052380952439,0.793804761904718,0.0333476190476193,0.254990476190404,0.507178385714244
11.5,10,1,0.464074424603175,0.433436567460318,0.030637857142857,0.143160099206351,0.446418084113205,420,0.317799999999999,0.281049999999992,0,0.0985999999999763,0.370577400000042,0,0,0,0.00388000000000006,0.1678854,0.0383250000000033,0.0059000000000097,0,0.0272000000000275,0.254001899999999,0.690999999999829,0.653275000000166,0,0.209375000000035,0.572299960000037,1.08253000000005,1.07368,0.0519999999999847,0.340280000000002,0.779977899999993
11.5,11,0,0.714433418348707,0.64417400960043,0.070259408748277,0.223268056458459,0.405764026925113,438,0.558895232815993,0.498136363636377,0,0.179318181818178,0.365924448139555,0.000700000000004118,0.000427272727265201,0,0.01928181818182,0.178861559999984,0.235750000000009,0.163113636363599,0,0.0719318181818561,0.235880049999993,1.02911363636365,0.950170454545482,0,0.315329545454576,0.476364065454527,1.44443636363631,1.41053181818183,0.181836363636345,0.454318181818173,0.678785950909062
11.5,11,1,0.834207247338302,0.740523952143791,0.0936832951945082,0.276419378128825,0.570735207323066,437,0.697249999999996,0.589124999999996,0,0.223999999999876,0.472277400000093,0,0,0,0.0103500000000111,0.254106059999968,0.293500000000009,0.163125000000001,0,0.0992499999999268,0.325768750000004,1.23849999999982,1.17237499999993,0,0.394375000000011,0.77982679999999,1.67245000000003,1.61294999999993,0.284449999999953,0.576850000000002,0.938329559999979
11.5,12,0,1.03915966517044,0.923078019853197,0.116081645317243,0.333278412518781,0.564122457882871,442,0.94043478260875,0.798282608695637,0,0.29819565217391,0.495403430434776,0.0771478260869528,0.0171043478261165,0,0.0489652173913036,0.22780427652174,0.481934782608713,0.295576086956502,0,0.133934782608655,0.333328171739094,1.51853260869556,1.39334782608694,0,0.465771739130416,0.73128897499998,1.98991739130415,1.89974782608701,0.459073913043467,0.656873913043486,0.901612592569397
11.5,12,1,1.14669894957984,1.00533163246068,0.141367317119155,0.379201151422098,0.650182770869473,442,1.00168750000006,0.824187499999965,0,0.303562499999969,0.518696099999949,2.50000000008304e-05,0,0,0.0292624999998416,0.232386680000018,0.473624999999998,0.221406249999973,0,0.129531250000003,0.352349374999998,1.59720312499979,1.49821875000001,0,0.542046875000027,0.900644874999964,2.40453750000011,2.29282500000028,0.49597500000007,0.782799999999999,1.12893875999994
12,1,0,1.02897030118759,0.902623069026665,0.126347232160928,0.332758771838684,0.568871938830473,443,0.894619047619147,0.765857142857148,0,0.285999999999993,0.510451199999936,0.0294857142857251,0.0116476190475994,0,0.0314285714285368,0.210684476190499,0.409357142857111,0.258285714285691,0,0.126166666666652,0.321747371428494,1.48369047619047,1.42797619047621,0,0.485904761904754,0.703998242857124,2.02557619047611,1.9297714285716,0.403160439560471,0.654609523809493,0.972407559999892
12,1,1,0.972167610806557,0.867999175893084,0.104168434913471,0.315283198520187,0.634896340148149,443,0.804099999999971,0.713399999999819,0,0.244999999999982,0.56794179999998,0,0,0,0.0185600000000068,0.240954999999929,0.32768124999998,0.22224999999994,0,0.114949999999947,0.353381200000002,1.45500000000038,1.37805000000008,0,0.451200000000005,0.816127000000072,2.05108000000019,1.93344000000019,0.274920000000052,0.676020000000117,1.04933403999999
12,2,0,0.872605524232479,0.77924106086566,0.093364463366821,0.275386659198052,0.511648402677686,442,0.749337499999908,0.608762500000077,0,0.230025000000035,0.437790800000071,0.00622500000003357,0.000715000000009243,0,0.0258196153846148,0.219059199999993,0.341818749999931,0.212487499999955,0,0.113037500000024,0.301567549999972,1.2055375000002,1.14821250000008,0,0.386324999999948,0.692747200000064,1.83835500000023,1.75455500000006,0.267144999999985,0.573714999999951,0.818819600000084
12,2,1,0.966262491022045,0.848758484611786,0.117504006410259,0.301058908371042,0.585112650718274,442,0.778374999999812,0.62350000000022,0,0.237499999999983,0.505398399999959,0.00314999999995961,0,0,0.0198875000000129,0.230758319999961,0.325390625000055,0.20371874999999,0,0.105906249999976,0.332927440000044,1.4195,1.26324999999993,0,0.441000000000031,0.842144000000002,2.05926250000012,2.01397500000003,0.345787500000148,0.652237500000217,0.987759159999842
12,3,0,0.55995763907456,0.496428965817092,0.0635286732574684,0.174785842656596,0.37488079044723,443,0.455000000000006,0.390956521739119,0,0.147782608695509,0.32919758260865,0.00205612648223618,0.000331225296461278,0,0.0167363636363679,0.16902882782609,0.208139751552843,0.129043478260872,0,0.0659329937303972,0.231688634782571,0.778293478260899,0.726217391304327,0,0.249565217391319,0.474304226086841,1.19345217391315,1.11346956521732,0.219181654294845,0.355947826086959,0.589720577391257
12,3,1,0.516896620290895,0.467172527256396,0.0497240930344995,0.171356960962916,0.419235192919291,443,0.377124999999922,0.3119,0,0.133624999999938,0.338991200000009,0,0,0,0.00499999999997271,0.183890719999987,0.0944374999999127,0.0365312499999816,0,0.0310000000000059,0.244103349999959,0.779374999999731,0.721374999999824,0,0.259750000000054,0.508029499999956,1.18209999999987,1.17732499999984,0.108007142857139,0.384937500000171,0.773703999999914
12,4,0,0.400191377124239,0.354883566444937,0.0453078106793053,0.132455920920337,0.343045941466712,434,0.309444444444464,0.270633333333353,0,0.104280952380985,0.298146897619024,0,0,0,0.00654835164832886,0.149337636666666,0.0991547619047587,0.0669500000000328,0,0.0453809523809674,0.204875192857116,0.598615384615362,0.504535714285654,0,0.18419285714282,0.412327921428594,0.923938461538539,0.867853846153908,0.13262662337663,0.300216666666712,0.575622116279159
12,4,1,0.443698421688404,0.405041444541575,0.0386569771468301,0.144395682809938,0.400638313165685,434,0.297285714285668,0.266946969696872,0,0.100063025210136,0.35742184999992,0,0,0,0.00414444444433779,0.143076788235286,0.0512880952380632,0.0049642857142942,0,0.0249499999999652,0.2203185984126,0.646932773108756,0.607124999999335,0,0.220333333333542,0.503967432142856,1.12222380952387,1.09508076923063,0.0633058823526038,0.34623750000005,0.713256362666639
12,5,0,0.194253772091211,0.180325401377706,0.0139283707135036,0.0698128591561363,0.235902648904859,434,0.119659090909098,0.104847251585487,0,0.0468884778012664,0.209925936585356,0,0,0,0.00539546511629946,0.10819438232559,0.0148571428571312,0.00844053911209386,0,0.0145340909091012,0.139327645265427,0.262090697674382,0.237623214285742,0,0.100236662106697,0.263216640000004,0.523541130820334,0.493032804878025,0.0322138477801295,0.16710499999999,0.374483308682168
12,5,1,0.184486883633942,0.165459118486259,0.019027765147679,0.0677633648827469,0.283730076021783,434,0.0565555555555572,0.0373450292397047,0,0.029842105263144,0.227397259210577,0,0,0,0.00317719298247077,0.122859339298271,0,0,0,0.00596111111112299,0.174642349999991,0.27931578947351,0.228363157894639,0,0.100547697368507,0.33664101670044,0.542794736842119,0.511221052631524,0.0276105263157899,0.172621457489802,0.496762544736836
12,6,0,0.0956273350696127,0.0929598790193002,0.00266745605031307,0.0450443525753861,0.217018680526213,436,0.0237840909091202,0.0206931818181317,0,0.0236704545453922,0.170863294805212,0,0,0,0.00396428571428695,0.086281487907,0,0,0,0.00612500000005928,0.130354294714591,0.114485389610384,0.113386363636356,0,0.060212341437592,0.253043341626763,0.27659090909089,0.263045454545425,0,0.110537878787897,0.37264529818182
12,6,1,0.121697223132371,0.118194442169062,0.0035027809633056,0.0533447329619963,0.268817774865969,436,0.000250000000107776,6.24999999985222e-05,0,0.0161250000001019,0.226939978571452,0,0,0,0.00356250000004721,0.108487330000013,0,0,0,0.00537500000004343,0.160667450000044,0.142374999999902,0.137671875000002,0,0.0632321428572004,0.31991502499999,0.360218749999888,0.352800000000008,0,0.149281250000001,0.423466289999953
12,7,0,0.0716531654153379,0.069697903678742,0.00195526173659426,0.0375770281813388,0.249017264304119,438,0.00276829268293068,0.00051800232285812,0,0.0157695560252855,0.205761931173881,0,0,0,0.00299268292683116,0.10477173544715,0,0,0,0.00499999999999362,0.155363102127056,0.0869512195121535,0.0848658536585364,0,0.0508806012479692,0.282354878048715,0.200817275747524,0.196127131782953,0,0.0946975609756339,0.413821179098214
12,7,1,0.091754529219907,0.0889304757228413,0.00282405349706805,0.0428058347702856,0.294850702989973,438,0,0,0,0.0134222222221944,0.247412422222117,0,0,0,0.00294736842105235,0.11933054157893,0,0,0,0.00489035087721645,0.184137311111158,0.118650000000012,0.117883823529374,0,0.0599188596492771,0.351971913157916,0.300461111111185,0.292994444444447,0,0.121111111111151,0.460264571578909
12,8,0,0.0750438373683813,0.0729626355493034,0.00208120181907816,0.0392573101578535,0.256393700372598,437,0.0186585365853683,0.0127073170731198,0,0.0174347826086114,0.214602571052626,0,0,0,0.00328703465974187,0.105560750000005,0,0,0,0.00553658536588079,0.158753907894758,0.103789473684198,0.102390243902436,0,0.0480243902438819,0.28737122439025,0.19803451219512,0.19803451219512,0,0.0873469043152778,0.454071123953812
12,8,1,0.111933461078492,0.110190348445313,0.00174311263318173,0.0486502409944163,0.2807705274565,438,0.00128333333330299,0.000166666666665567,0,0.0138999999999884,0.228671500000116,0,0,0,0.00299999999995938,0.10939192333331,0,0,0,0.00499999999998977,0.172181000000016,0.152883333333406,0.144549999999952,0,0.0687333333333153,0.328584250000017,0.36712460317462,0.36712460317462,0,0.134777777777878,0.493989293333342
12,9,0,0.139017421828978,0.131268106534471,0.00774931529450614,0.0555860961275162,0.235250132574545,406,0.0538863636363645,0.045441387559806,0,0.0296818181818185,0.195987654545511,0,0,0,0.00022727272727252,0.103586367272699,0,0,0,0.00620681818181893,0.149446927272692,0.183454545454547,0.174227272727275,0,0.0722159090909072,0.261607636363569,0.352227272727273,0.352227272727273,0.00324999999999807,0.146977272727236,0.370397029090904
12,9,1,0.126375519534496,0.12419399418121,0.00218152535328436,0.0523214879468005,0.281361644019054,401,0,0,0,0.0117500000000206,0.228196199999997,0,0,0,0,0.112946959999999,0,0,0,0.00475000000001558,0.173510800000016,0.122000000000071,0.118750000000002,0,0.0585000000000022,0.328085799999995,0.408874999999995,0.402000000000044,0,0.15362499999992,0.434777159999965
12,10,0,0.304784963409607,0.286800371572872,0.0179845918367348,0.101392419604205,0.323531284215633,420,0.203023809523832,0.183952380952286,0,0.0708095238095147,0.275651695238089,0,0,0,0.00303785714284901,0.151318938095238,0.0479166666666881,0.0267976190475816,0,0.0298809523809552,0.208264723809533,0.449511904761967,0.417821428571468,0,0.139071428571428,0.39302979047617,0.726742857142914,0.726742857142914,0.0197476190476179,0.231433333333311,0.499041904761933
12,10,1,0.443662539682537,0.416061111111106,0.0276014285714275,0.13949373015873,0.412922388528309,420,0.296399999999983,0.255099999999987,0,0.0948875000000008,0.35458929999992,0,0,0,0.00335000000000463,0.174445500000013,0.0155000000000058,0.00150000000000574,0,0.0288000000000707,0.246970950000064,0.660975000000015,0.616824999999989,0,0.201049999999927,0.495294925000005,1.12797,1.12729500000005,0.0330000000000156,0.337289999999999,0.735560850000137
12,11,0,0.692546429733022,0.627661634290005,0.0648847954430157,0.216810877207785,0.397422416565117,438,0.525795454545358,0.467568181818204,0,0.171477272727256,0.352527272727278,0.00951190476190478,0.000245454545434272,0,0.0218636363636431,0.180988839740269,0.217318181818183,0.161829545454547,0,0.0784318181818219,0.240932323232333,0.981340909090937,0.923647727272703,0,0.309465909090926,0.47510616363638,1.52600909090914,1.43587727272733,0.177500000000008,0.442322727272794,0.653313309090978
12,11,1,0.81645835536733,0.736841650561833,0.0796167048054953,0.270228853143088,0.55257710718893,437,0.662750000000002,0.563000000000074,0,0.219374999999971,0.460625000000008,0,0,0,0.0102999999999938,0.225260799999973,0.246249999999975,0.148875000000011,0,0.0864999999999583,0.335421250000005,1.19212499999992,1.11937499999988,0,0.395333333333316,0.732193749999991,1.71817499999999,1.66087500000028,0.239725000000255,0.560724999999956,0.943478235294137
12,12,0,1.01485891308489,0.904231946248113,0.110626966836771,0.324080746492266,0.564542611326229,442,0.900086956521778,0.792065217391259,0,0.28949999999998,0.533135063043491,0.0421391304348152,0.0170260869564803,0,0.0481986270022893,0.238798113913034,0.481956521739008,0.308880434782604,0,0.133108695652234,0.354612308695656,1.42743478260877,1.34982608695656,0,0.447467391304328,0.695779870217382,1.99191739130434,1.86295434782614,0.42181739130433,0.601926086956455,0.87433360565211
12,12,1,1.16133645765999,1.01576684039,0.145569617269986,0.378300937297997,0.603942037278662,442,1.02096875000004,0.888812499999758,0,0.318562500000055,0.542794400000003,0.00146249999993415,0.00103749999997263,0,0.0277624999999937,0.205733979999987,0.472906249999959,0.224875000000026,0,0.128968749999974,0.309616400000002,1.63893749999997,1.53768749999984,0,0.560437500000134,0.789428349999931,2.35044999999997,2.19962500000001,0.461462499999967,0.796525000000083,1.10059475999988
12.5,1,0,1.01709034969136,0.897074016202301,0.120016333489055,0.328018120781193,0.56823011730468,443,0.909857142857206,0.788428571428556,0,0.294666666666672,0.511856171428565,0.026019047619056,0.0122952380952411,0,0.0357999999999876,0.204503523809537,0.401999999999967,0.266535714285699,0,0.12452380952382,0.347717166666626,1.43285714285695,1.38795238095231,0,0.473761904761919,0.712139314285601,1.96918095238081,1.8895142857142,0.384304761904726,0.640371428571473,0.937738857142748
12.5,1,1,0.92906349609444,0.826090844351277,0.102972651743167,0.297491463775121,0.62004817188271,443,0.792999999999894,0.66979999999985,0,0.251400000000035,0.556689999999821,0,0,0,0.018779999999997,0.240417309999985,0.290549999999984,0.209899999999834,0,0.102400000000068,0.347732299999985,1.40244999999982,1.26924999999992,0,0.439650000000073,0.814305999999979,1.94914000000022,1.88435999999991,0.297639999999974,0.63046000000003,1.06552999999986
12.5,2,0,0.83930467657605,0.749063346804715,0.0902413297713368,0.268156960276204,0.475638778130005,442,0.682249999999954,0.594149999999944,0,0.219550000000015,0.405035599999996,0.0169199999999989,0.000909999999999942,0,0.0349211111111302,0.202862559999992,0.317162499999972,0.1885500000001,0,0.110837499999995,0.291920000000015,1.15173750000005,1.09740624999978,0,0.370975000000056,0.608600300000014,1.72970202702793,1.66826500000007,0.243854999999994,0.55457099999987,0.750398160000028
12.5,2,1,0.969298034726739,0.855059857340383,0.114238177386348,0.305636461700069,0.601763535465079,442,0.834250000000282,0.683187500000002,0,0.255875000000117,0.55673049999999,0.00133749999989732,0,0,0.0260125000000882,0.244828559999956,0.344406249999651,0.214937500000133,0,0.121437499999992,0.324031049999955,1.41175000000027,1.31946874999983,0,0.441562500000046,0.799706250000029,2.02726875000037,1.95968750000004,0.37525000000021,0.62657500000007,1.02227719999991
12.5,3,0,0.540458833964736,0.479163778267315,0.0612950556974221,0.172537825494467,0.371808606739841,444,0.445543478260947,0.352695652173956,0,0.141478260869601,0.316817367391342,0.00191916996046447,0.000150674662681568,0,0.0129260869565977,0.168515717826092,0.18837432065217,0.132021739130427,0,0.0655652173913036,0.228509356225292,0.737369565217369,0.662815217391317,0,0.232706521739183,0.435939340217363,1.14737826086959,1.10798695652148,0.192940000000042,0.367769565217371,0.602820255652056
12.5,3,1,0.501220618555659,0.458690144515022,0.0425304740406328,0.165795480081121,0.39508425306622,443,0.383000000000038,0.320749999999862,0,0.12668750000006,0.328171900000002,0,0,0,0.00515000000006012,0.155872280000057,0.0873437499999029,0.0280312499998452,0,0.0316250000000693,0.231012800000032,0.745249999999886,0.699187500000221,0,0.240910714285967,0.443654699999929,1.12840000000052,1.11986250000045,0.112600000000213,0.357649999999967,0.724920919999911
12.5,4,0,0.381929410138173,0.342387769159489,0.0395416409786843,0.126510963757576,0.346355499153129,434,0.275851282051252,0.239769230769183,0,0.0950142857142918,0.308533178571689,0,0,0,0.0054384615383924,0.149585561743583,0.0971464285714098,0.0536612903225689,0,0.043299999999996,0.197483854838738,0.545438461538562,0.499792857143004,0,0.172684362934486,0.407429872093014,0.862973076922375,0.836635714285511,0.103935555555574,0.294209523809407,0.560878441860464
12.5,4,1,0.421319749580052,0.383075430916426,0.0382443186636213,0.135197561922349,0.396714543609434,434,0.256849999999948,0.204058333333248,0,0.0852081447963692,0.318546733333416,0,0,0,0.00411111111108463,0.164114011764712,0.0141357142857487,0.0014390756300903,0,0.0162083333333553,0.212317148076943,0.622685314685383,0.582875000000361,0,0.193777777777707,0.478776653846161,1.00905000000006,0.957162499999726,0.058800000000042,0.327839560439565,0.700975411764505
12.5,5,0,0.190956202514527,0.179583712317643,0.0113724901968844,0.0706684144411158,0.256424684953904,434,0.114013636363585,0.101728128460693,0,0.0481865750528725,0.22496214268292,0,0,0,0.00521409090909391,0.11657092811841,0.0217813059034267,0.0129659090908891,0,0.0167683139534747,0.14880946976744,0.256668604651155,0.238925806451623,0,0.0953068181818239,0.275894489534917,0.459914545454614,0.450523678646862,0.0289999999999979,0.156137694013194,0.430070059387405
12.5,5,1,0.179279155466859,0.165447875660519,0.0138312798063366,0.0669174759406373,0.310174989970523,434,0.0668362573099845,0.0458830409356566,0,0.0370263157894568,0.242299534210535,0,0,0,0.00313777777778995,0.129370413333336,0,0,0,0.00684027777781353,0.176247232456145,0.255609649122777,0.220909090909087,0,0.0937666666666601,0.373245678157802,0.527197368421181,0.500883157894612,0.027722222222226,0.177829473684248,0.498405515672526
12.5,6,0,0.0925614933024363,0.0898766398687753,0.00268485343366132,0.0416762900024527,0.215381549053159,436,0.0261090067340925,0.0177045454545351,0,0.0208480113637257,0.172334636363646,0,0,0,0.00392045454547574,0.0808005116279112,0,0,0,0.00583245243129737,0.127849345182712,0.114534090909084,0.109852272727287,0,0.0509059196616783,0.239803500366565,0.235818181818207,0.229727272727245,0,0.0955113636363846,0.323953313636387
12.5,6,1,0.125416719910446,0.12263704674531,0.0027796731651361,0.0539874112603693,0.277639978914457,436,0,0,0,0.0159999999999627,0.215818549999985,0,0,0,0.00359374999992746,0.108807800000033,0,0,0,0.00525000000006771,0.161001400000091,0.148656250000014,0.141187500000047,0,0.0647083333333464,0.314666949999955,0.355437500000005,0.346812499999942,0,0.142531249999855,0.471368080000055
12.5,7,0,0.0727710965086773,0.0707754982972968,0.0019955982113808,0.0361000415536454,0.243057355595554,438,0.00541860465116255,0.000939024390246652,0,0.0157468060394508,0.195427713233647,0,0,0,0.0029364285714075,0.106123029393936,0,0,0,0.00498255813954924,0.151295891293246,0.0785938538206136,0.0780490033223094,0,0.046763937282221,0.26120693420309,0.18211951219509,0.177434374999987,0,0.0828178294573255,0.373736686324197
12.5,7,1,0.101920845407812,0.0993649076069142,0.00255593780089855,0.0461747788988503,0.289960095648812,438,0,0,0,0.0144444444444519,0.228393750000037,0,0,0,0.00293315789475867,0.120352272105216,0,0,0,0.0048888888888775,0.171687311111137,0.0964429824561555,0.095578947368431,0,0.0575394736841274,0.328741506578886,0.349777192982525,0.347266666666615,0,0.124653333333384,0.471232061111128
12.5,8,0,0.0738264014950506,0.0715806714790344,0.00224573001601711,0.0387086565117736,0.255276428875488,437,0.0159756097560983,0.00897560975615151,0,0.0177804878048902,0.2090464597561,0,0,0,0.0032665188469954,0.106045090000002,0,0,0,0.00539024390242161,0.158499743902438,0.087184210526314,0.0841951219511474,0,0.0462272727272648,0.293858249999977,0.208377150192576,0.205349679075775,0,0.0891609756097238,0.383184869762335
12.5,8,1,0.110230541965647,0.108482996303546,0.00174754566210038,0.0470271771037235,0.264576223330101,438,6.66666666802487e-05,0,0,0.0136666666667225,0.215910283333323,0,0,0,0.00293333333339203,0.102499556666655,0,0,0,0.00499999999995756,0.17106113333335,0.14325000000001,0.142350000000043,0,0.0577166666666779,0.307902258333344,0.355472857142876,0.355472857142876,0,0.139526666666574,0.43365962333334
12.5,9,0,0.135462601708365,0.128583175281797,0.006879426426568,0.0512715545152422,0.231166404248037,406,0.0432954545454539,0.0384999999999991,0,0.0288181818181385,0.197683636363637,0,0,0,0.000227272727272763,0.104711935311004,0,0,0,0.00594318181817015,0.146032654545454,0.172852272727286,0.155874999999996,0,0.068318181818187,0.256372727272748,0.379477272727263,0.379477272727263,4.54545454534707e-05,0.134477272727291,0.344163414545421
12.5,9,1,0.111558811305068,0.1048389443059,0.00671986699916814,0.0435731504571851,0.268015180057132,401,0,0,0,0.0121250000000259,0.218163300000001,0,0,0,0,0.109114719999999,0,0,0,0.0048749999999913,0.17596360000003,0.115124999999999,0.0956249999999984,0,0.0492500000000025,0.312901399999998,0.368625000000023,0.36200000000008,0,0.129625000000004,0.410751819999922
12.5,10,0,0.29339727502617,0.27663965597855,0.01675761904762,0.096273007591926,0.327496333433365,420,0.180309523809529,0.168095238095313,0,0.0692142857142843,0.277751314285747,0,0,0,0.00294547619047322,0.154931461904762,0.0406428571428563,0.0204880952380912,0,0.0245952380952493,0.209947409523805,0.422416666666572,0.407000000000002,0,0.138928571428573,0.378826855952426,0.687052380952383,0.687052380952383,0.0205000000000567,0.210028571428491,0.54490926904761
12.5,10,1,0.415785873015871,0.392676111111112,0.0231097619047608,0.131681309523809,0.402230294452827,420,0.281499999999994,0.249599999999986,0,0.0963500000000067,0.346198100000102,0,0,0,0.00354999999999507,0.172606299999999,0.0191250000000082,0.00110000000000241,0,0.024499999999989,0.244654350000079,0.643300000000045,0.594825000000003,0,0.199849999999988,0.501135599999874,0.999640000000092,0.995279999999876,0.0381600000000298,0.311450000000031,0.650844799999992
12.5,11,0,0.679249220050129,0.60985238600518,0.0693968340449476,0.211642701261514,0.410657012809284,438,0.532045454545418,0.45256818181821,0,0.165386363636366,0.362218181818063,0.00235909090908784,0.000304545454551689,0,0.0233818181818167,0.186900927272687,0.238752378435537,0.166649621212109,0,0.0780568181817553,0.239315109090903,0.933806818181842,0.863272727272692,0,0.293693181818177,0.512273681818184,1.37099696969689,1.33467727272723,0.171649999999976,0.434095454545762,0.646107200000215
12.5,11,1,0.821881610916694,0.736134738300373,0.0857468726163234,0.268662693177955,0.550252053788522,437,0.666249999999998,0.595874999999978,0,0.21824999999999,0.463911400000076,0,0,0,0.0126499999999879,0.226491205600001,0.248875000000027,0.131749999999897,0,0.084799999999991,0.327806049999977,1.14875000000014,1.08575000000002,0,0.369250000000008,0.688695099999995,1.81167500000006,1.72937500000001,0.262249999999746,0.584799999999997,0.954796039999986
12.5,12,0,1.02118155042051,0.915439632952603,0.105741917467907,0.325918907029898,0.58426656633075,442,0.911478260869633,0.784869565217263,0,0.289847826086963,0.550967997826058,0.0762652173913031,0.00701739130434852,0,0.0524391304347825,0.235709195652177,0.469336956521703,0.323413043478299,0,0.140858695652149,0.35115231576088,1.40138043478255,1.31793478260874,0,0.443309782608648,0.753351956521751,1.97399999999975,1.88444347826079,0.38279999999996,0.613586956521731,0.916660260869642
12.5,12,1,1.16416402445593,1.03789686759319,0.126267156862743,0.382708469349283,0.630470851604073,442,1.03262500000048,0.832875000000058,0,0.321062499999979,0.587375550000059,0.0034999999999343,0.000400000000068613,0,0.0246125000000042,0.213166390000013,0.427218750000236,0.242718749999967,0,0.127843750000025,0.335053700000039,1.66653124999996,1.58634375000014,0,0.54478125000005,0.796768374999949,2.40163750000006,2.28194375000006,0.359762500000026,0.80560000000008,1.12693460000003
13,1,0,1.00752061347775,0.892936009797274,0.114584603680475,0.324508640764688,0.56254710830243,443,0.880571428571394,0.738047619047566,0,0.289000000000009,0.501389828571497,0.0298476190476278,0.00735238095238655,0,0.0343722943722848,0.219885923809494,0.413738095238046,0.26162044817932,0,0.127645363408557,0.332873711904775,1.46359523809525,1.35938095238107,0,0.481940476190514,0.711529033333329,1.97802857142863,1.916761904762,0.335390476190476,0.635228571428541,1.00041461142875
13,1,1,0.931681737969843,0.83221252239422,0.0994692155756184,0.295330199935509,0.612613961574075,443,0.785800000000017,0.704200000000037,0,0.256199999999996,0.51894309999994,0,0,0,0.0203799999999683,0.224383220000041,0.298366666666621,0.185449999999974,0,0.0899999999999694,0.372751250000003,1.36664999999984,1.27639999999997,0,0.436699999999985,0.794291400000002,1.95478000000032,1.91265999999992,0.253020000000297,0.628739999999943,1.0347866
13,2,0,0.806949273520848,0.721018251255006,0.0859310222658417,0.256332581292096,0.468477260709433,442,0.665300000000181,0.569449999999974,0,0.212024999999994,0.410184300000035,0.0176149999999438,0.00436749999998711,0,0.0303583333333393,0.20176748695653,0.323050000000075,0.200150000000025,0,0.103662500000031,0.279568899999978,1.11701250000007,1.03105000000037,0,0.346749999999974,0.590641449999961,1.7245499999999,1.667005,0.26619428571424,0.544754999999974,0.764853800000048
13,2,1,0.959412420096245,0.846053566939603,0.113358853156651,0.292580038425628,0.563716210758347,442,0.805375000000071,0.671187500000088,0,0.240500000000025,0.481470600000026,0.00826249999970516,0.000287500000044361,0,0.0280749999999984,0.22572397999996,0.31760937500006,0.207218750000007,0,0.109999999999985,0.335375000000013,1.37693124999974,1.28446874999972,0,0.416718749999972,0.765309828571657,2.11110000000001,1.93226249999986,0.310939999999732,0.627337500000081,0.931323360000038
13,3,0,0.542922636657311,0.484061619478233,0.058861017179078,0.170705758850495,0.372390424365636,444,0.434434782608644,0.389217391304278,0,0.144434782608711,0.330504745434759,0.00166521739128968,0.000113043478230516,0,0.0125130434782714,0.174037554782672,0.197097826087002,0.136315217391336,0,0.0701739130434439,0.223957193478276,0.747413043478277,0.70018478260875,0,0.23767934782611,0.462137259642379,1.17785434782604,1.09350434782598,0.201619565217466,0.360991304347608,0.634376934260799
13,3,1,0.501690891219374,0.458340528433184,0.0433503627861981,0.16289060992619,0.41759429470309,443,0.376624999999649,0.307875000000421,0,0.114583333333352,0.356782600000039,0,0,0,0.00499999999997271,0.185873999999975,0.0918124999999464,0.0425625000000025,0,0.0348541666669083,0.242742800000002,0.737624999999575,0.688124999999901,0,0.233250000000055,0.499750950000183,1.18669999999993,1.1596,0.0966833333333354,0.392099999999641,0.763353020000144
13,4,0,0.373446607532664,0.335811146633378,0.0376354608992844,0.122786935169292,0.341381377326807,434,0.262465034965118,0.229081395348763,0,0.090280075187902,0.293392619230816,0,0,0,0.0049461538461957,0.152331279069739,0.086992857142819,0.0552835420393431,0,0.0371112637362391,0.195581688461545,0.543775641025649,0.498865384615398,0,0.178121212121244,0.40623315952388,0.873092307692255,0.810580769230814,0.111302196382391,0.271572747252933,0.574011469999967
13,4,1,0.393933216313057,0.368093259544203,0.0258399567688602,0.130898042749326,0.363360428871807,434,0.259653846153871,0.223818181818063,0,0.0906047619048456,0.316097066666655,0,0,0,0.00433333333333698,0.152144037254882,0.0116785714284821,0.000215686274556438,0,0.0126785714285436,0.190604007692324,0.610642857142834,0.559928321678269,0,0.197458333333372,0.436768816666671,1.01990000000032,1.00080714285742,0.0410533333332991,0.328497619047627,0.605279570196098
13,5,0,0.189463726828558,0.177221802996646,0.0122419238319137,0.0694611444684934,0.249728439116714,434,0.118837209302307,0.100200000000024,0,0.0509383720930204,0.223033865116288,0,0,0,0.00474999999999301,0.115149796363632,0.0205000000000526,0.00950000000000273,0,0.0141374999999926,0.148955951673291,0.253575000000035,0.235461945031876,0,0.0926019163762783,0.283498956097574,0.462150000000029,0.43937272727269,0.0282483086681031,0.154812878787866,0.361854166511647
13,5,1,0.176381858977814,0.162987733637766,0.0133941253400472,0.0647751179067911,0.290707441881941,434,0.0625555555556931,0.0366666666666838,0,0.0330263157894689,0.227152355555608,0,0,0,0.00305263157897525,0.119134659239766,0,0,0,0.00653110047843447,0.171884716666734,0.279281250000015,0.243016081871343,0,0.0947805555555584,0.333952166666666,0.474677777777712,0.450225555555674,0.018721052631573,0.167838596491352,0.479589379754476
13,6,0,0.0945196528952856,0.0927636190304967,0.00175603386478893,0.042622580192715,0.208120334864959,436,0.0235227272727032,0.0198001835985306,0,0.0207613636363675,0.171366809090917,0,0,0,0.00353409090910762,0.0883962673995934,0,0,0,0.00590909090912171,0.126172048942898,0.116039772727253,0.111067370129863,0,0.0562821969697159,0.225097850000017,0.25567045454539,0.252624999999956,0,0.102261099365725,0.319408709090907
13,6,1,0.125039962865883,0.122443087865882,0.0025968749999987,0.0531096917322035,0.262886015866849,436,0.000249999999994088,6.2500000007404e-05,0,0.0165312500000336,0.215188349999971,0,0,0,0.00368749999994477,0.106279819999985,0,0,0,0.00525000000001796,0.155439950000007,0.166406249999938,0.164354166666636,0,0.0747700892856849,0.302014024999979,0.383612499999981,0.383612499999981,0,0.149281249999989,0.426229417999982
13,7,0,0.0762711105826464,0.0744236298810909,0.00184748070155582,0.0370884780375872,0.245348967029293,438,0.0075127758420516,0.0041370346598226,0,0.0196959517657437,0.202189638427465,0,0,0,0.0029686411149744,0.107605261602788,0,0,0,0.00504821428570993,0.155113957665536,0.0864659090908926,0.0862070399113055,0,0.0462198660714672,0.272042763811661,0.205149695121963,0.200920833333332,0,0.0871238095238238,0.364069181735652
13,7,1,0.0943105027318117,0.0888805046010113,0.00542999813079671,0.0426803999167979,0.271305458787754,438,5.26315789461238e-05,0,0,0.0143274853801282,0.22497598888889,0,0,0,0.00299999999998564,0.11644259625733,0,0,0,0.00500000000001499,0.159760807894769,0.113119883040936,0.107697368421033,0,0.0550000000000262,0.304924924269023,0.326447368420943,0.324907602339143,0,0.112892105263191,0.432457684035141
13,8,0,0.0724960107723781,0.0701358583793161,0.00236015239305978,0.035847482666199,0.250640339449306,437,0.0127,0.00809090909090895,0,0.0166315789474538,0.208897770066516,0,0,0,0.00345853658538389,0.102061217639009,0,0,0,0.00560975609756506,0.157927030487799,0.0909512195120463,0.0892682926829205,0,0.0465365853658679,0.2744260780488,0.192866752246446,0.18592682926825,0,0.0858626444159151,0.390719691219502
13,8,1,0.0876644605711369,0.0859492081611924,0.00171525240994408,0.0410627364644469,0.275068265215752,438,6.66666666650902e-05,0,0,0.0134666666666607,0.227299483333341,0,0,0,0.00300000000000485,0.112541733333335,0,0,0,0.00500000000003335,0.168240766666633,0.107350000000001,0.103083333333308,0,0.0484416666666533,0.307318708333322,0.289560000000089,0.289560000000089,0,0.115147500000021,0.437513183333345
13,9,0,0.132335864281747,0.125605399011989,0.00673046526975791,0.0500848599467764,0.248298890025281,406,0.046159090909095,0.0401590909091179,0,0.0271363636363606,0.205784472727317,0,0,0,0.000159090909090861,0.105777138181825,0,0,0,0.00614772727272594,0.153566285454546,0.176511363636368,0.170829545454547,0,0.0742613636363658,0.290545454545455,0.366148325358857,0.35100000000003,2.27272727164002e-05,0.122909090909084,0.38657290181818
13,9,1,0.120462489609318,0.110310058187872,0.0101524314214464,0.0472568578553668,0.276548572704774,401,0,0,0,0.0116250000000094,0.222674999999994,0,0,0,0,0.112011140000001,0,0,0,0.0047500000000007,0.170499999999999,0.129750000000001,0.117000000000004,0,0.0672499999998308,0.313486799999995,0.401875,0.395124999999894,0,0.143375000000013,0.416191240000004
13,10,0,0.298483243921306,0.284353306279583,0.0141299376417231,0.0973662129195124,0.321466044885297,420,0.186404761904769,0.172785714285709,0,0.0693357142857065,0.274241566666667,0,0,0,0.00220476190476282,0.153755216666679,0.0354404761904298,0.0185357142857145,0,0.0227380952381016,0.208274917857145,0.456595238095156,0.441130952380921,0,0.142869047619049,0.380830703571427,0.734290476190472,0.715557142856934,0.0194428571428564,0.221547619047583,0.488390626190504
13,10,1,0.422835714285714,0.401043333333336,0.021792380952379,0.130352857142856,0.403088820641506,420,0.305499999999984,0.270299999999951,0,0.0969000000000033,0.338867799999999,0,0,0,0.00319000000000301,0.192197200000004,0.00377500000000168,0.00102499999997221,0,0.0212000000000063,0.235678750000083,0.637324999999991,0.615575000000005,0,0.188025000000008,0.489472250000024,1.01322000000004,0.999820000000004,0.0328299999999893,0.319500000000022,0.649811899999998
13,11,0,0.678282056957144,0.607699595025366,0.070582461931777,0.212554323804951,0.406028768008442,438,0.514840909090899,0.463636363636394,0,0.165954545454544,0.35580686627909,0.00199545454545284,0.000659090909091547,0,0.0232863636363678,0.187546442097956,0.262318181818175,0.194818181818171,0,0.0844431818182366,0.242542279797983,0.941295454545463,0.874849431818219,0,0.295238636363621,0.484840299999982,1.4244318181818,1.36378636363634,0.175845454545448,0.434690909090931,0.689365272727208
13,11,1,0.815450998980824,0.730438069919041,0.0850129290617833,0.269762291758809,0.522798673044899,437,0.666624999999896,0.577125000000025,0,0.221375000000023,0.428765199999996,0,0,0,0.0128250000000179,0.204327200000054,0.265500000000031,0.157374999999945,0,0.0836249999999979,0.315793499999999,1.19437500000001,1.12200000000007,0,0.385999999999996,0.637462744117648,1.7665500000001,1.67344999999975,0.267074999999945,0.577950000000073,0.887378780000003
13,12,0,1.00340151916519,0.905380094604422,0.0980214245607663,0.323519068396396,0.579831045076879,442,0.882630434782657,0.79732608695651,0,0.287826086956441,0.529546178260881,0.0360695652173815,0.0165652173913031,0,0.0505304347826251,0.235575072973921,0.497597826086942,0.343086956521785,0,0.148913043478225,0.338253554891313,1.36959782608703,1.31052173913052,0,0.431684782608603,0.746533608695635,1.93331739130438,1.82013478260872,0.424926086956545,0.617141304347844,0.933157644521725
13,12,1,1.13656182800041,1.00933341548156,0.127228412518852,0.373733846423184,0.654842685132264,442,0.978625000000136,0.855156250000008,0,0.298562499999982,0.593577850000021,0.0171499999993216,0.00221250000003162,0,0.0400125000000076,0.256964499999987,0.477343749999804,0.27962500000001,0,0.146812499999953,0.35257449999997,1.63592187499999,1.51571874999987,0,0.53674999999982,0.886424000000021,2.24363749999989,2.16151249999954,0.418012499999998,0.763500000000015,1.12038970000015
13.5,1,0,1.01251114106725,0.898172465634584,0.114338675432663,0.324318058168465,0.576823857091003,443,0.893857142857217,0.755238095238123,0,0.266999999999901,0.504132940476218,0.0552857142857192,0.0118190476190524,0,0.0380761904762173,0.226520810000024,0.400857142857246,0.292380952380925,0,0.134285714285793,0.315633749999973,1.4600476190476,1.34207142857154,0,0.466642857142839,0.740722933333349,2.0659142857141,1.963419047619,0.314247619047598,0.669790476190451,1.04904967904761
13.5,1,1,0.93428134427962,0.836298584238055,0.0979827600415655,0.295312612418932,0.593122502746914,443,0.753099999999995,0.668799999999919,0,0.232799999999907,0.494386979999956,0,0,0,0.0169599999999924,0.218064499999985,0.361875000000069,0.218699999999899,0,0.107049999999999,0.320454350000002,1.37719999999981,1.32804999999976,0,0.43484999999996,0.783980175000051,1.9090000000004,1.84012,0.39402000000001,0.624099999999908,1.01489939999992
13.5,2,0,0.824834310269937,0.739707248225199,0.0851270620447393,0.259706128554534,0.484569642982922,442,0.684394999999724,0.607349999999997,0,0.211650000000003,0.405549999999927,0.0182900000000018,0.00305499999999789,0,0.0282850000000065,0.195693540000008,0.316675000000249,0.199262500000009,0,0.102674999999965,0.299055399999954,1.17563793103436,1.11516874999977,0,0.36661250000003,0.586582699999909,1.77545499999992,1.66125999999999,0.258345000000004,0.529829999999986,0.799643520000035
13.5,2,1,0.967046745044173,0.858103501400565,0.108943243643609,0.297051123141558,0.58645045548465,442,0.810089285714306,0.684812500000021,0,0.254374999999996,0.509237099999957,0,0,0,0.0255374999999645,0.225840459999926,0.336137500000095,0.215812500000022,0,0.106687499999996,0.316968599999998,1.38163839285702,1.32862500000016,0,0.425156250000015,0.750317799999938,2.06266250000073,1.89055357142847,0.237887500000093,0.61386249999922,0.974458240000033
13.5,3,0,0.535721471300767,0.479363287694696,0.0563581836060714,0.169017183363684,0.351154296144114,444,0.435347826087032,0.379978260869551,0,0.139369565217422,0.301058132608723,0.0157086956521692,0.00152608695652422,0,0.0176913043478368,0.161576831304364,0.197108695652095,0.140130434782615,0,0.0718253105589973,0.214778704347816,0.754661102484458,0.699081521739135,0,0.236454593267917,0.420982834782668,1.10812608695664,1.02799999999991,0.174830434782714,0.350473913043483,0.596523478260908
13.5,3,1,0.504721185924687,0.465810782022719,0.0389104039019704,0.162857070093181,0.395725975637734,443,0.380124999999794,0.302625000000035,0,0.121375000000057,0.325506999999985,0,0,0,0.00500000000002956,0.173848919999991,0.0795937499999723,0.0265625000000256,0,0.032562500000033,0.229456800000045,0.736624999999975,0.69693749999999,0,0.224699999999889,0.453474999999819,1.19769999999999,1.17369999999983,0.0911750000000104,0.372532142857251,0.697139120000061
13.5,4,0,0.384873065872955,0.349442712300036,0.0354303535729174,0.12608020394711,0.327429519734267,434,0.269452380952589,0.225661904761885,0,0.0931046511627477,0.283902025054858,0,0,0,0.00585384615389838,0.154143355813953,0.0809615384615247,0.0465363372093134,0,0.0382738095238397,0.195815130952379,0.525860017889067,0.508988095238166,0,0.177135714285642,0.380111030769402,0.96871428571434,0.85920314685317,0.0945585714285794,0.27769194991058,0.502708966060663
13.5,4,1,0.411141189917564,0.380945029579986,0.0301961603375777,0.13553538369817,0.359778708252602,434,0.258225000000019,0.213749999999967,0,0.0920888888888904,0.310100020512828,0,0,0,0.0040799999999778,0.140589347692367,0.0125333333337494,0.000642857142834835,0,0.0160166666666017,0.188474769871788,0.611964285714196,0.553909090908962,0,0.203730769230804,0.466548974999963,1.02105238095265,1.00476153846171,0.0519336134453657,0.332761538461991,0.596130159237844
13.5,5,0,0.21526536861161,0.202879387727203,0.0123859808844066,0.0786850166456157,0.264921971246942,434,0.125566596194513,0.110968181818184,0,0.0528273809524021,0.225903423324236,0,0,0,0.00463787878787531,0.120393840000021,0.0132992424242432,0.00680813953489094,0,0.0151693722942279,0.154175175000019,0.287846341463394,0.269270348837211,0,0.10131889534894,0.299813073141698,0.547618604651307,0.512130268918296,0.0343590909090049,0.177195238095232,0.446902524651234
13.5,5,1,0.174975463490823,0.163135320943232,0.0118401425475901,0.0642500182764785,0.283760161043359,434,0.0563078947368428,0.0351754385965476,0,0.0280263157894542,0.229518947368403,0,0,0,0.00310701754385984,0.114001412982442,0,0,0,0.00660416666674996,0.167197373684142,0.254026785714349,0.225694444444394,0,0.0896236842104917,0.319524997368407,0.490140350877233,0.469784210526335,0.0129813765182188,0.163529824561334,0.503543298596355
13.5,6,0,0.13958255285941,0.137882493685197,0.00170005917421177,0.0567765982094836,0.229567482287359,436,0.0312500000000115,0.0248863636363391,0,0.024965909090913,0.18671530000001,0,0,0,0.00366649048626074,0.0865515009090991,0,0,0,0.00667613636354115,0.124908682103154,0.150045454545482,0.150045454545482,0,0.0638636363636661,0.258939934090912,0.34536363636351,0.339772727272723,0,0.138454016913367,0.381006205454531
13.5,6,1,0.151495235364787,0.147224325578848,0.00427090978593486,0.0586890577217161,0.274138930937387,436,0.00118750000001455,0.000218750000016144,0,0.017218749999893,0.237831245000044,0,0,0,0.0034999999999993,0.100745340000014,0,0,0,0.00524999999998244,0.152798550000033,0.176937500000065,0.176937500000065,0,0.0761830357143246,0.334731694000022,0.463000000000137,0.463000000000137,0,0.156124999999765,0.440114840000028
13.5,7,0,0.109391534317798,0.10753177369434,0.00185976062345903,0.0476450009671961,0.249403417069127,438,0.00591036585367308,0.00144352159470124,0,0.0197674418604683,0.201041965750511,0,0,0,0.00292628048779261,0.103686882369317,0,0,0,0.00514285714284719,0.149120661807097,0.0887757037943739,0.0876679197995086,0,0.0519404761903912,0.289534549773121,0.245466666666588,0.240551948051814,0,0.0974142857142765,0.410262166279078
13.5,7,1,0.120537445870596,0.118404811575438,0.00213263429515873,0.0500759407773841,0.275096703704829,438,0,0,0,0.0182777777777877,0.233693711403374,0,0,0,0.00300000000001451,0.113933662105309,0,0,0,0.00500000000006872,0.170020791666672,0.126069444444448,0.121361111111229,0,0.0622678571429083,0.330691405555547,0.327876315789372,0.318212499999921,0,0.125916959064257,0.423117908947352
13.5,8,0,0.106111054649377,0.104468106443619,0.00164294820575812,0.0477528162779633,0.251438875143254,437,0.0222682926829271,0.0162926829268211,0,0.0219999999999782,0.205838735815157,0,0,0,0.00321951219512935,0.101521202926837,0,0,0,0.00631578947368295,0.151525362305991,0.101170731707318,0.0989024390243919,0,0.0508048780487936,0.278421873170712,0.233634146341445,0.233634146341445,0,0.11690243902438,0.420961613658531
13.5,8,1,0.11507738004639,0.113381965282311,0.00169541476407875,0.0475763046314413,0.267296876618758,438,0,0,0,0.0131833333333589,0.222734244444446,0,0,0,0.00285666666657022,0.114211410000004,0,0,0,0.00499999999998182,0.16241499999994,0.135583333333398,0.135083333333538,0,0.0587261904761969,0.304153833333353,0.272573333333327,0.272573333333327,0,0.112686666666807,0.420202283333336
13.5,9,0,0.187091568627797,0.180915891582519,0.00617567704527763,0.0675603000789368,0.2547739057497,406,0.0646590909090916,0.0604090909091069,0,0.0323409090909376,0.20326388181805,0,0,0,0.00011363636363618,0.101141050909067,0,0,0,0.0084545454545419,0.151842318181831,0.213136363636363,0.207683080808053,0,0.0804545454545484,0.290789090909079,0.40970454545456,0.405159090909092,0,0.141772727272726,0.409676185454542
13.5,9,1,0.165405548628426,0.158949189526181,0.00645635910224455,0.0613731296758082,0.294714944361897,401,0,0,0,0.0130000000000337,0.226100000000026,0,0,0,0,0.10858012,0,0,0,0.00474999999999959,0.163274999999988,0.163375000000002,0.153624999999976,0,0.0708750000000009,0.359539200000009,0.526624999999966,0.517875000000004,0,0.182749999999885,0.503653599999996
13.5,10,0,0.34668034602477,0.33102560112681,0.015654744897959,0.111565769951918,0.315549115461812,420,0.217952380952379,0.19680952380958,0,0.0731666666666499,0.250335514761975,0,0,0,0.00237619047619303,0.150789523809524,0.0433690476190629,0.0304642857142773,0,0.0270238095238134,0.195694489285711,0.474595238095282,0.454511904761932,0,0.147809523809523,0.363299180952356,0.812366666666667,0.788273949579844,0.0156333333333406,0.257561904761885,0.540630057142845
13.5,10,1,0.420941210317458,0.398199067460316,0.0227421428571432,0.130644960317464,0.369639424452843,420,0.319099999999992,0.285599999999997,0,0.0963999999999914,0.299415000000008,0,0,0,0.00326000000000392,0.179595450000002,0.0405312499999992,0.00792500000004401,0,0.028524999999999,0.215521699999997,0.578150000000022,0.557350000000025,0,0.183074999999988,0.440735849999994,0.996749999999996,0.963319999999999,0.0412499999999993,0.301620000000179,0.639216599999999
13.5,11,0,0.675336820867192,0.613066443001781,0.0622703778654125,0.213908435910554,0.397829598045104,438,0.503454545454543,0.449863636363671,0,0.16193181818182,0.329080981818009,0.00549545454546207,0.000782467532481218,0,0.0199954545454528,0.188971653659664,0.254034090909068,0.202886363636361,0,0.0877499999999842,0.238279295454583,0.957954545454477,0.912500000000073,0,0.298090909090911,0.48498482727272,1.42747272727275,1.33937727272724,0.171618181818152,0.431456818181805,0.665437883636324
13.5,11,1,0.79559739846739,0.70927142592734,0.0863259725400475,0.260832341243133,0.523007743523545,437,0.640375000000063,0.563750000000028,0,0.204124999999983,0.434327799999923,0,0,0,0.0144499999999937,0.212578679999976,0.245375000000025,0.160124999999937,0,0.0782499999999971,0.293924900000022,1.19412499999999,1.10125000000005,0,0.384375000000027,0.646598099999957,1.67655000000006,1.60219999999995,0.231574999999938,0.55444999999998,0.97691204000005
13.5,12,0,0.999818307383012,0.904214067620012,0.0956042397630006,0.324382817427933,0.580712551964519,442,0.842086956521746,0.751021739130495,0,0.284630434782601,0.50167412130436,0.0629782608695633,0.0164782608695648,0,0.0530652173913026,0.241826659130426,0.50934782608695,0.302000000000047,0,0.141399327122167,0.362503341304341,1.38056521739119,1.32618478260869,0,0.444521739130384,0.738696739130342,1.91217826086945,1.88025217391296,0.385539130434743,0.656965217391297,0.966773251478261
13.5,12,1,1.11277262174102,0.99247614738205,0.12029647435897,0.368162382837749,0.634321880554663,442,0.913437499999972,0.780999999999964,0,0.291187499999979,0.524333419999989,0.0168374999999795,0.00516250000000013,0,0.0451874999999959,0.245770770000021,0.474812499999956,0.282093750000044,0,0.139906249999988,0.335024250000036,1.55599999999987,1.48293749999979,0,0.49853125000001,0.815517149999481,2.17176249999991,2.08142500000008,0.417937500000102,0.791074999999973,1.17867053999998
14,1,0,1.0200503149998,0.902335579838769,0.117714735161036,0.323379118940644,0.543259936856328,443,0.886571428571447,0.746190476190458,0,0.281523809523822,0.510696666666687,0.0609428571428605,0.0207904761904891,0,0.0327350649350614,0.22146602380952,0.434000000000001,0.268785714285765,0,0.129357142857121,0.297587348847924,1.4619523809524,1.36628571428565,0,0.470833333333379,0.675597979761895,2.07057142857167,2.02316190476186,0.388238095238293,0.653933333333442,0.967735734285655
14,1,1,0.92106267825791,0.820923142624237,0.10013953563367,0.287990320774663,0.56779556212346,443,0.781899999999995,0.681499999999971,0,0.240399999999977,0.524051200000076,0,0,0,0.0154600000000016,0.240376720000003,0.346049999999935,0.220100000000139,0,0.110350000000022,0.322327941666844,1.35204999999983,1.27365000000017,0,0.423500000000035,0.688504600000056,1.83388000000021,1.77827999999976,0.280460000000094,0.602980000000071,0.939956160000029
14,2,0,0.83065835881201,0.742577534889933,0.0880808239220753,0.259010792593386,0.481607436746062,442,0.677699999999993,0.611200000000099,0,0.22302500000001,0.42827999999998,0.0181899999999678,0.012004999999989,0,0.0302828571427875,0.198873040000018,0.29047500000001,0.212287499999885,0,0.0949812500000182,0.294003199999983,1.22434999999985,1.04676250000004,0,0.370468749999984,0.658377500000013,1.79357999999978,1.67301000000001,0.247067999999984,0.510635000000009,0.778158000000007
14,2,1,0.937719477213961,0.827990837104073,0.10972864010989,0.294552296559654,0.542455269646635,442,0.801562500000159,0.675250000000304,0,0.253562499999959,0.474664999999998,0,0,0,0.0217124999999981,0.214245120000007,0.344750000000147,0.217218750000029,0,0.115562500000053,0.286215799999999,1.35812500000001,1.26981250000031,0,0.446750000000122,0.704073220000007,1.91225000000017,1.83831249999989,0.315918749999941,0.60761249999986,0.918039184000031
14,3,0,0.538646095019709,0.486108771179163,0.0525373238405481,0.168539165727087,0.35716916691505,444,0.458673913043522,0.391228260869604,0,0.138565217391389,0.319393513043463,0.0146826086956431,0.00103478260869689,0,0.0209695652174105,0.172278756086951,0.201474864130446,0.138412267080776,0,0.0684763198757805,0.225468950000003,0.77475543478264,0.728771739130455,0,0.244830199765006,0.407089401086949,1.12576304347833,1.05766521739131,0.185339130434763,0.344291304347714,0.583545043478223
14,3,1,0.480344779984877,0.439658666634338,0.0406861133505361,0.153026547953551,0.407333485234214,443,0.339124999999967,0.28875000000005,0,0.114874999999984,0.330967299999945,0,0,0,0.0049249999999347,0.175144840000045,0.0661250000001701,0.0231874999999703,0,0.0281249999999318,0.241983999999971,0.710593750000044,0.664437499999991,0,0.227874999999955,0.474267566666691,1.17147499999992,1.10562499999996,0.0738624999998422,0.350500000000165,0.752943440000251
14,4,0,0.430227314129298,0.395819257296601,0.034408056832698,0.140779212984879,0.326120682946352,434,0.299054817275703,0.249866883116887,0,0.102528571428569,0.294088299248071,0,0,0,0.00731538461537779,0.151792918228966,0.0941346153846412,0.0664941860465536,0,0.043105992844346,0.194247048449574,0.624470129870098,0.576370879120779,0,0.197449999999966,0.384351367524909,1.04662857142871,0.976706060606154,0.110204797979682,0.313836923076823,0.545472705647872
14,4,1,0.439613267411272,0.41186859681839,0.0277446705928787,0.146727640656246,0.356590462739959,434,0.27692222222221,0.236512820512684,0,0.0986111111111486,0.305663961904934,0,0,0,0.00412063492067102,0.131356660769242,0.039749999999954,0.00125714285714507,0,0.0182132352941133,0.175840657143022,0.669118589743652,0.65062499999999,0,0.212195054944859,0.421895217856824,1.12999047619008,1.07943076923073,0.0701590476190715,0.360410989011038,0.618025121318731
14,5,0,0.234998000565077,0.223260130734511,0.0117378698305668,0.0840499965216291,0.249640016466387,434,0.134335497835497,0.110375000000022,0,0.0511395348837209,0.211104300000005,0,0,0,0.0058745454542879,0.11034753454542,0.0241420873510496,0.00872443181817123,0,0.0200705602537226,0.1474246666667,0.310448863636531,0.28385338137474,0,0.109914870689445,0.299226874418697,0.590905348837271,0.590905348837271,0.0260162790697737,0.190738292682932,0.383984676655111
14,5,1,0.193076295029263,0.181463707179482,0.011612587849779,0.0708748619563835,0.259213749173228,434,0.058304093567332,0.0331315789474017,0,0.0306249999998158,0.207143839122875,0,0,0,0.00312514619881884,0.110349742105304,0,0,0,0.00744791666669661,0.156609394736845,0.25321212121202,0.219289473684206,0,0.0877105263157708,0.308178214035141,0.55295000000002,0.51385789473685,0.012531578947376,0.175601960784336,0.453338178803381
14,6,0,0.139848643917631,0.138438622858821,0.00141002105881129,0.0575909537469787,0.225598139847276,436,0.0378841991341644,0.0320096153846186,0,0.0269772727272653,0.186926841849934,0,0,0,0.00370941558442086,0.0851426242423932,0,0,0,0.00775568181819324,0.129331347727206,0.133017045454496,0.127407196969708,0,0.0631306818181972,0.255545474894299,0.313188961038885,0.309416233766149,0,0.119605015673943,0.411692721818177
14,6,1,0.169221158256874,0.165443358180431,0.00377780007644957,0.0647689411314947,0.253795486354495,436,0.000821428571456855,0.00025000000019304,0,0.0199999999999747,0.221236578571426,0,0,0,0.00349999999999584,0.0978135100000192,0,0,0,0.00562500000000554,0.149267075000027,0.177435267857145,0.177435267857145,0,0.0771999999999812,0.302939999999869,0.425625000000195,0.425625000000195,0,0.156166666666626,0.425442359999955
14,7,0,0.116455951100226,0.114756928778301,0.001699022321925,0.0494116892001756,0.251442215404426,438,0.0116071428571416,0.00564123652864386,0,0.0201808943088871,0.214455480572857,0,0,0,0.00291951219511171,0.100472745238124,0,0,0,0.00521650055373264,0.1516290295661,0.0884015882019298,0.0877067373461208,0,0.0459244186046406,0.281903031976773,0.255727874564507,0.242106504065074,0,0.111144518272423,0.386070236666694
14,7,1,0.136673204895055,0.133611720491957,0.00306148440310027,0.0549322099528978,0.271224972254002,438,8.33333333403629e-05,5.26315788803051e-05,0,0.014055555555747,0.213800386666561,0,0,0,0.00289842105258997,0.117728580584773,0,0,0,0.00492499999996249,0.161472880116944,0.108690789473789,0.107947368421045,0,0.0523289473683961,0.317419155555549,0.33641333333343,0.335108888888928,0,0.131833333333372,0.472897246666675
14,8,0,0.135188154832239,0.133385110505348,0.00180304432689101,0.0561132756795045,0.254919806384457,437,0.0278048780487773,0.02360526315789,0,0.0221707317073308,0.223427898536613,0,0,0,0.00306315789467692,0.0974935907317055,0,0,0,0.00618518518518209,0.150772845731727,0.115181818181844,0.114999999999973,0,0.0553684210525669,0.301131097561003,0.32409711751662,0.32409711751662,0,0.131654172015404,0.399181311938364
14,8,1,0.154107283286226,0.152360948938176,0.00174633434804784,0.0603568085453377,0.281049813737215,438,6.6666666669827e-05,0,0,0.0133333333333914,0.23258004999999,0,0,0,0.00287250000002992,0.10743759952381,0,0,0,0.00488333333336139,0.164123041666667,0.153300000000037,0.14968333333342,0,0.0610333333332866,0.328299725,0.451000000000037,0.451000000000037,0,0.166090000000017,0.445665670000003
14,9,0,0.221114571185086,0.213157721773155,0.00795684941193071,0.0784918408761007,0.256142052317998,406,0.0735681818181715,0.0658636363636685,0,0.0357727272727262,0.206718181818184,0,0,0,0.000227272727272521,0.0948933454545464,0,0,0,0.0083750000000018,0.152395254545448,0.222068181818181,0.212340909090916,0,0.0860568181818165,0.304541490909086,0.494340909090901,0.494340909090901,0,0.178818181818249,0.48527925878789
14,9,1,0.184982855361602,0.175471321695766,0.00951153366583422,0.0684094970906069,0.28349605820952,401,0,0,0,0.012750000000004,0.229886800000062,0,0,0,0,0.104573880000009,0,0,0,0.00483333333331615,0.170699000000081,0.174125000000004,0.162624999999991,0,0.0716249999999939,0.339950000000001,0.551249999999982,0.551249999999982,0,0.203250000000025,0.506561839999981
14,10,0,0.386660801674205,0.370472139542684,0.0161886621315194,0.124944362169113,0.317780815415997,420,0.255619047619051,0.224880952380929,0,0.0795952380952182,0.258004004761914,0,0,0,0.00382380952381005,0.138889361904762,0.0662261904761797,0.0560476190475983,0,0.0343333333333248,0.193818892857144,0.493511904761914,0.46676190476188,0,0.167178571428579,0.359134941666659,0.849161904761834,0.819704761904758,0.020928571428561,0.261442857142881,0.565038683333339
14,10,1,0.444256190476192,0.420077142857144,0.0241790476190483,0.139304067460313,0.37251491141508,420,0.340900000000008,0.306650000000002,0,0.109449999999992,0.328057050000018,0,0,0,0.0041299999999825,0.170157250000018,0.0315500000000036,0.0102750000000114,0,0.0239500000000192,0.224341649999885,0.610224999999997,0.596524999999998,0,0.199325000000005,0.433978624999997,1.06243999999999,1.01936999999999,0.0292999999999901,0.315209999999991,0.550923250000011
14,11,0,0.702783040591273,0.636554984590954,0.0662280560003185,0.217380099631088,0.413309341517257,438,0.58265800865804,0.5034899577167,0,0.177863636363642,0.3803267679069,0.00129545454545366,0.00117272727272745,0,0.0300636363636311,0.188711405454548,0.263297077922084,0.214761363636358,0,0.0877840909090872,0.241221868636377,1.00727272727276,0.964727272727207,0,0.307038825757586,0.520963563636375,1.52839545454545,1.41025909090907,0.188040909090925,0.442895454545598,0.66156346181831
14,11,1,0.777603132832074,0.695383071809962,0.0822200610221163,0.257862693017711,0.504861163590619,437,0.695625000000063,0.527124999999955,0,0.22375000000001,0.434770600000062,0,0,0,0.00900000000000887,0.206345420000007,0.227874999999983,0.143500000000018,0,0.0755000000000906,0.300606250000005,1.17124999999981,1.07325000000006,0,0.385625000000061,0.613450850000002,1.65972500000008,1.61664999999999,0.21585,0.543830000000014,0.903973879999973
14,12,0,1.00459715532096,0.90192920718032,0.102667948140645,0.323111275006465,0.562046761324589,442,0.921663975155252,0.791717391304335,0,0.295304347826087,0.507181267391316,0.0771826086956518,0.0176347826086855,0,0.0471869565217297,0.242423544782604,0.493097826086925,0.317500000000035,0,0.136391304347833,0.333159673913078,1.41392391304347,1.32526086956512,0,0.457195652173905,0.692622995652175,1.87099130434776,1.798452173913,0.418208152173859,0.623204347826074,0.959217372608675
14,12,1,1.10459489603535,0.984908951465211,0.119685944570139,0.357279046811032,0.612460962501772,442,0.974812500000013,0.886500000000098,0,0.305999999999997,0.539285099999958,0.0161624999999927,0.00440000000000405,0,0.0421875000000057,0.231816060000051,0.463468749999976,0.291906249999929,0,0.145499999999884,0.332499399999973,1.54421428571415,1.4777500000003,0,0.476187500000087,0.787285350000042,2.16284999999999,2.08528750000004,0.400350000000035,0.774950000000012,1.11985000000004
14.5,1,0,1.05703216456546,0.942261478400638,0.114770686164816,0.3359696003866,0.561724674431363,443,0.929809523809517,0.832690476190616,0,0.287761904761911,0.479647023809505,0.0567047619047606,0.00603157894739014,0,0.0389619047618984,0.243312110000023,0.420571428571412,0.290904761904763,0,0.138220551378465,0.327022773809516,1.56120238095238,1.48004761904768,0,0.490797619047642,0.729404023809511,2.12219999999987,1.9843428571429,0.377076190476211,0.67041904761899,0.939906106666681
14.5,1,1,0.97665096115949,0.871432076122411,0.105218885037082,0.306436191282384,0.597220269037035,443,0.867300000000159,0.722299999999995,0,0.26379999999981,0.555922250000034,0,0,0,0.0266628571428596,0.23673519000008,0.360350000000289,0.241812499999961,0,0.112424999999962,0.328058292500038,1.38994999999991,1.33035000000041,0,0.440549999999961,0.766258199999939,1.95294000000001,1.82610999999983,0.338379999999993,0.635880000000025,0.977851260000014
14.5,2,0,0.86523992101331,0.767994758654887,0.0972451623584284,0.271107836775182,0.487487832319035,442,0.724800000000368,0.615425000000005,0,0.225434999999996,0.412670399999999,0.0215049999999075,0.00395000000001346,0,0.0369149999999786,0.195014109565208,0.314399999999986,0.241587499999963,0,0.106049999999973,0.299979271052662,1.25623125000007,1.16420000000002,0,0.384287499999979,0.595017259999953,1.71187000000001,1.60476500000008,0.285712500000104,0.562640000000144,0.827825871999959
14.5,2,1,0.934496227016436,0.83206932144651,0.102426905569919,0.290913184568699,0.5596694626551,442,0.775750000000244,0.708375000000046,0,0.252187500000019,0.499975000000433,0.00107499999990637,0.000637499999913871,0,0.0217499999999468,0.243075080000022,0.300250000000027,0.199057291666636,0,0.107656249999964,0.322571499999968,1.35543749999994,1.25656250000006,0,0.416624999999954,0.686876844999986,1.92556249999992,1.8252625000001,0.297131249999983,0.60625000000008,0.940762999999853
14.5,3,0,0.579311110401954,0.526092187744222,0.0532189226577316,0.18134474708229,0.374196423109093,444,0.470119565217475,0.402116666666646,0,0.144891304347737,0.320374399999841,0.00401575757575763,0.00146086956522634,0,0.0218400621118095,0.178006379130413,0.21261413043474,0.141179347826101,0,0.0733260869565472,0.231736217391331,0.783413043478212,0.751456521739131,0,0.248592391304283,0.441673012096826,1.12996956521749,1.10950869565216,0.190780434782676,0.362121739130435,0.620370034382596
14.5,3,1,0.472733576205575,0.435966287427769,0.0367672887778066,0.152519709391442,0.40791545798818,443,0.323166666666735,0.297250000000133,0,0.113999999999464,0.344957999999948,0,0,0,0.0044000000000267,0.176266880000027,0.0447500000000787,0.00459375000000061,0,0.03021875000003,0.232115399999983,0.67403125000002,0.61468750000006,0,0.214291666666579,0.502163000000142,1.15048214285726,1.11699999999998,0.0810500000002207,0.352912499999974,0.721198712727353
14.5,4,0,0.449438784795741,0.410427179162269,0.0390116056334715,0.149899468423577,0.323469242670151,434,0.307538095238097,0.257772425249144,0,0.105591731266101,0.276979585897465,0,0,0,0.00621923076926189,0.145212354651166,0.105466905187893,0.0759369409660616,0,0.048930555555536,0.196317023809523,0.624057692307745,0.591234615384589,0,0.203008241757944,0.403033731312382,1.04070022624428,0.963986813186889,0.13917173524149,0.326399999999766,0.520298207142875
14.5,4,1,0.476447347740116,0.44364882747819,0.0327985202619255,0.155431624014748,0.360442916382407,434,0.290603921568508,0.236216666666663,0,0.0888809523810269,0.304800101587391,0,0,0,0.00416349206343439,0.129072000000007,0.0522214285714068,0.0126166666666667,0,0.0293666666666513,0.18260912009802,0.668099999999921,0.607130952381016,0,0.211216783216943,0.411185924999707,1.34236666666664,1.27211666666655,0.0563999999999154,0.374838461538545,0.653560429230773
14.5,5,0,0.232237909774548,0.219997900429878,0.0122400093446698,0.0833146162297248,0.252752340364857,434,0.125502272727247,0.100000000000011,0,0.0475769656699525,0.218077048780476,0,0,0,0.0052376744186468,0.110861499999986,0.021877906976749,0.00784381606765291,0,0.0195000000000919,0.144896874999992,0.28953511904761,0.275403805496741,0,0.101784090909097,0.280005157539568,0.569386363636335,0.563144534883648,0.0325744186046261,0.194017647058828,0.428375166580508
14.5,5,1,0.212329799937074,0.201142629671733,0.0111871702653435,0.0796545322985199,0.279063689911538,434,0.084944444444419,0.0701842105263815,0,0.0382105263157735,0.222094689561318,0,0,0,0.00312514619889134,0.109540335789441,0,0,0,0.00861666666665108,0.158632899999989,0.272444444444318,0.240824561403513,0,0.102272321428547,0.312732289743623,0.620866666666512,0.610120833333361,0.012170175438516,0.199744444444568,0.485599648376118
14.5,6,0,0.120067413688644,0.118824118889111,0.00124329479953286,0.0515039707462431,0.211850723276475,436,0.0329038054968268,0.0317159090909472,0,0.023090909090916,0.179005718604649,0,0,0,0.00368181818181218,0.0834466722077757,0,0,0,0.00680113636356597,0.119768186128535,0.112630681818196,0.111142045454523,0,0.0556477272727393,0.237714311363619,0.275340909090945,0.275340909090945,0,0.116621794871809,0.398651942727304
14.5,6,1,0.15211434168851,0.150297732361293,0.00181660932721807,0.0620608071210086,0.251608959837742,436,0.00162500000007526,0.000322916666666136,0,0.016281250000187,0.203885450000095,0,0,0,0.00356250000001523,0.095933000000003,0,0,0,0.0053593749997971,0.148162505000009,0.165593750000063,0.160781250000004,0,0.0692968749998001,0.291311250000033,0.383531249999926,0.383531249999926,0,0.153093749999954,0.41944560000004
14.5,7,0,0.0855330542767175,0.083551905397834,0.00198114887888309,0.039581947566022,0.237432975023454,438,0.00666250709019162,0.0038333333333672,0,0.0156466346152946,0.2066952023256,0,0,0,0.00296097560974459,0.0994406039534842,0,0,0,0.00524584717606531,0.145370718604646,0.0841428571428313,0.0772500000000251,0,0.0446453488372037,0.278389194186021,0.201748837209298,0.198884336525369,0,0.0872478405314989,0.357093845757631
14.5,7,1,0.102576769337297,0.100403113736088,0.00217365560120935,0.0435451797944405,0.273380395022194,438,0,0,0,0.0134166666665863,0.220930995321601,0,0,0,0.00286631578933111,0.111389004210529,0,0,0,0.00484722222220708,0.166929380306978,0.0845694444444408,0.07971929824558,0,0.0484613486841704,0.318095362719073,0.304802499999988,0.295374444444462,0,0.102133333333311,0.431735989999969
14.5,8,0,0.113627220439694,0.112194296355403,0.00143292408429175,0.0482034445160506,0.246377465887709,437,0.024780487804891,0.02109756097561,0,0.0212682926829131,0.203408191707324,0,0,0,0.00294648928306895,0.0939508219511834,0,0,0,0.00558536585360878,0.145483631731706,0.113829268292703,0.111804878048754,0,0.0484347826087592,0.29067275914633,0.273668292682942,0.273668292682942,0,0.111517073170765,0.408195893157877
14.5,8,1,0.134737107704574,0.130704180256577,0.00403292744799811,0.0515715436326733,0.253414536488829,438,6.66666666668664e-05,0,0,0.013266666666641,0.213286016666763,0,0,0,0.0028724999999986,0.0978191733333319,0,0,0,0.00483333333335168,0.151613666666693,0.135049999999955,0.128700000000004,0,0.0559333333333901,0.301035666666653,0.303603333333285,0.303603333333285,0,0.134843333333375,0.399832916666665
14.5,9,0,0.173973721048417,0.166695845826522,0.00727787522189461,0.0634293217455536,0.240928054526984,407,0.0553636363636502,0.0477272727272396,0,0.0281818181818235,0.189782416363557,0,0,0,0.000509090909091079,0.0921515781818176,0,0,0,0.00764772727273271,0.144140399999999,0.201227272727274,0.192481601731598,0,0.0713863636363609,0.2684041090909,0.40352727272727,0.387345454545453,0,0.14085818181818,0.423406418181816
14.5,9,1,0.15169181213633,0.147181213632588,0.00451059850374126,0.058240232751455,0.259200364533341,401,0,0,0,0.0122499999999661,0.208955000000079,0,0,0,0,0.102497839999999,0,0,0,0.00462499999999721,0.143549999999978,0.121875000000046,0.118625000000009,0,0.0626250000000255,0.2966413,0.460874999999987,0.460625000000278,0,0.16562500000002,0.415078440000009
14.5,10,0,0.401769689577849,0.382607444679891,0.0191622448979598,0.124965626121659,0.311564032645102,420,0.233166666666672,0.212404761904766,0,0.0770000000000043,0.260980214285714,0,0,0,0.00413333333333399,0.140551023809497,0.0534285714285706,0.0440476190476223,0,0.029084558823497,0.17902507142857,0.529273809523497,0.502440476190356,0,0.170773809523746,0.355322085714281,0.945133333333365,0.934033333333396,0.0201666666666712,0.28236666666667,0.533826871428552
14.5,10,1,0.474220158730158,0.451352539682538,0.0228676190476188,0.146345317460317,0.367061544924529,420,0.302650000000013,0.26015000000001,0,0.0978500000000047,0.2854323,0,0,0,0.00284999999997929,0.166768299999996,0.0270999999999333,0.0128499999999689,0,0.0291249999999934,0.218414025000018,0.650949999999924,0.610012500000006,0,0.210100000000014,0.445837050000043,1.11194999999982,1.10947999999999,0.02897,0.346189999999997,0.64444805
14.5,11,0,0.76803786005671,0.701649483878098,0.0663883761786138,0.239082241252982,0.429361386773583,438,0.613704545454642,0.568713530655403,0,0.200522727272749,0.371501027272737,0.0541000000000003,0.0294604545454582,0,0.0340909090908849,0.204441032727293,0.301477272727275,0.211215909090901,0,0.095699866310171,0.241575736363638,1.04782954545456,1.00906818181816,0,0.329875000000009,0.538151933615224,1.52066193181814,1.45289090909094,0.17517272727274,0.482577272727243,0.781790723636348
14.5,11,1,0.840294096895062,0.758709504980488,0.0815845919145734,0.27349667775577,0.516518697177938,437,0.680624999999509,0.577750000000152,0,0.225124999999991,0.444847058823672,0,0,0,0.0104500000000144,0.201976440000035,0.2375,0.150500000000022,0,0.0812500000000007,0.272771999999987,1.23720000000014,1.14924999999997,0,0.380875000000117,0.635496999999993,1.86435000000001,1.82295000000022,0.229341666666711,0.581975000000009,1.05855220000002
14.5,12,0,1.040665543451,0.937921704866761,0.102743838584236,0.335065904375885,0.588406041759982,442,0.924152173913241,0.809217391304341,0,0.28760869565217,0.506496370434793,0.061508695652173,0.019808695652183,0,0.0553739130434669,0.259332799999991,0.504309782608725,0.352380434782625,0,0.1565108695653,0.343434739130434,1.48022826086968,1.40448840579721,0,0.470967391304333,0.763019321739186,1.99903043478258,1.93705217391303,0.408669565217437,0.654308695652204,0.98365828782609
14.5,12,1,1.12361780327517,1.00938293336566,0.1142348699095,0.373147606927381,0.659536917708097,442,0.960125000000041,0.799187499999932,0,0.305375,0.529686650000014,0.00367499999999552,0.00103749999997862,0,0.0443374999999712,0.237312389999964,0.464374999999997,0.25537500000004,0,0.139312499999977,0.354045625000025,1.61896875000002,1.5355312499999,0,0.530218750000017,0.887192200000511,2.26573749999969,2.20421250000007,0.384162499999951,0.786499999999952,1.18255545999959
15,1,0,1.1294877641182,1.00800607467763,0.121481689440575,0.358259865183514,0.56810265456837,443,1.03980952380954,0.875047619047412,0,0.314380952380913,0.522925777619015,0.0558761904761721,0.0112857142857002,0,0.0397428571428533,0.240769403809471,0.457047619047606,0.304904761904806,0,0.14973809523809,0.347589273809523,1.66780952380963,1.57002380952374,0,0.545190476190463,0.736987588095219,2.12359047619036,2.08141904761891,0.383714285714255,0.723819047618998,0.944365818628552
15,1,1,1.04877432145543,0.945403767153946,0.103370554301483,0.33112852484861,0.58665786012345,443,0.952100000000064,0.816300000000047,0,0.290300000000002,0.547059999999955,0,0,0,0.0287400000000367,0.249318030000015,0.479250000000092,0.287225000000017,0,0.143150000000008,0.356969999999922,1.51199999999977,1.45370000000003,0,0.481749999999977,0.737036624999978,1.92118000000014,1.86038000000015,0.310629999999855,0.657580000000016,0.917650400000084
15,2,0,0.930141526074056,0.839387262068041,0.090754264006011,0.292560017269014,0.493994419700813,442,0.753387500000025,0.654575000000045,0,0.23490000000001,0.43986999999999,0.0464850000000041,0.0256599999999901,0,0.0361800000000494,0.196941446956536,0.356149999999991,0.276187500000009,0,0.123900000000036,0.29070545000002,1.31352499999987,1.227275,0,0.415456249999883,0.644299149999998,1.91204500000005,1.87049500000025,0.245325000000023,0.617174999999926,0.825781711999973
15,2,1,0.988349488256842,0.892661267776348,0.0956882204804932,0.308182942792497,0.580186837591445,442,0.865687500000035,0.736300000000024,0,0.265625000000028,0.491799999999965,0.000562500000046388,0.000137500000028013,0,0.0231875000001083,0.253470866666623,0.35212500000003,0.228374999999907,0,0.120031249999947,0.31888650000006,1.41634374999998,1.3392812500002,0,0.44421875000009,0.756695250000027,2.0060999999999,1.98793749999979,0.334166666666576,0.628549999999978,0.959548279999981
15,3,0,0.62704255828483,0.574116511939266,0.0529260463455607,0.195134551353531,0.372869359231269,444,0.488217391304458,0.420130434782402,0,0.149514492753617,0.326023252173782,0.0305086956521781,0.0155652173913027,0,0.0237521739130117,0.172126631304388,0.242021739130441,0.171739130434785,0,0.0804456521739904,0.220092347826096,0.87212499999988,0.82078260869558,0,0.263315217391362,0.448634685024141,1.3133652173914,1.30207905138349,0.17904627329202,0.419891304347913,0.606811857391315
15,3,1,0.476658722964403,0.436754120954297,0.0399046020101058,0.152038863948316,0.399669399433361,443,0.350187500000061,0.286249999999995,0,0.106625000000051,0.323905499999992,0,0,0,0.00437500000003865,0.1679161199999,0.0807499999998527,0.0426875000003619,0,0.0386249999999961,0.23000200000007,0.708875000000034,0.664562499999834,0,0.231593750000034,0.499642550000117,1.13072500000048,1.11626428571419,0.0892999999999206,0.351899999999998,0.770411499999984
15,4,0,0.455399548971776,0.4195732374221,0.0358263115496788,0.144382515536229,0.339837455152736,434,0.326911904761834,0.274109523809481,0,0.10387637362631,0.275639665384638,0,0,0,0.00745769230769064,0.148015251428564,0.112846601073359,0.0832214285713934,0,0.0475769230770136,0.193817938461599,0.639431547618916,0.602157589285828,0,0.193221428571439,0.439892445238127,1.00353529411752,0.983609999999965,0.124243749999988,0.32083999999991,0.567192151428554
15,4,1,0.51091443494235,0.472134495260815,0.0387799396815359,0.161070341354263,0.365626417536742,434,0.349189075630338,0.298116666666711,0,0.115166666666748,0.326318570588047,0,0,0,0.00440000000001116,0.151904439047599,0.0593424369748113,0.0345119047618804,0,0.0327499999991037,0.206762716666651,0.738563186813315,0.723148351648344,0,0.225767857142923,0.469019359615378,1.17743333333348,1.15863333333355,0.065842857142882,0.357266666666737,0.627779718571277
15,5,0,0.242968527424008,0.228145976954637,0.0148225504693691,0.0828804075759879,0.256823116284638,434,0.128093023255868,0.108984848484789,0,0.0500813953488288,0.220587481578902,0,0,0,0.0050597251586236,0.107491007575738,0.0198522727271004,0.0119659090909078,0,0.0177454545454959,0.149624598851375,0.351490924560357,0.319424418604667,0,0.113935253699754,0.320734470930251,0.615626108374422,0.602516363636341,0.0363255813953274,0.19354696969708,0.417525997209383
15,5,1,0.20604274415239,0.19551706173977,0.0105256824126223,0.0754375559871415,0.278928820621804,434,0.0922280701758838,0.0702266081871349,0,0.0388124999999206,0.239084972865511,0,0,0,0.00311111111111081,0.111987843333322,0,0,0,0.0080394736842448,0.170874921637431,0.315511111111052,0.293438596491213,0,0.115632352941188,0.324598591666545,0.583431578947315,0.575111111110931,0.012575438596581,0.183289473684235,0.504674053333526
15,6,0,0.105270416662561,0.102880605351383,0.00238981131117778,0.0455878814781974,0.210197608595302,436,0.0362272727272739,0.0329903100775259,0,0.021886363636358,0.172448909090952,0,0,0,0.00361363636381962,0.079304588329826,0,0,0,0.00638213530656608,0.118271645454548,0.116261363636372,0.116261363636372,0,0.0555795454545331,0.243438636363682,0.279522727272706,0.279522727272706,0,0.107751585623642,0.377194339894257
15,6,1,0.116380807667106,0.114414351245087,0.0019664564220191,0.0503072179445174,0.238257584346573,436,0.00312499999989768,0.000208333333318933,0,0.0180625000000302,0.204602378571423,0,0,0,0.00337500000004809,0.0966929799999868,0,0,0,0.00517187500003313,0.147038959999956,0.145531250000011,0.143359374999982,0,0.061515625000105,0.285432650000011,0.365968750000092,0.365968750000092,0,0.142218749999863,0.364780350000006
15,7,0,0.0745640169304513,0.0726115534442212,0.00195246348623007,0.035163661098106,0.228268639664035,438,0.00973809523804362,0.00691860465115865,0,0.0162906976743315,0.193584019587811,0,0,0,0.00301707317072705,0.091296427272729,0,0,0,0.00507576308139087,0.138125262804873,0.0759329268292961,0.0704126488939305,0,0.0429302325582047,0.258345688598999,0.183691605218256,0.183302325581378,0,0.0867976744186005,0.367815628423119
15,7,1,0.0792841073203956,0.0780898069149819,0.00119430040541356,0.035152050867945,0.269417452139424,438,0,0,0,0.0128362573099294,0.227601555555563,0,0,0,0.00289842105258346,0.109678669999851,0,0,0,0.00479210526313545,0.156726986111082,0.0831489898993083,0.0825833333333574,0,0.0454035087719517,0.328662915350914,0.242862499999959,0.233712500000062,0,0.0988850877195351,0.435081729649205
15,8,0,0.0982989915637019,0.0964415055541919,0.00185748600950882,0.0416540452848672,0.242019491229432,437,0.0189090909090778,0.0155609756097347,0,0.0194390243902778,0.202252824878016,0,0,0,0.00309331919406018,0.0936167061874184,0,0,0,0.00568292682928156,0.136441030986676,0.102146341463406,0.101578947368437,0,0.0491463414634337,0.281800125609745,0.259317516629704,0.259162123385935,0,0.0989417201540498,0.367526239743252
15,8,1,0.119798351090814,0.117472843734142,0.0023255073566716,0.0475288323548625,0.260273834731332,438,0.00013333333333018,0,0,0.01529999999993,0.225531716666751,0,0,0,0.00287250000007582,0.109382330000002,0,0,0,0.00499999999997551,0.157030466666624,0.166366666666655,0.163999999999995,0,0.0632833333333759,0.301034525000004,0.368633333333321,0.360746666666612,0,0.130226666666629,0.417245966190481
15,9,0,0.162987174498354,0.157254188358669,0.0057329861396846,0.0592056052049722,0.247532054902163,407,0.067954545454556,0.0639999999999954,0,0.0326818181818128,0.201827890909091,0,0,0,0.000436363636364041,0.0931701563636465,0,0,0,0.00872727272728339,0.144968636363642,0.211954545454588,0.20190909090905,0,0.0804090909090498,0.291127109090902,0.466363636363628,0.454227272727286,0,0.155772727272717,0.433062689090896
15,9,1,0.145061824605153,0.142519118869491,0.00254270573566092,0.0557760806317531,0.286881479923805,401,0,0,0,0.0125000000000064,0.218860900000004,0,0,0,0,0.10816713999999,0,0,0,0.00462500000000432,0.158534399999967,0.167750000000041,0.165875,0,0.080750000000009,0.360709700000001,0.494124999999997,0.494124999999997,0,0.167000000000002,0.50134283999999
15,10,0,0.411930090798948,0.394056848168564,0.0178732426303853,0.122337181387706,0.325751770879603,420,0.264904761904746,0.244880952380946,0,0.0850952380952289,0.274439880952384,0,0,0,0.00438571428571777,0.150537269047617,0.0692380952381026,0.05353571428573,0,0.0354047619047175,0.190026607142858,0.562214285714011,0.552559523809524,0,0.174535714285722,0.392825728571527,1.0011000000001,0.990414285714291,0.0239952380952406,0.284295238095245,0.530282473809464
15,10,1,0.498412480158739,0.470197480158739,0.0282150000000009,0.146693174603178,0.382115431773593,420,0.372950000000025,0.327200000000198,0,0.115649999999997,0.337064999999991,0,0,0,0.0039999999999965,0.182211100000005,0.0683250000000008,0.0321500000000242,0,0.0404500000000766,0.237134999999997,0.706549999999959,0.673050000000376,0,0.216218750000009,0.465757499999988,1.13907000000002,1.13124000000001,0.0402100000000025,0.310240000000017,0.600951300000008
15,11,0,0.840693407814836,0.776275392452467,0.0644180153623666,0.260291289916656,0.440234287496313,438,0.686659090909085,0.631000000000006,0,0.222249999999995,0.408068181818183,0.0329968181818205,0.00681363636363683,0,0.0322818181818,0.194504481818163,0.329125,0.243306818181845,0,0.108352272727285,0.248642172727287,1.09909178321678,1.0572045454545,0,0.346693181818171,0.560027159090948,1.65438636363628,1.58289090909089,0.195615151515075,0.510245454545454,0.72998627636365
15,11,1,0.909947278121776,0.824601988266703,0.0853452898550745,0.299560332416719,0.552618527720362,437,0.759250000000009,0.655294117647073,0,0.239874999999756,0.469995199999997,0,0,0,0.013700000000011,0.253761000000028,0.318875000000048,0.210375000000028,0,0.103750000000019,0.316502500000025,1.29424999999995,1.22674999999998,0,0.429625000000015,0.707947002941189,1.93799999999983,1.92027499999998,0.259899999999983,0.640025000000028,0.968521802353021
15,12,0,1.09941373801363,0.991204072328643,0.10820966568499,0.353119115494064,0.602071664266307,442,0.97258695652175,0.830456521739126,0,0.299304347826083,0.526088632608663,0.08814347826086,0.0265391304347886,0,0.0532715102974833,0.265267802173937,0.539945652173945,0.373097826086982,0,0.154103260869539,0.347767499999975,1.51697826086978,1.45051086956508,0,0.497083229813624,0.782040177519187,2.12073478260861,2.03468260869572,0.429599999999979,0.690686956521742,1.04988595295652
15,12,1,1.18567634399913,1.05978611964016,0.125890224358972,0.389349820889902,0.674263381908307,442,1.02262499999986,0.916125000000023,0,0.332281250000052,0.603784784000001,0.00920000000004683,0.00441250000000047,0,0.0411651785714019,0.266278499999992,0.488093749999983,0.254874999999962,0,0.151968750000062,0.37816165,1.66046875000006,1.54734375000016,0,0.550750000000036,0.906071275000024,2.33956249999976,2.26537499999997,0.402112499999835,0.843549999999987,1.15913724000005
15.5,1,0,1.24755096577821,1.10062364659816,0.146927319180052,0.392342513335744,0.625206832773777,443,1.06685714285714,0.910523809523814,0,0.327904761904717,0.554818071428574,0.0787428571428749,0.0121809523809496,0,0.0443809523809462,0.260353910000014,0.550285714285824,0.353690476190488,0,0.166819264069254,0.363273947619038,1.76823809523817,1.67497619047624,0,0.563666666666671,0.830161078571465,2.48759047619029,2.29555238095242,0.445695238095101,0.784628571428601,1.05465756095223
15.5,1,1,1.14193584193271,1.03203693880111,0.109898903131602,0.363818713497446,0.641854508888904,443,1.00480000000007,0.877099999999973,0,0.299199999999928,0.579674999999928,0.0663574999999894,0.00222000000004301,0,0.0389200000000073,0.272952610000027,0.502424999999959,0.330199999999979,0,0.152100000000018,0.369161500000003,1.63430000000039,1.54689999999994,0,0.51764999999989,0.795760599999854,2.22308000000015,2.09913999999954,0.414939999999913,0.730440000000008,1.03783339999996
15.5,2,0,1.01544888345873,0.914010715947789,0.101438167510948,0.319754298898632,0.527652308793033,442,0.809899999999994,0.728449999999975,0,0.258824999999962,0.464954600000006,0.0891650000000708,0.0388300000000106,0,0.0464450000000079,0.21399609142857,0.393100000000076,0.262162500000091,0,0.133450000000027,0.323873200000108,1.3980437500001,1.26242500000015,0,0.426362499999931,0.698471999999958,2.11216500000012,1.9153025000002,0.30962499999998,0.64807500000014,0.885484560000026
15.5,2,1,1.07176213953531,0.962595975184947,0.109166164350365,0.335559771600959,0.607847823797966,442,0.944343749999689,0.762374999999906,0,0.289000000000008,0.537709200000014,0.000475000000028561,0.000308333333379096,0,0.0201500000000337,0.241308999999969,0.406045138888908,0.274437499999983,0,0.133937499999902,0.345619699999989,1.48690624999998,1.35778124999985,0,0.466999999999963,0.776951900000004,2.1960312499997,2.15131250000007,0.417900000000248,0.669812500000054,1.04594601999994
15.5,3,0,0.682012355009526,0.621561875302462,0.0604504797070669,0.20750223072531,0.410190738143969,444,0.519282608695449,0.475043478260965,0,0.164934782608685,0.366748482142861,0.0574264822134636,0.0265173913043478,0,0.0306999999999458,0.183136086956536,0.269090813464272,0.180945652173972,0,0.0833043478261609,0.239356284195062,0.896228260869531,0.810619565217424,0,0.271532608695635,0.473936304347755,1.37201304347808,1.3344826086954,0.211360869565225,0.434775362318853,0.684718260869413
15.5,3,1,0.488037565162451,0.452302087359592,0.0357354778028609,0.158758823907475,0.411826332569067,443,0.340875000000324,0.286749999999983,0,0.119062499999643,0.34154000000009,0,0,0,0.00452500000008058,0.16847058600004,0.0788125000000264,0.0420624999999859,0,0.036062499999996,0.238030050000003,0.676087500000094,0.59418750000006,0,0.218281249999962,0.464204999999893,1.09785000000009,1.06287499999985,0.0914000000001948,0.372549999999629,0.778468339999835
15.5,4,0,0.514331152044964,0.468665337554736,0.045665814490226,0.157937651234081,0.37960862561406,434,0.381270202020235,0.297423076923032,0,0.118928571428549,0.308236012403244,0,0,0,0.00730000000001923,0.15951690461541,0.14724560439562,0.0997142857142987,0,0.0546744186046602,0.214478619047627,0.684318992248041,0.631630769230714,0,0.20900755813955,0.47041536796536,1.16500549450565,1.05408492063511,0.151368733850156,0.340355844155931,0.681779146666661
15.5,4,1,0.556018856409586,0.514387784549299,0.0416310718602855,0.1747249382701,0.389141704634146,434,0.371034313725345,0.318226890756031,0,0.119258241758341,0.341277519047692,0,0,0,0.0045799999999872,0.152037204285754,0.0702333333332718,0.0347500000000634,0,0.036249999999963,0.187152589102547,0.801705128205145,0.753321428571878,0,0.248124999999989,0.445145228571344,1.25811538461517,1.23223974358974,0.0597098901099573,0.39716666666671,0.707223866666634
15.5,5,0,0.26033815300421,0.246175513967041,0.0141626390371682,0.0893301531483182,0.283987250152038,434,0.147300340329008,0.120025000000002,0,0.0584823170731729,0.2511734541974,0,0,0,0.00488604651160977,0.116903914285707,0.0260160753880343,0.0151150568181735,0,0.0217556818182154,0.156159647619044,0.343371802325497,0.325351162790736,0,0.117905182926832,0.323817402272579,0.635095454545413,0.623308902438987,0.0293607822410106,0.210565000000035,0.47637533454543
15.5,5,1,0.209220708411211,0.199158683637438,0.0100620247737738,0.0742664344695353,0.288689043736667,434,0.074015151515152,0.0548684210526308,0,0.0357777777777859,0.22960040485835,0,0,0,0.00334385964919912,0.115500866666663,0,0,0,0.00900000000000523,0.159056449999978,0.290876518218585,0.271694444444442,0,0.100875000000017,0.350779749999927,0.552727777777734,0.544183333333318,0.0129526315789466,0.18509473684214,0.534786323976466
15.5,6,0,0.132371104934469,0.129598718358632,0.00277238657583834,0.0519989591720682,0.235316433161082,436,0.0349189976689977,0.0304545454545193,0,0.023397727272714,0.184484553488331,0,0,0,0.00414772727270671,0.0859666223255525,0,0,0,0.00643749999999764,0.125227381606757,0.127102272727249,0.126079545454554,0,0.0538104967948661,0.262030848251777,0.306681818181775,0.304477272727292,0,0.12822727272718,0.4420732181818
15.5,6,1,0.157717225043696,0.152918438728707,0.00479878631498549,0.0621251064875551,0.279636163058195,436,0.002218749999912,0.00035416666665166,0,0.0165937500000624,0.221542150000085,0,0,0,0.00359375000002249,0.0955873299999308,0,0,0,0.00537499999998481,0.162319707142807,0.165375000000016,0.160562499999987,0,0.075456249999975,0.322053600000084,0.46042857142876,0.46042857142876,0,0.163968749999966,0.476744390000016
15.5,7,0,0.0920126154784963,0.0897824429662302,0.00223017251226596,0.0399753955345649,0.248634303467719,438,0.00699284436492748,0.00314634146341232,0,0.0158128460687583,0.204360988372102,0,0,0,0.00296864111496546,0.09940049190476,0,0,0,0.00510631229237006,0.147315661627892,0.0835714285714229,0.0771391196013451,0,0.0452003484320707,0.298181078571498,0.213734032898397,0.209421894497979,0,0.0890205574913367,0.386107727215024
15.5,7,1,0.092569515379835,0.0909034269112851,0.00166608846855202,0.0410909456906215,0.264203068474925,438,0,0,0,0.0124305555555552,0.216717883333314,0,0,0,0.00293315789475421,0.107784663777095,0,0,0,0.00488888888892486,0.155719800000032,0.0883640350877224,0.0854605263158472,0,0.0453333333333347,0.313682839619887,0.274288888888923,0.24960000000005,0,0.109310818713527,0.446475246666597
15.5,8,0,0.108414732818605,0.106343166366656,0.00207156645194842,0.0462129564095719,0.24996978962249,437,0.0147317073170797,0.0106341463414892,0,0.0173684210526517,0.203077857188735,0,0,0,0.00323370288248455,0.096770937073178,0,0,0,0.00554545454545519,0.146876779717599,0.101052631578951,0.100585365853658,0,0.0480243902438853,0.291319830487815,0.245482926829261,0.245482926829261,0,0.0977853658536356,0.425113435596918
15.5,8,1,0.126868468688847,0.125178685583824,0.00168978310502291,0.0527790044937286,0.261288522654328,438,0.000366666666680733,6.66666666736167e-05,0,0.0128499999999955,0.216181250000187,0,0,0,0.00297999999998787,0.110243196666667,0,0,0,0.00506666666666244,0.163711283333322,0.156458333333349,0.150966666666538,0,0.0660333333334506,0.309950416666684,0.336140000000094,0.332493333333311,0,0.130746666666579,0.421337489999978
15.5,9,0,0.193068553750838,0.184742809302606,0.0083257444482321,0.066632112039733,0.271304637288314,407,0.0685454545454667,0.0647272727272511,0,0.0315454545454837,0.215063636363583,0,0,0,0.000577272727272836,0.0979866472727214,0,0,0,0.00831818181823187,0.148308399999999,0.212318181818184,0.203204545454551,0,0.0801818181818051,0.302386363636388,0.448152727272739,0.448152727272739,0.00516363636363829,0.150072727272711,0.484377149090929
15.5,9,1,0.137870428096428,0.133697630922696,0.00417279717373234,0.0557529093931829,0.313094289314282,401,0,0,0,0.0115000000000691,0.233745299999979,0,0,0,0,0.107549120000021,0,0,0,0.00475000000000137,0.157564999999998,0.134625,0.119875,0,0.0616250000000135,0.370753169999983,0.431000000000004,0.41449999999999,0,0.161375000000021,0.545385099999979
15.5,10,0,0.496247149331952,0.476408373821746,0.0198387755102048,0.146699580804543,0.368772538817012,420,0.304047619047727,0.286547619047619,0,0.100571428571423,0.311628547619048,0,0,0,0.00408095238094818,0.162893142857174,0.0994285714285776,0.083690476190476,0,0.0408690476190739,0.210742552380929,0.646559523809511,0.627773809523834,0,0.18917857142856,0.435623642857133,1.16565714285713,1.14928571428562,0.0437761904762094,0.327561904761912,0.666692523809535
15.5,10,1,0.521176091269838,0.496172281746029,0.025003809523809,0.155717996031743,0.413382979924516,420,0.361999999999995,0.316150000000073,0,0.117449999999999,0.339259699999959,0,0,0,0.00404999999999994,0.193106889999986,0.0966250000000006,0.0588499999999961,0,0.0430749999999961,0.240620000000001,0.689700000000028,0.678899999999931,0,0.215475000000007,0.508204650000006,1.26695999999962,1.26695999999962,0.0339300000000413,0.353810000000045,0.739962500000029
15.5,11,0,0.89041233271827,0.819555414218199,0.0708569185000704,0.27464307981041,0.51469946989621,438,0.733613636363657,0.62579545454543,0,0.232477272727281,0.458189890909097,0.0202663636363641,0.0164822727272731,0,0.0340090909090912,0.205012279323471,0.356197510822527,0.260503409090907,0,0.117999999999989,0.29449393215077,1.18142045454554,1.11763636363631,0,0.363818181818172,0.619584690909094,1.81427727272725,1.79046363636372,0.213077272727266,0.531899999999996,0.870950909090898
15.5,11,1,0.983529941942452,0.883608546061441,0.0999213958810092,0.314972453191803,0.594751770531057,437,0.81337500000015,0.687875000000076,0,0.260249999999927,0.524750000000025,0,0,0,0.0175250000000133,0.246818039999899,0.359625000000051,0.200624999999974,0,0.102625000000003,0.34615299999997,1.397625,1.27637500000026,0,0.451624999999978,0.723721699999997,2.05897499999995,2.03307499999989,0.409274999999928,0.660874999999998,1.05119991999999
15.5,12,0,1.17342110081938,1.06049225073305,0.112928850086329,0.377441034313743,0.64657319919026,442,1.03180434782607,0.910260869565209,0,0.320478260869579,0.563547260869558,0.0790869565217336,0.0232260869565483,0,0.0590869565217506,0.249398823043468,0.582782608695647,0.369793478260867,0,0.174456521739134,0.372606086956506,1.71455434782606,1.62993478260861,0,0.533891304347845,0.837712500000045,2.14750434782605,2.13349130434788,0.479382608695703,0.745860869565287,1.17075261217387
15.5,12,1,1.2671945054945,1.1303519809847,0.136842524509804,0.413741062001717,0.698036350735435,442,1.09912500000001,0.938812499999927,0,0.348124999999996,0.59304800000002,0.0172750000000622,0.00233750000000021,0,0.0579624999999808,0.263195789999985,0.533656249999974,0.343062499999991,0,0.147468750000094,0.382403525000045,1.82343750000004,1.75028124999988,0,0.599312499999975,0.928491124999954,2.55716249999992,2.43430000000018,0.470299999999957,0.859687499999971,1.24632026
16,1,0,1.29064172501763,1.13432765381159,0.156314071206042,0.408137911440984,0.719669870059133,443,1.17395238095232,1.03280952380943,0,0.375952380952445,0.659632776190523,0.0597904761904561,0.022704761904749,0,0.0532857142857135,0.275607922380973,0.60572077922088,0.373690476190426,0,0.182095238095196,0.410162792857104,1.81780952380939,1.66278571428581,0,0.573023809523809,0.953463690476131,2.50824761904779,2.33826666666683,0.559689010988971,0.800180952380846,1.2385229904762
16,1,1,1.17496256807841,1.05291329723387,0.122049270844536,0.368729223547949,0.705806842919746,443,1.06530000000002,0.906800000000384,0,0.312599999999884,0.660297200000073,0.0682200000000073,0.0167399999999952,0,0.0514999999999896,0.280767100000007,0.493800000000237,0.339949999999987,0,0.164449999999971,0.408989100000003,1.68224999999982,1.59855000000016,0,0.52180000000003,0.88762547500002,2.17707999999999,2.14377999999983,0.451680000000015,0.702660000000083,1.20800901000001
16,2,0,1.06433651005605,0.953606804046117,0.110729706009937,0.333067607396929,0.57431856742599,442,0.903349999999921,0.785700000000031,0,0.283497058823505,0.548719199999981,0.0801825000000259,0.0422549999999973,0,0.0577171052631665,0.239164848571449,0.46391250000001,0.311374999999998,0,0.157062499999972,0.341549999999988,1.39596250000003,1.33635624999996,0,0.443824999999973,0.71124315652182,2.04889500000005,1.99768000000007,0.404394999999948,0.621805000000037,0.962096479999961
16,2,1,1.09643329203478,0.982527388134743,0.113905903900024,0.344744111811386,0.631749083440152,442,0.931857142856941,0.819812500000126,0,0.287593749999985,0.580682799999921,0.00942500000004431,0.00339999999999918,0,0.0274999999999459,0.274899999999992,0.415453124999942,0.252593749999964,0,0.137093749999991,0.361711300000306,1.53639062499985,1.4566875,0,0.485140625000028,0.807603750000045,2.12660000000033,2.10462499999987,0.386075000000025,0.709087499999964,1.06946789999996
16,3,0,0.699703759356297,0.636243462833135,0.0634602965231624,0.214015531242357,0.442362445552396,444,0.58275067934793,0.471131159420287,0,0.178426521739122,0.39923111195653,0.0661173913043613,0.0269000000000154,0,0.0341090062111919,0.200609123478231,0.290771739130382,0.208445652173974,0,0.0914565217391354,0.262056697826082,0.944793478260853,0.918305434782569,0,0.285043478260792,0.516247403260825,1.3872378881989,1.32559130434765,0.220430434782612,0.408613043478046,0.75522360173913
16,3,1,0.529707172680591,0.484775911259538,0.044931261421047,0.167990287148882,0.428671055153548,443,0.363624999999956,0.303500000000156,0,0.113874999999837,0.368589999999987,0,0,0,0.00487500000001546,0.21464012000006,0.0680999999997596,0.0251562500000535,0,0.0326666666666948,0.248857000000028,0.792624999999929,0.713062500000206,0,0.254062500000003,0.507756499999995,1.25976250000002,1.22326250000007,0.110812500000052,0.400600000000077,0.766620000000209
16,4,0,0.516364315322155,0.468512051870499,0.0478522634516559,0.159112462856755,0.371922999193304,434,0.393730769230773,0.339310897435923,0,0.125928571428496,0.320365694871727,0,0,0,0.00844000000002693,0.157058280000012,0.130945913461552,0.100402713178298,0,0.0527242005814013,0.212805124603244,0.746649475524391,0.671209415584514,0,0.22023717948719,0.463690199613789,1.12238076923075,1.04530641025624,0.161873754152727,0.351735012919884,0.653005319999977
16,4,1,0.571293832029209,0.520916664298817,0.0503771677303885,0.175964517773045,0.388275417232155,434,0.385098901098926,0.337581699346547,0,0.131945054944944,0.346028233516456,0,0,0,0.00510000000014467,0.134604666666684,0.123626050420174,0.0565630252101231,0,0.0443186813187127,0.199922815336114,0.822517857142959,0.786642857142812,0,0.259590909090866,0.502765113888815,1.36755000000009,1.30115000000002,0.0897717647058179,0.414500000000083,0.653470016666652
16,5,0,0.26656173944401,0.249721407954998,0.0168403314890111,0.0891768583724434,0.275901885983017,434,0.15969999999993,0.13228017718714,0,0.0593330357143296,0.247734772093045,0,0,0,0.00541255813946083,0.118790178477842,0.0336432346723156,0.0244659090909532,0,0.0212727272727746,0.152402958139543,0.360709302325591,0.32815935517969,0,0.128505357142992,0.340789201162794,0.647031219512195,0.634699999999997,0.046702325581381,0.220539374999978,0.468575611428545
16,5,1,0.207396911663333,0.196335176195999,0.0110617354673361,0.0725792620047174,0.271125463817546,434,0.097805555555346,0.0718166666666595,0,0.0366052631578908,0.229680544736843,0,0,0,0.00333333333331262,0.116124933333472,0,0,0,0.00811447368422234,0.163430326315777,0.275638888888832,0.260305555555602,0,0.104293859649089,0.326060169005805,0.551883823529333,0.551883823529333,0.0231727554179535,0.192275000000035,0.442434053333344
16,6,0,0.121502881676332,0.118904076835758,0.00259880484057142,0.0484585788204328,0.246966133983521,436,0.0402647991542996,0.0332568710359226,0,0.0239772727273568,0.210162272727218,0,0,0,0.00406818181819091,0.0944587970181736,0,0,0,0.00791939746264557,0.131757291226318,0.133244318181707,0.132295454545401,0,0.061060314685365,0.300930129545412,0.334136363636286,0.331454545454521,0,0.114454545454496,0.421480312727284
16,6,1,0.147286757317605,0.142827688128005,0.00445906918960088,0.0575035304718178,0.273156173184293,436,0.012000000000036,0.00070089285714151,0,0.0190937499999784,0.242974466666615,0,0,0,0.00368749999996609,0.108674450000011,0,0,0,0.00529687500015541,0.162935049999968,0.180390625000115,0.18007812500008,0,0.0727968749999857,0.311078599999999,0.392324999999946,0.392324999999946,0,0.151875000000104,0.463793119999997
16,7,0,0.0893569501346366,0.0869279276363426,0.00242902249829453,0.040291719192902,0.272236141545526,438,0.0130116279070078,0.00581025369985813,0,0.0182380952380213,0.222009015433407,0,0,0,0.00289512195118432,0.10561363374974,0,0,0,0.00498255813953108,0.155491715426819,0.103850440379385,0.102175324675303,0,0.0516367595818593,0.334241062294362,0.231297560975472,0.215887012986949,0,0.10227707641195,0.413675330139317
16,7,1,0.0954802835111514,0.0934441627791108,0.00203612073203818,0.0399005967812101,0.259315331851797,438,0,0,0,0.0116055555555036,0.216302755555589,0,0,0,0.00289473684212096,0.106108252631585,0,0,0,0.00488888888890907,0.163561244444421,0.105894736842123,0.102156432748574,0,0.0499027777778877,0.305263826900567,0.288864912280746,0.287302105263204,0,0.111210526315794,0.397919148538108
16,8,0,0.0940026941111329,0.092018750274647,0.00198394383648613,0.0404336351268404,0.24152164447015,437,0.0237499999999727,0.0176341463414707,0,0.0198636363635717,0.207717495141678,0,0,0,0.00311219512193654,0.0956272307316941,0,0,0,0.005853658536544,0.145019087419753,0.113634146341455,0.111341463414635,0,0.0495121951219901,0.285437800609772,0.266928603104218,0.266928603104218,0,0.0984341463415005,0.358668591794868
16,8,1,0.103657976371678,0.101963893418863,0.00169408295281562,0.0451398084728517,0.266583445656373,438,0,0,0,0.012055555555561,0.226269300000007,0,0,0,0.00298000000002124,0.112237479999987,0,0,0,0.00500000000000304,0.164706683333348,0.118361111111129,0.114933333333324,0,0.0539107142857234,0.298982683333402,0.347083333333299,0.347083333333299,0,0.120046666666761,0.421897120000011
16,9,0,0.187651317427138,0.180790190400569,0.00686112702656872,0.0621238474708958,0.271293344396535,408,0.0894426406926543,0.0853863636363391,0,0.0377954545454618,0.223138072727272,0,0,0,0.000245454545454345,0.109976499999995,0,0,0,0.0101704545454443,0.162222799999999,0.222840909090962,0.211988636363655,0,0.0828409090908919,0.317345454545413,0.471113636363645,0.469504545454548,0.00905454545456157,0.153362337662343,0.435144727272736
16,9,1,0.117139858686613,0.111692227763921,0.00544763092269335,0.046845178719867,0.280619794076189,401,0,0,0,0.0127500000000396,0.229749999999961,0,0,0,0,0.100806512799997,0,0,0,0.00487500000005525,0.166269299999992,0.124624999999995,0.117125000000002,0,0.059625000000004,0.335784999999922,0.412874999999998,0.404499999999999,0,0.140874999999994,0.406286059999991
16,10,0,0.517872788893339,0.496161904539597,0.0217108843537419,0.155366016803188,0.383347567247379,420,0.347023809523777,0.332285714285761,0,0.115761904761947,0.336407180952378,0,0,0,0.00422857142857125,0.167169411904743,0.117892857142864,0.085630952380936,0,0.0431309523809611,0.235872423809499,0.746392857142852,0.713781512605057,0,0.217083333333399,0.464114133333327,1.25991428571432,1.21595714285721,0.0448666666666709,0.336985714285746,0.623000666666701
16,10,1,0.564616408730168,0.53952355158731,0.0250928571428592,0.167813630952383,0.433391415150953,420,0.391149999999948,0.369849999999985,0,0.12435,0.389117100000034,0,0,0,0.00424000000000661,0.186132049999998,0.11382499999999,0.0905249999999964,0,0.0446499999999915,0.277164974999999,0.797050000000008,0.745424999999967,0,0.232099999999985,0.496316675000064,1.37371999999999,1.31597000000013,0.0423099999999988,0.386010000000008,0.685334000000017
16,11,0,0.971640215764641,0.881973795791919,0.089666419972723,0.291105493483909,0.560755468943042,438,0.854090909090913,0.724750000000018,0,0.252886363636345,0.508872254545485,0.0455777272727262,0.0389454545454495,0,0.045289999999999,0.233487955095138,0.43850000000001,0.319556818181788,0,0.134069805194839,0.336741909090879,1.29085227272714,1.21425000000004,0,0.390602272727259,0.692994127272718,1.96210000000001,1.86888181818164,0.359272727272725,0.587195454545474,0.917248660363621
16,11,1,1.06781525857482,0.947603816927227,0.120211441647597,0.334793935766527,0.637261278761585,437,0.915117647059013,0.777999999999793,0,0.278125000000102,0.54164999999992,0,0,0,0.0224500000000141,0.295274900000019,0.413125000000008,0.259250000000122,0,0.128124999999969,0.38571669999999,1.48749999999998,1.348625,0,0.468249999999983,0.783257700000058,2.21210000000011,2.12415000000006,0.481200000000003,0.685300000000286,1.04316371999996
16,12,0,1.20585789637067,1.07713806465691,0.128719831713764,0.384559556381801,0.722177686222137,442,1.07995855978218,0.938630434782582,0,0.34427173913035,0.650088339130442,0.136408695652236,0.0479565217391442,0,0.0698673913043477,0.274770973913052,0.645543478260875,0.408380434782519,0,0.171358695652176,0.427922268478277,1.69580434782627,1.6023043478261,0,0.552782608695637,0.91508550000004,2.17009130434792,2.14204782608696,0.535547826086955,0.749791304347744,1.22741244
16,12,1,1.28292920033397,1.14147430780003,0.141454892533934,0.416136353964666,0.720427784351865,442,1.13862499999991,0.981375,0,0.34706249999995,0.669984500000016,0.073862499999947,0.00414999999999424,0,0.0661374999999723,0.271784799999954,0.624343749999887,0.392562500000111,0,0.170187499999989,0.385914149999999,1.75540624999992,1.70712499999988,0,0.601999999999997,0.926410375000372,2.54094999999986,2.39016250000013,0.552550000000018,0.821837499999956,1.25831938000008
16.5,1,0,1.34748189524709,1.18310396113386,0.164377934113237,0.429991296260115,0.779214627752465,443,1.24014285714306,1.00157142857142,0,0.370285714285712,0.686685128571431,0.132380952380949,0.0437523809524572,0,0.0708571428571434,0.310990295238121,0.617571428571456,0.45265952380951,0,0.194785714285721,0.455053304761944,1.85795238095241,1.71045238095236,0,0.606880952381018,1.03516741428572,2.52001904761903,2.4189904761904,0.582742857142936,0.850609523809527,1.28219476780954
16.5,1,1,1.24767274087212,1.11767621734924,0.129996523522879,0.394056670787203,0.75817891328394,443,1.08360000000002,0.979499999999871,0,0.343200000000024,0.698913699999981,0.039439999999944,0.00516000000000418,0,0.0460800000000018,0.33366513000001,0.530561111111243,0.351700000000073,0,0.175849999999962,0.471572599999982,1.75479999999993,1.63325000000002,0,0.561199999999781,0.967994839999971,2.28264000000001,2.23987999999979,0.445931111111366,0.74631999999995,1.17924656000007
16.5,2,0,1.19615074037136,1.06546293952796,0.130687800843403,0.371324196872027,0.651079082755253,442,0.979500000000144,0.872299999999871,0,0.301325000000025,0.608663700000028,0.113660000000015,0.0465049999999946,0,0.0576300000000503,0.257834279999991,0.487450000000001,0.376712499999996,0,0.163524999999969,0.371078850000002,1.57821249999985,1.48741249999999,0,0.511750000000029,0.836870999999909,2.43875000000003,2.25788500000004,0.490760000000029,0.733175000000028,1.10966000000006
16.5,2,1,1.16618936651582,1.05753221557854,0.108657150937293,0.370931028693529,0.692714704158418,442,1.00593750000027,0.880499999999927,0,0.322437500000035,0.609833043999936,0.00796874999998068,0.00346250000000499,0,0.0470875000000115,0.278949899999981,0.427249999999929,0.309133928571382,0,0.144013392857156,0.384140000000013,1.65478124999992,1.56099999999998,0,0.515312500000064,0.860190099999912,2.27431250000018,2.21671875000006,0.292575000000031,0.703250000000049,1.17780298000006
16.5,3,0,0.777407617209513,0.704252394137237,0.073155223072275,0.234562785791298,0.481242036780843,444,0.589782608695536,0.506369565217458,0,0.189108695652139,0.42421740217388,0.0626478260867238,0.0272276679841882,0,0.0307130434782538,0.219093961304346,0.335739130434759,0.23479347826091,0,0.0980434782608199,0.282926838043505,1.02855434782608,0.977684782608658,0,0.305510869565171,0.612389847826097,1.64303478260863,1.52228260869579,0.223265217391318,0.47902608695644,0.825249697391292
16.5,3,1,0.626884713537034,0.578029101100188,0.0488556124368464,0.195202834674731,0.460499768868544,443,0.445874999999944,0.382000000000062,0,0.136750000000063,0.389582199999928,0,0,0,0.00437499999993634,0.197922179999996,0.100262500000045,0.055499999999995,0,0.0438749999999288,0.261847249999995,0.86706250000043,0.809562500000141,0,0.267812499999962,0.560203800000106,1.57357499999999,1.40260000000009,0.0976875000000746,0.436971428571282,0.852824219999722
16.5,4,0,0.541141958432765,0.491543197736708,0.0495987606960552,0.163964893206317,0.396500670739019,434,0.402144984325968,0.352274725274738,0,0.125576923076884,0.340290107692305,0,0,0,0.00749916839918106,0.175976628447551,0.146680232558134,0.114575581395306,0,0.0599789803220045,0.227563433179646,0.755477472527447,0.683826923076927,0,0.218573051948057,0.486671606265304,1.15319182692313,1.12097986425349,0.160410852713177,0.358815714285507,0.670223143939361
16.5,4,1,0.637673351603575,0.586526594624617,0.051146756978966,0.1950817654058,0.431517170148127,434,0.464142857143088,0.398388888888833,0,0.151055555555546,0.3958801796703,0,0,0,0.00449111111117014,0.160551941428573,0.149722850678707,0.10082142857144,0,0.0501428571428814,0.229201636764722,0.879464285714025,0.828296218487074,0,0.269544117647093,0.53862882499995,1.58178076923104,1.47032857142825,0.102767226890742,0.449157466063263,0.743696978571565
16.5,5,0,0.288638254205892,0.269986447772869,0.0186518064330259,0.0938697393253668,0.30729087458226,434,0.173499999999961,0.15824501108647,0,0.0675343551797095,0.272850019512194,0,0,0,0.00531136363637716,0.134592358267289,0.0454546511627897,0.029237521270563,0,0.0223593023254898,0.170392409552864,0.399813311688341,0.375553433001066,0,0.129753880266033,0.382381043604613,0.68509047619051,0.652327926829308,0.0573395348836812,0.216134285714287,0.4921892148172
16.5,5,1,0.227418675430094,0.214404554236362,0.0130141211937304,0.07459744152016,0.302561816500964,434,0.109458333333363,0.0793229665071752,0,0.0404736842105356,0.255110021052609,0,0,0,0.00322222222217129,0.12290393999999,0,0,0,0.00855555555554274,0.170557053508733,0.315039473684281,0.303461805555414,0,0.105789473684283,0.373184789473636,0.623654736842161,0.615739999999984,0.0212666666666135,0.191026315789312,0.489162430877023
16.5,6,0,0.118005418154937,0.116099637861206,0.00190578029372953,0.0481768430039249,0.259515310695739,436,0.0413522727272845,0.0330681818181182,0,0.0238409090907639,0.22182627272723,0,0,0,0.00394318181817707,0.099717129581378,0,0,0,0.00738636363633043,0.149287242727224,0.142789772727337,0.142397727272735,0,0.0615909090909271,0.310144954545478,0.309034090909088,0.309034090909088,0,0.118667832167806,0.388351127272699
16.5,6,1,0.130669375273041,0.128065543086494,0.00260383218654563,0.0543312486347801,0.286865577086431,436,0.020243749999922,0.0140624999999943,0,0.016812500000114,0.222654100000006,0,0,0,0.00387500000002384,0.115525800000006,0,0,0,0.00583035714295483,0.162823700000078,0.174125,0.174125,0,0.0753749999999514,0.349032975000092,0.375249999999929,0.375249999999929,0,0.140406249999882,0.50211656999998
16.5,7,0,0.0839775905028136,0.0819724949829808,0.00200509551983219,0.0391808325359635,0.265815046269044,438,0.00422037652267986,0.00222376630747553,0,0.0152678571428195,0.216718578935683,0,0,0,0.00293809523813403,0.106469686155058,0,0,0,0.0050958188153387,0.158676869512201,0.0968372093022444,0.095976744186038,0,0.0507209302325584,0.304847842597873,0.236213953488356,0.233500000000017,0,0.105787674418599,0.398249803970589
16.5,7,1,0.0904823240496176,0.0887102733547902,0.00177205069482872,0.0393971745511626,0.280358820308776,438,0,0,0,0.0121388888888987,0.236970666666723,0,0,0,0.00289842105265788,0.112270267309915,0,0,0,0.00488888888888381,0.178060545906442,0.117623684210578,0.115166666666659,0,0.0552222222221164,0.312801124561425,0.296641520467613,0.292736666666568,0,0.112056666666773,0.419443358888953
16.5,8,0,0.0974611479008516,0.0956183823106474,0.0018427655902034,0.0402075776844899,0.254662666791493,437,0.0281463414634146,0.022195121951216,0,0.0202439024390753,0.214097681707327,0,0,0,0.00319024390243229,0.100122146341465,0,0,0,0.00582926829268095,0.155717132926858,0.120609756097554,0.116707317073178,0,0.0505263157894756,0.28814869268293,0.26182195121949,0.257395121951235,0,0.0846670089859584,0.397175559312661
16.5,8,1,0.0983891661230698,0.0963898510545777,0.00199931506849281,0.0428551750380544,0.287643706406821,438,0,0,0,0.0125555555556124,0.2364432333333,0,0,0,0.00286666666665496,0.118840793333339,0,0,0,0.00494999999991516,0.168677797999999,0.124391666666689,0.118277777777774,0,0.0551166666666926,0.336164750000023,0.333403333333346,0.329429999999996,0,0.123609999999877,0.462415419999927
16.5,9,0,0.203181059897239,0.195500276499351,0.00768078339788882,0.0697431330118007,0.307613109061476,408,0.0885909090909046,0.0821590909090976,0,0.0401363636363632,0.260996254545453,0,0,0,0.000390909090911473,0.121860221818177,0,0,0,0.0112954545454698,0.177489468181824,0.249045454545454,0.24061363636363,0,0.0937159090909047,0.372633945454545,0.485235227272751,0.478495454545485,0.00328181818182223,0.170704545454537,0.466533923636388
16.5,9,1,0.124704280964256,0.120570241064009,0.00413403990024875,0.0503243973399863,0.296102124571434,401,0,0,0,0.0111250000001064,0.2497384,0,0,0,0,0.111966155999997,0,0,0,0.004999999999999,0.176566300000012,0.119500000000045,0.112250000000003,0,0.0719999999999459,0.350575000000202,0.466375000000426,0.446500000000014,0,0.155874999999867,0.429847499999972
16.5,10,0,0.539546834294328,0.516811913659405,0.0227349206349215,0.160579713607664,0.417359435594194,420,0.408476190476192,0.366190476190441,0,0.12985714285717,0.358382968253938,0,0,0,0.00379047619047209,0.199708419047633,0.118714285714289,0.097952380952371,0,0.0470357142857065,0.248403208333317,0.782928571428597,0.760345238095243,0,0.225785714285717,0.491059809523817,1.18715238095236,1.1533,0.0602333333333324,0.339804761904762,0.677858819047622
16.5,10,1,0.593085138888885,0.561208710317457,0.031876428571429,0.177162123015872,0.461439115528294,420,0.415750000000019,0.380200000000008,0,0.129750000000007,0.394819299999996,0,0,0,0.00527999999999992,0.217765600000122,0.117400000000006,0.0902749999999983,0,0.0514500000000069,0.277869925000006,0.846075000000054,0.798499999999853,0,0.238225000000012,0.541936199999997,1.41534,1.38656000000005,0.0522299999999383,0.405649999999997,0.754440399999975
16.5,11,0,1.02663960191472,0.934728386087168,0.0919112158275521,0.312171123773388,0.635420511940278,438,0.873318181818118,0.751068181818203,0,0.268499999999996,0.580615288372127,0.0335772727272748,0.0273227272727263,0,0.0502878787878775,0.287333973488372,0.448613636363636,0.321073863636336,0,0.142272727272747,0.387749090909098,1.34598863636355,1.27655681818181,0,0.407295454545471,0.797973525581407,2.05988636363641,1.98809999999987,0.329176623376587,0.627583192389019,1.03627656000001
16.5,11,1,1.11614019760079,0.99930522429796,0.116834973302825,0.357992644014132,0.694880002597412,437,0.988250000000015,0.815249999999935,0,0.29800000000003,0.610724999999992,0,0,0,0.0288000000000132,0.328719900000019,0.445499999999981,0.304749999999988,0,0.149500000000004,0.404482499999985,1.56762499999991,1.45974999999999,0,0.5045,0.882800900000662,2.22342500000027,2.14280000000005,0.360649999999994,0.749300000000014,1.12964203999991
16.5,12,0,1.26880442381318,1.12758433684391,0.14122008696926,0.403811970600795,0.763181981115792,442,1.13941304347826,0.982326086956569,0,0.344684782608674,0.661477378434766,0.158060869565175,0.0681608695652229,0,0.0695565217391407,0.337930852173929,0.679369565217451,0.424427917620129,0,0.18678260869565,0.436631254347831,1.70622826086951,1.61516304347829,0,0.573793478260861,0.980511747826052,2.42031304347845,2.30269565217389,0.55329565217391,0.809821739130386,1.22214237217392
16.5,12,1,1.31671511662359,1.16358860832796,0.153126508295628,0.432733745421241,0.801600973229205,442,1.16637500000002,1.01674999999994,0,0.365562499999982,0.750488022440003,0.0447749999999925,0.0145250000000001,0,0.0609125000000094,0.312011874200005,0.596312499999982,0.394781250000076,0,0.178406249999995,0.433372743500004,1.86856250000014,1.76065624999994,0,0.636999999999961,1.03975029999955,2.55422500000005,2.46764999999991,0.561029166666673,0.876612500000082,1.35685216559999
17,1,0,1.41633158373101,1.24778699209199,0.168544591639016,0.450459732989846,0.84182729111371,443,1.27371428571427,1.09914285714307,0,0.387095238095234,0.776053390476128,0.103819047619054,0.0524000000000039,0,0.0633238095238323,0.345523393333347,0.68861904761907,0.413595238095175,0,0.195833333333348,0.527853520547642,1.97042857142854,1.8158809523808,0,0.635261904761927,1.06108183480945,2.66335238095225,2.50257142857132,0.644142857142885,0.871019047619114,1.36536466883808
17,1,1,1.25266985067542,1.11492520110001,0.137744649575407,0.394384711473,0.783369985280562,443,1.08399999999988,0.968499999999859,0,0.336399999999912,0.715573178500012,0.0541800000001615,0.0136399999999912,0,0.0421199999999976,0.326484230000011,0.549366666666865,0.33535000000001,0,0.168224999999982,0.510558649999947,1.73914999999992,1.64469999999992,0,0.534050000000093,0.993799572500236,2.50848000000003,2.31937999999961,0.452955555555433,0.797080000000205,1.20046873429995
17,2,0,1.27479441698483,1.13105782321933,0.143736593765503,0.396140021523946,0.71436322074577,442,1.11512499999997,0.959324999999922,0,0.335000000000042,0.669135659999988,0.137495,0.0573074999999943,0,0.0728649999999385,0.328266619999988,0.565237500000126,0.388350000000031,0,0.174956250000206,0.423362799999984,1.73817499999994,1.61217500000016,0,0.555237499999965,0.895420799999956,2.46474500000016,2.3141799999997,0.497619999999915,0.760690000000025,1.12614567999993
17,2,1,1.226798651063,1.09127607241616,0.135522578646846,0.38567804756517,0.719864537467713,442,1.09868749999981,0.935499999999991,0,0.354937500000027,0.638762499999915,0.0947124999995992,0.0166500000000071,0,0.0557750000000253,0.321327920000017,0.48359374999994,0.311781249999975,0,0.149390624999947,0.451589499999963,1.70262500000004,1.62509375000012,0,0.54871875000012,0.922493550000049,2.42025000000008,2.30845000000084,0.454925000000077,0.768237499999981,1.13944499999989
17,3,0,0.823264273489149,0.744535628927649,0.0787286445614976,0.247649966207295,0.54705209415744,444,0.67200000000009,0.59050000000005,0,0.205934782608675,0.488073094130557,0.0685371980676307,0.0408304347826862,0,0.0354978260869596,0.243011853913039,0.329711956521867,0.236364130434787,0,0.103119565217373,0.333406895652148,1.09599999999994,1.03698913043477,0,0.326021739130446,0.669855017391129,1.7519652173914,1.638852173913,0.272313043478261,0.509647826086913,0.909691384347858
17,3,1,0.700134405408367,0.638251860799098,0.0618825446092732,0.216309160919973,0.514838803089453,443,0.516250000000127,0.445750000000543,0,0.16174999999987,0.460615999999917,0,0,0,0.00502500000011424,0.241425240000017,0.174437499999783,0.111562500000048,0,0.0634875000000023,0.289421700000004,1.08706250000023,0.976999999999862,0,0.324437499999959,0.648574199999991,1.65862499999993,1.56005000000008,0.134424999999994,0.490350000000126,0.874645999999922
17,4,0,0.56988972519501,0.521007329467381,0.0488823957276267,0.178731358648673,0.458193363381498,434,0.449321705426538,0.390980769230827,0,0.145857142857186,0.389956964516167,0,0,0,0.00769890109889995,0.200930501081049,0.166238543091558,0.129256944444421,0,0.066846428571368,0.272814382692302,0.803305769230723,0.712357517482575,0,0.248511160714281,0.555758513928583,1.24748461538459,1.18128666666672,0.156627020202018,0.370853846153904,0.830184218181875
17,4,1,0.660123247902809,0.600947999485895,0.0591752484169139,0.204692742491393,0.457266394444645,434,0.487869047618996,0.424033333333314,0,0.164352941176429,0.408586935714336,0,0,0,0.00494666666661943,0.191107857918546,0.170883333333161,0.111685520361974,0,0.061839285714281,0.273020499999977,0.906821428571676,0.857624999999796,0,0.294942857142908,0.552622700000049,1.46990384615374,1.4081000000001,0.150685714285997,0.445913636363705,0.770864169999554
17,5,0,0.309271676955757,0.291365899227748,0.0179057777280058,0.104220971059847,0.372701529532303,434,0.194377519379838,0.17494999999999,0,0.0695226190476081,0.314280599999917,0,0,0,0.00575681818174169,0.149167205581394,0.0496589619965966,0.0381337209302356,0,0.0261306818181119,0.210740041614882,0.408374999999956,0.369107176360213,0,0.135782505285564,0.453090369186023,0.726806097561062,0.712953030303126,0.0537588039867261,0.243541019955648,0.596081977674366
17,5,1,0.233802517913741,0.222336842040849,0.0114656758728946,0.0796925190804317,0.330850592767215,434,0.121222222222261,0.0962251461988054,0,0.0488684210526338,0.283542644736856,0,0,0,0.00311111111108807,0.129567045614058,0,0,0,0.00822222222210359,0.188745981578921,0.312657894736799,0.29771491228048,0,0.10656111111111,0.39998975599419,0.652247368421067,0.652247368421067,0.0152491228070122,0.202452631579031,0.538283956666734
17,6,0,0.144255524078947,0.141761515170302,0.00249400890864497,0.0582858961284605,0.302109554018575,436,0.0519015151515676,0.0443409090909225,0,0.0299235033258728,0.247295431818196,0,0,0,0.00383474025974309,0.107005891860474,0,0,0,0.00690856236787249,0.170926466450227,0.180298295454443,0.176488636363619,0,0.0713116028707129,0.356212692045485,0.376310314685314,0.376310314685314,0,0.1347045454546,0.501235449999966
17,6,1,0.158684071920062,0.156263915738325,0.00242015618173716,0.0613314384010462,0.315203382783944,436,0.0224062500000386,0.00659374999997907,0,0.020281249999897,0.246084199999996,0,0,0,0.00349999999997585,0.120861220000009,0,0,0,0.00537500000004343,0.176204325000039,0.19749999999999,0.196671875000021,0,0.0805379464283087,0.387314699999974,0.444125000000099,0.444125000000099,0,0.15476250000003,0.520202989999972
17,7,0,0.10414876107302,0.101637916978657,0.00251084409436339,0.0454579232970011,0.307889468216389,438,0.0214462901440416,0.0149729437229601,0,0.0174047619047348,0.253671079490019,0,0,0,0.00319512195122489,0.11813981213026,0,0,0,0.00535970677453989,0.176407125182941,0.129691860465123,0.12668902439024,0,0.0567167019027648,0.371751517612048,0.292748780487774,0.284278048780469,0,0.113613953488386,0.471710248239224
17,7,1,0.0972692204130211,0.0949223875581262,0.00234683285489215,0.0424922122729966,0.299509925255524,438,0.000410526315686424,5.96491227525532e-05,0,0.0120384615384667,0.251203049999922,0,0,0,0.00287894736842017,0.122353757894731,0,0,0,0.00488888888893749,0.19475495394733,0.11226315789475,0.110442434210527,0,0.0525555555555476,0.354165582976257,0.326744736842281,0.326744736842281,0,0.11947777777781,0.433757587368441
17,8,0,0.113913916438013,0.111937596912389,0.00197631952562257,0.0471929994807678,0.28977277206779,437,0.0301463414634339,0.0252926829268357,0,0.0218536585366398,0.243946659306815,0,0,0,0.00315121951215516,0.113756262217298,0,0,0,0.00631818181817872,0.175843073170725,0.136341463414668,0.134024390243919,0,0.0593157894736818,0.341394702439042,0.338756319290343,0.338756319290343,0,0.119024242424285,0.444531490731688
17,8,1,0.106149241682974,0.103537382220769,0.00261185946220185,0.0457438093426142,0.273989428186653,438,0.00029166666669198,3.33333333098077e-05,0,0.0120624999999788,0.237192833333295,0,0,0,0.00292833333340296,0.116859316800005,0,0,0,0.00499999999998029,0.168668091666644,0.120766666666707,0.115833333333341,0,0.0588611111111063,0.322981275000086,0.32695,0.319033333333176,0,0.128409999999974,0.432980776666784
17,9,0,0.241724564207045,0.230933229475385,0.0107913347316595,0.0805469024575433,0.331013021596535,408,0.113772727272724,0.109681818181821,0,0.0437342657342728,0.270881818181778,0,0,0,0.000445454545452993,0.131402034545457,0.000102272727270309,6.81818181816593e-05,0,0.0135909090909113,0.193457527272694,0.276912337662354,0.269951923076913,0,0.100875000000011,0.397182872727275,0.586907575757577,0.582131818181802,0.00486818181818661,0.189736363636386,0.502001812727314
17,9,1,0.160012988362425,0.156230985037406,0.00378200332501954,0.0625172485453029,0.328594715676189,401,0,0,0,0.01237500000002,0.272786200000002,0,0,0,0,0.126964880000001,0,0,0,0.00500000000000611,0.186338029999997,0.215249999999997,0.210750000000018,0,0.0951250000001096,0.40189619999989,0.554750000000012,0.538375000000005,0,0.181124999999987,0.497582480000001
17,10,0,0.554964696082971,0.531396215357351,0.0235684807256219,0.165348393882804,0.446677205504337,420,0.401904761904758,0.382404761904754,0,0.128071428571435,0.376438704761901,0,0,0,0.0037523809523802,0.218341966666666,0.115261904761902,0.0884166666666412,0,0.0556666666666743,0.276885703571414,0.823488095238097,0.800738095238096,0,0.233880952380967,0.526154157142859,1.23325238095239,1.23325238095239,0.0563523809524001,0.375680952380951,0.740441257142848
17,10,1,0.637015654761901,0.606048273809516,0.0309673809523825,0.186699265873015,0.521023458698109,420,0.506450000000063,0.48015000000002,0,0.1554000000001,0.466673400000014,0,0,0,0.00602000000000017,0.25237566499999,0.173049999999992,0.126874999999986,0,0.0658499999999904,0.324428399999934,0.894725000000012,0.880274999999994,0,0.257575000000006,0.602843600000051,1.43918000000014,1.41077999999997,0.0670100000000032,0.39621999999992,0.85812999999997
17,11,0,1.04100206431652,0.947949041277907,0.0930530230386059,0.31617126686562,0.682749732040374,438,0.907954545454484,0.778909090909162,0,0.271545454545447,0.620696136363626,0.0737181818181836,0.0413046511627925,0,0.0500545454545454,0.282526590909099,0.480265327695515,0.356922727272685,0,0.145681818181817,0.436087797272728,1.43989772727273,1.34565909090877,0,0.433467476489073,0.806956212454552,2.09085454545451,2.01419545454555,0.329881818181844,0.639539204545444,1.09227223789091
17,11,1,1.132590553029,1.0223470366293,0.110243516399699,0.364787427327906,0.726787129520656,437,0.990124999999922,0.859,0,0.312874999999976,0.628596603999973,0.000149999999998585,0,0,0.0360499999999974,0.363590248235297,0.469625000000037,0.337125000000043,0,0.139624999999967,0.437908150000053,1.6221250000001,1.56525000000002,0,0.527624999999915,0.944950917117678,2.17702500000001,2.10842499999996,0.430924999999997,0.741000000000026,1.13779956959998
17,12,0,1.28748528976964,1.13589379630978,0.151591493459859,0.408361890899706,0.792641107651612,442,1.16695652173902,0.96223913043466,0,0.344586956521726,0.704789626021814,0.182347826086969,0.0487913043478183,0,0.0776798627002183,0.350927260434776,0.6429347826087,0.430492934782641,0,0.180804347826067,0.456813724499989,1.70814130434781,1.62316304347827,0,0.554804347826135,1.02732895548913,2.42686086956509,2.24950000000006,0.613265217391435,0.790428260869553,1.27820521467391
17,12,1,1.30931621283128,1.17635594699417,0.132960265837105,0.433066814802848,0.814460875132224,442,1.10193750000024,0.930937500000284,0,0.350249999999974,0.72323983,0.0342874999999793,0.0132749999999959,0,0.0565500000001663,0.324855151600036,0.606843749999897,0.421406250000089,0,0.183531249999996,0.459615599999999,1.80565624999994,1.70081249999976,0,0.581499999999981,1.00792879499992,2.51806250000002,2.39666250000021,0.39863750000013,0.884612499999999,1.38198871250003
17.5,1,0,1.40255601747677,1.23028075226373,0.172275265213044,0.451720464077823,0.88058251428248,443,1.24347619047599,1.05409523809524,0,0.384809523809508,0.771742875000024,0.118952380952364,0.0464997198880268,0,0.0593343915343828,0.372015036857127,0.618095238095326,0.365285714285695,0,0.191606625258765,0.524934416976174,1.90402380952361,1.7673095238095,0,0.639952380952406,1.14514938119048,2.6257142857142,2.50788571428589,0.560400000000032,0.919466666666669,1.45000588340954
17.5,1,1,1.26616226889175,1.12845581398474,0.137706454907015,0.400837592264151,0.8028577539502,443,1.07669999999998,0.913400000000047,0,0.322399999999993,0.727015123999961,0.0750200000000496,0.0197200000000066,0,0.0433400000000199,0.324040615799931,0.50285000000008,0.325900000000138,0,0.165425000000005,0.51150262649999,1.81037499999994,1.64600000000019,0,0.562224999999938,0.967809584499949,2.57471999999984,2.44083999999955,0.469328888888782,0.842860000000037,1.2773655095996
17.5,2,0,1.29475591492347,1.15914803272812,0.135607882195344,0.414004679968136,0.774896037238181,442,1.0868000000002,0.949374999999964,0,0.346250000000094,0.703846000000027,0.110946153846197,0.0685874999999998,0,0.0629399999999839,0.320284020000007,0.651625000000041,0.417787499999981,0,0.183725657894735,0.477331440000001,1.72223125000029,1.63189999999997,0,0.549443750000012,0.95903256500002,2.56659499999996,2.40399000000013,0.521210000000006,0.818805000000064,1.17922515400006
17.5,2,1,1.23984826590893,1.09663084240106,0.14321742350787,0.394138116336286,0.765453589750647,442,1.04993750000029,0.90068750000006,0,0.339812499999951,0.690327900000025,0.115237499999915,0.0556000000000145,0,0.0594999999999416,0.336561682000063,0.496290178571483,0.330343749999933,0,0.163325892857132,0.468985091000327,1.68225000000018,1.56406250000002,0,0.531468749999998,0.962700213999778,2.50796249999976,2.41257499999997,0.46373750000011,0.811124999999969,1.20022671736008
17.5,3,0,0.858748158266558,0.780753561878353,0.0779945963882047,0.262276768122816,0.586649404309079,444,0.734478260869646,0.63710869565211,0,0.213304347826115,0.51797967173915,0.0590869565217417,0.0384826086956651,0,0.0368999999999603,0.279534075217427,0.378010869565154,0.263065217391297,0,0.120152173913089,0.35013586956521,1.15817391304347,1.1052072713642,0,0.359184782608701,0.701482799999992,1.73864347826054,1.72094782608686,0.291628260869506,0.522182608695959,1.00891170521732
17.5,3,1,0.749962114644178,0.687279403421995,0.0626827112221835,0.234920401090638,0.564624144692492,443,0.552374999999642,0.493437499999942,0,0.177625000000205,0.470788133333388,0,0,0,0.00619999999999692,0.235304659999984,0.234062499999965,0.135343750000061,0,0.077437500000002,0.32787410000001,1.10295833333336,1.03949107142864,0,0.346750000000023,0.676733500000183,1.7065000000005,1.64182499999966,0.150362500000182,0.518725000000052,1.00464799999997
17.5,4,0,0.593308144860908,0.543186322150445,0.0501218227104651,0.189917873660001,0.471775517522656,434,0.437916666666686,0.394380952380917,0,0.148192691029908,0.412785833333319,0,0,0,0.0114653153154342,0.207671589370604,0.16477060439557,0.115276993355444,0,0.0638461538461876,0.27503737012984,0.885479487179466,0.807953525640907,0,0.257628472222378,0.580211321593405,1.28262918660284,1.2349545454545,0.140214285714431,0.429436744186042,0.77087614738744
17.5,4,1,0.671813770967442,0.613453806784386,0.0583599641830534,0.208508351648052,0.472051024101582,434,0.517833333333207,0.466454545454566,0,0.157746031745913,0.410903625333325,0,0,0,0.00554999999994834,0.181697311764709,0.170138235294085,0.121098739495881,0,0.0616911764705842,0.286199835988954,0.979047008547198,0.906499999999749,0,0.29857918552032,0.561441071428593,1.55418333333319,1.38879487179465,0.115956190476012,0.445360256410441,0.774145888974336
17.5,5,0,0.329977972721077,0.311733482551028,0.0182444901700471,0.111487266486527,0.414601992281503,434,0.199943570451378,0.157698170731795,0,0.072892177589885,0.355214072093064,0,0,0,0.00540272727274969,0.160817384851953,0.0471639610389524,0.0394812367864687,0,0.0227033536585437,0.224319122832977,0.481639251276279,0.441191331923916,0,0.153606060606064,0.492833526219513,0.763491341463357,0.756716666666627,0.0483837209302408,0.261073170731745,0.625409630232561
17.5,5,1,0.260613954751983,0.248277099763592,0.0123368549883919,0.0873394789510092,0.351696458075223,434,0.137333333333219,0.119105263157885,0,0.0530208333334454,0.314534260526315,0,0,0,0.00336666666664137,0.143525330000004,0,0,0,0.00839236111108241,0.211205983333332,0.395050986841864,0.370991452991484,0,0.126570175438638,0.425459302777752,0.666203095975197,0.648881286549827,0.0157684210526464,0.214805555555527,0.570045035263074
17.5,6,0,0.166909992139775,0.163876668659908,0.00303332347986526,0.0672638463430999,0.335155324120784,436,0.0560113636363646,0.0529950592886258,0,0.0322954545455519,0.273529518181817,0,0,0,0.00407954545449549,0.123876387927248,0,0,0,0.00751704545452259,0.185576745454558,0.206181818181829,0.202387156448213,0,0.0893920454544886,0.399290287330962,0.409377039626975,0.409377039626975,0,0.161613636363766,0.56567928727265
17.5,6,1,0.177822089340319,0.174643515181298,0.0031785741590211,0.067626900393183,0.336538756953258,436,0.0139062500000015,0.00565178571425306,0,0.0198437499999677,0.256308749999924,0,0,0,0.00346874999999968,0.127423023999975,0,0,0,0.00517187500000116,0.183924600000011,0.201937500000003,0.19803125000039,0,0.0857656250001078,0.399830592857156,0.483031250000123,0.483031250000123,0,0.183374999999899,0.577706450000055
17.5,7,0,0.115259925836492,0.112579003165364,0.00268092267113019,0.0494528455003767,0.342261481366988,438,0.0170409745293497,0.0110697674418579,0,0.0209673311185267,0.276116621951249,0,0,0,0.00302601626015741,0.126773376318992,0,0,0,0.00516417497232276,0.200293347674456,0.132714285714298,0.132619047619062,0,0.0590459579180202,0.393138232558036,0.329775324675227,0.326668070953401,0,0.119424106636398,0.517662524451619
17.5,7,1,0.101464707545238,0.0995622821290272,0.0019024254162129,0.0448239142905493,0.325686564091463,438,0,0,0,0.0117222222222356,0.261351461988307,0,0,0,0.00299999999992367,0.132054797368373,0,0,0,0.00484722222227971,0.199877687719262,0.114452485380118,0.108867224880365,0,0.0530342105262934,0.359632135087749,0.311374561403564,0.304154970760405,0,0.113561111111126,0.478485999707693
17.5,8,0,0.137151127394014,0.135367640603805,0.00178348679021007,0.054357512887997,0.311685002575593,437,0.0464390243902493,0.0383823529411759,0,0.023999999999976,0.266705359756081,0,0,0,0.00312704135735243,0.118373079717074,0,0,0,0.00605263157894635,0.196723396208886,0.165878048780489,0.16290243902437,0,0.0714146341463809,0.344625332317068,0.388515789473661,0.388515789473661,0,0.131603851091247,0.450009453749592
17.5,8,1,0.133162673044867,0.131725299884034,0.0014373731608333,0.0544868195984563,0.30857406778042,438,0.000100000000035531,0,0,0.0137666666665609,0.256373333333337,0,0,0,0.00287249999999098,0.115779933333341,0,0,0,0.0049333333333595,0.183525999999968,0.145583333333229,0.144344444444444,0,0.062933333333387,0.3462123964286,0.404228888888879,0.404228888888879,0,0.149638888888901,0.486108870000002
17.5,9,0,0.284027898925483,0.271747853334679,0.0122800455908036,0.0965176608717496,0.396194784597401,408,0.127962121212136,0.119204545454558,0,0.0524772727272547,0.306164800000002,0,0,0,0.000427272727273341,0.142784399999987,0.000159090909092315,0,0,0.0131477272727341,0.220708290909062,0.356352272727262,0.326829545454563,0,0.120290178571428,0.44934354545455,0.613144545454547,0.613144545454547,0.00292727272726632,0.206633333333333,0.63124901818179
17.5,9,1,0.196254779717376,0.192824709060683,0.00343007065669227,0.075951267664173,0.354662273200007,401,0,0,0,0.0131250000000307,0.280342700000013,0,0,0,0,0.131069040000003,0,0,0,0.00500000000000255,0.201777400000024,0.259833333333333,0.2545,0,0.0984999999999943,0.401673400000003,0.589500000000043,0.580499999999993,0,0.196000000000027,0.577139320000007
17.5,10,0,0.593870755956428,0.566448873870259,0.0274218820861683,0.186748470893409,0.503093187130881,420,0.448595238095227,0.425785714285713,0,0.139095238095162,0.420150440476191,0,0,0,0.00470476190476515,0.246327247619054,0.13905952380953,0.115380952380947,0,0.0572976190476274,0.310652776190474,0.858702380952404,0.812214285714382,0,0.254416666666634,0.575102303571458,1.24993333333336,1.22670000000007,0.0453285714285724,0.388571428571424,0.736064623809526
17.5,10,1,0.672184715608464,0.639942996031747,0.0322417195767175,0.205923736772488,0.539514458111121,420,0.521118055555563,0.467116666666735,0,0.156100000000011,0.472189449999985,0,0,0,0.00493000000001701,0.254604930000021,0.150399999999988,0.1177,0,0.0702166666666531,0.336480474999998,0.967474999999695,0.949874999999931,0,0.287019444444447,0.633319022222264,1.51854999999998,1.50281000000003,0.0577600000001685,0.441579999999999,0.862431250000006
17.5,11,0,1.0446725906877,0.956503134624943,0.0881694560627546,0.321786950380834,0.715477294626532,438,0.91079545454545,0.809726489028167,0,0.273545454545448,0.606560575363635,0.087190909090913,0.0392181818181912,0,0.0528909090908958,0.311470642054559,0.443125,0.336375000000001,0,0.132204545454558,0.44103577727278,1.38550000000006,1.2926661255411,0,0.437897727272734,0.847645357045441,2.09729090909089,2.00427272727271,0.332831818181846,0.666131818181809,1.1521455361818
17.5,11,1,1.12857490697652,1.02452566975303,0.104049237223496,0.371919154343658,0.754152235575623,437,0.975999999999884,0.860875000000078,0,0.313624999999931,0.642060736999993,0,0,0,0.0331499999999921,0.357645204705887,0.458500000000128,0.301375000000007,0,0.147124999999988,0.453559700000002,1.5478750000002,1.49125000000002,0,0.529375000000002,0.967918625000059,2.26670000000026,2.21170000000014,0.390000000000109,0.735274999999974,1.2192332764
17.5,12,0,1.25037750677957,1.11261382354077,0.137763683238802,0.407524304086474,0.821380326477834,442,1.11043478260869,0.937565217391328,0,0.352065217391303,0.735504447391329,0.158899999999984,0.0384782608695732,0,0.080500000000013,0.338950638286941,0.595315217391535,0.435054347826071,0,0.180086956521732,0.489977892934781,1.71904347826085,1.62272826086945,0,0.548826086956479,1.0437572115218,2.42307391304352,2.35163068322988,0.525866956521783,0.798252173913028,1.43727832445658
17.5,12,1,1.30415234863175,1.15813514463477,0.14601720399698,0.424016013520797,0.809543330451596,442,1.11693750000003,0.960124999999976,0,0.350250000000013,0.712883592500088,0.0210624999999992,0.0154975000000161,0,0.0556964285714538,0.347279392599988,0.608156250000033,0.371437499999928,0,0.162046875000016,0.473570423749984,1.81571875000005,1.71021874999987,0,0.593875000000153,1.00465392724999,2.48305000000006,2.39362499999979,0.522862500000002,0.862250000000015,1.34900056150002
18,1,0,1.34967930463703,1.18386738333558,0.165811921301442,0.440944380761568,0.844233456299741,443,1.27933333333333,1.07699999999988,0,0.38480952380953,0.75742669190479,0.0977523809523962,0.0459619047619158,0,0.0548772486772498,0.363525586519063,0.613188311688371,0.377452380952436,0,0.189523809523857,0.496262936190479,1.82145238095282,1.75526190476178,0,0.623761904761896,1.10828461571419,2.52266666666662,2.45613333333328,0.585732581453485,0.877085714285564,1.37715550081901
18,1,1,1.22359519465048,1.08319193763661,0.140403257013868,0.38998398545272,0.814102603726973,443,1.05139999999992,0.941799999999784,0,0.321499999999992,0.735766500000127,0.0225599999999395,0.0129400000000533,0,0.0409600000000216,0.346898043200005,0.537700000000052,0.370150000000013,0,0.17534999999998,0.519170546999987,1.68389999999968,1.6007500000001,0,0.540600000000211,1.01513676950053,2.35603999999988,2.31406000000012,0.441399999999994,0.7951999999998,1.35992425019994
18,2,0,1.26263540218578,1.12312558343811,0.139509818747675,0.406245687341333,0.802650350374155,442,1.06138750000007,0.916212179487167,0,0.330749999999966,0.724777309999959,0.125255000000045,0.0672590000000035,0,0.0644340000000836,0.342836048000002,0.579287499999963,0.371887499999821,0,0.180587500000007,0.46450385800001,1.75431875000005,1.63306250000004,0,0.560898275862066,1.00378084266667,2.51368,2.3625649999999,0.459600000000305,0.811110000000034,1.25045323839998
18,2,1,1.24914827398906,1.10434387838467,0.144804395604387,0.400189254740359,0.763118001632893,442,1.09900000000008,0.912312499999956,0,0.336499999999987,0.679344000000048,0.0721249999999976,0.0248749999999461,0,0.0657250000000373,0.314468039999996,0.499718749999992,0.388749999999813,0,0.167187499999954,0.473254100000043,1.69609375000013,1.57159374999946,0,0.548781249999742,0.91121733999997,2.46164999999988,2.38152500000005,0.476874999999898,0.832037500000034,1.26164459040011
18,3,0,0.873437876880464,0.791493856602965,0.0819440202775027,0.269237134013743,0.643594988094322,444,0.751304347826155,0.658260869565171,0,0.224826086956583,0.591353513043474,0.0574173913043521,0.0378673913043663,0,0.0350863354037038,0.299712106086895,0.369304347826091,0.280076086956519,0,0.117842391304368,0.407860326086974,1.19422826086941,1.11378804347824,0,0.374271739130455,0.740953352304387,1.79230434782604,1.73703478260843,0.308568065967043,0.556583478260919,1.11520039398262
18,3,1,0.810612325879554,0.738105967715513,0.0725063581640393,0.257383763922296,0.572201435327979,443,0.646300000000034,0.550000000000026,0,0.203000000000031,0.491434800000009,0,0,0,0.005600000000004,0.222962959999966,0.267250000000075,0.17437499999994,0,0.0880624999999425,0.341739499999986,1.16378125000056,1.0949374999999,0,0.363312500000006,0.650959965000029,1.754225,1.69052500000011,0.231425000000149,0.590275000000019,1.02537367999975
18,4,0,0.639747765073394,0.585784262824224,0.0539635022491704,0.203503858076205,0.513202710952367,434,0.514659523809387,0.433890476190382,0,0.166055555555533,0.439008538095248,0.000147454431211748,0,0,0.0120412393162198,0.219453557641157,0.184857142857154,0.127352491694286,0,0.0652390873015999,0.278478585923049,0.932071428571311,0.894711046511545,0,0.285986842105271,0.62158716620883,1.33246461538485,1.30191670329649,0.143835658914738,0.4243069767441,0.876467542222185
18,4,1,0.704752598724664,0.64259095230657,0.0621616464180954,0.222348238080481,0.493880052125089,434,0.549299999999987,0.466833333333361,0,0.172876190476022,0.412314035714291,0,0,0,0.00524126984115023,0.207596008571432,0.160791666666606,0.107571428571338,0,0.0716346153845305,0.284217428571396,1.04133974358973,1.00801190476183,0,0.307797619047714,0.584626866666926,1.70210238095224,1.55034285714282,0.119680672268981,0.510769047619116,0.852308103846244
18,5,0,0.338405444518094,0.321570402839238,0.0168350416788573,0.115445438719559,0.398077413108942,434,0.22198946784926,0.193928048780471,0,0.0764189024390453,0.347607841860468,0,0,0,0.00573000000004413,0.172772188704304,0.0498670731706894,0.0370931818181775,0,0.0248953488371907,0.230931003658621,0.478784090909138,0.464597727272743,0,0.160333522405127,0.481624923963411,0.823418699186968,0.817370853658479,0.0442232558139306,0.265692560975625,0.667848906046612
18,5,1,0.283129558678251,0.267410274509268,0.0157192841689811,0.0977051065801449,0.354039234815007,434,0.155049999999973,0.133894736841998,0,0.0618596491228544,0.310239597368448,0,0,0,0.00333333333331641,0.141441297543839,0,0,0,0.00845833333341754,0.197832695789518,0.43314215686278,0.399222222222202,0,0.141722039473706,0.421111600000004,0.730799999999907,0.718663157894657,0.015780701754371,0.251472222222494,0.593090717777793
18,6,0,0.166805210383062,0.163702431966185,0.00310277841687993,0.0655675867712883,0.349074649029453,436,0.0580689746300359,0.0490568181817664,0,0.0296022727273167,0.272139627272725,0,0,0,0.00404545454548419,0.127535788072737,0,0,0,0.00680681818184455,0.192648086363644,0.200363636363632,0.200363636363632,0,0.0850397727272734,0.422783854545425,0.464909090908906,0.451575757575729,0,0.162743006992977,0.561926876363662
18,6,1,0.179414393567072,0.175871283857589,0.00354310970948141,0.0701383792048889,0.336466501838631,436,0.0167812500000082,0.00890624999999723,0,0.0181562500001746,0.266186250000086,0,0,0,0.00340625000002825,0.128846470000014,0,0,0,0.00521875000004712,0.184184200000008,0.215950892857009,0.214691964285699,0,0.0888906250000545,0.420141762499977,0.511125000000217,0.511125000000217,0,0.193281249999984,0.559827170000015
18,7,0,0.122584606492057,0.119547438520328,0.00303716797172929,0.049907130359957,0.356424966721808,438,0.0347510822510792,0.0309146341463378,0,0.0228702325581234,0.287780571893145,0,0,0,0.00299999999998334,0.140647573655836,0,0,0,0.00544236602634234,0.211081548051865,0.142850498339163,0.138548780487826,0,0.0594149177539188,0.422131874722852,0.325810569105734,0.31755348837218,0,0.130683040272273,0.559633182439067
18,7,1,0.111037012932001,0.108993308160177,0.00204370477182289,0.045438612669024,0.323478729680189,438,0,0,0,0.0118944444445018,0.283773688888902,0,0,0,0.00284210526320497,0.129219399999995,0,0,0,0.00485380116961249,0.193164733333302,0.111221491228163,0.108874999999977,0,0.0550833333333666,0.378233607017444,0.35015175438597,0.35015175438597,0,0.131844444444389,0.523630635613976
18,8,0,0.135374775729009,0.133545934218773,0.00182884151023512,0.0536485362979951,0.33821639380763,437,0.0429199999999996,0.0362631578946572,0,0.0253902439024292,0.284644417073166,0,0,0,0.00307317073179425,0.142105136585378,0,0,0,0.00663157894742701,0.206859385975609,0.179146341463443,0.172499999999983,0,0.0723170731707007,0.391124122560956,0.369017763157822,0.369017763157822,0,0.136466752246438,0.527720310975605
18,8,1,0.127309190403711,0.125706507755309,0.00160268264840208,0.0507774117561811,0.322786709795418,438,0.000816666666667252,0.000133333333341549,0,0.014450000000079,0.267373816666655,0,0,0,0.00285666666657005,0.136709716666666,0,0,0,0.0049333333333351,0.193272066666694,0.155533333333339,0.155533333333339,0,0.06804999999999,0.37375095,0.412906666666556,0.412906666666556,0,0.143053333333377,0.533010253333344
18,9,0,0.296714487676342,0.281748324329025,0.0149661633473172,0.0999374548553526,0.400093307378356,408,0.152545454545444,0.133886363636369,0,0.0596818181818196,0.316842972727308,0,0,0,0.000463636363635574,0.147581824436363,0,0,0,0.0121022727272739,0.228487421818184,0.36295454545453,0.355954545454526,0,0.131340909090898,0.4556354,0.766687499999994,0.766687499999994,0.00396818181818824,0.246949999999999,0.703943616363617
18,9,1,0.205017456359099,0.200155133000827,0.0048623233582729,0.0768847672485424,0.368488582190468,401,0.0051250000001346,0.00100000000000478,0,0.018874999999996,0.28596999999998,0,0,0,0,0.142987519999999,0,0,0,0.00524999999998954,0.205447000000013,0.279,0.256500000000003,0,0.106875000000116,0.419264499999995,0.667749999999998,0.652249999999981,0,0.215749999999979,0.658384899999996
18,10,0,0.607681927829211,0.576230680663679,0.031451247165533,0.189006631576873,0.546729643855344,420,0.450880952380863,0.408761904761816,0,0.147547619047598,0.459854278571431,0,0,0,0.00656666666666784,0.26939326738097,0.181571428571397,0.163130952380955,0,0.0649880952381068,0.340808585714287,0.834999999999935,0.817559523809545,0,0.270749999999954,0.646661422618975,1.309680952381,1.26782857142856,0.0589714285714384,0.415257142857145,0.861110261904673
18,10,1,0.630922208994704,0.599568187830684,0.0313540211640173,0.195470992063492,0.534255137557651,420,0.468199999999979,0.451177777777784,0,0.15679999999999,0.463156999999994,0,0,0,0.0026555555555561,0.247433150000005,0.121075000000002,0.0876749999999476,0,0.0629499999999902,0.334214769999996,0.911924999999633,0.895224999999948,0,0.285591666666636,0.631846999999976,1.42662000000003,1.42089000000015,0.0533799999999985,0.44980999999999,0.920448500000048
18,11,0,1.01628577640604,0.92907553875556,0.0872102376504768,0.316009853741596,0.680576777081893,438,0.876636363636341,0.735574999999999,0,0.269909090909114,0.61498009090904,0.0454590909090914,0.0196457575757584,0,0.0521545454545477,0.304949244272704,0.423602272727287,0.321079545454544,0,0.129522727272731,0.438322762272729,1.42992045454544,1.349063479624,0,0.438693181818113,0.808319675227273,2.0563681818182,1.96573181818178,0.326177272727252,0.632018181818152,1.11343883521818
18,11,1,1.10307737999088,1.00209610615412,0.100981273836761,0.366932805559299,0.730433383704537,437,0.933250000000043,0.825875000000138,0,0.312647058823671,0.608738721705943,0,0,0,0.0264999999999816,0.317157639199994,0.410374999999988,0.27437500000002,0,0.139500000000012,0.420925399500017,1.58012499999972,1.53274999999996,0,0.523625000000265,0.975498800000076,2.2119750000001,2.15259999999994,0.406549999999987,0.760050000000001,1.20175194080001
18,12,0,1.20740182760508,1.0763030529695,0.131098774635584,0.397208428770664,0.798328586411206,442,1.06078260869565,0.936195652173825,0,0.345086956521734,0.738989171608718,0.14912608695647,0.0474608695652122,0,0.0712816933638503,0.353318440043481,0.597065217391268,0.413293478260859,0,0.182369565217339,0.461704744608712,1.67779891304346,1.55767391304342,0,0.534234541062832,0.980755660217386,2.23196521739125,2.19460000000017,0.486817391304369,0.776786231884031,1.32891688850439
18,12,1,1.25491068735186,1.11176796487826,0.143142722473609,0.419914895765998,0.774251937891404,442,1.09874999999974,0.901062499999981,0,0.338875000000058,0.682827299999963,0.00297499999997513,0.00279999999996985,0,0.0445875000000342,0.313679893200008,0.541874999999972,0.332874999999995,0,0.150062500000054,0.43882997499989,1.74090624999974,1.60081250000019,0,0.612593749999942,0.981993500000079,2.43224999999989,2.37719374999987,0.462575000000157,0.87147499999991,1.33327034800002
18.5,1,0,1.32544057701841,1.16179018285635,0.163650394162059,0.437327066705931,0.823444041834991,443,1.24157142857136,0.973095238094954,0,0.366476190476165,0.705436668714299,0.0857999999998834,0.0357714285714143,0,0.0557288515407743,0.362233365417661,0.593115800865826,0.382476190476205,0,0.183331262939963,0.48722722980952,1.84357142857135,1.69933333333351,0,0.63528571428571,1.02253785325006,2.51815238095235,2.44091904761904,0.587241102756936,0.905123809523413,1.36145527714287
18.5,1,1,1.20945925373535,1.07138263105091,0.138076622684441,0.386095867372528,0.758369249880051,443,1.02290000000003,0.893199999999797,0,0.322200000000021,0.686017501999888,0.0228800000000229,0.0023200000000088,0,0.032840000000009,0.289190280000019,0.486400000000413,0.326899999999938,0,0.161100000000002,0.480300673999987,1.71080000000019,1.53285000000019,0,0.545199999999954,0.914909962500266,2.38938000000019,2.31943999999997,0.432470000000067,0.782839999999924,1.23788513599994
18.5,2,0,1.24559016740229,1.10235071563848,0.14323945176381,0.405068933415791,0.771812188028832,442,1.04790000000014,0.892557692307663,0,0.330987499999986,0.662689600000059,0.0813840000000564,0.0513974999999988,0,0.0526999999999993,0.374298320000002,0.574437500000022,0.357028125000041,0,0.17584999999996,0.449396195054915,1.81588750000005,1.63057500000059,0,0.584024839743569,0.956672111999806,2.41894500000014,2.32596000000008,0.481565000000005,0.834835000000262,1.29723191999998
18.5,2,1,1.23402815889177,1.08128887991094,0.152739278980831,0.399163053939519,0.780632376399619,442,1.08862500000009,0.901562499999783,0,0.336625000000026,0.662059999999875,0.0260250000000113,0.00512499999987082,0,0.0448750000000309,0.323288239999993,0.494609375000068,0.282875000000011,0,0.156749999999992,0.461634745999999,1.77384999999982,1.60415624999999,0,0.566359375000264,0.955801339999897,2.41621250000014,2.36538749999967,0.553493750000106,0.810350000000039,1.25816396320005
18.5,3,0,0.924630495183948,0.835755808809443,0.0888746863745053,0.284788135988585,0.634342572916359,444,0.772782608695998,0.700065217391235,0,0.235815217391291,0.539353126086968,0.0916782608696132,0.0443304347826086,0,0.039797826086927,0.316081876521713,0.391929347826025,0.272858695652249,0,0.12099456521738,0.404284609782629,1.26541304347828,1.1932500000001,0,0.38911956521746,0.708480900000019,1.85831739130435,1.84327826086952,0.307934782608677,0.587673913043455,1.12306704739131
18.5,3,1,0.837800114633302,0.757130431466587,0.0806696831667173,0.267795106163588,0.621309685828696,443,0.663249999999834,0.568624999999997,0,0.205124999999953,0.514379799999953,0,0,0,0.00737500000005299,0.252270919999896,0.299104166666733,0.197112499999986,0,0.100750000000062,0.360412300000007,1.18455000000028,1.11431249999981,0,0.380656250000336,0.707104150000043,1.77302499999986,1.72987499999994,0.236221428571353,0.565325000000258,1.09603441999991
18.5,4,0,0.676806742630465,0.61359102105679,0.0632157215736716,0.216121589437508,0.528310564641814,434,0.54014010989008,0.456657423971391,0,0.170439560439575,0.457700009523818,0,0,0,0.00910714285711328,0.227460035714281,0.208092857142879,0.168462499999997,0,0.066649725274754,0.303592171753259,0.914437707641447,0.887906410256563,0,0.302493693693665,0.646230623251721,1.50045714285723,1.4150314285714,0.151521031746014,0.472793846153851,0.914203297142831
18.5,4,1,0.745937791655877,0.67928660371585,0.066651187940027,0.237445247318791,0.511423271220619,434,0.570055555555427,0.467500000000024,0,0.183602564102624,0.426500533333434,0,0,0,0.00509999999987941,0.208291739159655,0.147274886878045,0.10343076923079,0,0.065766483516469,0.296725367999969,1.06928571428573,0.982975274725389,0,0.347628787878742,0.661554723809892,1.64648333333323,1.61084999999991,0.125619999999894,0.517263492063425,0.851140086153806
18.5,5,0,0.350060147159556,0.33160381468854,0.0184563324710168,0.117353762001102,0.384826197445386,434,0.219471428571314,0.196708748615739,0,0.0776406976743406,0.319760611416513,0,0,0,0.00588136363630775,0.164372303720915,0.0675311839323375,0.0456004228328864,0,0.0273962209302327,0.220865927272737,0.474064062500017,0.448969344608874,0,0.175480681818243,0.46226263181819,0.864057061826473,0.853694805194852,0.0393266666666656,0.280371570121875,0.659920793953448
18.5,5,1,0.289932463467225,0.275379634885528,0.0145528285816952,0.10137052345249,0.378853359860277,434,0.165831871345062,0.132947368421251,0,0.0557500000000144,0.32829999999989,0,0,0,0.00344444444437057,0.139268963684218,0,0,0,0.00841666666665081,0.216241190657794,0.42563888888886,0.386302631579076,0,0.153842105263143,0.45621506388889,0.752042105263224,0.744703508771697,0.0192783625730593,0.241494736842129,0.705704894444416
18.5,6,0,0.173868633549836,0.171449066611316,0.00241956693852047,0.0669636833694418,0.339760616625913,436,0.0562954545454721,0.0500454545454802,0,0.0303068181817205,0.276493392885443,0,0,0,0.00395454545451848,0.126457938181797,0,0,0,0.00723295454542594,0.193247945454569,0.191659090909086,0.190555496828753,0,0.0832954545454681,0.400232181818195,0.4767386363639,0.4767386363639,0,0.174886363636315,0.620806527272667
18.5,6,1,0.176438052916114,0.173074672345997,0.00336338057011707,0.0707903669724886,0.348369751769858,436,0.035624999999989,0.0161875000000365,0,0.0217500000000408,0.259770849999974,0,0,0,0.00346874999999436,0.131347820000013,0,0,0,0.00537500000010027,0.187166500000035,0.235143749999958,0.224781249999893,0,0.0861250000000311,0.419285425000069,0.50293750000003,0.50293750000003,0,0.196249999999921,0.574166600000185
18.5,7,0,0.130122025628412,0.127953993692732,0.00216803193568024,0.0527959528296292,0.368116970282238,438,0.0295983086680276,0.0266103368176958,0,0.0231839826839705,0.295678298780453,0,0,0,0.00297560975610196,0.146304991937958,0,0,0,0.00517921527036422,0.215622873142342,0.157019230769112,0.155458855098416,0,0.0652029220779196,0.436474233139517,0.3288,0.324421705426391,0,0.128884368070944,0.611215798699156
18.5,7,1,0.131184114737131,0.128079664606521,0.00310445013060918,0.0512220329464461,0.327117166536383,438,0,0,0,0.0129236842104794,0.279186815789548,0,0,0,0.00289999999994052,0.130391903405604,0,0,0,0.00499999999988246,0.200020488888945,0.143723684210513,0.139124999999989,0,0.0650789473684656,0.378929627777821,0.370246666666733,0.368655555555557,0,0.144015789473927,0.519767468596536
18.5,8,0,0.146571447265097,0.144369012551104,0.00220243471399318,0.0589484817665346,0.33250922543132,437,0.0551219512195619,0.047545454545467,0,0.0261249999999807,0.285278030010635,0,0,0,0.00329756097560207,0.141256086341461,0,0,0,0.00629268292681634,0.194710114855905,0.185636363636366,0.179512195121949,0,0.0770975609756264,0.384881728048794,0.402410006253934,0.402410006253934,0,0.147200000000031,0.521741838048746
18.5,8,1,0.145290109262889,0.14335742915127,0.00193268011161694,0.0558874501703279,0.318732921866552,438,0.000100000000020373,6.6666666657511e-05,0,0.0130833333333461,0.271190166666686,0,0,0,0.00285666666666354,0.120509333333332,0,0,0,0.00499999999995756,0.187535333333281,0.193399999999989,0.192849999999944,0,0.0763750000000391,0.372879166666664,0.433463492063512,0.425483333333336,0,0.162820000000051,0.485308166666652
18.5,9,0,0.288566547907912,0.273910919252941,0.0146556286549723,0.0984002381187235,0.400819801975759,408,0.139999999999996,0.134386363636374,0,0.0559062499999998,0.337436363636539,0,0,0,0.000486363636362472,0.15816405454543,0,0,0,0.0126931818181891,0.233065236363657,0.369988636363691,0.349272727272757,0,0.12529344919786,0.483450748181853,0.723799999999843,0.723799999999843,0.00347272727273,0.231926923076924,0.631216160000017
18.5,9,1,0.207633935993352,0.200959476309229,0.00667445968412276,0.0778738570241092,0.359402965561912,401,0,0,0,0.0168749999999989,0.279452299999997,0,0,0,0,0.134227059999996,0,0,0,0.00500000000000611,0.211507400000024,0.30416666666667,0.291500000000013,0,0.10612499999997,0.440462099999997,0.627749999999996,0.606999999999971,0,0.203874999999982,0.57632818
18.5,10,0,0.604644266979521,0.572772838408093,0.0318714285714281,0.187961377311026,0.542105513408208,420,0.441166666666725,0.4252857142857,0,0.14372510822514,0.44887666666668,0,0,0,0.00814761904761315,0.267087590476223,0.190000000000001,0.140321428571424,0,0.0688809523809443,0.350562142857111,0.846166666666639,0.825345238095254,0,0.257976190476154,0.643693476190475,1.29597142857145,1.2697761904762,0.0776619047620183,0.398061904761902,0.879801190476226
18.5,10,1,0.616690575396826,0.586526104497355,0.0301644708994718,0.190498095238093,0.565865340842762,420,0.459799999999984,0.436200000000053,0,0.156150000000071,0.478443600000027,0,0,0,0.00266666666666695,0.257901983000008,0.119674999999973,0.0988250000000164,0,0.0590000000000032,0.349837374999976,0.868200000000002,0.852925000000036,0,0.262349999999969,0.69441232499987,1.43639999999999,1.40662000000005,0.0497100000000091,0.440430000000015,0.9425752
18.5,11,0,1.02915304018752,0.943860455805674,0.085292584381844,0.326395747913214,0.675661110277695,438,0.888977272727268,0.790977272727196,0,0.269113636363636,0.538839927272726,0.0432742424242428,0.0282540909090894,0,0.0477136363636335,0.329846589090926,0.454306818181814,0.318329545454581,0,0.137625000000027,0.426758587909097,1.44149999999992,1.35137500000012,0,0.452193181818215,0.80593040718185,2.01431363636366,1.9491545454545,0.304972727272702,0.645881818181824,1.07359398909093
18.5,11,1,1.08606401617856,0.984929195431035,0.101134820747522,0.37009377832368,0.739616754538153,437,0.933875000000171,0.803124999999981,0,0.31387500000001,0.602105882352971,0,0,0,0.0302250000000015,0.341848800000032,0.410294117647068,0.284500000000037,0,0.138874999999971,0.405694891666673,1.58437500000002,1.42137500000001,0,0.522500000000008,0.935836132099999,2.24247500000048,2.10472499999999,0.305674999999984,0.752074999999997,1.29668227479996
18.5,12,0,1.1935618735813,1.06326087382756,0.130300999753741,0.399655717196619,0.790132513241665,442,1.08795652173886,0.88871739130435,0,0.338347826086976,0.712945218739076,0.130656521739094,0.0684434782608435,0,0.0665260869565394,0.346266342065223,0.582413043478348,0.410843030690479,0,0.177586956521733,0.455688421956459,1.69254347826087,1.587347826087,0,0.558206521739165,0.949301938173865,2.20004782608696,2.14020000000017,0.449578260869649,0.79741739130443,1.34025788607391
18.5,12,1,1.23871962535012,1.09201039646627,0.14670922888386,0.409168150721825,0.76311502776252,442,1.104375,0.895281249999968,0,0.335656249999977,0.67524030000003,0.0248874999999984,0.00646250000002056,0,0.0393624999999985,0.294003729999985,0.496187500000005,0.341656249999943,0,0.167656250000007,0.423884100000013,1.75290624999994,1.62562499999993,0,0.560218749999978,0.936173852000001,2.50278749999987,2.2993500000006,0.451450000000012,0.857587500000059,1.31776218000006
19,1,0,1.31561433461935,1.15260826381935,0.163006070800005,0.43387877892525,0.80896362929907,443,1.17190476190477,0.994857142857134,0,0.349190476190513,0.669286611428577,0.108828571428594,0.0454761904761979,0,0.0581238095238112,0.358134629523806,0.58556512605041,0.351309523809428,0,0.165042606516299,0.483354577011907,1.92795238095235,1.786380952381,0,0.647238095238073,1.10273407382143,2.45694285714293,2.35285714285721,0.556187719298364,0.862942857142839,1.3518433952716
19,1,1,1.19721067979863,1.06643759539934,0.13077308439929,0.383752039664621,0.723895585518521,443,1.05609999999979,0.902599999999983,0,0.326099999999951,0.616004349999993,0.0784000000000083,0.00748000000000333,0,0.0434000000000197,0.286054309999987,0.480550000000074,0.327383333333343,0,0.150418750000014,0.435327800000051,1.67682499999994,1.55085000000004,0,0.562299999999959,0.941488025000017,2.39335999999985,2.30701999999982,0.439489999999994,0.800020000000095,1.22214525000027
19,2,0,1.24178809401922,1.10428897976355,0.137499114255683,0.401912419878671,0.743690448859817,442,1.05136249999981,0.88052500000008,0,0.329499999999976,0.669711899999971,0.0889899999999762,0.0526350000000036,0,0.053919999999992,0.354586899999983,0.527425000000004,0.335618750000004,0,0.165187500000115,0.429005357142857,1.80465000000002,1.70601250000017,0,0.575237499999906,0.926206509999963,2.39918499999995,2.35733500000022,0.454099999999767,0.811795000000006,1.17914845999999
19,2,1,1.23067718568198,1.0793125026934,0.151364682988584,0.391844676524461,0.733598379097456,442,1.0545624999998,0.849812499999882,0,0.344812499999975,0.620098600000008,0.0423124999999985,0.00788749999993431,0,0.0452625000000637,0.29052907999999,0.489500000000105,0.307218750000046,0,0.156374999999975,0.446012199999984,1.79803124999955,1.67159374999985,0,0.563812499999998,0.898969300000178,2.5502125000001,2.34295000000037,0.506387499999887,0.803312499999536,1.23820612000002
19,3,0,0.9478687709744,0.857098914623747,0.0907698563506538,0.293932614344215,0.648005515443051,444,0.777012422360247,0.704456521739105,0,0.251065217391304,0.55459210803691,0.0957847826086985,0.0361123188405346,0,0.0386260869565209,0.29185184434776,0.391847826086951,0.271739130434772,0,0.119782608695641,0.397079032608688,1.30952085781432,1.2111400966184,0,0.407380434782624,0.735705369565218,1.8715608695655,1.83751304347827,0.309782608695658,0.609452173913044,1.14619220652172
19,3,1,0.889388220677003,0.806667807906927,0.0827204127700732,0.284797647085795,0.65190076979696,443,0.733100000000013,0.637875000000122,0,0.231250000000152,0.549621499999989,0,0,0,0.0133749999999623,0.280154824000013,0.332156250000082,0.230135416666738,0,0.110625000000028,0.394597287499976,1.28246874999991,1.17406250000021,0,0.411031250000047,0.808289178999984,1.86872499999986,1.83683750000009,0.268174999999962,0.598574999999915,1.16400460240005
19,4,0,0.700672386312373,0.632626943066977,0.0680454432454002,0.224103876832793,0.511943379057106,434,0.518191413237872,0.452813186813164,0,0.17443846153848,0.444398095238106,6.92307692238862e-05,0,0,0.00884945054951439,0.213922714285744,0.199601190476382,0.126685599284437,0,0.0660304487179491,0.275746266666676,1.04096109123412,0.981217032967029,0,0.333228170478281,0.6375254,1.53508615384606,1.43412307692306,0.182980952380956,0.461585096153817,0.931609332923135
19,4,1,0.773642513991096,0.696879900879081,0.0767626131120164,0.248922755217201,0.499457051316153,434,0.57402100840322,0.473666666666395,0,0.185056561085945,0.417703160839176,0,0,0,0.00699999999998931,0.208064570512786,0.161120879121617,0.115720238095249,0,0.0679305555555819,0.283509663214275,1.12621703296681,1.05964285714281,0,0.347941176470617,0.62964648333336,1.64425934065957,1.56715714285715,0.161147058823695,0.536400000000343,0.818323546153862
19,5,0,0.338446559473266,0.320649437371566,0.0177971221016978,0.115652249881259,0.379377514519159,434,0.190189534883735,0.174478571428662,0,0.0767749999999637,0.338923622727295,0,0,0,0.0055524418604801,0.158002590909128,0.0591710088691057,0.0342290697674373,0,0.0256699260043197,0.221023055232569,0.477622093023214,0.444138477801211,0,0.165114244186106,0.449629906768281,0.791054006968568,0.782431707317074,0.03699545454542,0.273471818181829,0.603894800000079
19,5,1,0.275824058356542,0.262705166321255,0.0131188920352902,0.0980173460095303,0.371393048372774,434,0.151029239766012,0.132046783625755,0,0.052236842105286,0.300158947368445,0,0,0,0.00325555555549121,0.144666603859663,0,0,0,0.00899999999993875,0.213212183333301,0.382049999999981,0.35976315789481,0,0.131408834586412,0.448624977777761,0.702083333333068,0.693372514619846,0.0173222222222245,0.26323888888888,0.701748829005823
19,6,0,0.179165334166646,0.17558958961682,0.00357574454982597,0.0724970498584142,0.346938730796085,436,0.0663308080807891,0.0608636363636594,0,0.0320692640692571,0.26498325909092,0,0,0,0.00389188311688098,0.127807855454573,0,0,0,0.0066306818182356,0.192221831136358,0.200295454545451,0.200250000000002,0,0.0852596153846041,0.397193956818162,0.433409090909083,0.417545454545459,0,0.17284848484847,0.615747745454603
19,6,1,0.176817504914813,0.173608386577112,0.00320911833769905,0.0674789523263358,0.31537504505553,436,0.0111499999998614,0.00534375000003706,0,0.0179062499999815,0.250558250000006,0,0,0,0.00337500000000768,0.124109170000086,0,0,0,0.00524999999986164,0.183263424999923,0.175312500000032,0.175171875000046,0,0.0793906249999787,0.372729525000001,0.47984374999993,0.47984374999993,0,0.190624999999954,0.510251139999981
19,7,0,0.128113752566456,0.125354102744722,0.00275964982173394,0.0537458473348209,0.333582191166037,438,0.0321627906975974,0.0255409523809742,0,0.0212022121383691,0.276574191718647,0,0,0,0.00299268292686298,0.143632019512206,0,0,0,0.00533019976498702,0.201254730813991,0.149197674418588,0.146728162223422,0,0.0652023539421685,0.381580443181821,0.339623809523809,0.319273809523791,0,0.129518181818159,0.609566490909074
19,7,1,0.12894388778575,0.12726329135107,0.00168059643468133,0.0529598584978978,0.303238210724165,438,0,0,0,0.011777777777714,0.245605783333331,0,0,0,0.00299999999999518,0.132905645789511,0,0,0,0.00499999999999525,0.190918761111186,0.126736842105281,0.12436111111112,0,0.0556447368422218,0.334840607456117,0.376733333333271,0.36532999999984,0,0.138977777777832,0.506215284035047
19,8,0,0.14511061618979,0.143254587340122,0.00185602884966926,0.0605001439389226,0.347816567292629,437,0.0456842105263365,0.0422926829267498,0,0.0233157894736835,0.285630666416518,0,0,0,0.00315121951220601,0.143921246585357,0,0,0,0.00612195121949498,0.216744378658509,0.166272727272727,0.164463414634098,0,0.0755609756097911,0.395275589634162,0.387103722721484,0.387103722721484,0,0.155402182284995,0.532057327073195
19,8,1,0.155893539356378,0.15324178897586,0.00265175038051898,0.0604134549177346,0.294543568966188,438,0.000333333333219343,0.000111111111111642,0,0.0124888888888884,0.251832599999995,0,0,0,0.00284666666662965,0.135761996666671,0,0,0,0.00500000000003335,0.166987583333331,0.176949999999972,0.172716666666645,0,0.0688833333333217,0.323666533333347,0.541823333333292,0.53229333333322,0,0.177446666666699,0.486756543333332
19,9,0,0.270874159805877,0.254081713616876,0.0167924461890004,0.091991673658186,0.40330087662338,408,0.145704545454505,0.136204545454541,0,0.0564772727272606,0.32322905454546,0,0,0,0.00053181818182014,0.158688109090909,0,0,0,0.0109040404040388,0.24023163636363,0.34963636363637,0.343943181818183,0,0.119181818181814,0.47783490909071,0.678695454545456,0.678695454545456,0.0027363636363646,0.231249999999973,0.644074036363669
19,9,1,0.185414484621779,0.17931224023275,0.00610224438902791,0.0698845594347475,0.361070224590471,401,0,0,0,0.01400000000001,0.2881,0,0,0,0,0.142852119999993,0,0,0,0.00499999999999545,0.211605399999982,0.240875000000003,0.240875000000003,0,0.101875000000405,0.421246000000039,0.650750000000016,0.63862499999999,0,0.207125000000019,0.579652060000004
19,10,0,0.588745103551523,0.558480817837239,0.0302642857142853,0.184481718212538,0.538788534154837,420,0.440904761904743,0.394785714285718,0,0.146261904761895,0.451186035714282,0,0,0,0.00539523809523778,0.262768680999997,0.153714285714284,0.124309523809507,0,0.0559404761904869,0.358425004761952,0.835976190476193,0.827976190476173,0,0.255535714285707,0.635266879761903,1.27424761904767,1.26744285714287,0.062790476190369,0.409909523809525,0.81774084047619
19,10,1,0.595333313492065,0.567483075396829,0.0278502380952366,0.183976792328044,0.555594501720381,420,0.478249999999963,0.428799999999967,0,0.152500000000026,0.474398066000035,0,0,0,0.00384000000000054,0.258307048279966,0.134299999999979,0.106699999999997,0,0.0634000000000107,0.339137424999993,0.811950000000087,0.800050000000009,0,0.256599999999985,0.684771517599989,1.27689999999994,1.25732000000003,0.0436499999999809,0.395430000000026,0.851908347999992
19,11,0,1.02689177370149,0.940095986531254,0.0867957871702389,0.326295479816656,0.683633062567328,438,0.864085227272773,0.757681818181823,0,0.266204545454495,0.556041095454564,0.0585772727272665,0.0418515151515113,0,0.0572590909090908,0.308087020317115,0.457335227272734,0.356078488372095,0,0.138181818181818,0.441312318181797,1.49589772727276,1.37737499999999,0,0.480113636363594,0.840059236272732,1.97844090909099,1.96008636363635,0.328018181818191,0.648609090909092,1.11655737440002
19,11,1,1.08318859352665,0.972272861261203,0.110915732265446,0.368829919427731,0.709661621835812,437,0.955000000000013,0.798874999999952,0,0.311499999999953,0.569749999999994,0,0,0,0.0193249999999928,0.330583919999988,0.384500000000003,0.290125000000017,0,0.142416666666639,0.429977600000002,1.60362499999997,1.47224999999997,0,0.543999999999983,0.852034999999995,2.22152500000001,2.14034999999999,0.317274999999975,0.73642499999998,1.24680403999996
19,12,0,1.20913669901984,1.07828991548955,0.13084678353029,0.400332543519768,0.776153550104135,442,1.04849999999991,0.923195652173954,0,0.345391304347851,0.682643154347828,0.13813043478268,0.0607695652173935,0,0.0729478260869604,0.354760406521716,0.592673913043428,0.397913043478341,0,0.174717391304359,0.445116619565256,1.66061956521739,1.59518478260869,0,0.546978260869549,1.01253109415215,2.23876521739136,2.19758260869564,0.543999999999995,0.799543478260845,1.2876997795652
19,12,1,1.22565684254472,1.08837285875889,0.13728398378582,0.409966911764706,0.775152740114495,442,1.07056250000003,0.875874999999724,0,0.332187500000028,0.69257196799996,0.0605437500000081,0.0141750000000087,0,0.0453875000000032,0.291008259999973,0.489656249999996,0.341843749999974,0,0.155031249999982,0.453634424999978,1.75693749999996,1.5984062499999,0,0.590906249999868,1.00527820899995,2.40666250000006,2.37683750000004,0.523075000000047,0.87742499999994,1.44361605639997
19.5,1,0,1.29867699842278,1.13264959841913,0.166027400003646,0.424482480137697,0.775690102057834,443,1.1324761904765,0.909809523809502,0,0.343190476190427,0.637549833333294,0.0881523809523846,0.0414476190476042,0,0.0634952380952633,0.343368916666634,0.550380952380886,0.338809523809557,0,0.157714285714294,0.454559225000002,1.88488095238101,1.77821428571423,0,0.641738095238127,1.03675152738088,2.53982857142828,2.42251428571416,0.676885714285657,0.848828571428506,1.35346799666672
19.5,1,1,1.16090923581997,1.02825014153139,0.132659094288582,0.375259463345156,0.749377880567897,443,1.00369999999998,0.885499999999935,0,0.332899999999972,0.624651733333291,0.0245999999999731,0.00390000000001237,0,0.0299999999999968,0.285723099999997,0.417749999999978,0.263699999999926,0,0.139700000000031,0.456271399999947,1.69165,1.5160499999999,0,0.535799999999984,0.982000999999969,2.28617999999988,2.20799999999977,0.434630000000106,0.734379999999929,1.25809889600001
19.5,2,0,1.21352569839176,1.07839507938232,0.135130619009444,0.391241479594861,0.744322841008075,442,0.999113461538363,0.878060294117704,0,0.327800000000061,0.632736000000008,0.112550000000005,0.0619799999999923,0,0.0629249999999842,0.31409996000004,0.550487500000031,0.367499999999965,0,0.165081249999984,0.440549857142854,1.73162499999993,1.64745000000012,0,0.560662500000049,0.993536636363571,2.34576999999984,2.24887500000022,0.4595750000001,0.774134999999893,1.23404279999995
19.5,2,1,1.21359226774044,1.0612023975616,0.152389870178837,0.382779708485957,0.711858726568759,442,1.01756250000039,0.829812499999832,0,0.33225000000003,0.641892399999998,0.0230749999996576,0.00969999999982179,0,0.038424999999977,0.272622600000034,0.458312500000033,0.29287499999991,0,0.137437499999997,0.438637209999952,1.74028125000015,1.57315625000009,0,0.556374999999975,0.933686699999536,2.46743749999997,2.39993750000008,0.55023749999972,0.785937500000219,1.16426055714286
19.5,3,0,0.931195343696697,0.835050371957602,0.0961449717390942,0.288091701690614,0.602529516265241,444,0.787993012422626,0.688304347826133,0,0.243434782608707,0.521491304347843,0.0652287517530786,0.027660869565232,0,0.0364478260869264,0.284333050434786,0.351739130434788,0.256989130434793,0,0.115402173913042,0.37761128861559,1.31438043478275,1.20859782608694,0,0.42402173913041,0.667673320652162,1.88040070505298,1.81696956521748,0.322094836956569,0.589817391304401,1.04641042391304
19.5,3,1,0.881351647383831,0.789511151038566,0.0918404963452596,0.282777795022894,0.596697210329492,443,0.698874999999816,0.588625000000093,0,0.223250000000263,0.524607799999956,0,0,0,0.0133249999999976,0.237370259999971,0.331781249999913,0.206687500000015,0,0.102499999999992,0.378537799999998,1.27443750000003,1.16268749999972,0,0.398562500000034,0.727252655000185,1.86384999999988,1.78815000000022,0.271474999999895,0.623424999999668,1.05083365999989
19.5,4,0,0.678782435406442,0.611087372836685,0.0676950625697555,0.217423934347656,0.505407061052552,434,0.508304817275793,0.429128435518089,0,0.173983333333436,0.436508406349157,0,0,0,0.0109461538461451,0.225923125714197,0.189639880952419,0.123473613595661,0,0.075767857142852,0.292319686538508,0.997384615384432,0.92797142857167,0,0.311125000000033,0.573120980419569,1.43729047619038,1.3810327472529,0.20494545454554,0.435853846153836,0.908943200000136
19.5,4,1,0.761912147896597,0.682619337881767,0.0792928100148243,0.239501149524408,0.501717612034085,434,0.609071428571432,0.515285714285961,0,0.187457142857059,0.400781626923029,0,0,0,0.00576666666650757,0.226120399999991,0.158038461538441,0.103178571428413,0,0.0657307692307467,0.299487507857068,1.0859464285714,0.994803571428424,0,0.345321428571847,0.583478835746749,1.73245128205163,1.50771758241715,0.16652000000003,0.513538461538391,0.923147811999929
19.5,5,0,0.306973179056639,0.286677164807483,0.020296014249159,0.104566278655086,0.369862669998947,434,0.195713414634145,0.17695487804865,0,0.0710363636363209,0.325219830866847,0,0,0,0.00485409090907079,0.165495899534867,0.0493023255814642,0.0294096710153272,0,0.0228998414376279,0.214877849350688,0.434900000000084,0.401704830053551,0,0.140707317073169,0.43687912068967,0.736859090909024,0.709274021554274,0.0515581395348887,0.236911764705822,0.556117364705911
19.5,5,1,0.256980000163898,0.243000191101269,0.0139798090626269,0.0898419439588775,0.354051649346783,434,0.14350000000003,0.113819444444465,0,0.0527456140350395,0.28200443070176,0,0,0,0.00338421052634317,0.136876957894732,0,0,0,0.00868750000011669,0.207000253947378,0.374833333333299,0.35436111111105,0,0.123421052631511,0.414913462426849,0.665323976608283,0.6484052631578,0.0200047368421366,0.231640247677981,0.629997359555463
19.5,6,0,0.14386514260788,0.140460324296646,0.00340481831123644,0.0603183301619582,0.317420825415614,436,0.0571363636363871,0.053019813519806,0,0.0286477272727294,0.256458836363628,0,0,0,0.0041931818181521,0.12319329090907,0,0,0,0.00761363636365528,0.180235520454553,0.18879545454542,0.185873251748303,0,0.0800340909090561,0.371600499999989,0.40261363636364,0.40261363636364,0,0.150999999999932,0.449591509090857
19.5,6,1,0.156050439602442,0.151247868883788,0.00480257071865413,0.0635990921253859,0.299601955665802,436,0.0134374999999878,0.0028125000000081,0,0.017031249999974,0.243487499999983,0,0,0,0.0033437500000062,0.117242699999956,0,0,0,0.00535937500000472,0.163782500000045,0.200515625000079,0.200062500000024,0,0.087921875000056,0.370374999999991,0.455156249999967,0.443718749999853,0,0.181437499999933,0.45309325000009
19.5,7,0,0.0999339415139125,0.0976173122035948,0.00231662931031683,0.0447510308316891,0.315953931545342,438,0.0231365176152269,0.0132590011614446,0,0.01854556882462,0.257357820930233,0,0,0,0.0029853658536764,0.137252740476182,0,0,0,0.0052244318181177,0.189544603071281,0.127587209302371,0.126594407530569,0,0.0579154334038669,0.379502563593624,0.307535853658496,0.303989999999991,0,0.119400000000003,0.472477173170692
19.5,7,1,0.097503145446243,0.0955803663882947,0.00192277905794928,0.0440537391985148,0.291569567688378,438,0,0,0,0.0110000000000927,0.244343305555498,0,0,0,0.0030368421052878,0.114420769122812,0,0,0,0.00469978632508402,0.181630456578952,0.117111842105243,0.111150000000009,0,0.0522499999999312,0.32976148665412,0.303056140350906,0.302719298245498,0,0.117416666666918,0.447682302631707
19.5,8,0,0.125570636650794,0.123518669631014,0.0020519670197803,0.0540921514641588,0.3158547096772,437,0.0436097560975445,0.0381951219512176,0,0.0229756097560783,0.27143442439023,0,0,0,0.00320975609755232,0.134330234146338,0,0,0,0.00592682926828009,0.193547179268292,0.166146341463412,0.162634146341389,0,0.076317073170685,0.364500730487805,0.340297560975517,0.340297560975517,0,0.131941463414642,0.489047339999999
19.5,8,1,0.128091067804597,0.126452419910124,0.00163864789447092,0.0538889921722106,0.302431392589948,438,0,0,0,0.0133916666666704,0.250383333333346,0,0,0,0.00299999999999894,0.128416466666656,0,0,0,0.00501666666670222,0.19228085000005,0.139483333333312,0.138299999999991,0,0.0639999999999579,0.362302699999995,0.421186666666654,0.419533333333278,0,0.144646666666617,0.48346826666669
19.5,9,0,0.262915073733909,0.246759546211895,0.0161555275220131,0.0886353846590177,0.386977286025969,408,0.120409090909078,0.109704545454543,0,0.0509318181818235,0.317246581818178,0,0,0,0.000577272727272125,0.155504763636347,0,0,0,0.0109318181817713,0.244575909090907,0.298313636363625,0.295488636363613,0,0.115352272727266,0.447729600000001,0.656156060606083,0.656156060606083,0.0026181818181804,0.218581818181794,0.59031290909092
19.5,9,1,0.180256026600167,0.173568682460517,0.00668734413964862,0.0661326891105536,0.351934366628569,401,0,0,0,0.0121249999999833,0.273574999999887,0,0,0,0,0.138771839999996,0,0,0,0.00499999999999545,0.203155679999994,0.240749999999992,0.235125000000011,0,0.0896666666666682,0.438084400000001,0.562875000000076,0.55625,0,0.180124999999919,0.544042480000041
19.5,10,0,0.553021056094147,0.519644525481903,0.0333765306122443,0.170752546331663,0.466657901948187,420,0.389428571428572,0.349666666666584,0,0.133976190476165,0.405716666666667,0,0,0,0.0034761904762041,0.238041752380949,0.103178571428567,0.0696428571428574,0,0.0427976190476142,0.304122499999998,0.788250000000052,0.771928571428485,0,0.241880952380942,0.549949107142826,1.18687142857144,1.18687142857142,0.071233333333335,0.384747619047611,0.758528571428559
19.5,10,1,0.551578664021171,0.521736997354503,0.0298416666666682,0.169382585978838,0.452452094037743,420,0.38380000000002,0.361099999999908,0,0.130500000000012,0.399688799999893,0,0,0,0.00177999999999714,0.223237400000015,0.107225000000023,0.081949999999992,0,0.0504250000000042,0.292327350000001,0.803300000000001,0.779324999999999,0,0.244049999999953,0.556790449999958,1.25529999999982,1.23147999999987,0.0336000000000264,0.371629999999949,0.675895210000001
19.5,11,0,1.00605040032363,0.914107459734463,0.0919429405891702,0.31823918905686,0.655163972671511,438,0.905409090909059,0.743716740576488,0,0.274659090909061,0.550681818181889,0.0415318181818181,0.0219636363636355,0,0.0480377272727282,0.302020490824476,0.367340909090898,0.284931818181806,0,0.127420454545476,0.400755913742051,1.45184090909092,1.3652159090909,0,0.459000000000036,0.823168818181817,1.94465454545452,1.86993228840141,0.288000000000024,0.642944318181831,1.06706141818181
19.5,11,1,1.09213356384888,0.982330360187553,0.109803203661328,0.363267057028759,0.697665072599594,437,1.01100000000001,0.859875000000045,0,0.32149999999999,0.614603200000055,7.49999999982266e-05,0,0,0.0280750000000037,0.30693900000003,0.424250000000029,0.312375000000018,0,0.146874999999923,0.419878907999993,1.57387499999993,1.50724999999997,0,0.536375000000021,0.829207499999869,2.1864,2.13109999999991,0.391975000000221,0.69825000000003,1.19782624000004
19.5,12,0,1.18092774106313,1.04953339205563,0.131394349007492,0.388855133168991,0.739395063214871,442,1.03608695652167,0.885891304347717,0,0.334152173913061,0.643654226086988,0.124947826087151,0.0293652173913045,0,0.0661391304348122,0.330162606956543,0.557126577840141,0.374774796195603,0,0.161565217391303,0.428245621739131,1.7065597826086,1.56773913043478,0,0.543739130434796,0.923648456521744,2.23109130434788,2.15793913043478,0.543434782608654,0.789034782608724,1.23981111826085
19.5,12,1,1.19273150048481,1.05330587831287,0.139425622171947,0.394989231846583,0.702241283343915,442,1.01887500000006,0.895437499999825,0,0.331312499999963,0.585793980000011,0.0563874999999711,0.0127875000000038,0,0.0493249999999619,0.279778399999976,0.484781249999941,0.313000000000002,0,0.140491071428577,0.373591150000019,1.69531250000007,1.59437500000029,0,0.575812499999947,0.895100100000002,2.44562499999994,2.28960000000002,0.513437500000009,0.855174999999957,1.20426974999976
20,1,0,1.24628942515119,1.08177714203873,0.164512283112467,0.412362249636693,0.741699095747381,443,1.10328571428573,0.882476190476176,0,0.350428571428568,0.65243766666666,0.100552380952363,0.0401142857141947,0,0.0637999999999953,0.291900385714281,0.523071428571381,0.328380952380821,0,0.152619047619074,0.42386317857155,1.78790476190464,1.66240476190476,0,0.59788095238096,0.941073590476198,2.42211428571439,2.30626666666682,0.571238095238247,0.844561904761832,1.25285284952388
20,1,1,1.13148970090294,0.996969017610817,0.134520683292124,0.366160862087503,0.72389281780863,443,0.936899999999696,0.852999999999883,0,0.317599999999993,0.641310000000046,0.0148000000000047,0.0064600000000155,0,0.0338000000000056,0.270211720000003,0.424750000000063,0.272499999999992,0,0.139350000000013,0.416960000000001,1.66814999999978,1.5355,0,0.538050000000032,0.97143022499994,2.23409999999983,2.07856000000007,0.367109999999966,0.712960000000103,1.24023200000007
20,2,0,1.17585538636879,1.04331580530298,0.132539581065811,0.377681278840464,0.720217630420853,442,0.99645000000005,0.848725000000058,0,0.313675,0.611000000000122,0.0929719999999878,0.0622500000000024,0,0.0537300000001369,0.280319159999987,0.482106249999941,0.338849999999946,0,0.158987500000015,0.445652373913055,1.59886249999995,1.52698125,0,0.531787499999933,0.969125733332978,2.26550999999978,2.20543499999996,0.394580000000053,0.740869999999991,1.19816455999996
20,2,1,1.19078350885227,1.05026310376715,0.140520405085112,0.382217409592041,0.684358017086789,442,1.0301071428572,0.853125000000033,0,0.321812500000021,0.60600769999999,0.043518750000203,0.00976249999989705,0,0.0367875000000041,0.266233079999994,0.394187500000044,0.269093749999783,0,0.13875000000003,0.379178299999947,1.71906250000009,1.56562500000001,0,0.567512499999936,0.871752250000011,2.51160000000006,2.43774999999991,0.424537500000073,0.771337500000158,1.15268924000005
20,3,0,0.883523928501019,0.788870706206638,0.0946532222943811,0.277385403123808,0.598843924087794,444,0.730630434782538,0.653532608695924,0,0.234760869565158,0.520131391304236,0.0274869565217377,0.00753043478259276,0,0.0325478260869686,0.259813035234774,0.323820991847885,0.24023913043482,0,0.114994565217392,0.36314932826085,1.23666304347834,1.1934130434783,0,0.400315217391284,0.722399130434669,1.72457391304347,1.67645217391284,0.330343478260705,0.563308695652206,1.03937601321741
20,3,1,0.843820564358513,0.74613987264617,0.0976806917123521,0.266584956954253,0.577898063842221,443,0.684500000000015,0.561999999999671,0,0.209749999999986,0.485207799999873,0,0,0,0.00942499999997396,0.230341359999961,0.304937500000051,0.194937499999785,0,0.10555000000001,0.360421392857224,1.22631249999995,1.14518750000025,0,0.372187500000223,0.653721399999862,1.83497500000003,1.72847499999944,0.29191249999999,0.572875000000203,1.0106154600001
20,4,0,0.665657212833191,0.589612663133252,0.0760445496999439,0.212629409819267,0.52137640151648,434,0.505837912087987,0.423761904761929,0,0.162395238095354,0.436251029914572,0,0,0,0.00897476190475998,0.222443819999988,0.195859523809503,0.136229120879122,0,0.0741357142857053,0.311099337301561,0.953545454545563,0.891711538461446,0,0.309826923076764,0.625390727036161,1.44080000000002,1.3622808441558,0.242193333333351,0.473716666666721,0.894546265846141
20,4,1,0.713921790461425,0.633694008013759,0.0802277824476685,0.227006452789402,0.486079321757203,434,0.527294871794781,0.453277777777823,0,0.180084033613406,0.430214733333353,0,0,0,0.00519999999997935,0.193320607948715,0.186897058823133,0.121743589743602,0,0.0672689075629748,0.274983156862685,1.04346428571437,0.984333333333346,0,0.333586538461456,0.596363849999991,1.55166274509773,1.43009999999995,0.204533333333395,0.513333333333315,0.863025039999932
20,5,0,0.310842035743275,0.287822812600306,0.023019223142968,0.105967577015023,0.350030199569064,434,0.187916851441221,0.170883720930237,0,0.0709110465116299,0.30163670185183,0,0,0,0.00507499999984744,0.141938809090931,0.0400386363636471,0.026296511627913,0,0.0225737250554218,0.198389209090881,0.422518292682947,0.397615641711227,0,0.145018292682956,0.41167887637424,0.760797117516427,0.745869999999983,0.0558809523809514,0.251665697674399,0.61119451666668
20,5,1,0.248903304441264,0.233933130964406,0.0149701734768598,0.0882599957850509,0.341819308554535,434,0.139666666666648,0.119944444444425,0,0.0536833333333031,0.283421042105288,0,0,0,0.00355555555554727,0.125909722222217,0,0,0,0.00826041666647371,0.190074299999964,0.3510789473684,0.326562500000051,0,0.127173684210528,0.415463699999987,0.630158704453497,0.612526666666689,0.0175882591092741,0.231519298245782,0.639196140952264
20,6,0,0.129516193876481,0.125825911610009,0.00369028226647121,0.055368484600069,0.303919804252881,436,0.046636363636364,0.0414886363636138,0,0.0270113636364187,0.234814491387537,0,0,0,0.00413636363636401,0.115578421818175,0,0,0,0.00654545454544729,0.168646216995987,0.170875000000019,0.170738636363683,0,0.0679659090909117,0.357923672727282,0.384495454545428,0.374449999999972,0,0.146477272727262,0.49258610895102
20,6,1,0.144483456203581,0.13903343026431,0.00545002593927506,0.0608889744429851,0.296389747629617,436,0.0129062499999385,0.00649999999997596,0,0.0185937500000861,0.245948980952361,0,0,0,0.00346875000000057,0.113701260000011,0,0,0,0.00548437500003729,0.165784349999996,0.184921874999532,0.177578124999997,0,0.0800468749998969,0.3177942499999,0.414218750000018,0.414218750000018,0,0.156031250000104,0.496575999999889
20,7,0,0.0997353328321991,0.097555431995947,0.00217990083625291,0.0426842943872918,0.31490550031859,438,0.0115014180374404,0.00629069767444402,0,0.014072009291544,0.248924108488407,0,0,0,0.00294390243901509,0.128908907324018,0,0,0,0.00504761904755653,0.184634195559801,0.118996802325585,0.115891196013291,0,0.0537693181818207,0.364040297078803,0.285962367864747,0.28241222570534,0,0.108436166007858,0.482320738536606
20,7,1,0.0926971786703163,0.0893928799684645,0.00330429870184974,0.0417243328020632,0.287772875636143,438,0,0,0,0.0108888888888841,0.23274667222224,0,0,0,0.00296999999991385,0.106520703936826,0,0,0,0.00488888888883644,0.162891322222238,0.115541666666735,0.113489035087761,0,0.0519342105263173,0.31547791271931,0.29070409356723,0.266457894736864,0,0.109331578947392,0.460523836666694
20,8,0,0.118077138858036,0.11594221549173,0.00213492336630479,0.0509260949876174,0.311942870555133,437,0.0428780487804788,0.0369024390243883,0,0.0216585365853501,0.256871219512192,0,0,0,0.00311527599486998,0.116679527716166,0,0,0,0.00587804878049295,0.170640195215297,0.140024390243946,0.134975609756121,0,0.065236842105258,0.35700274146342,0.340735698447926,0.340735698447926,0,0.129348652118103,0.478644296097561
20,8,1,0.119222725048921,0.116554396789158,0.00266832825976467,0.052507010582014,0.286424323653735,438,0.000378571428574387,0,0,0.01145000000004,0.235551883333412,0,0,0,0.00299999999994029,0.103768457777772,0,0,0,0.00499999999996656,0.174813708333367,0.150900000000035,0.142133333333375,0,0.0645333333333782,0.325820083333353,0.420253333332715,0.409870000000025,0,0.153252500000057,0.430105844444377
20,9,0,0.233662030408781,0.217373821584582,0.0162882088241989,0.0811489966448137,0.376803421276189,408,0.110701298701297,0.105454545454626,0,0.044977272727277,0.291028672727301,0,0,0,0.000445454545453477,0.147304445454552,0,0,0,0.0102499999999979,0.222829799090912,0.280292613636351,0.272457219251339,0,0.103249999999996,0.456932927272688,0.567554545454553,0.564863636363637,0.00588636363636088,0.208533333333334,0.587994661818177
20,9,1,0.147887468827933,0.141758520365754,0.00612894846217803,0.0556883832086445,0.343741485009522,401,0,0,0,0.0111250000000141,0.274796939999895,0,0,0,0,0.133327379999982,0,0,0,0.00499999999993862,0.1940281,0.194875000000004,0.184124999999995,0,0.0676249999999978,0.414417399999891,0.492249999999999,0.477500000000077,0,0.155000000000086,0.549123379999969
20,10,0,0.511755034468333,0.479860363266517,0.0318946712018155,0.160332631494518,0.450470957897876,420,0.384880952380976,0.357357142857151,0,0.125833333333308,0.383569716666674,0,0,0,0.00377619047618969,0.208011854761907,0.0972500000000351,0.0794047619048384,0,0.0435833333333345,0.289057726190479,0.729690476190466,0.696857142856993,0,0.222702380952385,0.533025695238151,1.12084761904761,1.10833333333334,0.0546047619047601,0.345714285714151,0.725285780952382
20,10,1,0.534628769841269,0.501103531746032,0.0335252380952371,0.164852519841268,0.444911795924528,420,0.359050000000005,0.322049999999997,0,0.120400000000007,0.379141299999874,0,0,0,0.00159000000000191,0.175115544000009,0.0717749999999889,0.0353,0,0.0391999999999825,0.254815099999972,0.752849999999993,0.730825000000027,0,0.232075000000011,0.538155580000019,1.22146999999971,1.19765000000001,0.0477100000000027,0.378309999999995,0.719643900000003
20,11,0,0.956774735502283,0.876786429007962,0.0799883064943233,0.305294825156127,0.625953900970496,438,0.795795454545514,0.702067398119154,0,0.257340909090909,0.54657430909091,0.0449181818181793,0.0191590909090892,0,0.0452837209302609,0.26874686367864,0.374045454545458,0.283863636363637,0,0.130166226215651,0.354047868181827,1.3922613636364,1.34060227272733,0,0.446749999999954,0.788233295454584,1.85075909090895,1.82295454545458,0.247509090909079,0.613504545454539,1.01850090909094
20,11,1,1.05472076362581,0.956302857447322,0.0984179061784897,0.361549151972001,0.668341481504861,437,0.982,0.836750000000023,0,0.328624999999988,0.575277499999955,0,0,0,0.0217499999999973,0.276621200000013,0.41112499999997,0.284374999999954,0,0.13624999999999,0.362547549999999,1.51449999999966,1.43837499999972,0,0.531249999999915,0.851450899999963,2.14717499999987,2.06597500000006,0.398649999999945,0.728750000000045,1.16647042000002
20,12,0,1.16062900531267,1.0343918341304,0.126237171182268,0.382066919772115,0.72195217415274,442,1.04732608695649,0.897130434782579,0,0.338521739130449,0.631059002173908,0.0974347826086842,0.0367391304347744,0,0.0620565217391229,0.295376306956525,0.543358695652224,0.380282608695844,0,0.155021739130419,0.40664675869565,1.64001086956521,1.55033695652172,0,0.538032608695689,0.91393163478263,2.1968630434783,2.17654211180125,0.576891304347888,0.762482608695684,1.24192846121738
20,12,1,1.16227791289593,1.0327618872549,0.129516025641023,0.388954866946781,0.684116264707239,442,1.05733333333303,0.792249999999988,0,0.321374999999993,0.603671900000015,0.0144875000000009,0.00973750000011932,0,0.0400000000000361,0.266323600000001,0.442468750000024,0.297140625000053,0,0.145000000000007,0.374178766666686,1.62849999999966,1.52645312499992,0,0.573906250000206,0.850329799999991,2.28007500000001,2.19753749999986,0.462425000000054,0.800300000000008,1.23393781999988
20.5,1,0,1.21453174058655,1.06457523170547,0.149956508881072,0.407211738183829,0.710438145955448,443,1.10176190476193,0.905380952380991,0,0.347523809523788,0.600922207142917,0.06437142857142,0.0147238095238035,0,0.0416000000000415,0.261555359523856,0.488095238095287,0.327523809523785,0,0.160714285714275,0.396345994047593,1.73290476190472,1.62040476190467,0,0.606309523809511,0.955050258333354,2.34524761904782,2.22892857142875,0.43931428571434,0.813657142857128,1.25512329857152
20.5,1,1,1.11992586262495,0.985202217474648,0.134723645150307,0.36201860779677,0.664254078783965,443,0.948199999999996,0.773099999999705,0,0.315083333333221,0.614258749999994,0.00359999999999673,0.00147428571426301,0,0.0287400000000162,0.227410359999992,0.419718750000103,0.275150000000076,0,0.136562499999981,0.381728499999963,1.58999999999996,1.45414999999989,0,0.499200000000064,0.851855974999998,2.26592000000007,2.15065999999997,0.424989999999935,0.736460000000043,1.15373046400001
20.5,2,0,1.13668909652466,1.0001668113099,0.136522285214764,0.366474726065971,0.674722244470829,442,1.01614999999999,0.845574999999998,0,0.320474999999993,0.600114199999987,0.0768050000000355,0.018125000000083,0,0.0578099999999307,0.266431119999963,0.487437500000107,0.327662500000042,0,0.159643749999945,0.391812499999995,1.53414999999977,1.46101250000011,0,0.514424999999983,0.860164150000114,2.14531115384619,2.07508000000016,0.378154999999797,0.714240000000029,1.15362080000001
20.5,2,1,1.11870636761113,0.984747123913658,0.133959243697479,0.366288359189828,0.643261611898541,442,0.972062500000078,0.78612499999997,0,0.303625000000011,0.508739999999988,0.00890000000004818,0.00328749999987962,0,0.0359249999999987,0.230831919999999,0.409843749999983,0.277718749999913,0,0.135531249999985,0.385713999999947,1.63909374999994,1.43793750000012,0,0.528593750000013,0.830440500000057,2.22328749999966,2.1628500000001,0.434399999999857,0.723150000000264,1.11778060000019
20.5,3,0,0.847242794027435,0.760000824715493,0.0872419693119465,0.270024439496766,0.575368724925418,444,0.70973913043462,0.632891304347832,0,0.224723505434739,0.498650926086968,0.00606739130444509,0.00129999999998804,0,0.0225391304347904,0.238311719130435,0.322359903381842,0.226228260869645,0,0.115011034255602,0.373012047826094,1.17982608695633,1.12928260869564,0,0.380956521739044,0.691451432608708,1.71206739130429,1.62890652173898,0.283945652173944,0.569260869565233,1.01208729260869
20.5,3,1,0.794113916087693,0.706382879056615,0.0877310370310705,0.256425744505677,0.520486714755821,443,0.648500000000029,0.542374999999937,0,0.203000000000202,0.42623400000012,0,0,0,0.0112000000000258,0.224713159999981,0.264375000000001,0.176593750000025,0,0.0953437500000245,0.339411949999953,1.13250000000001,1.07606249999986,0,0.381499999999937,0.625565699999987,1.70549999999994,1.65141590909092,0.236312499999986,0.571874999999978,0.932684599999806
20.5,4,0,0.63839548685696,0.558780087404793,0.0796153994521646,0.206506763241012,0.498938477904858,434,0.456233333333501,0.375240476190715,0,0.154695535714366,0.418176530769226,0,0,0,0.00768441558438471,0.201308747582427,0.165237946428577,0.108646703296709,0,0.0620769230769596,0.295777766029884,0.914980769230799,0.834459523809668,0,0.298984890109852,0.605215704944992,1.35863076923069,1.29618000000009,0.239291666666607,0.430880769230713,0.871653739076954
20.5,4,1,0.657423900997162,0.575447626352407,0.0819762746447538,0.207131935884927,0.490769855459422,434,0.489178571428261,0.385944444444856,0,0.15473809523807,0.408489123809548,0,0,0,0.00458888888896227,0.197175495384545,0.0969464285714139,0.0521593137254439,0,0.0472916666666568,0.293833032417593,0.924020833333388,0.841450549450406,0,0.301725000000045,0.61320130833333,1.5157000000002,1.34129999999984,0.246040000000057,0.484111538461629,0.852623830769278
20.5,5,0,0.309589788762135,0.285994676698547,0.0235951120635882,0.108701736129844,0.361061308777045,434,0.187575000000016,0.155046511627903,0,0.0644808823529147,0.288559480487814,0,0,0,0.00522999999999911,0.144203491395348,0.0444547764227661,0.02287499999999,0,0.0234999999999781,0.207830048468549,0.437690243902454,0.413502272727289,0,0.147481925087084,0.436299431348661,0.73482511627901,0.722065740215505,0.0334159740258768,0.273015465116251,0.577794527720775
20.5,5,1,0.239604554742535,0.222703284164436,0.0169012705781032,0.088450746331064,0.323825370959519,434,0.132684210526289,0.102023391812878,0,0.0489736842105081,0.267844693301446,0,0,0,0.0033666666667159,0.129051027777764,0,0,0,0.00775694444441071,0.205579383333443,0.357715789473684,0.30870454545461,0,0.126054824561383,0.38919197368391,0.632982456140212,0.614215686274569,0.0173789473684261,0.217817647058743,0.522977637894715
20.5,6,0,0.128169305469203,0.123592498761497,0.00457680670770572,0.0539832661857807,0.280705097194563,436,0.0331818181817256,0.0284760765550625,0,0.0232045454545225,0.228815827272751,0,0,0,0.00386883116882023,0.113339027272723,0,0,0,0.00638742071882584,0.165119331818191,0.141272727272716,0.140477272727248,0,0.0624856459330057,0.30984495941558,0.341681818181796,0.339041666666645,0,0.129181818181901,0.393845979720244
20.5,6,1,0.147125283966801,0.14085104439712,0.00627423956968217,0.0603548574705124,0.282458966458573,436,0.0194062500000882,0.00581249999993361,0,0.0193750000000036,0.218714228571395,0,0,0,0.00324999999994698,0.110292530000012,0,0,0,0.00525000000008902,0.150477550000052,0.182515625000004,0.179750000000062,0,0.0752812499998221,0.31436492500001,0.380000000000019,0.380000000000019,0,0.148343749999995,0.472662050000003
20.5,7,0,0.0997479888066211,0.0976020360634771,0.00214595274314457,0.0430795908479514,0.297974925403733,438,0.00918511904761439,0.00774197120710258,0,0.014830952380948,0.235158596194506,0,0,0,0.00292020905927416,0.123389980325214,0,0,0,0.00499999999999884,0.17085446332048,0.107906976744144,0.107087209302325,0,0.0507064459930346,0.341213268292674,0.277099612403147,0.263975581395361,0,0.109021141649069,0.482731315238075
20.5,7,1,0.0874368835378941,0.083758826949561,0.00367805658833345,0.0397661489269615,0.279477553861157,438,0,0,0,0.0107777777778072,0.230186055555362,0,0,0,0.0028947368420475,0.105662970526328,0,0,0,0.0049583333332749,0.165941049999994,0.091496052631615,0.0843011695906352,0,0.043888888888988,0.315965098684204,0.258333333333332,0.250461111111196,0,0.0961388888888552,0.444270341052622
20.5,8,0,0.116779829909631,0.115199244512846,0.00158058539678468,0.0517235026990786,0.30790390782098,437,0.0196097560975624,0.0137916666666674,0,0.0175609756097485,0.2519110310976,0,0,0,0.00293594909861721,0.123454280556095,0,0,0,0.00541176470588312,0.18881999232993,0.137390243902479,0.13370731707317,0,0.0623846153846164,0.344674115299336,0.299565550239236,0.299565550239236,0,0.11983414634144,0.44772791405648
20.5,8,1,0.112483472856419,0.110439383561642,0.00204408929477356,0.0476475927737918,0.302282432667844,438,0,0,0,0.01122500000005,0.241799616666707,0,0,0,0.00287500000005576,0.118613717866669,0,0,0,0.0049333333333242,0.17782926666667,0.140975000000072,0.137858333333357,0,0.0536666666666709,0.346775821428584,0.30744666666685,0.295509999999964,0,0.115826666666692,0.454121956666668
20.5,9,0,0.226192307935031,0.211733790875896,0.0144585170591358,0.079804117334467,0.362602800715152,408,0.106249999999999,0.100159090909089,0,0.0432500000000043,0.29456125454545,0,0,0,0.000372077922077686,0.146128589090922,0,0,0,0.0102613636363571,0.205620563636316,0.245556818181815,0.236295454545451,0,0.0904204545454364,0.428268609090931,0.532140909090899,0.524040909090903,0.00295000000000027,0.187422727272725,0.545657394545454
20.5,9,1,0.151089463840401,0.146354530340815,0.00473493349958519,0.0553269950124704,0.328596833809527,401,0,0,0,0.0106250000000046,0.257937999999967,0,0,0,0,0.126293259999994,0,0,0,0.00474999999999959,0.182120599999964,0.144624999999998,0.137749999999982,0,0.0629999999999739,0.401859000000042,0.447500000000002,0.447124999999801,0,0.166375000000016,0.52929221999999
20.5,10,0,0.476815431334149,0.447193662626664,0.029621768707484,0.150830670639467,0.433366246191371,420,0.342738095238106,0.28880952380951,0,0.119809523809505,0.373939597619041,0,0,0,0.00282857142857432,0.179102157142856,0.0857023809523872,0.058619047619048,0,0.0432500000000048,0.266874107142852,0.653797619047609,0.637666666666668,0,0.208857142857148,0.513924860714305,1.01594285714279,1.00017142857156,0.042700000000046,0.331127678571429,0.705330747619048
20.5,10,1,0.501980694444447,0.474670694444447,0.02731,0.154884107142856,0.415321338999993,420,0.354399999999998,0.322299999999988,0,0.115899999999882,0.359843899999997,0,0,0,0.00169000000000494,0.180904799999998,0.0281249999999915,0.00680000000000121,0,0.0321000000000091,0.241417912999995,0.720700000000067,0.684324999999987,0,0.215049999999986,0.489287600000006,1.16052999999998,1.15650999999999,0.0322800000000561,0.356369999999936,0.659688800000013
20.5,11,0,0.916916850452479,0.835568391154727,0.0813484592977518,0.293402891504267,0.578857738335472,438,0.780363636363667,0.664329545454559,0,0.25702272727275,0.511779563636333,0.0246863636363592,0.00484090909090986,0,0.0306201298701271,0.237449508964066,0.360271670190289,0.27100000000009,0,0.126772727272711,0.338370690909135,1.30070454545455,1.21223863636364,0,0.412769820295993,0.700609681818179,1.75665000000004,1.74485974025991,0.26317727272727,0.594713636363628,0.982751549090906
20.5,11,1,0.994634698799426,0.903614218250229,0.0910204805491974,0.344424124008875,0.594317922149166,437,0.887875000000122,0.790875,0,0.293624999999992,0.506488400000001,0,0,0,0.0184250000000077,0.234682879999984,0.320250000000044,0.198625000000021,0,0.118499999999898,0.36750489999998,1.50899999999945,1.40075000000002,0,0.507249999999914,0.702575499999976,1.97655000000005,1.94014999999967,0.319725000000154,0.715975000000025,1.08360044000001
20.5,12,0,1.09553833093643,0.975228574442621,0.120309756493809,0.362657621532708,0.669727324158765,442,0.941326086956515,0.828565217391236,0,0.310934782608678,0.602121578260883,0.085595652173885,0.0307260869565204,0,0.0584913043478313,0.271207085391316,0.476097826086948,0.334358695652062,0,0.157521739130429,0.378066799999974,1.50779347826086,1.43010434782602,0,0.529652173913059,0.902282856522022,2.04236521739123,1.9533086956521,0.513847826086922,0.71137391304342,1.13846944434783
20.5,12,1,1.14147152822665,1.00254552898081,0.138925999245851,0.378955743643605,0.658517086675465,442,1.03924999999982,0.808874999999802,0,0.314249999999945,0.570326000000079,0,0,0,0.0279249999999671,0.236768140000028,0.430562500000051,0.278015624999974,0,0.144374999999916,0.358498249999991,1.66121874999966,1.57081250000002,0,0.55906250000001,0.846722999999962,2.25568749999987,2.11562500000012,0.453537499999998,0.822824999999972,1.23857813999999
21,1,0,1.13171398782666,0.98941034422338,0.142303643603286,0.380842576428903,0.680640503930951,443,0.955999999999699,0.852809523809333,0,0.324238095237931,0.575811176190548,0.0456095238095129,0.0160666666667437,0,0.0383428571428616,0.226316936190487,0.458309523809481,0.304333333333326,0,0.149047619047662,0.390416457142887,1.637,1.52554761904754,0,0.546595238095208,0.863340814285599,2.2278476190476,2.06608571428573,0.425057142857068,0.786628571428615,1.20111320857143
21,1,1,1.03909062623171,0.909460890304223,0.129629735927482,0.340193756494316,0.648841264117282,443,0.884300000000121,0.74995000000008,0,0.29719999999993,0.57010223333339,2.00000000040749e-05,0,0,0.0280133333333305,0.252553170000038,0.402700000000186,0.289350000000013,0,0.13855000000002,0.369313186999877,1.48490000000006,1.37600000000021,0,0.479800000000125,0.85063869999985,2.10540000000012,1.99170000000034,0.420100000000212,0.693380000000043,1.1121617599999
21,2,0,1.04737846321224,0.914585840902076,0.132792622310162,0.339829894310838,0.611484223514223,442,0.955450000000019,0.775925000000075,0,0.297924999999964,0.527435,0.055925000000007,0.0310200000000026,0,0.0484300000000133,0.233219200000023,0.428462500000007,0.295331249999969,0,0.144350000000011,0.361904255999964,1.47869583333344,1.35537500000006,0,0.47386249999999,0.801648000000081,2.02830500000005,1.94646500000004,0.479334807692318,0.689835000000103,1.03661695999996
21,2,1,1.06726272534655,0.929125497378441,0.138137227968111,0.35044533864828,0.606031937269239,442,0.935499999999966,0.779249999999579,0,0.309375000000003,0.545000000000116,0.00377500000005285,0.00176250000006509,0,0.0340625000000472,0.21931416000003,0.421531249999902,0.277666666666783,0,0.14318750000001,0.310107899999972,1.50593750000027,1.39599999999974,0,0.498187500000085,0.775047600000007,2.16532499999994,2.0348375000002,0.482281250000077,0.70363749999986,1.08495618285703
21,3,0,0.766567769056145,0.683504764181897,0.0830630048742451,0.245568107688089,0.520774807169165,444,0.643124026696396,0.56313043478252,0,0.194134782608742,0.462831119235847,0.0212043478261046,0.00816086956529035,0,0.0151173913043803,0.221314260869551,0.295847826086955,0.21038167701869,0,0.108011528326734,0.333815149999985,1.07571739130417,1.00432608695665,0,0.349500000000025,0.587844582608797,1.58295869565211,1.48947826086942,0.296740160183103,0.513404347826038,0.929111234347792
21,3,1,0.757081157715487,0.662747738388395,0.0943334193270954,0.247005882022423,0.487947921864967,443,0.62925000000007,0.497375000000148,0,0.196249999999992,0.41599253333334,0,0,0,0.00954999999999018,0.182582717599979,0.229187499999967,0.1599,0,0.085000000000008,0.287567450000019,1.09706250000011,0.995687499999917,0,0.350531250000007,0.586023749999965,1.69412500000035,1.55017500000015,0.30157499999981,0.525775000000044,0.896286580000153
21,4,0,0.569655934952037,0.495270982321771,0.0743849526302654,0.186395092368334,0.451956838423851,434,0.387583333333338,0.332722527472628,0,0.134757142857177,0.382964571428439,0,0,0,0.00652105263163444,0.16759650476195,0.126452380952379,0.0838568872987675,0,0.0502941176470362,0.254220013026393,0.819427272727259,0.733308982684044,0,0.269978571428723,0.557112514285617,1.29001846153845,1.12381153846149,0.177718750000009,0.392499999999942,0.767030127277686
21,4,1,0.566279927913127,0.500738252333028,0.065541675580109,0.186015525861637,0.447306194954766,434,0.400720588235431,0.323890756302445,0,0.136117647058618,0.389907197802215,0,0,0,0.00429999999989074,0.16719486333329,0.0659065934065953,0.0168630952381431,0,0.0305273109243988,0.241513287745104,0.804666666666663,0.752055555555321,0,0.274554621848783,0.50896641176475,1.35531176470602,1.20806666666664,0.170458823529474,0.423433333333408,0.787113277149468
21,5,0,0.256035644052349,0.237535153001263,0.0185004910510873,0.0922980149767725,0.339856453271217,434,0.162365384615445,0.140012195122015,0,0.0611948051948159,0.298540870731654,0,0,0,0.00449999999996955,0.13147654545455,0.02098865570048,0.00482955190017853,0,0.0189720066519129,0.201135674418599,0.358186080740121,0.339649999999944,0,0.125797115384615,0.405534532317076,0.572116818181778,0.552288710801446,0.0373286469344265,0.2023772727274,0.527965096687452
21,5,1,0.217065545819779,0.200005872875681,0.0170596729440978,0.0786839360234487,0.315454178006897,434,0.104839181286549,0.0843277777778059,0,0.0403742690058722,0.256365911111138,0,0,0,0.00333333333321662,0.130579533333289,0,0,0,0.00704687499998547,0.176285100438542,0.308416666667275,0.271914979757161,0,0.108243421052646,0.373879803362587,0.55739111111108,0.535507894736849,0.0268315789473329,0.199974444444377,0.527784333333278
21,6,0,0.105241695318238,0.101076228540967,0.00416546677727058,0.0462293075749097,0.270745631740477,436,0.029102272727197,0.0209318181818167,0,0.0190454545452341,0.213669950000003,0,0,0,0.00374999999993652,0.110442560000025,0,0,0,0.00585119047620344,0.161659936363628,0.120715909090907,0.115113636363566,0,0.0526534090909286,0.313142886993039,0.307435714285753,0.289136363636363,0,0.121909090909123,0.396339345454453
21,6,1,0.126139471384879,0.118862330712099,0.00727714067277955,0.0530218900174722,0.270843460546733,436,0.000187500000023988,0,0,0.0147499999998431,0.20823872857148,0,0,0,0.00337500000005431,0.104375709999951,0,0,0,0.00512500000002092,0.153282125000013,0.165234374999926,0.159562499999936,0,0.0676250000000067,0.310468749999989,0.337875000000054,0.337875000000054,0,0.144687500000117,0.403894759999931
21,7,0,0.0845460228380328,0.0819738743642396,0.00257214847379257,0.0380970791277424,0.285014824522494,438,0.00701335656215198,0.00239336358480087,0,0.0142083333333952,0.235511076190465,0,0,0,0.00308536585365691,0.12026953170732,0,0,0,0.00511071428571348,0.17357216511626,0.118417682926826,0.11731976744187,0,0.0508372093023197,0.321152417753863,0.24270745789895,0.234678737541589,0,0.0983893234672669,0.445927588281245
21,7,1,0.0667333416590672,0.0647729061334185,0.00196043552564758,0.0320982511742368,0.250121579781032,438,0,0,0,0.010305555555514,0.205505377222265,0,0,0,0.00293315789475028,0.100703950877201,0,0,0,0.00478665413531746,0.15157249122804,0.0715263157894752,0.0652916666666922,0,0.0387222222221971,0.283236404678372,0.228206666666667,0.227388888888872,0,0.0903955555556017,0.387482833333167
21,8,0,0.0889963403511373,0.086319234583277,0.00267710576785891,0.0413042472136642,0.296137032709634,437,0.0171219512195125,0.0120882352941175,0,0.0166097560975543,0.249009873170721,0,0,0,0.00305109114251887,0.122694811619506,0,0,0,0.0052105263157979,0.18693276694474,0.114684210526321,0.104631578947431,0,0.0540975609755949,0.343932941463568,0.257225160462155,0.257225160462155,0,0.100987676508288,0.4392268756096
21,8,1,0.0836959746684068,0.0811586712691166,0.00253730339929002,0.0372421477495071,0.266870513036155,438,0,0,0,0.0104333333333595,0.226386866666684,0,0,0,0.00266666666678584,0.10290150120001,0,0,0,0.00483333333329957,0.157445950000005,0.0813166666666832,0.0771166666665997,0,0.0401000000000717,0.311746875000026,0.26131333333326,0.26131333333326,0,0.107186666666623,0.40206013333335
21,9,0,0.193032015844437,0.183284637148144,0.00974737869629426,0.0698350313987378,0.324879926164505,408,0.0803181818181828,0.0792272727272695,0,0.0360681818181823,0.2726152,0,0,0,0.000315151515151212,0.131500658181829,0,0,0,0.0093977272727363,0.193294609090945,0.241556818181839,0.234045454545457,0,0.0841704545454474,0.38810877272726,0.467725000000001,0.453786363636367,0.00408181818181886,0.160401010101014,0.505646327272703
21,9,1,0.134407626766414,0.129366271820444,0.00504135494597109,0.0509380714879463,0.30023507598095,401,0,0,0,0.0103749999999994,0.237712000000003,0,0,0,0,0.1161936,0,0,0,0.00462500000000033,0.174257599999993,0.144749999999987,0.135249999999999,0,0.0567499999999939,0.345955400000003,0.449875000000247,0.447374999999965,0,0.144125000000002,0.48057536
21,10,0,0.414707807244118,0.388491140577452,0.0262166666666669,0.132636358801098,0.376877508913749,420,0.272452380952367,0.24916666666667,0,0.100380952380994,0.333684476190459,0,0,0,0.00202380952380822,0.165780002380977,0.0585595238095152,0.0311190476190478,0,0.0363928571428546,0.243920985714283,0.625821428571447,0.604928571428565,0,0.185119047619053,0.445322066666578,0.915928571428557,0.895285714285779,0.0431000000000153,0.311919047619073,0.589108216666667
21,10,1,0.429701984126978,0.405767936507931,0.0239340476190467,0.136973888888892,0.400903490264155,420,0.258450000000016,0.226049999999987,0,0.0930500000000222,0.349990399999997,0,0,0,0.00176000000000017,0.161168799999999,0.0125499999999931,0.00295000000000041,0,0.0273750000000106,0.247466900000007,0.642731250000033,0.622475000000004,0,0.196800000000007,0.481579699999998,1.07795999999998,1.06336999999999,0.0262199999999961,0.328759999999991,0.631534200000095
21,11,0,0.844195476705546,0.772869068587999,0.0713264081175464,0.270167905719077,0.526225815473405,438,0.738227272727257,0.64195454545452,0,0.234499999999989,0.466874474418579,0.0139895454545387,0.00463636363635829,0,0.025295454545455,0.228180760718814,0.311522727272759,0.252545454545477,0,0.109318181818174,0.323420495454555,1.21601612050732,1.14696590909093,0,0.389249999999996,0.657420545454551,1.73082272727336,1.69691363636351,0.239019435736676,0.534713636363627,0.867066814545458
21,11,1,0.932160176416105,0.843902205401609,0.0882579710144933,0.323917064079635,0.589750334849914,437,0.783124999999926,0.637500000000273,0,0.270999999999972,0.498900799999975,0,0,0,0.0186999999999999,0.207795360000004,0.316625000000016,0.225374999999985,0,0.118499999999997,0.359790699999985,1.36937499999988,1.24937499999987,0,0.460374999999999,0.741611199999976,2.01412500000015,1.95110000000009,0.314750000000014,0.702224999999987,1.04784671999994
21,12,0,1.0372922224015,0.92393559401699,0.113356628384515,0.345743727248865,0.626040534557847,442,0.920532608695729,0.793163043478345,0,0.294413043478256,0.575645980434747,0.0498521739130279,0.0218391304347834,0,0.05344347826087,0.234951554347835,0.481141304347824,0.315892934782616,0,0.158652173913076,0.373719736956523,1.41575000000002,1.3214673913043,0,0.47863043478261,0.822937901087062,1.97327391304351,1.92193913043486,0.435221739130463,0.691973913043461,1.02722365478266
21,12,1,1.06974117781729,0.9487350503663,0.121006127450982,0.354667889463484,0.63020130711994,442,0.945812499999932,0.7905625,0,0.293312499999949,0.5635400499999,0,0,0,0.0375624999999957,0.223086539999999,0.375562500000001,0.238437499999996,0,0.131031250000014,0.357404399999985,1.56787499999998,1.48587499999961,0,0.523968750000027,0.730136574999995,2.12927500000003,2.02807500000041,0.526908333333299,0.721075000000067,1.16666480000069
21.5,1,0,1.02872308806803,0.89306991270887,0.135653175359158,0.348710172670517,0.620076640474018,443,0.8923333333334,0.720714285714297,0,0.291428571428566,0.529829078571452,0.0029904761905982,0.000904761904755668,0,0.0225523809523724,0.221172651428625,0.344785714285796,0.217238095237955,0,0.121240896358561,0.352996671428547,1.53685714285718,1.40090476190474,0,0.504142857142828,0.734079057142867,2.12441904761908,1.95606666666683,0.351352380952419,0.726371428571392,1.12867543619043
21.5,1,1,0.935507648070494,0.816227047278631,0.119280600791862,0.30685835169659,0.561911622401237,443,0.800099999999748,0.670916666666353,0,0.260899999999936,0.481258100000009,0,0,0,0.0113400000000274,0.198948139999975,0.24414999999999,0.172974999999996,0,0.105049999999997,0.328532274999971,1.38287499999996,1.26042499999995,0,0.42599999999984,0.697526949999964,2.00699999999983,1.83337999999969,0.355189999999917,0.652839999999956,1.05710235199997
21.5,2,0,0.928041144235011,0.810492970339683,0.117548173895328,0.308151883489641,0.563565948638976,442,0.78415,0.663200000000006,0,0.249875000000009,0.482437948717954,0.021980000000135,0.00803000000000658,0,0.0289100000000042,0.227400560000006,0.292974999999995,0.210912500000012,0,0.108982500000052,0.308503899999981,1.35305000000005,1.20861250000039,0,0.443499999999891,0.685862326000033,1.9302800000001,1.738225,0.367880000000025,0.616759999999984,0.975644000000067
21.5,2,1,0.964066852959132,0.838332729117283,0.125734123841848,0.318351685610145,0.552292618888308,442,0.777625000000114,0.65881250000001,0,0.25637500000002,0.46220000000019,0,0,0,0.0164124999999842,0.176835480000108,0.294874999999848,0.17900000000003,0,0.111750000000015,0.290094000000066,1.42553125000002,1.28081250000008,0,0.461481250000089,0.668305950000124,2.06657499999981,1.93361249999982,0.397456249999824,0.674449999999882,1.0200791799999
21.5,3,0,0.695181634504692,0.615443656110902,0.0797379783937882,0.224076907598808,0.465933771702652,444,0.556695652173957,0.495760869565362,0,0.181978260869516,0.418551126086987,0.00257826086958037,0.00134565217389424,0,0.00876956521728427,0.192590048260856,0.234527173913054,0.154326086956527,0,0.079081521739127,0.272846847825999,1.00651086956519,0.921717391304436,0,0.330293478260884,0.541363016304594,1.43565869565221,1.36271086956521,0.289982608695591,0.456217391304361,0.805088800347872
21.5,3,1,0.678018979092774,0.600650189455022,0.0773687896377531,0.228298692992482,0.466228792116199,443,0.557500000000005,0.449125000000095,0,0.17568750000002,0.410889200000073,0,0,0,0.00500000000002388,0.174284159999955,0.193624999999969,0.123410714285768,0,0.0778749999998282,0.269204600000003,0.986375000000016,0.865000000000009,0,0.322571428571365,0.539156450000037,1.44516250000015,1.35642500000017,0.266587500000026,0.522224999999912,0.816268175999961
21.5,4,0,0.467156867811623,0.402602810303414,0.0645540575082085,0.154432769767814,0.408378372995375,434,0.279480952380908,0.218076923076995,0,0.0954615384616249,0.327725611188851,0,0,0,0.0050769230768485,0.152979298461533,0.0432371794871776,0.0244947916666801,0,0.0248653846153717,0.215053707558146,0.628088293650048,0.557463942307967,0,0.218650000000093,0.502640357033002,1.1973019230769,1.06247384615383,0.129031823745384,0.379492307692286,0.765283461098897
21.5,4,1,0.442580297505871,0.388204628677722,0.0543756688281424,0.151065096596387,0.381099944080859,434,0.234361344537602,0.184155555555544,0,0.0831388888888815,0.307550800000056,0,0,0,0.00423555555557161,0.137346950000001,0.000892857142806253,0.000343750000018871,0,0.0114750000000072,0.194787374999963,0.635216386554596,0.578339285714232,0,0.236499999999978,0.478366789121003,1.14502307692278,1.09079999999985,0.127788235294003,0.381582417582442,0.787750934505527
21.5,5,0,0.210773727731112,0.194523884250717,0.0162498434803928,0.0775586601608927,0.323897559613827,434,0.104389960294949,0.082628460686557,0,0.0460976744186376,0.267826043902433,0,0,0,0.00406414634143216,0.121461000000008,0.000185144124165522,2.88054968281617e-05,0,0.00919623059867021,0.177039815946832,0.282750000000006,0.266607822410066,0,0.105042547568691,0.394340141627879,0.562196818181893,0.525180365853954,0.0298744186046548,0.18895170731713,0.540372149999981
21.5,5,1,0.167368911368266,0.154269716295603,0.0130991950726621,0.0609929015235268,0.276701917847945,434,0.04602631578946,0.0302948717950125,0,0.025170040485924,0.232997527485366,0,0,0,0.00312514619898309,0.109793618888916,0,0,0,0.004916666666807,0.164601446052686,0.227114035087767,0.214877192982421,0,0.0852000000000225,0.343395554210647,0.499976842105315,0.481554135338522,0.014235087719159,0.16960555555565,0.462615647894714
21.5,6,0,0.0908488130972876,0.0874825703950382,0.00336624270225166,0.042475755850888,0.271196501115042,436,0.011874999999882,0.00539772727268814,0,0.01665909090904,0.212289355023886,0,0,0,0.00365909090918088,0.105961627709081,0,0,0,0.00535227272732961,0.162234106363647,0.112130681818151,0.110079545454627,0,0.0582272727272937,0.322559704335719,0.244613636363724,0.240545454545471,0,0.105477272727326,0.427781641818139
21.5,6,1,0.0976017133573616,0.0941140222258617,0.00348769113149928,0.044109800950191,0.264106809336843,436,0,0,0,0.0109999999999751,0.204060424999979,0,0,0,0.00325000000001197,0.101445012800064,0,0,0,0.00500000000002032,0.148356300000003,0.109062500000004,0.107734375000018,0,0.0573749999999838,0.299753024999985,0.28981249999989,0.28981249999989,0,0.12831250000005,0.393606500000017
21.5,7,0,0.0723065968137178,0.0699046448874999,0.00240195192621812,0.0351148334986328,0.282095682172454,438,0.00444076655050519,0.00134741917188064,0,0.0130034032898233,0.23192952580824,0,0,0,0.00296864111500246,0.108608688697651,0,0,0,0.00500000000000849,0.177756971157118,0.091325581395379,0.0906295681063207,0,0.0439715447153874,0.312451597419192,0.212374418604682,0.210972093023232,0,0.0869571428570501,0.462547597272652
21.5,7,1,0.0550466083072015,0.0527981077582184,0.00224850054898403,0.0288996663342352,0.251236881480554,438,0,0,0,0.0103245614034638,0.213180589064183,0,0,0,0.00289473684210064,0.0985581421333692,0,0,0,0.00465196078441555,0.149214066666652,0.0626111111110832,0.0529978070175465,0,0.0359736842105111,0.285432366666681,0.193792105263162,0.190800000000076,0,0.083905555555611,0.393257089473672
21.5,8,0,0.0755029523873781,0.0740091003051815,0.00149385208219743,0.0380089795029142,0.270025519643245,437,0.00599999999999676,0.00426829268293126,0,0.0138536585365905,0.220256097560888,0,0,0,0.00297073170730852,0.101946510843463,0,0,0,0.00505263157894756,0.161248076315774,0.0865263157894858,0.0829756097560543,0,0.04470731707317,0.299206178048782,0.219836456996188,0.212421052631609,0,0.0884363636364081,0.436192295122042
21.5,8,1,0.0692130780242072,0.0669807403783443,0.002232337645864,0.032971879756471,0.246166273552916,438,0,0,0,0.0102249999999974,0.197682333333354,0,0,0,0.00279999999999442,0.093995601600032,0,0,0,0.00479999999995246,0.144941949999999,0.0628000000000309,0.0508499999999936,0,0.0350166666666582,0.282174866666625,0.247426666666516,0.247426666666516,0,0.0995766666666958,0.385293990000035
21.5,9,0,0.157927549124848,0.153407285955784,0.0045202631690639,0.0623479181129898,0.296875899658871,408,0.0381555023923352,0.0307499999999834,0,0.0221590909090682,0.231712581818182,0,0,0,0.000259090909090914,0.120030072727273,0,0,0,0.00562499999999847,0.176927345454509,0.180327380952406,0.179090909090916,0,0.0754477272727291,0.3524614,0.429877272727284,0.425222727272661,0.00392272727272713,0.150527272727274,0.490430858181824
21.5,9,1,0.116175394846221,0.111840087281799,0.00433530756442168,0.0478618038237742,0.274114394685721,401,0,0,0,0.00962499999998557,0.224295800000024,0,0,0,0,0.10795644,0,0,0,0.00449999999996464,0.164077800000075,0.0753750000000001,0.0656249999999971,0,0.0422500000000099,0.317550699999998,0.373749999999973,0.370875000000068,0,0.144625000000019,0.48645732
21.5,10,0,0.327228659867986,0.308916301591342,0.0183123582766423,0.110093012859183,0.35453031309194,420,0.164547619047609,0.157333333333323,0,0.0641190476190351,0.285970471428563,0,0,0,0.00194761904762211,0.152348552380976,0.00175000000000072,0.000130952380942518,0,0.0117499999999969,0.216445371428574,0.469511904761889,0.409547619047734,0,0.148976190476202,0.418603552380944,0.891771428571451,0.8603714285714,0.0339333333333303,0.267366666666686,0.584435257142836
21.5,10,1,0.345211785714293,0.323436071428578,0.0217757142857162,0.113092321428571,0.332794648547168,420,0.171200000000022,0.159899999999914,0,0.0694999999999927,0.280393499999997,0,0,0,0.00207999999998322,0.140619999999974,0,0,0,0.0108499999998912,0.201002550000195,0.458475000000101,0.440425000000022,0,0.16425,0.400353599999982,0.971190000000022,0.966170000000063,0.0211499999999986,0.301209999999889,0.532463999999913
21.5,11,0,0.767643661695537,0.711342110830249,0.0563015508652904,0.251491500926772,0.49922720424294,438,0.664068181818154,0.59297727272725,0,0.210568181818204,0.427772727272729,6.36363636348592e-05,0,0,0.0124681818181835,0.196609009090904,0.255693181818151,0.196943181818142,0,0.0944772727272802,0.3011318,1.12581818181815,1.06203409090902,0,0.358602272727248,0.580651145454605,1.61825909090913,1.54346818181815,0.164327272727265,0.524527272727323,0.849753999999908
21.5,11,1,0.902213238258678,0.815067605154181,0.0871456331044975,0.313684082488836,0.546017232216977,437,0.755625000000009,0.633874999999989,0,0.257249999999985,0.481459199999999,0,0,0,0.0059000000000097,0.181773202352952,0.252624999999995,0.160124999999994,0,0.0976249999999653,0.312163800000003,1.37087500000001,1.22862499999994,0,0.455124999999988,0.655614800000041,1.9681750000001,1.87212500000011,0.344700000000035,0.682774999999977,0.998100159999956
21.5,12,0,0.944040936296582,0.844604135872444,0.099436800424138,0.317869305501794,0.576895658540349,442,0.810521739130466,0.705499999999931,0,0.266543478260853,0.502896792173923,1.73913043454379e-05,0,0,0.0266565217391264,0.198700860869552,0.354054347826056,0.254576086956582,0,0.13162554347822,0.327339078260863,1.34915217391297,1.21418478260867,0,0.437434782608698,0.707411231884135,1.86504782608696,1.79031304347831,0.387394641051571,0.680808695651987,1.08446712173912
21.5,12,1,0.959214409610004,0.862342991812111,0.0968714177978892,0.327998786630038,0.582168095782191,442,0.842062500000196,0.680687500000005,0,0.270062499999937,0.491216679999965,0,0,0,0.0147625000000257,0.18544290000002,0.283281250000059,0.178218750000034,0,0.10860625,0.294603800000016,1.47409375000008,1.38187500000019,0,0.483437499999994,0.768473975000038,2.03498749999998,1.95181249999987,0.257099999999921,0.704062499999787,1.05426000000004
22,1,0,0.894241111289243,0.771044962583717,0.123196148705525,0.301557566326266,0.530300838707692,443,0.710380952380894,0.571095238095257,0,0.232428571428586,0.445177819047641,0,0,0,0.0132285714285856,0.185399003333334,0.228976190476109,0.146964285714212,0,0.0957619047618369,0.273856310714288,1.32679761904755,1.22516666666663,0,0.459714285714302,0.687131573809468,1.9826571428572,1.83735238095235,0.30716190476187,0.680514285714101,1.04918185695244
22,1,1,0.782045900963856,0.687435313429366,0.0946105875344878,0.261099153946757,0.480836668858032,443,0.607899999999882,0.505500000000097,0,0.20030000000005,0.421429650000032,0,0,0,0.00734000000002198,0.17553948000001,0.175850000000037,0.106550000000039,0,0.081225000000002,0.25544713333333,1.18379999999988,1.03589999999995,0,0.384400000000017,0.596026775000002,1.80566000000019,1.71627999999999,0.254040000000023,0.596839999999856,0.885912499999994
22,2,0,0.79035091130405,0.6908287746501,0.0995221366539526,0.263696265537011,0.475901736291105,442,0.619749999999772,0.498724999999968,0,0.20957499999999,0.3866893,0.00035499999989952,6.50000000109689e-05,0,0.0167100000000022,0.178716500000022,0.217237500000215,0.156962499999926,0,0.0807625000000059,0.250207099999994,1.16748749999961,1.02361250000003,0,0.387325000000064,0.597463849999983,1.78159499999997,1.58971999999997,0.260705000000025,0.577317500000082,0.909015239999602
22,2,1,0.808502016896516,0.704413517650659,0.104088499245859,0.267091103300295,0.478989987619037,442,0.624281250000251,0.498000000000047,0,0.206437500000107,0.401462199999988,0,0,0,0.00794999999993707,0.156286000000021,0.196906249999847,0.115312500000005,0,0.0805000000000576,0.26140216666668,1.20484374999993,1.0551250000005,0,0.395781249999999,0.612236949999966,1.74460000000008,1.67252500000095,0.267512500000001,0.608500000000117,0.939542999999774
22,3,0,0.57561397743256,0.511699414760564,0.063914562671997,0.191546517063487,0.396671961831943,444,0.45339855072466,0.374304347826044,0,0.145249999999974,0.343947645652215,0.000660869565286042,0.000326086956558515,0,0.00637391304350104,0.159488643478256,0.162108695652122,0.10928634510865,0,0.060434782608683,0.209883320652177,0.805880434782614,0.740728260869545,0,0.280021739130491,0.502619110869568,1.25175675675677,1.17593913043485,0.196902173913088,0.416839130434884,0.651914579410995
22,3,1,0.585558544897544,0.51913346024743,0.0664250846501135,0.197325185546212,0.401932433365526,443,0.4387499999998,0.381250000000023,0,0.152857142857101,0.343872199999992,0,0,0,0.00487499999999557,0.153863719999977,0.122645833333372,0.059662499999963,0,0.0474270833333392,0.21915313571428,0.848874999999907,0.788500000000198,0,0.283156249999946,0.491004245000009,1.33572499999964,1.28204999999993,0.222225000000066,0.462925000000039,0.675222979999522
22,4,0,0.380012989942216,0.327728683948592,0.0522843059936218,0.131649509394937,0.362404208012233,434,0.197964285714327,0.155249999999989,0,0.0778117536140467,0.306820971428655,0,0,0,0.00474190476176815,0.141188285714275,0.00873513986015292,0.00368789682540356,0,0.0143704318936746,0.189830433333306,0.514583333333238,0.476861538461575,0,0.197277884615384,0.439125084755245,0.954323076923238,0.862443076923099,0.0861055555554106,0.339339597737248,0.667299074285661
22,4,1,0.388527271140824,0.339803557770216,0.0487237133706024,0.134502111088812,0.340869405870603,434,0.190461538461443,0.124807189542572,0,0.0700714285714607,0.269677600000039,0,0,0,0.0040333333333308,0.118179241848699,0,0,0,0.0105705128205165,0.182142195701361,0.591499999999736,0.505908333333397,0,0.205726190476266,0.435593769047835,1.01726666666694,0.961433333333358,0.10556470588232,0.34671190476185,0.679584772747236
22,5,0,0.169103755110015,0.154227746184731,0.0148760089252881,0.0668165134387822,0.306708261551575,434,0.0760853658536423,0.0606294642860261,0,0.033288414634137,0.24835006626017,0,0,0,0.00396818181808695,0.110963641469642,0,0,0,0.00682296511631865,0.164355381818176,0.219607012195164,0.20923397617699,0,0.0874352159468208,0.356041156395332,0.432797402597492,0.381879870129866,0.0214604651162861,0.157478837209285,0.551207793023269
22,5,1,0.13872791061982,0.12468592143592,0.014041989183899,0.0539721564854648,0.26087562662413,434,0.0183888888888267,0.00183281733746196,0,0.0154473684211394,0.216805700000045,0,0,0,0.00300000000000485,0.0976387797076378,0,0,0,0.00466666666666053,0.150787011842101,0.173907894736643,0.156588157894736,0,0.0672499999999304,0.299474900877184,0.405350000000015,0.388677777777876,0.0196795321637603,0.149386111111104,0.394846313333368
22,6,0,0.0831383028944728,0.080015811495388,0.0031224913990835,0.0409566945174538,0.249402929871924,436,0.000659090909080492,0.000103678929787009,0,0.0128939393939334,0.19845528181821,0,0,0,0.00340909090906585,0.0951138208000035,0,0,0,0.00500000000005746,0.144389354150212,0.0883068181817842,0.0855397727272691,0,0.0436022727273795,0.284001099999981,0.222477272727246,0.218704545454536,0,0.103340909090827,0.393095345454628
22,6,1,0.0923156523044952,0.0875478292922607,0.00476782301223359,0.0422139403123694,0.249860276780442,436,0,0,0,0.0101250000000377,0.187854899999973,0,0,0,0.00318749999999716,0.0953920699999707,0,0,0,0.00487500000004459,0.136507949999995,0.0768281250000057,0.0683437499999924,0,0.0464062500000316,0.278647349999984,0.280062499999986,0.271437499999999,0,0.11449999999995,0.40670981999999
22,7,0,0.0676998102809131,0.0645797721940139,0.00312003808690051,0.0342660685833498,0.265426974341758,438,6.97674418650947e-05,0,0,0.011117386489421,0.223161597674435,0,0,0,0.00288885017423926,0.102819727909458,0,0,0,0.00483970099669844,0.168018474758926,0.081005955757237,0.078881452070335,0,0.0416519933555433,0.300096401077697,0.199039534883751,0.195234551495136,0,0.0860116279070603,0.423431303449442
22,7,1,0.059683932135249,0.0570824022114129,0.00260152992383342,0.0301722472680216,0.242579649541656,438,0,0,0,0.0103333333333164,0.202216483333337,0,0,0,0.00289473684212634,0.091423884222217,0,0,0,0.0046842105262312,0.14343008421051,0.038663742690041,0.0360913742689769,0,0.0334287925695828,0.27230465657892,0.208805555555587,0.195985263157862,0,0.0795315789474947,0.369633344736622
22,8,0,0.0728165064212914,0.0713813635443113,0.00143514287697972,0.0371275387722107,0.25647316825134,437,0.000585365853644695,0.000105263157916182,0,0.0121951219512639,0.212648854718955,0,0,0,0.00290809756097661,0.101496789190246,0,0,0,0.00495121951221894,0.14885886363635,0.0804390243903049,0.0776315789473637,0,0.0441951219512226,0.283827845343607,0.194077792041138,0.194077792041138,0,0.0835512195121936,0.398691042682962
22,8,1,0.0683795743639952,0.0658100411321315,0.00256953323186286,0.0340555582735348,0.24176167734508,438,0,0,0,0.00969999999999043,0.189529166666638,0,0,0,0.00282333333331129,0.0889386109333279,0,0,0,0.00466666666664039,0.142846683333353,0.0356833333332689,0.0263500000000325,0,0.0267124999999965,0.265972566666643,0.2043599999999,0.201889999999912,0,0.0835733333333627,0.386536013333346
22,9,0,0.129185971812979,0.125651226415617,0.00353474539736163,0.0542239713600697,0.278272338249354,408,0.0223181818181786,0.0196818181818153,0,0.0198863636363779,0.21885472,0,0,0,0.000181818181818225,0.107719236363633,0,0,0,0.0050000000000045,0.166160859090908,0.159136363636364,0.148446969696962,0,0.0646590909091226,0.328529781818182,0.358795454545451,0.358795454545451,0.00126818181817974,0.140040909090907,0.414383818181912
22,9,1,0.0951200124688246,0.0916450540315857,0.00347495843723981,0.0415297173732357,0.256729113447623,401,0,0,0,0.00937499999997727,0.19644070000003,0,0,0,0,0.0928358632000037,0,0,0,0.00437499999999247,0.150428129999997,0.0310000000000059,0.0177499999999782,0,0.0271250000000692,0.281825000000002,0.293375000000054,0.29325,0,0.123999999999995,0.411914860000004
22,10,0,0.275900963051885,0.26014211951447,0.0157588435374155,0.0954939991476391,0.31168869341629,420,0.123476190476199,0.104333333333339,0,0.0519285714285696,0.249553376190487,0,0,0,0.00164285714285936,0.12118861666667,0,0,0,0.00828571428573084,0.18148872857143,0.420583333333375,0.39927380952381,0,0.14054761904758,0.383696455952382,0.775395238095265,0.738985714285723,0.022047619047582,0.248226666666668,0.501927228571447
22,10,1,0.301641190476195,0.281226904761906,0.020414285714287,0.100850138888885,0.312487064490563,420,0.155550000000011,0.136500000000047,0,0.0611000000000015,0.250217300000019,0,0,0,0.00168999999999862,0.128472499999978,0,0,0,0.00784999999999698,0.175892449999999,0.426400000000222,0.408524999999998,0,0.150450000000017,0.36844334999999,0.801540000000182,0.768180000000011,0.019629999999828,0.264120000000009,0.498907749999981
22,11,0,0.662860822188392,0.610244858381692,0.0526159638067014,0.218022158688089,0.433188724357583,438,0.523545454545467,0.456311363636357,0,0.173045454545458,0.354933793103414,0,0,0,0.00935454545454143,0.184648270909086,0.182409090909053,0.133193181818199,0,0.0728295454545531,0.268873309090912,1.0290909090909,0.932659090909119,0,0.318693181818177,0.519435609090907,1.47434545454561,1.39832272727291,0.141195454545469,0.467599999999958,0.728832132587436
22,11,1,0.772334304431159,0.692480509618032,0.0798537948131198,0.268205415633067,0.490041217407003,437,0.60537500000001,0.532375000000115,0,0.204999999999991,0.399285500000012,0,0,0,0.00494999999999095,0.171816640000044,0.148235294117646,0.0807499999999948,0,0.0675000000000807,0.290781749999966,1.18625000000003,1.12224999999997,0,0.409874999999942,0.641151499999974,1.78910000000008,1.63737499999992,0.274275000000142,0.586274999999949,0.858868999999911
22,12,0,0.822930236949547,0.738602536791174,0.0843277001583713,0.279701581538097,0.51800321606476,442,0.669608695652167,0.588586956521686,0,0.219956521739134,0.429234110869569,0,0,0,0.0185260869565236,0.169872838695665,0.293782608695595,0.192347826086958,0,0.106086956521737,0.289759533695666,1.18508695652176,1.07672826086956,0,0.393152173913053,0.675010188043453,1.77753043478274,1.64263913043478,0.263504347826126,0.590578260869558,0.909160826086964
22,12,1,0.860761492674005,0.765718459114432,0.0950430335595734,0.290867104341732,0.508958223309514,442,0.690437499999887,0.578062499999931,0,0.223437499999967,0.426534899999935,0,0,0,0.0119125000000025,0.173709409999985,0.268000000000058,0.161687500000056,0,0.0923437499999232,0.277221249999971,1.28959374999883,1.14765624999996,0,0.416718750000037,0.672804500000004,1.84696250000004,1.80137500000003,0.226975000000015,0.657350000000068,0.91615689999981
22.5,1,0,0.714822282746693,0.607962167919243,0.106860114827448,0.249529183764798,0.447451252313615,443,0.477714285714271,0.368476190476248,0,0.166380952380965,0.330438733333342,0,0,0,0.00581904761906593,0.14115189714287,0.0558571428571323,0.0263809523809566,0,0.0338095238095229,0.195521969047646,1.07566666666649,0.931357142857169,0,0.387523809523849,0.550296899999987,1.75140952380945,1.57357142857133,0.181666666666574,0.62741904761906,0.968569061904615
22.5,1,1,0.658814895284682,0.571421827636257,0.0873930676484238,0.222270548031096,0.440157402259253,443,0.45560000000005,0.362599999999975,0,0.152499999999941,0.343988449999995,0,0,0,0.00529999999999745,0.146577060000007,0.0341500000001133,0.014950000000053,0,0.0246500000000083,0.21178162500002,1.0217124999999,0.878149999999982,0,0.346991666666695,0.548595932500103,1.58113999999983,1.5032199999999,0.16559999999995,0.550099999999993,0.835964749999906
22.5,2,0,0.626292978080606,0.54095070578577,0.0853422722948269,0.214526130490132,0.397325641648536,442,0.381375000000014,0.309875000000216,0,0.146650000000005,0.285434399999995,0,0,0,0.00611000000005404,0.128568,0.0622125000000665,0.0371374999999716,0,0.0346124999999801,0.189107500000004,0.940399999999962,0.783443749999892,0,0.306062499999896,0.48888940000006,1.53999500000006,1.42591250000014,0.150993750000019,0.56048500000003,0.781429600000039
22.5,2,1,0.636243093262944,0.542774811911948,0.0934682813509968,0.213900987574517,0.397085440310636,442,0.378812500000265,0.306124999999611,0,0.141999999999982,0.302727399999983,0,0,0,0.00562500000001478,0.131724439999988,0.0384687500000069,0.0156249999999716,0,0.0315156249999973,0.185925750000036,0.980499999999595,0.856437500000274,0,0.313671875000011,0.505726350000094,1.61699375000006,1.48495624999993,0.180912499999972,0.567049999999967,0.701754639999888
22.5,3,0,0.475035344680634,0.417322786883076,0.0577125577975585,0.160070799489834,0.347949394761232,444,0.303108695652258,0.237282608695711,0,0.108130434782614,0.288095426086959,0,0,0,0.00530434782607818,0.1295884130435,0.0483695652174189,0.0214619565217753,0,0.0225108695651917,0.177605054347825,0.753793478261068,0.622749999999848,0,0.259500000000017,0.462132781521773,1.13151304347828,1.0937021739132,0.172884541062794,0.395343719806628,0.64146264652175
22.5,3,1,0.47781472956752,0.423238732210847,0.0545759973566695,0.166058237852565,0.352829515791247,443,0.321299999999883,0.264750000000049,0,0.108874999999983,0.271888000000043,0,0,0,0.00450000000001296,0.130086740000018,0.0255625000002056,0.00699999999994816,0,0.0193437500000124,0.181686199999983,0.686207386363677,0.628968749999955,0,0.260249999999957,0.441984999999961,1.20805,1.16229999999969,0.16301250000002,0.421524999999974,0.662087860000049
22.5,4,0,0.335861446875593,0.287710304408423,0.0481511424671717,0.121009669215053,0.302777632177001,434,0.164139097744363,0.125316849817028,0,0.0631106821107204,0.24032644615382,0,0,0,0.0043642857143169,0.117306500000028,0.00352747252756152,0.00166071428570192,0,0.0110116279069115,0.157432123255803,0.480833333333428,0.414297077922192,0,0.172147252747248,0.360288943604659,0.9246153846153,0.828415384615591,0.0900742163801894,0.33013999999995,0.565933471428728
22.5,4,1,0.329002775093796,0.285470645849893,0.0435321292439077,0.113943369428004,0.295744734831226,434,0.135142857143039,0.0886857142857101,0,0.0512556561085237,0.231199666666775,0,0,0,0.00370000000005348,0.112945858974354,0,0,0,0.0098928571427978,0.161685016666637,0.466482142857364,0.399392857142824,0,0.159303571428593,0.380296095098036,0.933533333333192,0.877885714285826,0.0772542857140656,0.323243809523854,0.605644083076778
22.5,5,0,0.133530805868109,0.120405825806031,0.0131249800620835,0.0548022379889339,0.24068427818944,434,0.0462045454545537,0.038987843551728,0,0.0272412790697482,0.200021733333307,0,0,0,0.00392272727263348,0.100989460088745,0,0,0,0.00604678848283275,0.143915493292676,0.168785714285699,0.162787500000002,0,0.0724558139534972,0.282971856774264,0.38665116279069,0.3486331818182,0.0260117336152459,0.136744923425889,0.384954022068956
22.5,5,1,0.110604503599309,0.098281858014157,0.0123226455851556,0.0447966098669257,0.234856035653801,434,0.000111111111032692,0,0,0.00926900584795676,0.190983038888969,0,0,0,0.00288888888896205,0.0898680688887925,0,0,0,0.00444444444454146,0.140702316959089,0.135916666666659,0.125125000000075,0,0.0579583333332055,0.267080070614051,0.336075000000027,0.302257894736926,0.0185614035087523,0.128245000000018,0.393460671111065
22.5,6,0,0.0649149117262001,0.0620988214947556,0.00281609023144229,0.0358644967372133,0.221163722990739,436,2.2727272731903e-05,0,0,0.0119356060606087,0.175505904545525,0,0,0,0.00359090909095433,0.0879826941015118,0,0,0,0.00495454545454069,0.125378725691555,0.0731961722488163,0.0675113636363717,0,0.0372867132866826,0.256252405944015,0.195465909091023,0.193590909090951,0,0.0900227272727405,0.384056964545499
22.5,6,1,0.0720708032983875,0.0691975712647529,0.00287323203363639,0.0360994211446077,0.233407526995587,436,0,0,0,0.0094999999999994,0.181989350000033,0,0,0,0.00303124999990345,0.0872252268000009,0,0,0,0.00479687500005177,0.1309511,0.0621517857140963,0.0436562500003994,0,0.0356249999999185,0.254722349999923,0.248000000000048,0.241937499999892,0,0.106406250000184,0.404173599999968
22.5,7,0,0.0554309525047267,0.0525354123295896,0.00289554017513713,0.0321176391538829,0.240550517047571,438,0,0,0,0.0104761904761918,0.195663325581482,0,0,0,0.00297258200168681,0.094837895209303,0,0,0,0.00465416666662673,0.149845802241286,0.0552115171648101,0.0531568322981327,0,0.0347058668076099,0.272906075052875,0.161183766233766,0.154266844919787,0,0.0666857142857247,0.376560908013936
22.5,7,1,0.0486210867212669,0.0459636073728844,0.00265747934838484,0.0251116965659259,0.223968697873513,438,0,0,0,0.00899999999998045,0.19363901111116,0,0,0,0.00289298245614519,0.089058970526316,0,0,0,0.0046403508772867,0.131381613157864,0.0292368421052839,0.0198769349845641,0,0.0269561403508895,0.253260591666595,0.163218092105262,0.155104385964746,0,0.0678894736842196,0.333240579473878
22.5,8,0,0.0579490866394759,0.0566630578827324,0.00128602875674434,0.0336227599471048,0.228935760162749,437,0,0,0,0.0110487804879152,0.191010292682897,0,0,0,0.00282799575821938,0.0873365138181784,0,0,0,0.0049512195121945,0.137676909090914,0.0601951219512214,0.0597560975609934,0,0.0338636363636935,0.263102728381329,0.182047753530189,0.181570731707315,0,0.0911716186253045,0.355115821951226
22.5,8,1,0.058304539936218,0.0558003986373867,0.00250414129883261,0.0314897368993282,0.221741124335387,438,0,0,0,0.00929999999996578,0.181063799999986,0,0,0,0.00299999999997204,0.0912497608000722,0,0,0,0.00459523809520603,0.130947561111144,0.0264499999997042,0.015633333333341,0,0.024699999999974,0.251300000000015,0.189157500000002,0.185102222222243,0,0.0809711111110775,0.333951716666609
22.5,9,0,0.107284998584316,0.102722867711233,0.0045621308730829,0.0453400091482894,0.240111483106492,408,0.0038409090909087,0.000363636363640038,0,0.0120681818181815,0.189359090909089,0,0,0,0.000245454545454509,0.0914441527272676,0,0,0,0.00499999999999852,0.146933181818175,0.129488636363595,0.120079545454551,0,0.0629412878787451,0.287228581818184,0.358357894736843,0.327110287081339,0.00294545454545363,0.131190909090909,0.38668218181814
22.5,9,1,0.0775224438902741,0.0729637364921028,0.00455870739817115,0.0354584372402315,0.220856735580944,401,0,0,0,0.00912499999995475,0.178223000000009,0,0,0,0,0.0852358400000002,0,0,0,0.00437500000000313,0.139456999999979,0.0172499999997626,0.0153750000000059,0,0.0231250000000358,0.239625,0.272750000000002,0.272624999999976,0,0.104999999999976,0.336345719999958
22.5,10,0,0.237655760248548,0.22423013666578,0.0134256235827672,0.0863680662290197,0.264982117918547,420,0.106285714285692,0.0783095238095317,0,0.0462619047619166,0.221472938095239,0,0,0,0.00133333333333658,0.105505549999998,0,0,0,0.00703571428571625,0.153412464285718,0.352464285714293,0.327988095238145,0,0.121119047619043,0.321000523809521,0.714319047618959,0.669757142857145,0.0171428571428587,0.223680952381018,0.430985273809522
22.5,10,1,0.276356944444443,0.26257361111111,0.0137833333333328,0.092429583333337,0.289115062301893,420,0.105950000000029,0.0910999999999149,0,0.0438999999999773,0.217465000000039,0,0,0,0.00139999999999944,0.111376000000011,0,0,0,0.00657499999999602,0.1552543,0.425674999999955,0.396849999999984,0,0.144225000000003,0.34387915,0.791590000000001,0.747320000000009,0.0165299999999605,0.255640000000003,0.502525199999923
22.5,11,0,0.538374330287049,0.493384792132717,0.0449895381543343,0.180487076654298,0.356008409073026,438,0.364181818181849,0.328681818181772,0,0.127613636363634,0.297972499999992,0,0,0,0.00530454545454973,0.140087399999999,0.0590795454545462,0.0189999999999848,0,0.0259659090909359,0.196660259090896,0.83739772727258,0.773261363636317,0,0.281034090909083,0.430865811416491,1.30885909090909,1.26363636363634,0.109695454545466,0.424662121212118,0.693425520000013
22.5,11,1,0.631802323664021,0.560026465540456,0.0717758581235689,0.223368783371474,0.39068419971266,437,0.402499999999947,0.351125000000025,0,0.146624999999958,0.307781800000066,0,0,0,0.00462499999997022,0.146613469411775,0.034000000000006,0.0141249999999786,0,0.0277500000000188,0.195310849999999,0.967124999999953,0.879249999999986,0,0.349875000000012,0.477695900000025,1.62394999999997,1.48282499999998,0.125350000000016,0.568650000000062,0.787683039999966
22.5,12,0,0.691793383852617,0.615509844087228,0.0762835397653911,0.236092169767161,0.436672432081143,442,0.54573913043483,0.418771099744278,0,0.17436956521741,0.351093617391302,0,0,0,0.00900869565216403,0.143260570869573,0.129239130434831,0.070902173913042,0,0.0548804347826035,0.222725246739126,1.03809782608695,0.935641304347856,0,0.348728260869579,0.570193275000022,1.63040869565224,1.44369565217395,0.170595652173917,0.546339130434759,0.760539617391307
22.5,12,1,0.713140745528987,0.630669167474685,0.0824715780543024,0.243013084464558,0.443492093684309,442,0.495250000000085,0.404999999999831,0,0.171500000000109,0.355275249999959,0,0,0,0.00626250000001391,0.149827070000003,0.0986562500000474,0.045078125000022,0,0.044687500000002,0.208677825000008,1.05331250000012,0.92506250000028,0,0.35237500000001,0.566655825000059,1.81293749999974,1.65286249999954,0.203224999999981,0.586849999999975,0.874115750000008
23,1,0,0.626875014702396,0.532565721346926,0.0943092933554702,0.223595274839693,0.383767570242354,443,0.355809523809599,0.290666666666896,0,0.136095238095257,0.265157678571445,0,0,0,0.00543809523810524,0.11594871999996,0.0269166666666717,0.0131904761905,0,0.0271778711484596,0.161702911904806,0.978392857142857,0.850666666666689,0,0.350523809523847,0.55364142380953,1.52961904761902,1.41576190476188,0.153590476190527,0.565200000000035,0.801406160000031
23,1,1,0.584262955498213,0.50289343894442,0.0813695165537944,0.198617815489626,0.363499196537032,443,0.36319999999987,0.309100000000217,0,0.137999999999982,0.273409900000036,0,0,0,0.00472000000014305,0.111929999999966,0.0102500000000418,0.00482500000005075,0,0.017650000000009,0.172145424999952,0.903550000000018,0.803400000000061,0,0.302149999999927,0.456788470000076,1.47787999999975,1.36277999999977,0.113829999999775,0.500379999999959,0.719085220000026
23,2,0,0.556431607862028,0.480170097449233,0.0762615104127984,0.194142500801808,0.344280587441125,442,0.289934375000121,0.239754761904757,0,0.116824999999988,0.234498799999999,0,0,0,0.00574999999997317,0.101734719999993,0.0312749999999369,0.0176375000000576,0,0.022649999999949,0.153569814285722,0.824562499999979,0.701274999999976,0,0.291449999999995,0.445308526315751,1.47054499999971,1.32742999999994,0.12818500000002,0.534412500000043,0.754949999999887
23,2,1,0.601862181731681,0.512249320818081,0.0896128609135983,0.204824061804213,0.352920873355592,442,0.349406249999967,0.260326388888972,0,0.128874999999965,0.25937499999999,0,0,0,0.00491250000002026,0.113380519999984,0.0129062499999293,0.00468750000015916,0,0.0243437499999786,0.153589249999945,0.915059375000069,0.785562499999827,0,0.297125000000207,0.457779250000171,1.56786249999995,1.47128749999975,0.184784999999987,0.576999999999992,0.785786000000013
23,3,0,0.424255341490723,0.369955643685938,0.0542996978047836,0.144464648717734,0.296440522713151,444,0.259673913043492,0.191826086956513,0,0.0898977673326755,0.225654326086937,0,0,0,0.00469985974757736,0.100846178260891,0.037119565217381,0.0103212560385918,0,0.0177663043478422,0.144028592105252,0.636538043478007,0.509065217391164,0,0.209635869565325,0.37884130434785,1.04399999999996,0.964973913043433,0.167364734299526,0.360163478260758,0.598234804347865
23,3,1,0.417361271290797,0.364320636549318,0.0530406347414826,0.147446833784472,0.282091558623453,443,0.223749999999882,0.167874999999981,0,0.0883749999999424,0.218073399999859,0,0,0,0.0042500000000814,0.092808659999996,0.00756250000000591,0.00243750000004184,0,0.012224999999961,0.13183904999995,0.612125000000048,0.526687500000037,0,0.224999999999966,0.352737269999991,1.07175000000068,1.01349999999988,0.102524999999909,0.383324999999991,0.554957699999864
23,4,0,0.315645726564328,0.272645171075205,0.0430005554891261,0.114742789891104,0.268682791375675,434,0.163219780219768,0.133317307692265,0,0.0671274725274811,0.198992735384626,0,0,0,0.00457999999997864,0.0959925428571438,0.00319230769229592,0.00165659340659171,0,0.0114105545617289,0.142693569186007,0.430923809523876,0.396057142857155,0,0.163847619047494,0.323546855982908,0.80884230769229,0.788027567567536,0.0875374999999461,0.322179230769306,0.510020912285689
23,4,1,0.342061976369623,0.30165050162858,0.0404114747410398,0.120198716240761,0.278283384798917,434,0.136138655462243,0.0910833333333168,0,0.056346153846202,0.222690225274709,0,0,0,0.0042857142855902,0.0923478798319657,0,0,0,0.00925735294117992,0.138846535714209,0.506093137254892,0.460119047618979,0,0.187208791208891,0.363876178571429,0.978511904762001,0.91092167832165,0.071278151260511,0.335153846153772,0.5146934999998
23,5,0,0.122827797715849,0.109477328609871,0.013350469105976,0.0496499881567358,0.214852825959464,434,0.0427195121951001,0.0261136363636648,0,0.024557317073174,0.182766463414662,0,0,0,0.00386454545477097,0.0834961331923943,0,0,0,0.00599916943526275,0.124559476164059,0.154518398268396,0.147393181818224,0,0.0645261363636627,0.257092428206164,0.330444186046563,0.283957941176493,0.017927272727256,0.123912473572909,0.361416719512128
23,5,1,0.108674056287817,0.0972640577398349,0.0114099985479824,0.0441744464948984,0.208348066146489,434,0.000377192982390419,0,0,0.00935087719304721,0.168152631579014,0,0,0,0.00292222222218723,0.0769598692982998,0,0,0,0.0044517543859661,0.117668078655008,0.164545112781901,0.14144444444446,0,0.0638888888888939,0.238533803508811,0.348050877192981,0.31816113360339,0.0142140350877049,0.136128070175386,0.373213715555667
23,6,0,0.0565611016525509,0.0540379769131883,0.00252312473936574,0.0310748232976504,0.192377869106519,436,0,0,0,0.0118181818181711,0.155063309090875,0,0,0,0.00365909090912582,0.078341685454552,0,0,0,0.00500000000000547,0.115750365909093,0.0651477272727395,0.0620489510489846,0,0.0397329545454826,0.231032539860183,0.159920454545458,0.159920454545458,0,0.076738636363673,0.293685823636172
23,6,1,0.0608509611183876,0.058609418687195,0.00224154243119246,0.0303667799803368,0.186616166193102,436,0,0,0,0.00984374999985606,0.152315800000076,0,0,0,0.00318750000002233,0.0749920167999604,0,0,0,0.00481250000001232,0.111182449999819,0.0369999999999849,0.0268124999999948,0,0.0288124999999875,0.211103624999987,0.196540178571504,0.195406250000019,0,0.084897321428667,0.287488039999987
23,7,0,0.0384462421463052,0.0356878436255942,0.00275839852071058,0.0259929357962921,0.211113436980123,438,0,0,0,0.0100930232557706,0.175803952380935,0,0,0,0.00296829268292069,0.080714999467846,0,0,0,0.00468902439027686,0.128625162612622,0.0389723837209589,0.035386557005122,0,0.028981707317071,0.242466393023271,0.112220930232544,0.104829568106315,0,0.0659558139534575,0.324750655672108
23,7,1,0.0378145936590418,0.0359772745913833,0.00183731906765671,0.0233669400757524,0.218535939459258,438,0,0,0,0.00913450292393873,0.178477227777767,0,0,0,0.00287485380123711,0.0873536007836015,0,0,0,0.00452631578940779,0.130747731579036,0.011342105263135,0.00681076388889414,0,0.0224349845201226,0.243929484649103,0.129285416666629,0.124273684210498,0,0.0592157894738546,0.333040142105433
23,8,0,0.0496056349710935,0.0463348813782715,0.00327075359282239,0.0297341052392068,0.195556653000973,437,0,0,0,0.0107894736841828,0.163398354878052,0,0,0,0.00289157608694616,0.0815071144195465,0,0,0,0.00497560975609082,0.12224533971293,0.0531707317073243,0.0501052631579066,0,0.0330731707318015,0.227267005044321,0.137465550239175,0.12888292682927,0,0.0737121951219587,0.305478935609758
23,8,1,0.0462900286294074,0.0441517232006921,0.00213830542871562,0.0261110911792443,0.188054550824818,438,0,0,0,0.00876666666667537,0.157680000000013,0,0,0,0.0028466666666562,0.0771335272000052,0,0,0,0.00447500000000431,0.112906166666627,0.00898333333337482,0.00303333333335256,0,0.021999999999944,0.209083800000052,0.147446666666658,0.146519999999986,0,0.0667400000000105,0.283109540000013
23,9,0,0.094230434662119,0.0901081419651355,0.00412229269698311,0.0395444024306557,0.207773405544584,408,0.00115909090908223,9.0909090909525e-05,0,0.011454545454553,0.166401863636365,0,0,0,0.000277272727272679,0.0739328431272725,0,0,0,0.00495454545453972,0.123901600000035,0.102261363636364,0.0982159090909222,0,0.0477500000000316,0.243436363636255,0.272713636363639,0.257395454545504,0.00259696969695659,0.103908585858546,0.343431443636344
23,9,1,0.0740943474646716,0.0691738362427254,0.00492051122194543,0.0336579384871138,0.203653901676183,401,0,0,0,0.00912500000000449,0.161975399999999,0,0,0,0,0.0819820600000002,0,0,0,0.00437500000003866,0.125640499999995,0.00387500000000074,0.000499999999998834,0,0.0253750000000039,0.230425000000021,0.236125000000015,0.225874999999999,0,0.100249999999996,0.29649600000001
23,10,0,0.222853668906956,0.208946866185868,0.013906802721088,0.0823954670832962,0.242375051052406,420,0.0882424242424266,0.0640952380953196,0,0.0418422619047589,0.195929247619051,0,0,0,0.00142380952375961,0.0918727476190419,0,0,0,0.006964285714289,0.142363448412678,0.307988095238162,0.274190476190411,0,0.11575,0.298420803571423,0.644133333333342,0.605080952381108,0.014085714285693,0.221809523809444,0.417463359523753
23,10,1,0.254287380952382,0.240522380952383,0.0137649999999996,0.0879500396825392,0.238150754773583,420,0.0830000000000211,0.0562499999999944,0,0.0390000000000285,0.179933400000003,0,0,0,0.00147999999999883,0.0877715500000023,0,0,0,0.00627500000000154,0.130785524999992,0.360874999999959,0.344949999999996,0,0.11735,0.275887399999996,0.721870000000051,0.715039999999932,0.0159199999999914,0.244069999999989,0.423586600000072
23,11,0,0.482038032117125,0.439491335068699,0.0425466970484248,0.165106338488015,0.296966099295499,438,0.317659090909095,0.249750000000016,0,0.11902272727276,0.252965454545455,0,0,0,0.00421363636361743,0.11056392,0.014375000000001,0.00298863636367809,0,0.0184431818181879,0.155977349999993,0.78109090909091,0.707238636363596,0,0.254090909090907,0.346394181818175,1.2264318181818,1.11344545454547,0.0741227272727098,0.403430303030293,0.531255636363647
23,11,1,0.573723795101563,0.50997185002147,0.0637519450800921,0.201955574678381,0.348392402038482,437,0.37787499999996,0.288999999999987,0,0.134999999999963,0.258879100000009,0,0,0,0.00450000000003002,0.113708400000002,0.0107500000000016,0.00387500000010732,0,0.0193749999999966,0.15777265,0.905625000000099,0.825750000000084,0,0.313375000000036,0.444701049999948,1.43975,1.370525,0.110050000000024,0.518425000000048,0.681120280000213
23,12,0,0.608482027997063,0.541021990674244,0.0674600373228174,0.212874352326622,0.393971593365674,442,0.410434782608689,0.328413043478307,0,0.144782608695659,0.309810017391307,0,0,0,0.00609130434783577,0.128426880434786,0.078989130434814,0.0335652173912867,0,0.0388369565217525,0.191120667391311,0.879956521739092,0.814586956521729,0,0.322173913043474,0.502982913043458,1.39304782608697,1.3501434782608,0.129604347826099,0.50257391304355,0.733723947826098
23,12,1,0.653690737448814,0.576392660525738,0.0772980769230754,0.226469202488689,0.395864122538813,442,0.469875000000002,0.34806250000004,0,0.149250000000002,0.293311416666677,0,0,0,0.00588750000001,0.129029499999968,0.0552187500000172,0.0168437499999498,0,0.0344999999999693,0.176969175000005,1.05053125,0.928437499999973,0,0.351468749999999,0.51544975000013,1.6120375,1.52418749999998,0.212362500000011,0.566112499999964,0.773050559999819
23.5,1,0,0.589954902276776,0.500432056194959,0.0895228460818188,0.211539853713791,0.342979654499072,443,0.364380952380922,0.285571428571486,0,0.141952380952413,0.246007657142862,0,0,0,0.00547619047616493,0.0932270657142956,0.0208333333332901,0.0100952380952646,0,0.0278333333333491,0.144989567857148,0.929095238095085,0.810904761904979,0,0.337523809523814,0.459008936904748,1.51646666666669,1.29093333333331,0.114028571428666,0.55927619047637,0.728205094285759
23.5,1,1,0.549616242072453,0.467660768479697,0.0819554735927551,0.185528835680246,0.338877310185192,443,0.289200000000255,0.229699999999957,0,0.103199999999879,0.242134500000024,0,0,0,0.00509999999997035,0.101030999999978,0.00480000000002292,0.0017500000000382,0,0.0148999999999546,0.154647150000046,0.838850000000126,0.69920000000003,0,0.291999999999973,0.463284300000014,1.39119999999997,1.2974000000002,0.104940000000147,0.494179999999969,0.677421769999984
23.5,2,0,0.541189695929656,0.468674659361838,0.0725150365678216,0.192069872384545,0.31486805195251,442,0.277025000000004,0.228700000000004,0,0.109722368421048,0.22780519999999,0,0,0,0.00556499999997073,0.0898949999999875,0.0347250000001509,0.011675000000011,0,0.0248375000000578,0.129852502564111,0.802262500000268,0.69918750000004,0,0.279312500000012,0.390196400000012,1.47220000000013,1.31571500000022,0.107184999999988,0.504745000000122,0.624120400000107
23.5,2,1,0.548600925177748,0.466317342706309,0.0822835824714455,0.191213888888885,0.325054348782381,442,0.290437499999882,0.211874999999992,0,0.127499999999976,0.223493700000008,0,0,0,0.00487500000002683,0.0932829600000206,0.00649999999978945,0.00149999999995032,0,0.0160468750000256,0.140213533333259,0.860116071428461,0.743250000000188,0,0.289468750000054,0.469138099999985,1.46581874999998,1.31111249999859,0.0947499999999081,0.511449999999952,0.596931160000103
23.5,3,0,0.402564281977059,0.347658690950469,0.0549055910265896,0.139908818820709,0.258035137317785,444,0.202478260869601,0.165413043478269,0,0.07958695652172,0.199608278260826,0,0,0,0.00453478260868432,0.0859231834782787,0.0170869565217997,0.00357608695653851,0,0.0152119565217464,0.126095909782614,0.573554347826104,0.498902173913233,0,0.212249999999931,0.329986956521649,1.05371829710175,1.02819054505014,0.127849199084606,0.363899999999983,0.511862028695464
23.5,3,1,0.384855082589846,0.328152172482648,0.0567029101071973,0.136419878729251,0.258199479030701,443,0.19537500000024,0.156625000000019,0,0.0793750000000272,0.211003600000102,0,0,0,0.0040250000000583,0.0807409799999975,0.00362499999999955,0.000999999999821811,0,0.0109687500000177,0.126725899999996,0.550531250000006,0.467531249999866,0,0.197875000000066,0.319267899999971,1.01232500000022,0.940899999999692,0.098062499999989,0.340500000000248,0.528304999999807
23.5,4,0,0.330052395262049,0.287325574413175,0.0427268208488738,0.117829094923152,0.269272648507088,434,0.155800000000012,0.122966666666718,0,0.0672179487179421,0.195950999999979,0,0,0,0.00466000000005503,0.0908683800000261,0.00336172161179182,0.00159915865381121,0,0.0115614617940061,0.129773197674469,0.488564285714291,0.433722972972967,0,0.171417735042717,0.371731177197801,0.885164835164826,0.821420000000059,0.0588638095238148,0.305594285714239,0.514491975882194
23.5,4,1,0.338491120794116,0.297880537925365,0.0406105828687539,0.118208593631827,0.276769677024687,434,0.155115384615378,0.09582142857145,0,0.0614000000000407,0.216921200000063,0,0,0,0.00415777777801193,0.0868446466666867,0,0,0,0.00908333333332335,0.142848261554608,0.470972222222262,0.427532051282037,0,0.17506944444435,0.3604589346153,0.930928787878787,0.891514102564289,0.0422651583712161,0.329009230769367,0.547793457828142
23.5,5,0,0.136564170869831,0.123929992410385,0.0126341784594487,0.0544149989931358,0.203395734213203,434,0.0452124999999967,0.0287023255813803,0,0.0265977801267941,0.157515809075458,0,0,0,0.00377272727275485,0.0730770465632572,0,0,0,0.00632003171249688,0.108677209090918,0.174659090909099,0.14946798780486,0,0.0711470930232196,0.24340970243899,0.41716969696975,0.390073257839772,0.0109476744186614,0.138793015521155,0.365666926829238
23.5,5,1,0.11899360539619,0.106838368832236,0.0121552365639557,0.0485088498081517,0.198445984997618,434,0.00178362573097311,0.000162280701746103,0,0.0101900584795565,0.154879312121222,0,0,0,0.0031111111112106,0.0729293088888717,0,0,0,0.00477777777780691,0.108672831578945,0.17546491228073,0.144907894736855,0,0.0682500000000346,0.229516973684264,0.364590789473714,0.33741666666668,0.0070403508771508,0.139197975708467,0.38793136280702
23.5,6,0,0.0682239065405805,0.0665639555397461,0.00165995100083375,0.0346369922565778,0.194358630611979,436,3.4090908953162e-05,0,0,0.011522727272739,0.140185318181844,0,0,0,0.00356818181814314,0.071417018181821,0,0,0,0.00500000000000216,0.103681590909067,0.0686944789081917,0.0628181818181432,0,0.0357625598086274,0.208979527272741,0.167706762749434,0.164602272727292,0,0.0759772727272899,0.396550701818188
23.5,6,1,0.0776953582350394,0.0736492614132769,0.00404609682175781,0.0359037420816976,0.187464924775145,436,0,0,0,0.010112499999844,0.143679499999964,0,0,0,0.00315624999998932,0.0691662500000442,0,0,0,0.00487499999995578,0.108051071428619,0.0466874999999902,0.0373125000000043,0,0.0377812499998669,0.204353500000036,0.247468750000174,0.23212500000011,0,0.10281249999997,0.361385550000165
23.5,7,0,0.0454404624552201,0.0434521796100634,0.00198828284515732,0.0264395770214851,0.19713811714336,438,0,0,0,0.0104285714285739,0.151639228814507,0,0,0,0.00295085365857907,0.0752260507534749,0,0,0,0.00476945412314654,0.111794685257989,0.0352500000000112,0.0329186046511947,0,0.0283096590909055,0.229220148043181,0.108785649461177,0.106193974629989,0,0.0668550615594819,0.370885313953526
23.5,7,1,0.0460868443561694,0.0446675167372715,0.00141932761889736,0.0258826625616921,0.190439653050317,438,0,0,0,0.00953947368422637,0.153777747660725,0,0,0,0.00278947368420686,0.0728039224210794,0,0,0,0.00461622807017061,0.114129730555559,0.0221622807017359,0.013189473684181,0,0.025916666666718,0.209498381578956,0.148844444444451,0.147440000000075,0,0.0695078947369333,0.324117727777853
23.5,8,0,0.0565437070619825,0.0554016802801974,0.00114202678178496,0.0314625677107366,0.186334759303464,437,2.43902438963166e-05,0,0,0.0113157894737398,0.149633350449288,0,0,0,0.00304390243903388,0.0732248760975589,0,0,0,0.00504878048778947,0.10762405134787,0.0573414634146258,0.0566829268292671,0,0.0337804878049583,0.20983769939026,0.136517073170792,0.130121437740771,0,0.0674926829268031,0.320183978035941
23.5,8,1,0.0582660279408562,0.0556255599043278,0.00264046803652839,0.0302279526346319,0.182040331043802,438,0,0,0,0.00930000000000951,0.148845783333314,0,0,0,0.00265416666662725,0.0727862025333456,0,0,0,0.00447499999996713,0.107554844444472,0.0209083333333343,0.0128333333333321,0,0.0252041666666834,0.208075616666756,0.191433928571424,0.188919166666654,0,0.0839800000000049,0.302847840000017
23.5,9,0,0.101702872609975,0.0975430543365743,0.00415981827340123,0.0447180939196693,0.195498787688317,408,0.00146770334926035,0.000227272727272521,0,0.0138863636363614,0.151748290909089,0,0,0,0.000245454545454345,0.0653535363636353,0,0,0,0.00499999999999836,0.107343863636354,0.0944999999999979,0.0900568181818292,0,0.0495227272727261,0.207107,0.343236363636352,0.334431818181782,0.00039090909091028,0.119140909090912,0.386772109090905
23.5,9,1,0.0854687240232767,0.0814194721529522,0.00404925187032476,0.0357931213632622,0.188802453847637,401,0,0,0,0.00912499999992633,0.14564896,0,0,0,0,0.0696022000000004,0,0,0,0.00425000000000253,0.108613399999965,0.0128750000000081,0.00233333333333352,0,0.0243750000000062,0.201774999999894,0.289375000000006,0.272999999999996,0,0.103499999999968,0.337447079999991
23.5,10,0,0.231440483496429,0.219233340639285,0.0122071428571435,0.0840743719432211,0.230502040604377,420,0.0869285714286002,0.066642857142846,0,0.0427857142856932,0.188922685714311,0,0,0,0.00138095238094882,0.0783807476190462,0,0,0,0.00646428571430542,0.119970911904756,0.323011904761899,0.309380952380952,0,0.119499999999961,0.278944461904764,0.66457142857143,0.624033333333138,0.00867142857142717,0.226480952381028,0.428872628571393
23.5,10,1,0.256483730158726,0.244030634920632,0.0124530952380956,0.0880166666666641,0.222905614245279,420,0.0679000000000031,0.0544999999999845,0,0.0324999999999964,0.172485900000003,0,0,0,0.00149999999999992,0.0870041500000008,0,0,0,0.00659999999995194,0.120306575000028,0.353925000000013,0.325824999999991,0,0.120649999999986,0.267134250000011,0.766680000000028,0.753739999999981,0.0138100000000002,0.253250000000024,0.411577000000039
23.5,11,0,0.429359323942784,0.392472760015842,0.0368865639269412,0.151031400801211,0.264576046307478,438,0.236568181818132,0.201977272727254,0,0.0938863636363681,0.215809090909062,0,0,0,0.00440909090913315,0.0909365781818166,0.0111704545454497,0.00307954545452819,0,0.016420454545459,0.133510063636361,0.722738636363723,0.638988244514113,0,0.240227272727251,0.352060981818196,1.13098181818184,1.03589318181819,0.0660090909091048,0.396031818181808,0.5107576327273
23.5,11,1,0.55370298580531,0.489841772990659,0.0638612128146507,0.197690883218277,0.324212155432281,437,0.333625000000097,0.275374999999997,0,0.128624999999992,0.262095400000002,0,0,0,0.00444999999998004,0.0957841176470592,0.00400000000013279,0.00100000000000478,0,0.0183749999999776,0.139359500000005,0.8839999999999,0.759833333333367,0,0.310999999999991,0.407715675588235,1.44040000000009,1.30455000000011,0.0406099999999678,0.490524999999991,0.664808399999991
23.5,12,0,0.569315925887509,0.507081680460732,0.0622342454267756,0.204220966354809,0.352873201344415,442,0.378934782608714,0.312913043478232,0,0.142739130434785,0.270287617391281,0,0,0,0.00600869565216627,0.110294911721742,0.0577717391304552,0.0267282608696326,0,0.0370010869565161,0.164604217391325,0.879782608695638,0.799467391304367,0,0.312923913043513,0.449045452173921,1.3307217391305,1.25875652173906,0.101873913043346,0.479543478260859,0.676844013913063
23.5,12,1,0.596879535660429,0.537957778496025,0.0589217571644041,0.209992449095023,0.34908833366842,442,0.388124999999918,0.331437499999993,0,0.140437500000047,0.264692749999896,0,0,0,0.00544375000001338,0.105030749999989,0.0159375000000494,0.00690624999992906,0,0.0275625000000001,0.160946874999975,0.932406250000185,0.839312499999984,0,0.319218749999966,0.435613649999954,1.52401250000043,1.45178749999982,0.11448750000002,0.517887499999977,0.720470749999946
NA,NA,0,0.754606557376968,0.700196721311478,0.0544098360655507,0.270229508196733,NA,122,0,0,0,0.0260000000000673,NA,0,0,0,0,NA,0,0,0,0.00925000000020759,NA,0.867250000001605,0.790999999999258,0,0.327750000000038,NA,2.84009999999871,2.84009999999871,0,0.98400000000238,NA
