archetype,read_month,read_type_of_day,read_hh,n_puprn,elec_exp_mean,elec_exp_50th,elec_exp_75th,elec_exp_25th,elec_exp_90th,elec_exp_10th
VX,apr,weekday,1,59,8.15E-07,0,0,0,8.92E-07,0
VX,apr,weekday,2,59,7.07E-07,0,0,0,6.22E-07,0
VX,apr,weekday,3,59,7.68E-07,0,0,0,2.33E-07,0
VX,apr,weekday,4,59,1.19E-06,0,0,0,2.07E-07,0
VX,apr,weekday,5,59,8.42E-07,0,0,0,6.70E-08,0
VX,apr,weekday,6,59,8.10E-07,0,0,0,2.14E-07,0
VX,apr,weekday,7,59,9.69E-07,0,0,0,2.05E-07,0
VX,apr,weekday,8,59,1.11E-06,0,0,0,2.65E-07,0
VX,apr,weekday,9,59,9.98E-07,0,0,0,2.15E-07,0
VX,apr,weekday,10,59,8.55E-07,0,0,0,5.13E-07,0
VX,apr,weekday,11,59,1.07E-06,0,0,0,7.80E-07,0
VX,apr,weekday,12,59,1.37E-06,0,0,0,2.07E-06,0
VX,apr,weekday,13,59,1.59E-06,0,6.86E-07,0,4.19E-06,0
VX,apr,weekday,14,59,4.00E-06,9.37E-07,2.50E-06,0,8.38E-06,0
VX,apr,weekday,15,59,9.30E-06,2.62E-06,7.63E-06,1.02E-06,2.82E-05,3.14E-09
VX,apr,weekday,16,59,1.76E-05,9.95E-06,2.04E-05,1.88E-06,4.12E-05,1.04E-07
VX,apr,weekday,17,59,3.43E-05,2.07E-05,5.27E-05,4.70E-06,8.41E-05,1.53E-06
VX,apr,weekday,18,59,5.68E-05,4.01E-05,9.31E-05,1.16E-05,0.000133315,3.39E-06
VX,apr,weekday,19,59,8.45E-05,6.42E-05,0.000131988,3.85E-05,0.000192434,4.98E-06
VX,apr,weekday,20,59,0.000118566,0.000111548,0.000196623,6.13E-05,0.000202562,8.17E-06
VX,apr,weekday,21,59,0.000143521,0.000152476,0.00019401,8.79E-05,0.000232867,1.35E-05
VX,apr,weekday,22,59,0.000172202,0.000182408,0.000229767,0.000130626,0.00027592,2.41E-05
VX,apr,weekday,23,59,0.000197075,0.000231043,0.000262278,0.000156295,0.000299814,3.20E-05
VX,apr,weekday,24,59,0.000223955,0.00024196,0.000276468,0.000189621,0.000294341,8.50E-05
VX,apr,weekday,25,59,0.000239618,0.000261122,0.000300372,0.000224728,0.000325598,9.44E-05
VX,apr,weekday,26,59,0.000263877,0.000269864,0.000287342,0.000235454,0.000354122,0.000132924
VX,apr,weekday,27,59,0.000269556,0.000272672,0.00031359,0.00023229,0.000359777,0.000190544
VX,apr,weekday,28,59,0.000278589,0.000272529,0.000322115,0.000246305,0.000366367,0.000204376
VX,apr,weekday,29,59,0.000278764,0.000278938,0.000317069,0.000238978,0.000375745,0.000210234
VX,apr,weekday,30,59,0.000265911,0.000258704,0.000316024,0.000218598,0.000337342,0.000200415
VX,apr,weekday,31,59,0.000244451,0.000257548,0.00028028,0.000202702,0.000310274,0.000169966
VX,apr,weekday,32,59,0.000215496,0.000216288,0.000262912,0.00016514,0.000307392,0.000138886
VX,apr,weekday,33,59,0.000177866,0.000161584,0.000228019,0.000125183,0.000266762,0.000108508
VX,apr,weekday,34,59,0.000140532,0.000121504,0.00019096,0.000101826,0.000218688,6.02E-05
VX,apr,weekday,35,59,0.000102136,8.70E-05,0.000150344,6.03E-05,0.000183465,2.91E-05
VX,apr,weekday,36,59,7.15E-05,5.58E-05,0.00011363,3.39E-05,0.000136537,1.30E-05
VX,apr,weekday,37,59,4.31E-05,2.68E-05,5.57E-05,9.08E-06,9.05E-05,2.80E-06
VX,apr,weekday,38,59,2.39E-05,8.29E-06,2.76E-05,2.94E-06,5.25E-05,1.06E-06
VX,apr,weekday,39,59,1.26E-05,2.62E-06,9.03E-06,2.49E-07,3.16E-05,2.13E-08
VX,apr,weekday,40,59,4.46E-06,1.40E-07,2.58E-06,0,8.59E-06,0
VX,apr,weekday,41,59,2.14E-06,0,3.21E-07,0,4.96E-06,0
VX,apr,weekday,42,59,2.04E-06,0,3.85E-07,0,2.95E-06,0
VX,apr,weekday,43,59,1.24E-06,0,7.86E-07,0,2.20E-06,0
VX,apr,weekday,44,59,1.33E-06,0,1.90E-07,0,3.28E-06,0
VX,apr,weekday,45,59,1.23E-06,0,1.01E-07,0,2.76E-06,0
VX,apr,weekday,46,59,9.87E-07,0,3.17E-08,0,1.70E-06,0
VX,apr,weekday,47,59,1.14E-06,0,0,0,1.71E-06,0
VX,apr,weekday,48,59,8.07E-07,0,0,0,9.41E-07,0
VX,apr,weekend,1,59,9.52E-07,0,0,0,9.63E-07,0
VX,apr,weekend,2,59,6.92E-07,0,0,0,6.23E-08,0
VX,apr,weekend,3,59,8.96E-07,0,0,0,5.08E-08,0
VX,apr,weekend,4,59,1.04E-06,0,0,0,4.04E-08,0
VX,apr,weekend,5,59,7.37E-07,0,0,0,4.24E-08,0
VX,apr,weekend,6,59,5.24E-07,0,0,0,1.79E-08,0
VX,apr,weekend,7,59,5.24E-07,0,0,0,3.58E-07,0
VX,apr,weekend,8,59,4.66E-07,0,0,0,3.22E-07,0
VX,apr,weekend,9,59,6.96E-07,0,0,0,3.46E-07,0
VX,apr,weekend,10,59,5.85E-07,0,0,0,4.30E-07,0
VX,apr,weekend,11,59,9.22E-07,0,0,0,1.46E-06,0
VX,apr,weekend,12,59,1.19E-06,0,2.29E-08,0,1.23E-06,0
VX,apr,weekend,13,59,1.96E-06,0,5.68E-07,0,3.13E-06,0
VX,apr,weekend,14,59,5.23E-06,4.72E-07,3.70E-06,0,1.13E-05,0
VX,apr,weekend,15,59,1.43E-05,3.20E-06,1.28E-05,2.12E-07,3.16E-05,0
VX,apr,weekend,16,59,2.68E-05,9.74E-06,3.77E-05,1.80E-06,5.27E-05,1.69E-07
VX,apr,weekend,17,59,4.70E-05,2.08E-05,7.73E-05,6.31E-06,9.05E-05,7.11E-07
VX,apr,weekend,18,59,7.71E-05,3.70E-05,0.000113687,1.01E-05,0.000211848,2.08E-06
VX,apr,weekend,19,59,0.00011026,7.00E-05,0.00015865,3.30E-05,0.000224909,4.92E-06
VX,apr,weekend,20,59,0.000159537,0.00014187,0.000229065,4.99E-05,0.000264071,9.60E-06
VX,apr,weekend,21,59,0.000197462,0.000195708,0.000259947,0.000114959,0.000343651,1.48E-05
VX,apr,weekend,22,59,0.000233719,0.000244436,0.000311406,0.000140405,0.000373959,5.05E-05
VX,apr,weekend,23,59,0.000255099,0.000262788,0.00034865,0.00012847,0.000404715,3.57E-05
VX,apr,weekend,24,59,0.000288357,0.000328854,0.000363962,0.000201023,0.000420606,5.44E-05
VX,apr,weekend,25,59,0.00030601,0.000324847,0.000389987,0.000207243,0.000423278,9.68E-05
VX,apr,weekend,26,59,0.000318306,0.0003393,0.000390411,0.000228296,0.000452413,0.000162986
VX,apr,weekend,27,59,0.00034401,0.000338107,0.000426809,0.000278626,0.000476891,0.000226397
VX,apr,weekend,28,59,0.000350687,0.000339392,0.000422144,0.000284299,0.00051574,0.000221587
VX,apr,weekend,29,59,0.0003623,0.000356741,0.000447159,0.000284369,0.000519438,0.000210523
VX,apr,weekend,30,59,0.000336329,0.000336562,0.000393662,0.000268136,0.000467572,0.000174084
VX,apr,weekend,31,59,0.00029822,0.00027222,0.000345641,0.000225741,0.000426726,0.000178133
VX,apr,weekend,32,59,0.000272905,0.000253392,0.000309574,0.000190546,0.000419162,0.000140377
VX,apr,weekend,33,59,0.000245439,0.000220394,0.000304709,0.000165511,0.000373674,8.83E-05
VX,apr,weekend,34,59,0.000187141,0.000158399,0.000222843,0.000122514,0.000360816,5.83E-05
VX,apr,weekend,35,59,0.000134103,0.00012585,0.000162031,7.14E-05,0.00029783,3.16E-05
VX,apr,weekend,36,59,9.35E-05,6.81E-05,0.000119463,2.45E-05,0.000234808,1.49E-05
VX,apr,weekend,37,59,5.49E-05,3.20E-05,7.04E-05,9.16E-06,0.00015786,5.11E-06
VX,apr,weekend,38,59,2.81E-05,9.06E-06,2.34E-05,3.72E-06,8.21E-05,3.85E-07
VX,apr,weekend,39,59,1.21E-05,1.45E-06,6.08E-06,0,2.20E-05,0
VX,apr,weekend,40,59,6.19E-06,0,1.20E-06,0,7.08E-06,0
VX,apr,weekend,41,59,3.97E-06,0,1.65E-07,0,2.97E-06,0
VX,apr,weekend,42,59,2.80E-06,0,4.46E-07,0,3.93E-06,0
VX,apr,weekend,43,59,2.06E-06,0,3.90E-07,0,3.03E-06,0
VX,apr,weekend,44,59,1.92E-06,0,1.46E-07,0,2.29E-06,0
VX,apr,weekend,45,59,1.67E-06,0,1.02E-07,0,2.14E-06,0
VX,apr,weekend,46,59,1.47E-06,0,0,0,2.09E-06,0
VX,apr,weekend,47,59,1.39E-06,0,0,0,2.03E-06,0
VX,apr,weekend,48,59,9.65E-07,0,0,0,1.76E-06,0
VX,aug,weekday,1,59,8.15E-07,0,0,0,1.00E-06,0
VX,aug,weekday,2,59,7.98E-07,0,0,0,4.75E-07,0
VX,aug,weekday,3,59,8.40E-07,0,0,0,1.05E-07,0
VX,aug,weekday,4,59,1.01E-06,0,0,0,4.81E-08,0
VX,aug,weekday,5,59,1.05E-06,0,0,0,1.44E-07,0
VX,aug,weekday,6,59,7.88E-07,0,0,0,5.68E-08,0
VX,aug,weekday,7,59,8.86E-07,0,0,0,1.02E-06,0
VX,aug,weekday,8,59,8.97E-07,0,0,0,4.77E-07,0
VX,aug,weekday,9,59,7.32E-07,0,0,0,4.09E-07,0
VX,aug,weekday,10,59,1.04E-06,0,0,0,2.69E-07,0
VX,aug,weekday,11,59,1.00E-06,0,0,0,9.67E-07,0
VX,aug,weekday,12,59,1.00E-06,0,0,0,1.88E-06,0
VX,aug,weekday,13,59,1.68E-06,0,5.22E-07,0,5.14E-06,0
VX,aug,weekday,14,59,4.65E-06,8.09E-07,4.86E-06,3.76E-08,7.68E-06,0
VX,aug,weekday,15,59,1.02E-05,3.72E-06,1.07E-05,1.38E-06,2.05E-05,1.44E-07
VX,aug,weekday,16,59,1.95E-05,9.71E-06,3.12E-05,2.35E-06,4.30E-05,1.41E-06
VX,aug,weekday,17,59,3.46E-05,2.44E-05,5.82E-05,1.01E-05,7.76E-05,2.39E-06
VX,aug,weekday,18,59,5.87E-05,4.07E-05,8.65E-05,2.25E-05,0.000114401,5.45E-06
VX,aug,weekday,19,59,8.43E-05,6.79E-05,0.000128878,3.89E-05,0.0001439,1.84E-05
VX,aug,weekday,20,59,0.000118868,0.000102176,0.000164396,6.52E-05,0.000186414,1.93E-05
VX,aug,weekday,21,59,0.000149782,0.000149427,0.00019299,9.16E-05,0.000208638,3.39E-05
VX,aug,weekday,22,59,0.00018443,0.000167892,0.000223013,0.000105165,0.00025505,7.87E-05
VX,aug,weekday,23,59,0.000207362,0.000216063,0.000235924,0.000108121,0.000315621,4.37E-05
VX,aug,weekday,24,59,0.000222292,0.000220331,0.000273975,0.000184635,0.00029604,8.50E-05
VX,aug,weekday,25,59,0.00024501,0.000234364,0.000264545,0.000195606,0.000327322,0.000148674
VX,aug,weekday,26,59,0.000252262,0.000242089,0.000274731,0.000201761,0.000320219,0.000143877
VX,aug,weekday,27,59,0.0002612,0.000231086,0.000299278,0.000213654,0.000336145,0.000168365
VX,aug,weekday,28,59,0.000271513,0.000238938,0.000307199,0.000221016,0.000368944,0.000204082
VX,aug,weekday,29,59,0.000272056,0.00024246,0.000312776,0.000210062,0.00032766,0.000199488
VX,aug,weekday,30,59,0.000266227,0.000243512,0.000286242,0.000216745,0.000333675,0.000179887
VX,aug,weekday,31,59,0.000245104,0.000218017,0.000282757,0.000177044,0.000335712,0.000157945
VX,aug,weekday,32,59,0.000220332,0.000190658,0.000241572,0.000168662,0.000308578,0.000129554
VX,aug,weekday,33,59,0.000187534,0.00017916,0.000217802,0.000131934,0.000294564,0.000110769
VX,aug,weekday,34,59,0.000154197,0.000133508,0.00020773,0.000105744,0.000256945,8.46E-05
VX,aug,weekday,35,59,0.000121133,0.000103934,0.000159984,6.70E-05,0.000185029,4.33E-05
VX,aug,weekday,36,59,8.40E-05,6.20E-05,0.000129595,3.68E-05,0.000146024,2.31E-05
VX,aug,weekday,37,59,5.39E-05,4.01E-05,8.23E-05,1.16E-05,0.000111044,8.97E-06
VX,aug,weekday,38,59,3.17E-05,2.01E-05,3.93E-05,3.26E-06,7.84E-05,2.42E-06
VX,aug,weekday,39,59,1.57E-05,5.89E-06,1.45E-05,6.87E-07,3.02E-05,1.47E-07
VX,aug,weekday,40,59,6.78E-06,1.11E-06,4.54E-06,0,1.36E-05,0
VX,aug,weekday,41,59,2.66E-06,0,6.53E-07,0,4.57E-06,0
VX,aug,weekday,42,59,1.33E-06,0,2.81E-08,0,1.17E-06,0
VX,aug,weekday,43,59,1.23E-06,0,1.84E-08,0,1.56E-06,0
VX,aug,weekday,44,59,1.06E-06,0,4.99E-09,0,9.75E-07,0
VX,aug,weekday,45,59,1.01E-06,0,2.15E-09,0,5.23E-07,0
VX,aug,weekday,46,59,1.47E-06,0,6.44E-09,0,2.86E-07,0
VX,aug,weekday,47,59,1.21E-06,0,0,0,1.31E-06,0
VX,aug,weekday,48,59,8.80E-07,0,0,0,1.29E-06,0
VX,aug,weekend,1,59,1.15E-06,0,0,0,9.58E-07,0
VX,aug,weekend,2,59,1.08E-06,0,0,0,1.26E-06,0
VX,aug,weekend,3,59,1.33E-06,0,0,0,1.75E-06,0
VX,aug,weekend,4,59,9.87E-07,0,0,0,1.75E-06,0
VX,aug,weekend,5,59,1.69E-06,0,0,0,1.60E-06,0
VX,aug,weekend,6,59,1.24E-06,0,0,0,2.39E-07,0
VX,aug,weekend,7,59,1.25E-06,0,0,0,4.14E-06,0
VX,aug,weekend,8,59,1.08E-06,0,0,0,1.60E-06,0
VX,aug,weekend,9,59,9.81E-07,0,0,0,1.07E-06,0
VX,aug,weekend,10,59,8.48E-07,0,0,0,9.12E-07,0
VX,aug,weekend,11,59,1.10E-06,0,0,0,3.58E-06,0
VX,aug,weekend,12,59,1.18E-06,0,0,0,2.73E-06,0
VX,aug,weekend,13,59,1.28E-06,0,1.62E-07,0,3.24E-06,0
VX,aug,weekend,14,59,3.08E-06,6.74E-07,3.00E-06,0,6.89E-06,0
VX,aug,weekend,15,59,7.67E-06,4.14E-06,1.21E-05,7.72E-07,1.47E-05,2.73E-08
VX,aug,weekend,16,59,1.64E-05,8.49E-06,2.52E-05,3.02E-06,3.86E-05,6.84E-07
VX,aug,weekend,17,59,2.99E-05,1.86E-05,4.20E-05,9.27E-06,6.07E-05,3.32E-06
VX,aug,weekend,18,59,4.58E-05,3.16E-05,6.32E-05,1.52E-05,8.81E-05,7.19E-06
VX,aug,weekend,19,59,6.52E-05,5.28E-05,8.84E-05,2.15E-05,0.0001248,1.60E-05
VX,aug,weekend,20,59,9.30E-05,8.14E-05,0.000127631,4.29E-05,0.00016184,1.82E-05
VX,aug,weekend,21,59,0.000112324,0.000105135,0.000135183,7.52E-05,0.000167355,3.63E-05
VX,aug,weekend,22,59,0.000133353,0.000123663,0.000166422,8.58E-05,0.000211407,3.48E-05
VX,aug,weekend,23,59,0.000162542,0.000146284,0.000205083,7.58E-05,0.000250288,3.34E-05
VX,aug,weekend,24,59,0.000177209,0.000177223,0.000214118,0.000108696,0.000252748,6.10E-05
VX,aug,weekend,25,59,0.00019086,0.000181228,0.000224507,0.000132915,0.000272064,4.94E-05
VX,aug,weekend,26,59,0.000197742,0.000189901,0.000237094,0.000159368,0.000269432,9.23E-05
VX,aug,weekend,27,59,0.000214,0.000222044,0.000277591,0.000146636,0.000307072,8.98E-05
VX,aug,weekend,28,59,0.000229085,0.000216408,0.000288028,0.000171142,0.000323414,0.000122913
VX,aug,weekend,29,59,0.000233831,0.000227215,0.000280886,0.000175566,0.000323533,0.00013017
VX,aug,weekend,30,59,0.000210507,0.000196015,0.000256908,0.000156734,0.000342656,0.000108036
VX,aug,weekend,31,59,0.000207221,0.000206034,0.000242511,0.000164151,0.000321538,0.000108708
VX,aug,weekend,32,59,0.000191698,0.000187256,0.000256212,0.000129157,0.000290763,0.00010476
VX,aug,weekend,33,59,0.000170447,0.000149957,0.000213925,0.000108743,0.000293805,9.47E-05
VX,aug,weekend,34,59,0.000143097,0.000110204,0.000190477,8.89E-05,0.000250933,6.45E-05
VX,aug,weekend,35,59,0.000109426,9.12E-05,0.000157901,5.71E-05,0.000182022,3.90E-05
VX,aug,weekend,36,59,7.72E-05,5.42E-05,0.000100121,3.10E-05,0.000135067,1.44E-05
VX,aug,weekend,37,59,5.07E-05,3.04E-05,6.96E-05,1.40E-05,0.000106096,7.55E-06
VX,aug,weekend,38,59,2.64E-05,7.99E-06,3.87E-05,3.62E-06,5.01E-05,1.90E-06
VX,aug,weekend,39,59,1.38E-05,4.18E-06,9.55E-06,4.44E-07,3.00E-05,1.03E-08
VX,aug,weekend,40,59,6.45E-06,5.38E-07,2.77E-06,0,1.51E-05,0
VX,aug,weekend,41,59,3.61E-06,0,9.35E-07,0,4.36E-06,0
VX,aug,weekend,42,59,1.69E-06,0,9.81E-08,0,6.68E-07,0
VX,aug,weekend,43,59,1.32E-06,0,1.41E-08,0,6.25E-07,0
VX,aug,weekend,44,59,1.23E-06,0,0,0,6.28E-07,0
VX,aug,weekend,45,59,1.14E-06,0,0,0,3.60E-07,0
VX,aug,weekend,46,59,1.52E-06,0,0,0,2.53E-07,0
VX,aug,weekend,47,59,1.37E-06,0,0,0,5.47E-06,0
VX,aug,weekend,48,59,7.53E-07,0,0,0,5.90E-07,0
VX,dec,weekday,1,59,7.39E-07,0,0,0,5.09E-09,0
VX,dec,weekday,2,59,1.50E-06,0,0,0,0,0
VX,dec,weekday,3,59,1.01E-06,0,0,0,4.45E-09,0
VX,dec,weekday,4,59,8.48E-07,0,0,0,4.45E-09,0
VX,dec,weekday,5,59,1.30E-06,0,0,0,2.67E-08,0
VX,dec,weekday,6,59,9.75E-07,0,0,0,2.67E-08,0
VX,dec,weekday,7,59,1.52E-06,0,0,0,4.86E-08,0
VX,dec,weekday,8,59,1.03E-06,0,0,0,3.92E-08,0
VX,dec,weekday,9,59,1.38E-06,0,0,0,6.17E-08,0
VX,dec,weekday,10,59,1.25E-06,0,0,0,1.13E-07,0
VX,dec,weekday,11,59,1.87E-06,0,0,0,4.14E-07,0
VX,dec,weekday,12,59,1.30E-06,0,0,0,2.19E-06,0
VX,dec,weekday,13,59,1.66E-06,0,0,0,3.86E-07,0
VX,dec,weekday,14,59,1.66E-06,0,0,0,1.20E-06,0
VX,dec,weekday,15,59,1.80E-06,0,0,0,1.34E-06,0
VX,dec,weekday,16,59,1.91E-06,0,0,0,3.37E-06,0
VX,dec,weekday,17,59,1.50E-06,0,2.54E-07,0,3.85E-06,0
VX,dec,weekday,18,59,2.94E-06,4.92E-07,1.63E-06,0,1.17E-05,0
VX,dec,weekday,19,59,6.58E-06,2.01E-06,8.89E-06,1.78E-07,1.73E-05,0
VX,dec,weekday,20,59,1.07E-05,4.73E-06,1.46E-05,1.95E-06,3.14E-05,1.38E-07
VX,dec,weekday,21,59,1.68E-05,1.24E-05,2.58E-05,2.54E-06,3.99E-05,5.72E-07
VX,dec,weekday,22,59,2.28E-05,1.98E-05,3.43E-05,8.46E-06,4.41E-05,1.08E-06
VX,dec,weekday,23,59,2.77E-05,2.10E-05,4.44E-05,1.00E-05,6.45E-05,2.13E-06
VX,dec,weekday,24,59,2.98E-05,2.41E-05,4.66E-05,1.15E-05,6.37E-05,2.67E-06
VX,dec,weekday,25,59,3.21E-05,2.50E-05,4.93E-05,1.17E-05,6.60E-05,4.34E-06
VX,dec,weekday,26,59,3.10E-05,3.19E-05,4.67E-05,1.17E-05,5.92E-05,6.25E-06
VX,dec,weekday,27,59,2.87E-05,2.57E-05,4.67E-05,8.85E-06,5.82E-05,2.35E-06
VX,dec,weekday,28,59,2.25E-05,2.55E-05,3.02E-05,5.67E-06,4.43E-05,1.37E-06
VX,dec,weekday,29,59,1.66E-05,1.44E-05,2.70E-05,1.50E-06,3.13E-05,6.00E-07
VX,dec,weekday,30,59,8.36E-06,5.99E-06,1.16E-05,9.87E-07,1.97E-05,7.40E-08
VX,dec,weekday,31,59,2.87E-06,9.85E-07,3.18E-06,1.10E-08,9.43E-06,0
VX,dec,weekday,32,59,9.81E-07,0,2.46E-07,0,2.35E-06,0
VX,dec,weekday,33,59,1.03E-06,0,0,0,2.00E-06,0
VX,dec,weekday,34,59,6.71E-07,0,0,0,1.46E-06,0
VX,dec,weekday,35,59,6.09E-07,0,0,0,1.36E-06,0
VX,dec,weekday,36,59,5.61E-07,0,0,0,6.92E-07,0
VX,dec,weekday,37,59,6.51E-07,0,0,0,1.29E-06,0
VX,dec,weekday,38,59,5.19E-07,0,0,0,9.57E-07,0
VX,dec,weekday,39,59,4.98E-07,0,0,0,7.10E-07,0
VX,dec,weekday,40,59,4.79E-07,0,0,0,2.91E-07,0
VX,dec,weekday,41,59,5.10E-07,0,0,0,4.71E-07,0
VX,dec,weekday,42,59,6.96E-07,0,0,0,4.52E-07,0
VX,dec,weekday,43,59,6.26E-07,0,0,0,2.30E-07,0
VX,dec,weekday,44,59,4.99E-07,0,0,0,3.78E-07,0
VX,dec,weekday,45,59,5.47E-07,0,0,0,3.00E-08,0
VX,dec,weekday,46,59,6.00E-07,0,0,0,1.40E-08,0
VX,dec,weekday,47,59,8.15E-07,0,0,0,3.40E-08,0
VX,dec,weekday,48,59,6.03E-07,0,0,0,0,0
VX,dec,weekend,1,59,1.12E-06,0,0,0,0,0
VX,dec,weekend,2,59,1.61E-06,0,0,0,0,0
VX,dec,weekend,3,59,1.31E-06,0,0,0,0,0
VX,dec,weekend,4,59,1.18E-06,0,0,0,0,0
VX,dec,weekend,5,59,1.37E-06,0,0,0,0,0
VX,dec,weekend,6,59,1.55E-06,0,0,0,0,0
VX,dec,weekend,7,59,1.13E-06,0,0,0,0,0
VX,dec,weekend,8,59,1.05E-06,0,0,0,0,0
VX,dec,weekend,9,59,1.25E-06,0,0,0,0,0
VX,dec,weekend,10,59,1.27E-06,0,0,0,3.04E-08,0
VX,dec,weekend,11,59,1.32E-06,0,0,0,5.32E-07,0
VX,dec,weekend,12,59,1.33E-06,0,0,0,1.39E-06,0
VX,dec,weekend,13,59,1.21E-06,0,0,0,1.18E-06,0
VX,dec,weekend,14,59,1.59E-06,0,0,0,2.38E-06,0
VX,dec,weekend,15,59,1.77E-06,0,0,0,1.09E-06,0
VX,dec,weekend,16,59,1.09E-06,0,0,0,3.29E-07,0
VX,dec,weekend,17,59,9.89E-07,0,0,0,8.64E-07,0
VX,dec,weekend,18,59,3.14E-06,0,3.29E-06,0,9.61E-06,0
VX,dec,weekend,19,59,8.13E-06,8.06E-07,1.01E-05,2.07E-08,2.62E-05,0
VX,dec,weekend,20,59,1.55E-05,3.55E-06,1.57E-05,7.26E-07,4.15E-05,7.62E-08
VX,dec,weekend,21,59,2.10E-05,1.17E-05,3.43E-05,1.85E-06,5.95E-05,1.77E-07
VX,dec,weekend,22,59,2.71E-05,1.43E-05,3.68E-05,4.26E-06,6.19E-05,1.11E-06
VX,dec,weekend,23,59,2.97E-05,2.09E-05,4.11E-05,9.43E-06,6.04E-05,1.60E-06
VX,dec,weekend,24,59,3.30E-05,2.15E-05,4.99E-05,9.69E-06,7.25E-05,9.46E-07
VX,dec,weekend,25,59,3.70E-05,2.35E-05,4.24E-05,8.84E-06,0.00010552,1.16E-06
VX,dec,weekend,26,59,3.66E-05,2.66E-05,4.89E-05,9.09E-06,8.70E-05,7.91E-07
VX,dec,weekend,27,59,2.94E-05,2.20E-05,4.14E-05,3.73E-06,6.59E-05,7.13E-07
VX,dec,weekend,28,59,2.48E-05,1.72E-05,3.66E-05,3.01E-06,6.39E-05,2.52E-07
VX,dec,weekend,29,59,1.61E-05,9.92E-06,1.89E-05,6.18E-07,4.30E-05,2.84E-08
VX,dec,weekend,30,59,8.67E-06,1.93E-06,1.08E-05,0,2.18E-05,0
VX,dec,weekend,31,59,3.15E-06,3.84E-08,1.52E-06,0,8.01E-06,0
VX,dec,weekend,32,59,1.10E-06,0,3.83E-08,0,3.03E-06,0
VX,dec,weekend,33,59,7.27E-07,0,0,0,1.43E-06,0
VX,dec,weekend,34,59,1.39E-06,0,0,0,1.75E-06,0
VX,dec,weekend,35,59,7.59E-07,0,0,0,5.51E-07,0
VX,dec,weekend,36,59,5.78E-07,0,0,0,4.43E-07,0
VX,dec,weekend,37,59,8.13E-07,0,0,0,5.47E-07,0
VX,dec,weekend,38,59,1.52E-06,0,0,0,4.53E-07,0
VX,dec,weekend,39,59,8.85E-07,0,0,0,6.63E-08,0
VX,dec,weekend,40,59,5.19E-07,0,0,0,6.15E-07,0
VX,dec,weekend,41,59,1.02E-06,0,0,0,2.97E-07,0
VX,dec,weekend,42,59,7.87E-07,0,0,0,0,0
VX,dec,weekend,43,59,8.18E-07,0,0,0,2.82E-08,0
VX,dec,weekend,44,59,6.11E-07,0,0,0,2.08E-07,0
VX,dec,weekend,45,59,7.10E-07,0,0,0,0,0
VX,dec,weekend,46,59,1.13E-06,0,0,0,0,0
VX,dec,weekend,47,59,7.33E-07,0,0,0,0,0
VX,dec,weekend,48,59,1.06E-06,0,0,0,0,0
VX,feb,weekday,1,59,7.90E-07,0,0,0,1.08E-08,0
VX,feb,weekday,2,59,9.88E-07,0,0,0,0,0
VX,feb,weekday,3,59,5.15E-07,0,0,0,0,0
VX,feb,weekday,4,59,3.69E-07,0,0,0,4.67E-09,0
VX,feb,weekday,5,59,8.33E-07,0,0,0,2.73E-09,0
VX,feb,weekday,6,59,6.80E-07,0,0,0,0,0
VX,feb,weekday,7,59,8.97E-07,0,0,0,1.60E-08,0
VX,feb,weekday,8,59,8.57E-07,0,0,0,5.46E-09,0
VX,feb,weekday,9,59,9.17E-07,0,0,0,1.23E-07,0
VX,feb,weekday,10,59,9.11E-07,0,0,0,5.84E-07,0
VX,feb,weekday,11,59,1.04E-06,0,0,0,7.08E-07,0
VX,feb,weekday,12,59,1.29E-06,0,0,0,1.85E-06,0
VX,feb,weekday,13,59,1.59E-06,0,0,0,1.88E-06,0
VX,feb,weekday,14,59,1.82E-06,0,0,0,1.55E-06,0
VX,feb,weekday,15,59,2.31E-06,0,1.81E-08,0,2.77E-06,0
VX,feb,weekday,16,59,3.67E-06,4.96E-07,2.71E-06,0,3.93E-06,0
VX,feb,weekday,17,59,8.84E-06,2.80E-06,1.26E-05,3.26E-08,2.06E-05,0
VX,feb,weekday,18,59,2.05E-05,9.50E-06,2.34E-05,1.11E-06,6.15E-05,2.59E-07
VX,feb,weekday,19,59,3.65E-05,1.89E-05,5.34E-05,4.39E-06,9.67E-05,6.91E-07
VX,feb,weekday,20,59,5.37E-05,3.49E-05,8.05E-05,1.56E-05,0.000125014,1.53E-06
VX,feb,weekday,21,59,7.07E-05,5.42E-05,0.000113285,2.41E-05,0.000143508,3.19E-06
VX,feb,weekday,22,59,8.76E-05,8.98E-05,0.000128572,4.15E-05,0.000162366,8.16E-06
VX,feb,weekday,23,59,0.000102824,0.000106679,0.00013829,5.51E-05,0.000160424,4.54E-05
VX,feb,weekday,24,59,0.000110074,0.000110082,0.000139606,8.12E-05,0.00017586,4.70E-05
VX,feb,weekday,25,59,0.000113077,0.000116239,0.000151191,7.76E-05,0.000164074,3.96E-05
VX,feb,weekday,26,59,0.000107701,0.000106873,0.000145192,8.20E-05,0.000157295,5.92E-05
VX,feb,weekday,27,59,0.000103619,0.000104154,0.000126929,7.94E-05,0.000164225,5.94E-05
VX,feb,weekday,28,59,9.65E-05,0.000104348,0.000123123,6.08E-05,0.000166832,4.04E-05
VX,feb,weekday,29,59,8.86E-05,9.71E-05,0.000120159,6.55E-05,0.000143635,3.12E-05
VX,feb,weekday,30,59,7.38E-05,7.65E-05,0.000107136,3.97E-05,0.000124684,1.67E-05
VX,feb,weekday,31,59,5.18E-05,4.43E-05,7.41E-05,1.98E-05,9.97E-05,6.43E-06
VX,feb,weekday,32,59,3.39E-05,2.33E-05,5.89E-05,7.55E-06,6.68E-05,1.70E-06
VX,feb,weekday,33,59,1.71E-05,9.05E-06,2.95E-05,2.46E-06,4.15E-05,1.75E-07
VX,feb,weekday,34,59,6.87E-06,2.80E-06,8.16E-06,3.16E-08,1.45E-05,0
VX,feb,weekday,35,59,2.37E-06,0,1.04E-06,0,5.34E-06,0
VX,feb,weekday,36,59,1.80E-06,0,2.96E-07,0,4.53E-06,0
VX,feb,weekday,37,59,1.47E-06,0,3.77E-07,0,4.30E-06,0
VX,feb,weekday,38,59,9.71E-07,0,9.13E-08,0,2.90E-06,0
VX,feb,weekday,39,59,9.50E-07,0,1.18E-07,0,3.71E-06,0
VX,feb,weekday,40,59,7.35E-07,0,0,0,3.27E-06,0
VX,feb,weekday,41,59,5.63E-07,0,2.98E-09,0,2.36E-06,0
VX,feb,weekday,42,59,6.95E-07,0,0,0,1.45E-06,0
VX,feb,weekday,43,59,4.88E-07,0,0,0,8.58E-07,0
VX,feb,weekday,44,59,4.40E-07,0,0,0,8.07E-07,0
VX,feb,weekday,45,59,4.78E-07,0,0,0,8.73E-07,0
VX,feb,weekday,46,59,6.19E-07,0,0,0,4.77E-07,0
VX,feb,weekday,47,59,5.26E-07,0,0,0,3.14E-07,0
VX,feb,weekday,48,59,3.55E-07,0,0,0,1.61E-07,0
VX,feb,weekend,1,59,7.16E-07,0,0,0,1.37E-08,0
VX,feb,weekend,2,59,7.14E-07,0,0,0,0,0
VX,feb,weekend,3,59,8.87E-07,0,0,0,0,0
VX,feb,weekend,4,59,7.29E-07,0,0,0,0,0
VX,feb,weekend,5,59,9.73E-07,0,0,0,0,0
VX,feb,weekend,6,59,8.83E-07,0,0,0,0,0
VX,feb,weekend,7,59,9.94E-07,0,0,0,0,0
VX,feb,weekend,8,59,8.40E-07,0,0,0,0,0
VX,feb,weekend,9,59,8.06E-07,0,0,0,0,0
VX,feb,weekend,10,59,1.37E-06,0,0,0,1.38E-07,0
VX,feb,weekend,11,59,1.32E-06,0,0,0,8.71E-08,0
VX,feb,weekend,12,59,1.82E-06,0,0,0,3.33E-07,0
VX,feb,weekend,13,59,2.48E-06,0,0,0,9.38E-07,0
VX,feb,weekend,14,59,2.06E-06,0,0,0,6.25E-07,0
VX,feb,weekend,15,59,2.25E-06,0,3.50E-07,0,2.23E-06,0
VX,feb,weekend,16,59,5.94E-06,6.09E-07,8.14E-06,0,1.29E-05,0
VX,feb,weekend,17,59,1.33E-05,1.74E-06,1.69E-05,5.78E-09,3.06E-05,0
VX,feb,weekend,18,59,2.56E-05,1.21E-05,4.73E-05,1.10E-06,6.45E-05,1.77E-07
VX,feb,weekend,19,59,3.39E-05,2.24E-05,5.96E-05,4.94E-06,6.86E-05,2.48E-07
VX,feb,weekend,20,59,4.72E-05,3.44E-05,7.20E-05,1.41E-05,0.000106137,4.66E-07
VX,feb,weekend,21,59,6.13E-05,4.97E-05,9.31E-05,1.23E-05,0.000121085,1.30E-06
VX,feb,weekend,22,59,7.03E-05,6.99E-05,0.000101158,2.98E-05,0.000129677,4.00E-06
VX,feb,weekend,23,59,8.98E-05,9.21E-05,0.000142845,5.11E-05,0.000164351,9.27E-06
VX,feb,weekend,24,59,0.000107185,0.000112293,0.000143867,6.37E-05,0.000195233,1.38E-05
VX,feb,weekend,25,59,0.000119698,0.000115266,0.00016171,7.61E-05,0.00019405,5.46E-05
VX,feb,weekend,26,59,0.000117142,0.000112721,0.00015313,7.49E-05,0.00019721,5.49E-05
VX,feb,weekend,27,59,0.000111252,0.00010878,0.00014684,7.32E-05,0.000184984,4.57E-05
VX,feb,weekend,28,59,0.000105141,0.000110948,0.000138189,7.41E-05,0.000154342,5.51E-05
VX,feb,weekend,29,59,9.30E-05,9.83E-05,0.000123124,6.47E-05,0.000138875,1.69E-05
VX,feb,weekend,30,59,7.37E-05,7.50E-05,0.000108145,2.90E-05,0.000127088,4.90E-06
VX,feb,weekend,31,59,5.67E-05,4.69E-05,8.32E-05,2.55E-05,0.000120928,3.45E-06
VX,feb,weekend,32,59,3.99E-05,2.48E-05,5.62E-05,6.49E-06,0.000101123,1.44E-06
VX,feb,weekend,33,59,2.47E-05,1.06E-05,3.79E-05,3.49E-06,4.49E-05,1.66E-07
VX,feb,weekend,34,59,1.18E-05,2.65E-06,1.25E-05,7.57E-08,2.96E-05,0
VX,feb,weekend,35,59,3.69E-06,3.30E-07,3.03E-06,0,4.45E-06,0
VX,feb,weekend,36,59,2.35E-06,0,2.34E-07,0,4.98E-06,0
VX,feb,weekend,37,59,2.07E-06,0,2.46E-07,0,5.12E-06,0
VX,feb,weekend,38,59,1.38E-06,0,1.28E-07,0,3.13E-06,0
VX,feb,weekend,39,59,7.89E-07,0,4.33E-08,0,1.07E-06,0
VX,feb,weekend,40,59,5.66E-07,0,0,0,4.58E-07,0
VX,feb,weekend,41,59,5.37E-07,0,0,0,7.64E-07,0
VX,feb,weekend,42,59,6.54E-07,0,0,0,4.99E-07,0
VX,feb,weekend,43,59,5.12E-07,0,0,0,1.58E-06,0
VX,feb,weekend,44,59,6.86E-07,0,0,0,4.90E-07,0
VX,feb,weekend,45,59,3.55E-07,0,0,0,4.08E-07,0
VX,feb,weekend,46,59,4.52E-07,0,0,0,4.85E-07,0
VX,feb,weekend,47,59,6.51E-07,0,0,0,4.19E-08,0
VX,feb,weekend,48,59,6.58E-07,0,0,0,2.24E-08,0
VX,jan,weekday,1,59,4.64E-07,0,0,0,0,0
VX,jan,weekday,2,59,1.19E-06,0,0,0,0,0
VX,jan,weekday,3,59,5.31E-07,0,0,0,0,0
VX,jan,weekday,4,59,8.21E-07,0,0,0,0,0
VX,jan,weekday,5,59,6.08E-07,0,0,0,0,0
VX,jan,weekday,6,59,6.67E-07,0,0,0,0,0
VX,jan,weekday,7,59,8.39E-07,0,0,0,1.43E-08,0
VX,jan,weekday,8,59,6.33E-07,0,0,0,0,0
VX,jan,weekday,9,59,7.77E-07,0,0,0,0,0
VX,jan,weekday,10,59,1.62E-06,0,0,0,8.36E-07,0
VX,jan,weekday,11,59,1.18E-06,0,0,0,1.22E-06,0
VX,jan,weekday,12,59,1.17E-06,0,0,0,1.26E-06,0
VX,jan,weekday,13,59,1.80E-06,0,0,0,1.23E-06,0
VX,jan,weekday,14,59,1.17E-06,0,0,0,1.89E-06,0
VX,jan,weekday,15,59,1.77E-06,0,0,0,3.14E-06,0
VX,jan,weekday,16,59,1.97E-06,0,0,0,2.05E-06,0
VX,jan,weekday,17,59,2.34E-06,0,5.47E-07,0,3.19E-06,0
VX,jan,weekday,18,59,5.19E-06,4.58E-07,5.26E-06,0,1.54E-05,0
VX,jan,weekday,19,59,1.21E-05,3.10E-06,1.43E-05,1.63E-07,3.36E-05,0
VX,jan,weekday,20,59,2.45E-05,1.07E-05,5.02E-05,1.77E-06,6.87E-05,1.04E-07
VX,jan,weekday,21,59,3.62E-05,2.04E-05,7.29E-05,3.39E-06,8.76E-05,4.95E-07
VX,jan,weekday,22,59,4.81E-05,2.88E-05,8.46E-05,7.54E-06,0.000126273,1.03E-06
VX,jan,weekday,23,59,6.02E-05,5.77E-05,9.04E-05,1.17E-05,0.000146434,1.94E-06
VX,jan,weekday,24,59,6.96E-05,5.44E-05,0.000110172,1.47E-05,0.00014673,1.08E-05
VX,jan,weekday,25,59,7.32E-05,5.51E-05,0.000116017,1.98E-05,0.000140746,1.35E-05
VX,jan,weekday,26,59,7.64E-05,5.43E-05,0.000121434,2.81E-05,0.000150111,1.27E-05
VX,jan,weekday,27,59,7.18E-05,4.66E-05,0.000111442,1.96E-05,0.000160916,1.10E-05
VX,jan,weekday,28,59,6.85E-05,5.95E-05,0.000106167,2.19E-05,0.000148078,5.06E-06
VX,jan,weekday,29,59,5.81E-05,5.35E-05,0.00010012,1.76E-05,0.000122037,5.21E-06
VX,jan,weekday,30,59,4.28E-05,3.65E-05,7.68E-05,6.94E-06,9.22E-05,2.39E-06
VX,jan,weekday,31,59,2.40E-05,1.25E-05,4.37E-05,2.69E-06,6.56E-05,1.56E-07
VX,jan,weekday,32,59,9.77E-06,3.73E-06,1.22E-05,1.04E-07,2.25E-05,0
VX,jan,weekday,33,59,2.23E-06,8.30E-08,3.08E-06,0,4.89E-06,0
VX,jan,weekday,34,59,1.01E-06,0,8.24E-08,0,2.96E-06,0
VX,jan,weekday,35,59,7.14E-07,0,1.03E-08,0,2.40E-06,0
VX,jan,weekday,36,59,6.08E-07,0,0,0,1.62E-06,0
VX,jan,weekday,37,59,6.84E-07,0,0,0,2.61E-06,0
VX,jan,weekday,38,59,4.47E-07,0,0,0,8.34E-07,0
VX,jan,weekday,39,59,5.04E-07,0,0,0,7.06E-07,0
VX,jan,weekday,40,59,4.33E-07,0,0,0,7.38E-07,0
VX,jan,weekday,41,59,5.36E-07,0,0,0,1.34E-06,0
VX,jan,weekday,42,59,4.84E-07,0,0,0,3.36E-07,0
VX,jan,weekday,43,59,4.35E-07,0,0,0,3.57E-07,0
VX,jan,weekday,44,59,4.04E-07,0,0,0,4.86E-07,0
VX,jan,weekday,45,59,3.83E-07,0,0,0,4.53E-08,0
VX,jan,weekday,46,59,4.14E-07,0,0,0,3.01E-08,0
VX,jan,weekday,47,59,4.78E-07,0,0,0,8.16E-09,0
VX,jan,weekday,48,59,2.43E-07,0,0,0,8.31E-09,0
VX,jan,weekend,1,59,6.02E-07,0,0,0,0,0
VX,jan,weekend,2,59,1.02E-06,0,0,0,0,0
VX,jan,weekend,3,59,5.98E-07,0,0,0,0,0
VX,jan,weekend,4,59,8.12E-07,0,0,0,0,0
VX,jan,weekend,5,59,6.93E-07,0,0,0,2.08E-08,0
VX,jan,weekend,6,59,9.48E-07,0,0,0,0,0
VX,jan,weekend,7,59,1.14E-06,0,0,0,0,0
VX,jan,weekend,8,59,7.82E-07,0,0,0,1.78E-08,0
VX,jan,weekend,9,59,6.79E-07,0,0,0,0,0
VX,jan,weekend,10,59,1.26E-06,0,0,0,9.90E-08,0
VX,jan,weekend,11,59,3.02E-06,0,0,0,9.26E-07,0
VX,jan,weekend,12,59,1.53E-06,0,0,0,1.79E-06,0
VX,jan,weekend,13,59,1.80E-06,0,0,0,7.90E-07,0
VX,jan,weekend,14,59,1.30E-06,0,0,0,9.83E-07,0
VX,jan,weekend,15,59,1.37E-06,0,0,0,3.20E-06,0
VX,jan,weekend,16,59,1.31E-06,0,0,0,1.65E-06,0
VX,jan,weekend,17,59,1.65E-06,0,5.94E-07,0,2.30E-06,0
VX,jan,weekend,18,59,5.22E-06,3.29E-07,5.92E-06,0,1.49E-05,0
VX,jan,weekend,19,59,1.05E-05,3.32E-06,1.04E-05,4.31E-08,3.34E-05,0
VX,jan,weekend,20,59,2.07E-05,7.01E-06,1.96E-05,1.88E-06,5.73E-05,8.82E-08
VX,jan,weekend,21,59,3.08E-05,1.46E-05,3.92E-05,5.38E-06,7.88E-05,3.11E-07
VX,jan,weekend,22,59,4.25E-05,3.49E-05,6.26E-05,1.28E-05,0.000104091,1.61E-06
VX,jan,weekend,23,59,5.10E-05,4.20E-05,8.61E-05,1.14E-05,0.000104823,2.41E-06
VX,jan,weekend,24,59,5.58E-05,5.42E-05,7.99E-05,1.52E-05,0.000116045,3.25E-06
VX,jan,weekend,25,59,5.85E-05,6.49E-05,8.10E-05,1.16E-05,0.000120701,9.57E-06
VX,jan,weekend,26,59,5.78E-05,5.27E-05,7.59E-05,2.80E-05,9.79E-05,8.74E-06
VX,jan,weekend,27,59,4.73E-05,4.82E-05,6.68E-05,1.40E-05,7.44E-05,5.23E-06
VX,jan,weekend,28,59,3.93E-05,3.53E-05,4.90E-05,1.70E-05,8.18E-05,4.13E-06
VX,jan,weekend,29,59,2.82E-05,2.13E-05,3.72E-05,8.91E-06,6.34E-05,2.43E-06
VX,jan,weekend,30,59,2.03E-05,1.65E-05,2.72E-05,5.58E-06,4.62E-05,3.96E-07
VX,jan,weekend,31,59,1.15E-05,6.23E-06,1.50E-05,1.61E-06,3.17E-05,6.24E-08
VX,jan,weekend,32,59,6.05E-06,1.44E-06,5.48E-06,3.52E-09,1.12E-05,0
VX,jan,weekend,33,59,1.76E-06,0,1.50E-06,0,3.30E-06,0
VX,jan,weekend,34,59,1.28E-06,0,1.24E-08,0,2.61E-06,0
VX,jan,weekend,35,59,9.70E-07,0,0,0,3.46E-06,0
VX,jan,weekend,36,59,5.54E-07,0,0,0,7.76E-07,0
VX,jan,weekend,37,59,4.35E-07,0,0,0,1.36E-06,0
VX,jan,weekend,38,59,4.37E-07,0,0,0,8.81E-07,0
VX,jan,weekend,39,59,5.25E-07,0,0,0,3.38E-07,0
VX,jan,weekend,40,59,3.64E-07,0,0,0,1.19E-07,0
VX,jan,weekend,41,59,7.33E-07,0,0,0,6.80E-07,0
VX,jan,weekend,42,59,6.10E-07,0,0,0,3.79E-07,0
VX,jan,weekend,43,59,7.16E-07,0,0,0,2.51E-07,0
VX,jan,weekend,44,59,3.13E-07,0,0,0,1.95E-07,0
VX,jan,weekend,45,59,5.11E-07,0,0,0,1.53E-07,0
VX,jan,weekend,46,59,4.22E-07,0,0,0,5.64E-08,0
VX,jan,weekend,47,59,6.18E-07,0,0,0,0,0
VX,jan,weekend,48,59,5.58E-07,0,0,0,1.37E-08,0
VX,jul,weekday,1,59,9.08E-07,0,0,0,9.25E-07,0
VX,jul,weekday,2,59,7.65E-07,0,0,0,3.99E-07,0
VX,jul,weekday,3,59,8.38E-07,0,0,0,3.34E-07,0
VX,jul,weekday,4,59,1.05E-06,0,0,0,1.72E-06,0
VX,jul,weekday,5,59,1.02E-06,0,0,0,7.52E-07,0
VX,jul,weekday,6,59,6.64E-07,0,0,0,7.98E-07,0
VX,jul,weekday,7,59,8.64E-07,0,0,0,4.05E-07,0
VX,jul,weekday,8,59,7.18E-07,0,0,0,6.00E-08,0
VX,jul,weekday,9,59,7.47E-07,0,0,0,2.30E-07,0
VX,jul,weekday,10,59,6.74E-07,0,0,0,3.04E-07,0
VX,jul,weekday,11,59,8.44E-07,0,0,0,2.91E-06,0
VX,jul,weekday,12,59,1.62E-06,3.20E-08,8.96E-07,0,5.76E-06,0
VX,jul,weekday,13,59,5.38E-06,1.73E-06,6.02E-06,2.05E-07,1.64E-05,0
VX,jul,weekday,14,59,1.23E-05,5.57E-06,1.76E-05,6.84E-07,3.53E-05,3.92E-08
VX,jul,weekday,15,59,2.23E-05,1.10E-05,2.97E-05,2.52E-06,5.84E-05,1.47E-06
VX,jul,weekday,16,59,3.85E-05,3.19E-05,5.41E-05,9.83E-06,7.87E-05,3.27E-06
VX,jul,weekday,17,59,6.24E-05,4.73E-05,8.55E-05,1.63E-05,0.000119385,8.48E-06
VX,jul,weekday,18,59,9.54E-05,8.36E-05,0.000131374,2.88E-05,0.000167573,1.50E-05
VX,jul,weekday,19,59,0.000126655,0.000114611,0.00016457,4.78E-05,0.000202734,3.22E-05
VX,jul,weekday,20,59,0.000170305,0.000166461,0.000215327,8.70E-05,0.000254969,4.86E-05
VX,jul,weekday,21,59,0.000208607,0.000198482,0.000252802,0.000159364,0.000316346,8.09E-05
VX,jul,weekday,22,59,0.000252274,0.000227069,0.000303282,0.000193621,0.000346981,8.88E-05
VX,jul,weekday,23,59,0.000289215,0.000278846,0.000309219,0.000219858,0.000369986,0.000174011
VX,jul,weekday,24,59,0.000317521,0.000274965,0.000335888,0.00023273,0.000422034,0.000197992
VX,jul,weekday,25,59,0.000332875,0.000283917,0.000348551,0.000249174,0.000433724,0.000219824
VX,jul,weekday,26,59,0.00034464,0.000311353,0.000340434,0.000270501,0.00047159,0.000202125
VX,jul,weekday,27,59,0.000373912,0.000315277,0.000385651,0.000264731,0.000495475,0.000239334
VX,jul,weekday,28,59,0.000388892,0.000311394,0.000398683,0.000279387,0.000518542,0.000263945
VX,jul,weekday,29,59,0.000381576,0.000322318,0.000408899,0.000279926,0.000532066,0.000244309
VX,jul,weekday,30,59,0.000371486,0.000307515,0.000390523,0.000279737,0.000526683,0.000252181
VX,jul,weekday,31,59,0.000333704,0.000282417,0.000382533,0.000241481,0.000449799,0.00017955
VX,jul,weekday,32,59,0.000306546,0.000273965,0.000347224,0.000221629,0.000390635,0.000205619
VX,jul,weekday,33,59,0.000267783,0.000229535,0.000323354,0.000204032,0.000393878,0.000174072
VX,jul,weekday,34,59,0.000232278,0.000205393,0.000289799,0.000174763,0.000377125,0.000121617
VX,jul,weekday,35,59,0.000183395,0.000159949,0.000252687,0.000105306,0.000291098,6.74E-05
VX,jul,weekday,36,59,0.000133148,0.00010897,0.000161782,6.33E-05,0.000240923,3.79E-05
VX,jul,weekday,37,59,8.96E-05,7.36E-05,0.000112716,3.01E-05,0.000189176,1.66E-05
VX,jul,weekday,38,59,5.86E-05,4.24E-05,7.13E-05,9.80E-06,0.000132036,6.92E-06
VX,jul,weekday,39,59,3.66E-05,1.88E-05,3.98E-05,4.74E-06,8.86E-05,1.23E-06
VX,jul,weekday,40,59,1.93E-05,5.71E-06,1.69E-05,1.14E-06,5.01E-05,1.56E-07
VX,jul,weekday,41,59,8.26E-06,5.05E-07,5.22E-06,0,1.92E-05,0
VX,jul,weekday,42,59,2.82E-06,0,6.93E-07,0,4.84E-06,0
VX,jul,weekday,43,59,1.58E-06,0,9.03E-08,0,1.14E-06,0
VX,jul,weekday,44,59,1.25E-06,0,5.21E-08,0,4.33E-07,0
VX,jul,weekday,45,59,1.27E-06,0,1.09E-08,0,3.81E-07,0
VX,jul,weekday,46,59,1.14E-06,0,0,0,7.98E-07,0
VX,jul,weekday,47,59,1.21E-06,0,0,0,1.34E-06,0
VX,jul,weekday,48,59,6.68E-07,0,0,0,2.85E-07,0
VX,jul,weekend,1,59,8.01E-07,0,0,0,1.84E-06,0
VX,jul,weekend,2,59,7.24E-07,0,0,0,9.31E-07,0
VX,jul,weekend,3,59,5.43E-07,0,0,0,9.84E-08,0
VX,jul,weekend,4,59,5.97E-07,0,0,0,4.07E-08,0
VX,jul,weekend,5,59,6.45E-07,0,0,0,1.73E-07,0
VX,jul,weekend,6,59,7.38E-07,0,0,0,1.69E-08,0
VX,jul,weekend,7,59,9.97E-07,0,0,0,6.62E-09,0
VX,jul,weekend,8,59,5.59E-07,0,0,0,6.62E-09,0
VX,jul,weekend,9,59,7.62E-07,0,0,0,1.69E-08,0
VX,jul,weekend,10,59,5.23E-07,0,0,0,5.62E-07,0
VX,jul,weekend,11,59,5.95E-07,0,0,0,3.21E-07,0
VX,jul,weekend,12,59,1.30E-06,0,8.86E-07,0,4.18E-06,0
VX,jul,weekend,13,59,4.76E-06,1.27E-06,4.26E-06,0,1.79E-05,0
VX,jul,weekend,14,59,1.14E-05,3.78E-06,1.09E-05,6.48E-07,2.80E-05,2.13E-08
VX,jul,weekend,15,59,1.88E-05,1.01E-05,2.13E-05,9.47E-07,4.35E-05,1.95E-07
VX,jul,weekend,16,59,3.54E-05,2.75E-05,4.17E-05,5.29E-06,6.94E-05,2.04E-06
VX,jul,weekend,17,59,5.48E-05,3.08E-05,7.27E-05,1.65E-05,9.73E-05,2.68E-06
VX,jul,weekend,18,59,7.69E-05,5.93E-05,0.000116958,2.07E-05,0.000127481,5.02E-06
VX,jul,weekend,19,59,9.80E-05,8.00E-05,0.000135374,4.11E-05,0.000169844,1.57E-05
VX,jul,weekend,20,59,0.000132201,0.000129871,0.000164943,5.96E-05,0.000222747,2.85E-05
VX,jul,weekend,21,59,0.000167406,0.000169217,0.000228534,8.76E-05,0.000275046,5.44E-05
VX,jul,weekend,22,59,0.000203882,0.000183568,0.000252657,0.000124355,0.000315881,4.64E-05
VX,jul,weekend,23,59,0.000231617,0.000219606,0.000279481,0.000160084,0.000348387,8.50E-05
VX,jul,weekend,24,59,0.000246894,0.000225486,0.000293954,0.000186247,0.000375977,0.000114925
VX,jul,weekend,25,59,0.000259863,0.000249233,0.000307062,0.000188941,0.000357923,0.000142285
VX,jul,weekend,26,59,0.000277748,0.000245416,0.000330941,0.000216713,0.000397145,0.000162588
VX,jul,weekend,27,59,0.000288264,0.000263705,0.000325033,0.000229962,0.000391621,0.000191223
VX,jul,weekend,28,59,0.000307709,0.000280041,0.000337277,0.000234177,0.000369448,0.000201166
VX,jul,weekend,29,59,0.000300669,0.000299871,0.000342528,0.000222983,0.000392828,0.00020679
VX,jul,weekend,30,59,0.000294404,0.000266756,0.000320132,0.000228001,0.000418791,0.000195278
VX,jul,weekend,31,59,0.000253869,0.000236512,0.000290813,0.000208135,0.000340176,0.000146675
VX,jul,weekend,32,59,0.00023048,0.000212203,0.000279466,0.00018008,0.000309981,0.000113366
VX,jul,weekend,33,59,0.000208337,0.000206118,0.000259051,0.000144163,0.000337348,9.27E-05
VX,jul,weekend,34,59,0.000182684,0.000164496,0.000224599,0.000118737,0.000298208,7.37E-05
VX,jul,weekend,35,59,0.00015011,0.000148437,0.000186235,7.02E-05,0.0002593,4.92E-05
VX,jul,weekend,36,59,0.000116889,0.000102124,0.000149999,5.58E-05,0.000232744,2.31E-05
VX,jul,weekend,37,59,7.67E-05,5.71E-05,8.60E-05,2.27E-05,0.000164256,1.57E-05
VX,jul,weekend,38,59,5.18E-05,3.73E-05,7.41E-05,1.24E-05,0.000124489,6.36E-06
VX,jul,weekend,39,59,3.13E-05,1.45E-05,3.59E-05,4.13E-06,8.45E-05,9.30E-07
VX,jul,weekend,40,59,1.62E-05,3.69E-06,9.98E-06,3.47E-07,3.96E-05,2.28E-08
VX,jul,weekend,41,59,6.29E-06,1.17E-06,3.06E-06,0,1.54E-05,0
VX,jul,weekend,42,59,2.85E-06,4.77E-08,7.47E-07,0,3.35E-06,0
VX,jul,weekend,43,59,1.66E-06,0,5.01E-09,0,1.37E-06,0
VX,jul,weekend,44,59,1.34E-06,0,1.78E-08,0,1.23E-06,0
VX,jul,weekend,45,59,9.68E-07,0,2.51E-09,0,4.63E-07,0
VX,jul,weekend,46,59,1.19E-06,0,0,0,1.10E-07,0
VX,jul,weekend,47,59,1.23E-06,0,4.96E-09,0,4.15E-06,0
VX,jul,weekend,48,59,5.01E-07,0,0,0,8.21E-08,0
VX,jun,weekday,1,59,6.85E-07,0,0,0,6.77E-07,0
VX,jun,weekday,2,59,5.62E-07,0,0,0,2.12E-07,0
VX,jun,weekday,3,59,4.86E-07,0,0,0,3.31E-08,0
VX,jun,weekday,4,59,6.38E-07,0,0,0,4.37E-08,0
VX,jun,weekday,5,59,6.34E-07,0,0,0,3.37E-08,0
VX,jun,weekday,6,59,6.44E-07,0,0,0,7.27E-08,0
VX,jun,weekday,7,59,5.38E-07,0,0,0,2.82E-08,0
VX,jun,weekday,8,59,4.97E-07,0,0,0,5.62E-08,0
VX,jun,weekday,9,59,4.81E-07,0,0,0,2.94E-08,0
VX,jun,weekday,10,59,5.97E-07,0,2.25E-09,0,1.02E-07,0
VX,jun,weekday,11,59,1.23E-06,0,1.90E-07,0,1.42E-06,0
VX,jun,weekday,12,59,3.79E-06,5.07E-07,2.31E-06,0,8.57E-06,0
VX,jun,weekday,13,59,9.32E-06,2.63E-06,9.72E-06,2.63E-08,3.06E-05,0
VX,jun,weekday,14,59,1.95E-05,8.48E-06,1.72E-05,6.84E-07,5.07E-05,1.72E-08
VX,jun,weekday,15,59,3.27E-05,1.51E-05,3.42E-05,2.15E-06,5.77E-05,4.26E-07
VX,jun,weekday,16,59,4.81E-05,3.46E-05,7.30E-05,4.22E-06,8.14E-05,2.51E-06
VX,jun,weekday,17,59,7.27E-05,4.99E-05,0.000107486,1.09E-05,0.00014536,3.33E-06
VX,jun,weekday,18,59,0.000104926,7.79E-05,0.000164389,2.42E-05,0.000199875,5.13E-06
VX,jun,weekday,19,59,0.000141904,0.00013017,0.000174736,6.26E-05,0.000257646,1.27E-05
VX,jun,weekday,20,59,0.000182127,0.00017198,0.000244728,9.36E-05,0.000262662,2.39E-05
VX,jun,weekday,21,59,0.000219583,0.00021158,0.000275931,0.0001469,0.00031325,8.76E-05
VX,jun,weekday,22,59,0.000249947,0.000253931,0.000293446,0.000200626,0.000342543,5.59E-05
VX,jun,weekday,23,59,0.000271985,0.000279376,0.000318242,0.000228313,0.000367903,0.000111733
VX,jun,weekday,24,59,0.00029945,0.000292692,0.000342795,0.000248319,0.000390259,0.000129432
VX,jun,weekday,25,59,0.00031924,0.000314309,0.00036698,0.000251012,0.000426095,0.00019522
VX,jun,weekday,26,59,0.00034707,0.000345032,0.000413159,0.000281446,0.000453121,0.000219748
VX,jun,weekday,27,59,0.000358432,0.000351753,0.000443936,0.000275744,0.000460313,0.000244814
VX,jun,weekday,28,59,0.000369522,0.000344883,0.000433441,0.000287966,0.000497644,0.000258112
VX,jun,weekday,29,59,0.000375169,0.000337324,0.000446705,0.000283663,0.000521525,0.000251088
VX,jun,weekday,30,59,0.000361675,0.000328622,0.000415392,0.000275699,0.000507958,0.000232805
VX,jun,weekday,31,59,0.000351744,0.000304375,0.000393657,0.000250843,0.000568354,0.000235678
VX,jun,weekday,32,59,0.000317688,0.000300671,0.00034136,0.000221067,0.000454304,0.000193552
VX,jun,weekday,33,59,0.000275134,0.000251511,0.000317718,0.000189286,0.000412328,0.000170234
VX,jun,weekday,34,59,0.000228875,0.000213204,0.000270199,0.000162872,0.000340998,0.000142434
VX,jun,weekday,35,59,0.000180379,0.000152817,0.00020724,0.000119178,0.000282322,5.84E-05
VX,jun,weekday,36,59,0.000129146,0.000121184,0.000174786,6.71E-05,0.000226511,2.96E-05
VX,jun,weekday,37,59,9.31E-05,7.91E-05,0.000132822,3.29E-05,0.000163173,1.96E-05
VX,jun,weekday,38,59,6.26E-05,4.58E-05,9.03E-05,1.72E-05,0.000132816,6.06E-06
VX,jun,weekday,39,59,4.11E-05,1.49E-05,5.39E-05,6.94E-06,9.83E-05,1.02E-06
VX,jun,weekday,40,59,2.43E-05,5.36E-06,2.27E-05,1.15E-06,6.26E-05,1.39E-07
VX,jun,weekday,41,59,1.22E-05,1.23E-06,9.52E-06,1.10E-07,3.00E-05,0
VX,jun,weekday,42,59,4.83E-06,1.22E-07,2.72E-06,0,2.02E-05,0
VX,jun,weekday,43,59,2.41E-06,0,8.95E-07,0,3.79E-06,0
VX,jun,weekday,44,59,2.12E-06,0,2.13E-07,0,3.38E-06,0
VX,jun,weekday,45,59,1.93E-06,0,2.37E-07,0,2.37E-06,0
VX,jun,weekday,46,59,1.53E-06,0,2.12E-08,0,1.89E-06,0
VX,jun,weekday,47,59,9.23E-07,0,2.52E-08,0,1.47E-06,0
VX,jun,weekday,48,59,7.88E-07,0,0,0,1.50E-06,0
VX,jun,weekend,1,59,5.66E-07,0,0,0,9.35E-07,0
VX,jun,weekend,2,59,6.79E-07,0,0,0,5.96E-08,0
VX,jun,weekend,3,59,5.36E-07,0,0,0,3.20E-08,0
VX,jun,weekend,4,59,6.71E-07,0,0,0,1.03E-07,0
VX,jun,weekend,5,59,5.54E-07,0,0,0,9.47E-08,0
VX,jun,weekend,6,59,5.46E-07,0,0,0,2.36E-08,0
VX,jun,weekend,7,59,4.49E-07,0,0,0,8.43E-08,0
VX,jun,weekend,8,59,5.92E-07,0,0,0,4.73E-08,0
VX,jun,weekend,9,59,5.00E-07,0,0,0,5.14E-08,0
VX,jun,weekend,10,59,5.21E-07,0,0,0,3.88E-07,0
VX,jun,weekend,11,59,1.25E-06,0,5.86E-08,0,5.36E-06,0
VX,jun,weekend,12,59,4.05E-06,1.82E-07,3.65E-06,0,7.45E-06,0
VX,jun,weekend,13,59,1.06E-05,2.53E-06,1.30E-05,7.34E-08,1.87E-05,0
VX,jun,weekend,14,59,2.19E-05,4.94E-06,2.02E-05,1.39E-06,4.37E-05,6.02E-08
VX,jun,weekend,15,59,3.31E-05,1.50E-05,3.57E-05,2.43E-06,7.53E-05,1.27E-06
VX,jun,weekend,16,59,4.81E-05,3.48E-05,6.20E-05,4.52E-06,0.000101286,3.07E-06
VX,jun,weekend,17,59,6.42E-05,5.05E-05,9.79E-05,1.60E-05,0.000122091,3.36E-06
VX,jun,weekend,18,59,9.15E-05,6.14E-05,0.000127242,3.07E-05,0.000166253,6.31E-06
VX,jun,weekend,19,59,0.000115054,0.000104107,0.000150801,5.55E-05,0.000195019,1.29E-05
VX,jun,weekend,20,59,0.000150039,0.000144587,0.000195836,8.19E-05,0.000221111,2.71E-05
VX,jun,weekend,21,59,0.000171984,0.000175892,0.000205752,0.00012139,0.000244971,8.17E-05
VX,jun,weekend,22,59,0.000194915,0.000202505,0.000235331,0.00012762,0.000284719,6.97E-05
VX,jun,weekend,23,59,0.000215328,0.000227183,0.000257681,0.000158857,0.000341816,9.77E-05
VX,jun,weekend,24,59,0.000246319,0.000232123,0.000290113,0.000200892,0.000346627,0.000134583
VX,jun,weekend,25,59,0.00026947,0.000248134,0.000331547,0.000208281,0.000363214,0.000139694
VX,jun,weekend,26,59,0.000265965,0.000262321,0.000312722,0.000183822,0.000374276,0.000154299
VX,jun,weekend,27,59,0.000283883,0.000260412,0.000349159,0.00021955,0.000393674,0.000164006
VX,jun,weekend,28,59,0.000299798,0.000295909,0.000341549,0.000209834,0.000438795,0.000195867
VX,jun,weekend,29,59,0.000293934,0.000292628,0.000402453,0.00021087,0.000436178,0.000133535
VX,jun,weekend,30,59,0.000302365,0.000279777,0.000375834,0.00021199,0.000492721,0.000156041
VX,jun,weekend,31,59,0.00027374,0.000251445,0.000311724,0.000196662,0.000439457,0.000160518
VX,jun,weekend,32,59,0.000260358,0.000225035,0.000327803,0.000183895,0.000398175,0.000131019
VX,jun,weekend,33,59,0.000231627,0.000221772,0.000286135,0.000147003,0.000329465,0.000116679
VX,jun,weekend,34,59,0.000198182,0.000172509,0.000237565,0.000123567,0.000312262,9.38E-05
VX,jun,weekend,35,59,0.000148596,0.0001201,0.000203349,9.55E-05,0.000272459,3.83E-05
VX,jun,weekend,36,59,0.000120654,9.57E-05,0.000183128,4.63E-05,0.000224484,1.94E-05
VX,jun,weekend,37,59,8.80E-05,6.79E-05,0.000105098,2.61E-05,0.000194298,1.43E-05
VX,jun,weekend,38,59,5.61E-05,2.95E-05,8.10E-05,1.06E-05,0.000118468,6.22E-06
VX,jun,weekend,39,59,3.95E-05,1.75E-05,3.19E-05,5.06E-06,0.000127105,2.31E-06
VX,jun,weekend,40,59,2.05E-05,5.25E-06,2.12E-05,1.46E-06,5.59E-05,2.00E-08
VX,jun,weekend,41,59,1.03E-05,1.99E-06,8.42E-06,0,2.54E-05,0
VX,jun,weekend,42,59,3.70E-06,5.23E-08,1.64E-06,0,5.21E-06,0
VX,jun,weekend,43,59,2.94E-06,0,2.22E-07,0,4.76E-06,0
VX,jun,weekend,44,59,2.42E-06,0,1.83E-07,0,5.94E-06,0
VX,jun,weekend,45,59,1.57E-06,0,6.09E-08,0,1.72E-06,0
VX,jun,weekend,46,59,1.23E-06,0,0,0,4.25E-06,0
VX,jun,weekend,47,59,7.93E-07,0,0,0,7.25E-07,0
VX,jun,weekend,48,59,6.10E-07,0,0,0,7.01E-08,0
VX,mar,weekday,1,59,5.15E-07,0,0,0,1.78E-07,0
VX,mar,weekday,2,59,5.04E-07,0,0,0,4.69E-09,0
VX,mar,weekday,3,59,3.50E-07,0,0,0,2.59E-09,0
VX,mar,weekday,4,59,5.52E-07,0,0,0,4.68E-08,0
VX,mar,weekday,5,59,5.52E-07,0,0,0,1.06E-08,0
VX,mar,weekday,6,59,6.58E-07,0,0,0,1.62E-08,0
VX,mar,weekday,7,59,7.17E-07,0,0,0,6.96E-09,0
VX,mar,weekday,8,59,4.60E-07,0,0,0,1.56E-08,0
VX,mar,weekday,9,59,6.63E-07,0,0,0,4.49E-08,0
VX,mar,weekday,10,59,6.67E-07,0,0,0,1.69E-07,0
VX,mar,weekday,11,59,1.02E-06,0,0,0,4.27E-07,0
VX,mar,weekday,12,59,1.01E-06,0,0,0,1.16E-06,0
VX,mar,weekday,13,59,1.11E-06,0,6.25E-08,0,6.46E-07,0
VX,mar,weekday,14,59,3.05E-06,1.05E-07,2.15E-06,0,6.12E-06,0
VX,mar,weekday,15,59,1.14E-05,3.70E-06,1.41E-05,5.15E-08,1.95E-05,0
VX,mar,weekday,16,59,2.18E-05,7.40E-06,3.31E-05,1.63E-06,4.32E-05,1.57E-08
VX,mar,weekday,17,59,3.77E-05,1.71E-05,6.43E-05,3.58E-06,8.42E-05,5.84E-07
VX,mar,weekday,18,59,6.27E-05,4.03E-05,0.000103275,1.19E-05,0.000131459,2.12E-06
VX,mar,weekday,19,59,8.58E-05,6.57E-05,0.000135495,2.64E-05,0.000164782,5.75E-06
VX,mar,weekday,20,59,0.00011518,0.000119134,0.000166685,4.40E-05,0.000209651,9.19E-06
VX,mar,weekday,21,59,0.000144886,0.000136735,0.000200231,6.16E-05,0.000255064,4.03E-05
VX,mar,weekday,22,59,0.000173423,0.000188131,0.000228012,0.000100713,0.00026289,3.04E-05
VX,mar,weekday,23,59,0.000200286,0.00020093,0.000262571,0.000117708,0.000302374,8.98E-05
VX,mar,weekday,24,59,0.000218244,0.000219818,0.000283049,0.000152488,0.000337987,0.000129949
VX,mar,weekday,25,59,0.000227099,0.0002271,0.000271106,0.000196215,0.000319535,0.000148714
VX,mar,weekday,26,59,0.000233474,0.000245801,0.000283639,0.000194869,0.000323389,0.000143508
VX,mar,weekday,27,59,0.00023087,0.000219555,0.000277034,0.00018384,0.00032171,0.000163701
VX,mar,weekday,28,59,0.000221292,0.00021618,0.0002656,0.000191277,0.000280638,0.000144748
VX,mar,weekday,29,59,0.000196342,0.000197254,0.000244362,0.000159358,0.000279745,0.000126073
VX,mar,weekday,30,59,0.00017465,0.000167582,0.000209755,0.00013832,0.000262754,0.000106742
VX,mar,weekday,31,59,0.000145516,0.000144362,0.000182794,9.85E-05,0.000218752,7.66E-05
VX,mar,weekday,32,59,0.000115115,0.000108969,0.000149387,7.42E-05,0.000179921,3.41E-05
VX,mar,weekday,33,59,8.66E-05,7.08E-05,0.000122669,4.93E-05,0.000139487,1.30E-05
VX,mar,weekday,34,59,5.26E-05,3.62E-05,7.26E-05,2.35E-05,0.000109429,9.77E-06
VX,mar,weekday,35,59,2.93E-05,1.44E-05,3.22E-05,8.40E-06,6.00E-05,2.70E-06
VX,mar,weekday,36,59,1.29E-05,5.51E-06,1.37E-05,2.53E-06,2.81E-05,1.29E-06
VX,mar,weekday,37,59,7.83E-06,2.85E-06,5.65E-06,2.39E-07,1.38E-05,1.71E-08
VX,mar,weekday,38,59,4.05E-06,2.85E-07,3.18E-06,0,6.54E-06,0
VX,mar,weekday,39,59,2.40E-06,0,8.43E-07,0,5.74E-06,0
VX,mar,weekday,40,59,1.31E-06,0,2.29E-07,0,4.22E-06,0
VX,mar,weekday,41,59,1.19E-06,0,6.84E-08,0,3.47E-06,0
VX,mar,weekday,42,59,9.90E-07,0,8.35E-08,0,9.42E-07,0
VX,mar,weekday,43,59,8.73E-07,0,1.35E-08,0,2.10E-06,0
VX,mar,weekday,44,59,7.88E-07,0,1.94E-09,0,1.87E-06,0
VX,mar,weekday,45,59,5.90E-07,0,0,0,9.63E-07,0
VX,mar,weekday,46,59,6.36E-07,0,0,0,3.46E-07,0
VX,mar,weekday,47,59,5.68E-07,0,0,0,6.22E-07,0
VX,mar,weekday,48,59,4.67E-07,0,0,0,1.70E-07,0
VX,mar,weekend,1,59,4.55E-07,0,0,0,9.46E-08,0
VX,mar,weekend,2,59,7.10E-07,0,0,0,0,0
VX,mar,weekend,3,59,7.36E-07,0,0,0,0,0
VX,mar,weekend,4,59,6.64E-07,0,0,0,6.79E-08,0
VX,mar,weekend,5,59,6.37E-07,0,0,0,1.91E-08,0
VX,mar,weekend,6,59,5.93E-07,0,0,0,0,0
VX,mar,weekend,7,59,6.91E-07,0,0,0,2.82E-09,0
VX,mar,weekend,8,59,6.41E-07,0,0,0,1.85E-07,0
VX,mar,weekend,9,59,5.60E-07,0,0,0,1.91E-07,0
VX,mar,weekend,10,59,8.32E-07,0,0,0,3.82E-07,0
VX,mar,weekend,11,59,6.82E-07,0,0,0,2.21E-07,0
VX,mar,weekend,12,59,7.78E-07,0,0,0,1.41E-06,0
VX,mar,weekend,13,59,1.18E-06,0,1.46E-07,0,2.20E-06,0
VX,mar,weekend,14,59,3.70E-06,6.09E-07,3.64E-06,0,6.60E-06,0
VX,mar,weekend,15,59,1.19E-05,4.38E-06,1.47E-05,8.15E-09,3.02E-05,0
VX,mar,weekend,16,59,2.86E-05,1.22E-05,5.00E-05,9.68E-07,7.13E-05,7.19E-08
VX,mar,weekend,17,59,5.00E-05,1.85E-05,8.94E-05,3.46E-06,0.000126731,1.00E-06
VX,mar,weekend,18,59,7.76E-05,4.22E-05,0.000149939,1.28E-05,0.000189862,1.75E-06
VX,mar,weekend,19,59,0.000104734,7.59E-05,0.000164948,2.91E-05,0.000218051,4.88E-06
VX,mar,weekend,20,59,0.000135485,0.000110507,0.000199911,3.66E-05,0.000281944,1.06E-05
VX,mar,weekend,21,59,0.000177153,0.000170842,0.000223411,9.06E-05,0.000336266,2.12E-05
VX,mar,weekend,22,59,0.00019923,0.000188314,0.000286498,0.000112555,0.000336606,6.76E-05
VX,mar,weekend,23,59,0.000235237,0.000250929,0.000331336,0.000163468,0.000365593,8.13E-05
VX,mar,weekend,24,59,0.000263881,0.000271803,0.000326983,0.000182973,0.000412263,9.95E-05
VX,mar,weekend,25,59,0.000262229,0.000257624,0.00034101,0.000194771,0.000388168,0.000108698
VX,mar,weekend,26,59,0.000258678,0.000253022,0.000336492,0.000185018,0.000386647,0.00012517
VX,mar,weekend,27,59,0.000269057,0.000269426,0.000336593,0.000194233,0.00036857,0.000166956
VX,mar,weekend,28,59,0.00026005,0.000254402,0.000305495,0.000204201,0.000383518,0.000153415
VX,mar,weekend,29,59,0.000246326,0.00025582,0.000329704,0.000179549,0.000400665,5.79E-05
VX,mar,weekend,30,59,0.000215522,0.000216721,0.000280111,0.000152556,0.000348861,8.18E-05
VX,mar,weekend,31,59,0.000186744,0.000179184,0.000223654,0.000116034,0.000300222,5.73E-05
VX,mar,weekend,32,59,0.000147346,0.000148496,0.000194247,8.14E-05,0.000240368,3.33E-05
VX,mar,weekend,33,59,0.000102421,8.24E-05,0.000137787,4.43E-05,0.000167294,2.10E-05
VX,mar,weekend,34,59,6.52E-05,4.00E-05,9.51E-05,1.96E-05,0.00015217,6.41E-06
VX,mar,weekend,35,59,3.57E-05,1.72E-05,4.65E-05,4.93E-06,8.73E-05,8.06E-07
VX,mar,weekend,36,59,1.61E-05,7.10E-06,2.15E-05,1.21E-06,2.58E-05,3.06E-08
VX,mar,weekend,37,59,9.45E-06,9.68E-07,7.27E-06,0,1.30E-05,0
VX,mar,weekend,38,59,6.57E-06,0,2.63E-06,0,6.63E-06,0
VX,mar,weekend,39,59,3.67E-06,0,9.43E-07,0,3.97E-06,0
VX,mar,weekend,40,59,2.32E-06,0,1.20E-07,0,3.45E-06,0
VX,mar,weekend,41,59,2.12E-06,0,0,0,4.21E-06,0
VX,mar,weekend,42,59,1.88E-06,0,1.49E-08,0,5.39E-06,0
VX,mar,weekend,43,59,1.54E-06,0,0,0,3.06E-06,0
VX,mar,weekend,44,59,1.46E-06,0,0,0,2.10E-06,0
VX,mar,weekend,45,59,1.51E-06,0,0,0,2.08E-06,0
VX,mar,weekend,46,59,1.24E-06,0,0,0,9.81E-07,0
VX,mar,weekend,47,59,8.63E-07,0,0,0,1.64E-06,0
VX,mar,weekend,48,59,6.56E-07,0,0,0,8.83E-07,0
VX,may,weekday,1,59,8.92E-07,0,0,0,2.05E-06,0
VX,may,weekday,2,59,9.26E-07,0,0,0,4.32E-07,0
VX,may,weekday,3,59,1.07E-06,0,0,0,9.46E-08,0
VX,may,weekday,4,59,1.20E-06,0,0,0,6.76E-08,0
VX,may,weekday,5,59,1.01E-06,0,0,0,8.10E-08,0
VX,may,weekday,6,59,1.02E-06,0,0,0,3.54E-08,0
VX,may,weekday,7,59,1.22E-06,0,0,0,5.03E-08,0
VX,may,weekday,8,59,9.50E-07,0,0,0,3.68E-07,0
VX,may,weekday,9,59,1.00E-06,0,0,0,6.32E-07,0
VX,may,weekday,10,59,8.71E-07,0,0,0,7.18E-07,0
VX,may,weekday,11,59,1.07E-06,0,4.20E-08,0,1.53E-06,0
VX,may,weekday,12,59,2.77E-06,1.86E-07,1.05E-06,0,7.83E-06,0
VX,may,weekday,13,59,6.59E-06,1.83E-06,5.36E-06,5.48E-08,1.40E-05,1.91E-09
VX,may,weekday,14,59,1.35E-05,8.31E-06,1.19E-05,9.73E-07,3.34E-05,1.46E-07
VX,may,weekday,15,59,2.30E-05,1.42E-05,2.53E-05,3.19E-06,4.84E-05,7.06E-07
VX,may,weekday,16,59,3.43E-05,2.26E-05,5.54E-05,9.86E-06,7.26E-05,2.62E-06
VX,may,weekday,17,59,5.42E-05,3.87E-05,8.68E-05,2.03E-05,0.000108313,2.94E-06
VX,may,weekday,18,59,7.66E-05,7.23E-05,0.000117498,2.14E-05,0.000144283,5.40E-06
VX,may,weekday,19,59,0.000102116,0.000108903,0.000148521,4.15E-05,0.00018018,7.58E-06
VX,may,weekday,20,59,0.000133233,0.000151245,0.000185547,5.89E-05,0.000197088,1.80E-05
VX,may,weekday,21,59,0.000160853,0.000174621,0.000213788,0.000108615,0.00025014,4.69E-05
VX,may,weekday,22,59,0.0001894,0.000199045,0.000243764,0.000111586,0.00029806,7.26E-05
VX,may,weekday,23,59,0.000212675,0.000219681,0.000265206,0.000155829,0.000312872,0.000102443
VX,may,weekday,24,59,0.000240832,0.0002489,0.000285935,0.000191534,0.000328766,0.00017158
VX,may,weekday,25,59,0.000259158,0.000263717,0.000300631,0.000226066,0.000318901,0.000179512
VX,may,weekday,26,59,0.000280083,0.000278189,0.000307265,0.000232048,0.000356583,0.000193829
VX,may,weekday,27,59,0.000295127,0.000290785,0.000333997,0.000247754,0.000399229,0.000208711
VX,may,weekday,28,59,0.000321118,0.000303297,0.000341419,0.000276871,0.000400263,0.000234846
VX,may,weekday,29,59,0.000310873,0.000294014,0.000337986,0.000264053,0.000395013,0.000240926
VX,may,weekday,30,59,0.000311059,0.000277871,0.000345436,0.000241279,0.000392224,0.000223699
VX,may,weekday,31,59,0.000294891,0.000285424,0.000323769,0.000233523,0.000396831,0.000214074
VX,may,weekday,32,59,0.000273381,0.000236859,0.000331408,0.000214766,0.000385373,0.000173639
VX,may,weekday,33,59,0.00023599,0.000205365,0.000285663,0.000172339,0.000318997,0.000147011
VX,may,weekday,34,59,0.000194328,0.000173739,0.000246186,0.000137731,0.000303653,9.83E-05
VX,may,weekday,35,59,0.000146965,0.000125847,0.000178328,8.88E-05,0.000212331,6.79E-05
VX,may,weekday,36,59,0.000106562,8.16E-05,0.000131977,5.48E-05,0.000176854,3.58E-05
VX,may,weekday,37,59,7.40E-05,4.79E-05,9.56E-05,2.54E-05,0.000151323,1.67E-05
VX,may,weekday,38,59,5.35E-05,2.11E-05,7.36E-05,1.25E-05,8.81E-05,8.86E-06
VX,may,weekday,39,59,3.47E-05,7.85E-06,4.04E-05,5.53E-06,7.61E-05,8.29E-07
VX,may,weekday,40,59,1.54E-05,3.43E-06,1.22E-05,7.77E-07,2.73E-05,5.11E-08
VX,may,weekday,41,59,6.91E-06,5.89E-07,7.02E-06,0,1.13E-05,0
VX,may,weekday,42,59,3.77E-06,0,2.51E-06,0,5.09E-06,0
VX,may,weekday,43,59,2.73E-06,0,2.14E-07,0,4.61E-06,0
VX,may,weekday,44,59,1.87E-06,0,5.44E-07,0,4.03E-06,0
VX,may,weekday,45,59,1.55E-06,0,1.51E-07,0,3.09E-06,0
VX,may,weekday,46,59,1.18E-06,0,1.76E-08,0,3.80E-06,0
VX,may,weekday,47,59,1.19E-06,0,0,0,2.43E-06,0
VX,may,weekday,48,59,9.40E-07,0,0,0,1.65E-06,0
VX,may,weekend,1,59,1.00E-06,0,0,0,1.98E-06,0
VX,may,weekend,2,59,9.47E-07,0,0,0,6.17E-07,0
VX,may,weekend,3,59,9.57E-07,0,0,0,3.79E-07,0
VX,may,weekend,4,59,1.21E-06,0,0,0,3.87E-07,0
VX,may,weekend,5,59,7.97E-07,0,0,0,2.92E-07,0
VX,may,weekend,6,59,8.46E-07,0,0,0,1.87E-07,0
VX,may,weekend,7,59,1.56E-06,0,0,0,2.12E-07,0
VX,may,weekend,8,59,1.20E-06,0,0,0,3.25E-07,0
VX,may,weekend,9,59,1.23E-06,0,0,0,2.73E-07,0
VX,may,weekend,10,59,9.18E-07,0,0,0,1.80E-06,0
VX,may,weekend,11,59,1.51E-06,0,3.10E-08,0,2.37E-06,0
VX,may,weekend,12,59,3.54E-06,6.98E-08,1.91E-06,0,1.00E-05,0
VX,may,weekend,13,59,7.74E-06,2.97E-06,6.34E-06,1.00E-08,2.13E-05,0
VX,may,weekend,14,59,1.53E-05,7.28E-06,1.16E-05,7.79E-07,3.86E-05,5.16E-09
VX,may,weekend,15,59,2.58E-05,1.19E-05,3.05E-05,3.48E-06,5.55E-05,6.48E-07
VX,may,weekend,16,59,4.59E-05,2.80E-05,5.65E-05,8.76E-06,0.000122848,1.82E-06
VX,may,weekend,17,59,7.15E-05,5.59E-05,0.000103662,1.63E-05,0.000156374,2.46E-06
VX,may,weekend,18,59,9.41E-05,8.42E-05,0.000124029,2.41E-05,0.000179559,5.45E-06
VX,may,weekend,19,59,0.000121679,0.000126722,0.000167622,5.06E-05,0.000209569,1.08E-05
VX,may,weekend,20,59,0.000161472,0.000160012,0.000222288,7.92E-05,0.000270149,2.11E-05
VX,may,weekend,21,59,0.000206263,0.000205605,0.00027364,0.00013485,0.000318722,7.62E-05
VX,may,weekend,22,59,0.000240789,0.000235935,0.000287087,0.000185432,0.000341699,0.000101069
VX,may,weekend,23,59,0.000271582,0.000263908,0.000338967,0.000214523,0.000401512,0.000143227
VX,may,weekend,24,59,0.000290182,0.000298126,0.000357272,0.000228629,0.000425153,0.000177691
VX,may,weekend,25,59,0.000310996,0.000321144,0.000370314,0.000249296,0.000437469,0.000178697
VX,may,weekend,26,59,0.00033934,0.000357975,0.000394259,0.000256356,0.000446442,0.000200596
VX,may,weekend,27,59,0.000339918,0.000308013,0.00035714,0.000254422,0.000458897,0.000221362
VX,may,weekend,28,59,0.000342009,0.000323886,0.000389473,0.000269141,0.000456742,0.000211532
VX,may,weekend,29,59,0.00032992,0.000296525,0.000365557,0.000251545,0.000437566,0.000220292
VX,may,weekend,30,59,0.000317498,0.000309592,0.000379874,0.000249766,0.000444161,0.000189021
VX,may,weekend,31,59,0.000301022,0.000288008,0.000334839,0.000224417,0.000445039,0.000159902
VX,may,weekend,32,59,0.000272052,0.000233127,0.000310374,0.000198736,0.000391323,0.000114993
VX,may,weekend,33,59,0.000233412,0.000206388,0.000281684,0.000164429,0.000416255,9.36E-05
VX,may,weekend,34,59,0.000196055,0.00016989,0.000227223,0.000114531,0.000380283,6.30E-05
VX,may,weekend,35,59,0.000150456,0.00013414,0.000168068,6.97E-05,0.000256076,2.65E-05
VX,may,weekend,36,59,0.000118093,9.81E-05,0.000148067,6.44E-05,0.000227903,2.80E-05
VX,may,weekend,37,59,8.02E-05,5.70E-05,0.000103552,1.97E-05,0.000156913,1.38E-05
VX,may,weekend,38,59,5.42E-05,2.96E-05,7.12E-05,9.00E-06,0.000114915,5.68E-06
VX,may,weekend,39,59,3.79E-05,1.08E-05,4.21E-05,3.78E-06,7.93E-05,3.38E-07
VX,may,weekend,40,59,1.77E-05,3.21E-06,1.33E-05,1.50E-07,4.66E-05,0
VX,may,weekend,41,59,7.64E-06,7.25E-07,5.04E-06,0,1.07E-05,0
VX,may,weekend,42,59,4.69E-06,0,5.30E-07,0,5.55E-06,0
VX,may,weekend,43,59,2.99E-06,0,3.25E-07,0,4.72E-06,0
VX,may,weekend,44,59,2.30E-06,0,2.65E-07,0,4.86E-06,0
VX,may,weekend,45,59,1.88E-06,0,1.87E-07,0,2.68E-06,0
VX,may,weekend,46,59,1.69E-06,0,0,0,5.87E-06,0
VX,may,weekend,47,59,1.13E-06,0,0,0,2.97E-06,0
VX,may,weekend,48,59,9.02E-07,0,0,0,1.37E-06,0
VX,nov,weekday,1,59,8.27E-07,0,0,0,2.04E-07,0
VX,nov,weekday,2,59,1.28E-06,0,0,0,2.37E-08,0
VX,nov,weekday,3,59,8.95E-07,0,0,0,1.50E-07,0
VX,nov,weekday,4,59,6.77E-07,0,0,0,1.50E-07,0
VX,nov,weekday,5,59,9.95E-07,0,0,0,4.41E-08,0
VX,nov,weekday,6,59,8.31E-07,0,0,0,9.95E-08,0
VX,nov,weekday,7,59,1.50E-06,0,0,0,7.11E-08,0
VX,nov,weekday,8,59,1.58E-06,0,0,0,1.33E-08,0
VX,nov,weekday,9,59,1.90E-06,0,0,0,3.92E-08,0
VX,nov,weekday,10,59,1.97E-06,0,0,0,2.49E-06,0
VX,nov,weekday,11,59,2.14E-06,0,0,0,6.10E-07,0
VX,nov,weekday,12,59,1.28E-06,0,0,0,1.74E-06,0
VX,nov,weekday,13,59,1.38E-06,0,0,0,6.64E-07,0
VX,nov,weekday,14,59,1.21E-06,0,0,0,7.92E-07,0
VX,nov,weekday,15,59,1.74E-06,0,1.41E-07,0,3.63E-06,0
VX,nov,weekday,16,59,3.07E-06,7.85E-08,2.59E-06,0,1.24E-05,0
VX,nov,weekday,17,59,7.82E-06,2.39E-06,1.18E-05,1.67E-08,1.93E-05,0
VX,nov,weekday,18,59,1.89E-05,9.47E-06,2.67E-05,1.57E-06,4.90E-05,1.43E-07
VX,nov,weekday,19,59,3.26E-05,1.92E-05,5.27E-05,2.72E-06,7.42E-05,5.74E-07
VX,nov,weekday,20,59,4.42E-05,2.40E-05,6.75E-05,1.14E-05,9.81E-05,2.09E-06
VX,nov,weekday,21,59,5.84E-05,5.18E-05,8.30E-05,1.70E-05,0.00011519,4.83E-06
VX,nov,weekday,22,59,7.29E-05,7.14E-05,0.000106898,2.62E-05,0.000138247,1.07E-05
VX,nov,weekday,23,59,8.27E-05,9.23E-05,0.000114465,4.48E-05,0.000147457,1.18E-05
VX,nov,weekday,24,59,8.98E-05,9.23E-05,0.000117558,5.48E-05,0.000149809,1.38E-05
VX,nov,weekday,25,59,8.74E-05,9.20E-05,0.000110799,5.42E-05,0.000147235,1.46E-05
VX,nov,weekday,26,59,8.16E-05,7.98E-05,0.00010529,5.47E-05,0.000127408,1.15E-05
VX,nov,weekday,27,59,7.05E-05,7.16E-05,0.000101206,4.12E-05,0.000127966,1.09E-05
VX,nov,weekday,28,59,5.10E-05,4.80E-05,6.51E-05,2.62E-05,9.20E-05,8.53E-06
VX,nov,weekday,29,59,3.92E-05,3.67E-05,6.12E-05,1.51E-05,7.70E-05,7.77E-06
VX,nov,weekday,30,59,2.58E-05,1.68E-05,4.02E-05,6.80E-06,5.24E-05,2.27E-06
VX,nov,weekday,31,59,1.34E-05,6.39E-06,2.56E-05,5.41E-07,3.47E-05,2.22E-07
VX,nov,weekday,32,59,5.46E-06,9.68E-07,6.61E-06,9.38E-08,1.61E-05,0
VX,nov,weekday,33,59,2.10E-06,0,2.09E-06,0,7.45E-06,0
VX,nov,weekday,34,59,1.36E-06,0,1.86E-07,0,7.40E-06,0
VX,nov,weekday,35,59,1.14E-06,0,1.30E-07,0,6.31E-06,0
VX,nov,weekday,36,59,1.14E-06,0,6.58E-08,0,4.92E-06,0
VX,nov,weekday,37,59,1.50E-06,0,7.23E-08,0,8.40E-06,0
VX,nov,weekday,38,59,1.42E-06,0,1.03E-07,0,4.63E-06,0
VX,nov,weekday,39,59,1.45E-06,0,5.42E-09,0,3.03E-06,0
VX,nov,weekday,40,59,1.43E-06,0,5.74E-09,0,3.13E-06,0
VX,nov,weekday,41,59,1.23E-06,0,0,0,2.92E-06,0
VX,nov,weekday,42,59,9.50E-07,0,0,0,7.12E-07,0
VX,nov,weekday,43,59,7.97E-07,0,0,0,5.15E-07,0
VX,nov,weekday,44,59,9.11E-07,0,0,0,5.88E-07,0
VX,nov,weekday,45,59,1.23E-06,0,0,0,6.97E-07,0
VX,nov,weekday,46,59,1.05E-06,0,0,0,1.81E-07,0
VX,nov,weekday,47,59,7.65E-07,0,0,0,4.09E-07,0
VX,nov,weekday,48,59,8.33E-07,0,0,0,1.27E-06,0
VX,nov,weekend,1,59,2.05E-06,0,0,0,7.04E-08,0
VX,nov,weekend,2,59,2.20E-06,0,0,0,4.23E-07,0
VX,nov,weekend,3,59,1.98E-06,0,0,0,3.41E-07,0
VX,nov,weekend,4,59,1.15E-06,0,0,0,1.01E-07,0
VX,nov,weekend,5,59,1.42E-06,0,0,0,0,0
VX,nov,weekend,6,59,1.59E-06,0,0,0,4.23E-08,0
VX,nov,weekend,7,59,1.48E-06,0,0,0,6.22E-08,0
VX,nov,weekend,8,59,2.41E-06,0,0,0,7.94E-08,0
VX,nov,weekend,9,59,2.51E-06,0,0,0,2.34E-08,0
VX,nov,weekend,10,59,2.37E-06,0,0,0,1.73E-08,0
VX,nov,weekend,11,59,2.37E-06,0,0,0,5.30E-08,0
VX,nov,weekend,12,59,2.29E-06,0,0,0,1.67E-08,0
VX,nov,weekend,13,59,1.74E-06,0,0,0,2.50E-07,0
VX,nov,weekend,14,59,1.10E-06,0,0,0,3.66E-07,0
VX,nov,weekend,15,59,1.32E-06,0,0,0,1.55E-06,0
VX,nov,weekend,16,59,2.23E-06,0,3.21E-07,0,8.34E-06,0
VX,nov,weekend,17,59,4.70E-06,1.00E-06,6.04E-06,0,1.25E-05,0
VX,nov,weekend,18,59,1.37E-05,3.77E-06,1.69E-05,7.73E-07,3.41E-05,0
VX,nov,weekend,19,59,2.24E-05,1.15E-05,2.63E-05,1.34E-06,5.73E-05,1.53E-07
VX,nov,weekend,20,59,3.60E-05,1.93E-05,4.55E-05,5.31E-06,7.76E-05,1.14E-06
VX,nov,weekend,21,59,4.79E-05,3.06E-05,7.30E-05,1.06E-05,0.000101249,1.54E-06
VX,nov,weekend,22,59,5.34E-05,4.19E-05,8.23E-05,1.81E-05,0.000118955,2.77E-06
VX,nov,weekend,23,59,6.46E-05,5.11E-05,0.000104227,2.09E-05,0.000119508,4.04E-06
VX,nov,weekend,24,59,7.02E-05,5.06E-05,0.000109183,2.67E-05,0.000141615,3.70E-06
VX,nov,weekend,25,59,7.11E-05,6.64E-05,9.81E-05,2.84E-05,0.000148615,7.77E-06
VX,nov,weekend,26,59,6.54E-05,5.06E-05,8.37E-05,2.12E-05,0.000155536,7.07E-06
VX,nov,weekend,27,59,5.86E-05,4.70E-05,7.47E-05,2.74E-05,0.000122559,1.11E-05
VX,nov,weekend,28,59,4.27E-05,4.27E-05,6.01E-05,1.96E-05,9.15E-05,4.67E-06
VX,nov,weekend,29,59,2.96E-05,1.65E-05,4.72E-05,1.01E-05,6.60E-05,1.69E-06
VX,nov,weekend,30,59,1.84E-05,1.07E-05,2.64E-05,2.48E-06,4.48E-05,2.65E-07
VX,nov,weekend,31,59,7.85E-06,2.21E-06,1.08E-05,4.18E-07,2.15E-05,2.82E-08
VX,nov,weekend,32,59,2.24E-06,0,1.26E-06,0,7.72E-06,0
VX,nov,weekend,33,59,1.03E-06,0,1.57E-07,0,1.88E-06,0
VX,nov,weekend,34,59,1.04E-06,0,2.41E-08,0,5.88E-06,0
VX,nov,weekend,35,59,8.40E-07,0,1.36E-08,0,9.06E-07,0
VX,nov,weekend,36,59,1.03E-06,0,0,0,3.24E-06,0
VX,nov,weekend,37,59,1.54E-06,0,0,0,3.88E-06,0
VX,nov,weekend,38,59,1.28E-06,0,0,0,1.67E-06,0
VX,nov,weekend,39,59,1.28E-06,0,0,0,1.36E-06,0
VX,nov,weekend,40,59,1.20E-06,0,0,0,1.07E-06,0
VX,nov,weekend,41,59,1.16E-06,0,0,0,1.76E-06,0
VX,nov,weekend,42,59,1.12E-06,0,0,0,1.60E-07,0
VX,nov,weekend,43,59,9.61E-07,0,0,0,4.46E-07,0
VX,nov,weekend,44,59,5.93E-07,0,0,0,1.39E-08,0
VX,nov,weekend,45,59,4.63E-07,0,0,0,2.78E-08,0
VX,nov,weekend,46,59,9.03E-07,0,0,0,1.92E-08,0
VX,nov,weekend,47,59,1.24E-06,0,0,0,1.23E-08,0
VX,nov,weekend,48,59,1.50E-06,0,0,0,2.08E-08,0
VX,oct,weekday,1,59,5.78E-07,0,0,0,2.79E-07,0
VX,oct,weekday,2,59,7.13E-07,0,0,0,4.21E-07,0
VX,oct,weekday,3,59,5.97E-07,0,0,0,2.37E-07,0
VX,oct,weekday,4,59,1.33E-06,0,0,0,2.09E-07,0
VX,oct,weekday,5,59,1.08E-06,0,0,0,1.68E-07,0
VX,oct,weekday,6,59,9.35E-07,0,0,0,5.18E-07,0
VX,oct,weekday,7,59,1.31E-06,0,0,0,5.16E-07,0
VX,oct,weekday,8,59,1.13E-06,0,0,0,8.16E-07,0
VX,oct,weekday,9,59,8.48E-07,0,0,0,1.25E-07,0
VX,oct,weekday,10,59,7.49E-07,0,0,0,4.40E-07,0
VX,oct,weekday,11,59,1.20E-06,0,0,0,2.66E-07,0
VX,oct,weekday,12,59,8.17E-07,0,0,0,2.66E-07,0
VX,oct,weekday,13,59,8.10E-07,0,0,0,4.32E-07,0
VX,oct,weekday,14,59,8.68E-07,0,0,0,1.24E-06,0
VX,oct,weekday,15,59,1.48E-06,0,0,0,4.71E-06,0
VX,oct,weekday,16,59,1.71E-06,2.45E-08,6.51E-07,0,3.91E-06,0
VX,oct,weekday,17,59,4.20E-06,7.60E-07,5.96E-06,2.21E-09,1.23E-05,0
VX,oct,weekday,18,59,1.09E-05,4.55E-06,1.64E-05,9.27E-07,3.02E-05,8.82E-08
VX,oct,weekday,19,59,2.53E-05,1.24E-05,4.62E-05,2.67E-06,6.05E-05,1.55E-06
VX,oct,weekday,20,59,4.23E-05,3.00E-05,7.76E-05,9.11E-06,9.16E-05,1.88E-06
VX,oct,weekday,21,59,6.52E-05,6.54E-05,0.000108495,1.80E-05,0.000117684,6.33E-06
VX,oct,weekday,22,59,7.82E-05,8.28E-05,0.000120562,2.77E-05,0.000140773,8.74E-06
VX,oct,weekday,23,59,9.98E-05,0.000110006,0.000143544,4.65E-05,0.000175103,3.03E-05
VX,oct,weekday,24,59,0.000120104,0.000129943,0.000162146,7.34E-05,0.000201628,2.84E-05
VX,oct,weekday,25,59,0.000127934,0.000139513,0.000165755,9.25E-05,0.000195282,4.39E-05
VX,oct,weekday,26,59,0.000129967,0.000131593,0.00017739,0.000104721,0.000197835,3.88E-05
VX,oct,weekday,27,59,0.00013774,0.000130999,0.00018512,9.38E-05,0.000206196,6.66E-05
VX,oct,weekday,28,59,0.00013544,0.000141284,0.000175881,0.000104848,0.000210566,7.38E-05
VX,oct,weekday,29,59,0.000126688,0.000124381,0.000159147,9.72E-05,0.000204085,4.22E-05
VX,oct,weekday,30,59,0.00011063,0.000115438,0.000132076,8.45E-05,0.000166309,4.00E-05
VX,oct,weekday,31,59,9.59E-05,9.30E-05,0.000140547,6.39E-05,0.000160518,2.90E-05
VX,oct,weekday,32,59,7.64E-05,7.30E-05,9.77E-05,4.33E-05,0.000139044,1.77E-05
VX,oct,weekday,33,59,5.51E-05,4.51E-05,9.22E-05,1.85E-05,0.000115495,3.90E-06
VX,oct,weekday,34,59,3.49E-05,2.28E-05,4.93E-05,7.18E-06,7.91E-05,2.76E-06
VX,oct,weekday,35,59,1.60E-05,7.38E-06,2.36E-05,1.32E-06,3.46E-05,4.59E-07
VX,oct,weekday,36,59,6.07E-06,1.29E-06,7.20E-06,2.23E-08,1.25E-05,0
VX,oct,weekday,37,59,2.31E-06,3.67E-09,1.15E-06,0,6.00E-06,0
VX,oct,weekday,38,59,1.89E-06,0,2.21E-07,0,5.09E-06,0
VX,oct,weekday,39,59,1.28E-06,0,6.12E-08,0,4.59E-06,0
VX,oct,weekday,40,59,9.60E-07,0,1.65E-07,0,2.87E-06,0
VX,oct,weekday,41,59,7.32E-07,0,1.16E-07,0,1.70E-06,0
VX,oct,weekday,42,59,8.23E-07,0,0,0,2.98E-06,0
VX,oct,weekday,43,59,7.24E-07,0,2.12E-09,0,1.49E-06,0
VX,oct,weekday,44,59,9.63E-07,0,2.50E-08,0,2.71E-06,0
VX,oct,weekday,45,59,1.00E-06,0,0,0,2.68E-06,0
VX,oct,weekday,46,59,9.84E-07,0,0,0,2.49E-06,0
VX,oct,weekday,47,59,1.26E-06,0,0,0,2.53E-06,0
VX,oct,weekday,48,59,9.88E-07,0,0,0,1.43E-06,0
VX,oct,weekend,1,59,5.82E-07,0,0,0,6.93E-08,0
VX,oct,weekend,2,59,2.37E-07,0,0,0,0,0
VX,oct,weekend,3,59,7.80E-07,0,0,0,0,0
VX,oct,weekend,4,59,1.38E-06,0,0,0,3.36E-07,0
VX,oct,weekend,5,59,1.39E-06,0,0,0,2.29E-07,0
VX,oct,weekend,6,59,1.72E-06,0,0,0,9.34E-09,0
VX,oct,weekend,7,59,2.04E-06,0,0,0,9.34E-09,0
VX,oct,weekend,8,59,1.15E-06,0,0,0,0,0
VX,oct,weekend,9,59,1.37E-06,0,0,0,0,0
VX,oct,weekend,10,59,9.76E-07,0,0,0,2.77E-08,0
VX,oct,weekend,11,59,1.07E-06,0,0,0,0,0
VX,oct,weekend,12,59,7.26E-07,0,0,0,2.79E-07,0
VX,oct,weekend,13,59,7.89E-07,0,0,0,1.76E-06,0
VX,oct,weekend,14,59,1.35E-06,0,0,0,6.72E-07,0
VX,oct,weekend,15,59,1.93E-06,0,0,0,2.26E-06,0
VX,oct,weekend,16,59,3.31E-06,0,7.63E-07,0,4.15E-06,0
VX,oct,weekend,17,59,6.12E-06,1.02E-06,5.55E-06,0,1.34E-05,0
VX,oct,weekend,18,59,9.99E-06,4.46E-06,1.11E-05,3.93E-07,2.09E-05,0
VX,oct,weekend,19,59,1.58E-05,1.02E-05,2.63E-05,2.86E-06,2.97E-05,5.42E-07
VX,oct,weekend,20,59,2.88E-05,2.30E-05,3.90E-05,4.94E-06,8.09E-05,3.69E-06
VX,oct,weekend,21,59,4.38E-05,4.57E-05,6.47E-05,1.47E-05,7.87E-05,3.93E-06
VX,oct,weekend,22,59,6.08E-05,5.41E-05,0.000109752,1.78E-05,0.000132002,3.11E-06
VX,oct,weekend,23,59,8.59E-05,7.92E-05,0.000146279,3.64E-05,0.000183084,6.28E-06
VX,oct,weekend,24,59,0.000109925,0.000107148,0.000154798,5.71E-05,0.00019889,2.44E-05
VX,oct,weekend,25,59,0.000122896,0.000115342,0.000171955,7.22E-05,0.000191843,2.74E-05
VX,oct,weekend,26,59,0.000127418,0.000124856,0.000174212,7.34E-05,0.000200939,4.52E-05
VX,oct,weekend,27,59,0.000129658,0.000132259,0.0001695,7.78E-05,0.000206051,5.01E-05
VX,oct,weekend,28,59,0.000124663,0.000128053,0.000163863,8.34E-05,0.000208025,5.83E-05
VX,oct,weekend,29,59,0.000110235,0.000109064,0.000160371,6.40E-05,0.000182502,3.72E-05
VX,oct,weekend,30,59,0.000101356,9.68E-05,0.000135864,6.54E-05,0.000177805,2.43E-05
VX,oct,weekend,31,59,8.59E-05,8.01E-05,0.000108547,4.96E-05,0.000172152,2.36E-05
VX,oct,weekend,32,59,6.58E-05,5.93E-05,8.97E-05,2.83E-05,0.000140537,1.31E-05
VX,oct,weekend,33,59,4.83E-05,3.73E-05,7.80E-05,1.31E-05,9.95E-05,3.84E-06
VX,oct,weekend,34,59,2.94E-05,1.92E-05,4.41E-05,4.36E-06,6.55E-05,1.30E-06
VX,oct,weekend,35,59,1.50E-05,8.17E-06,1.59E-05,1.01E-06,3.79E-05,3.67E-08
VX,oct,weekend,36,59,4.56E-06,1.24E-06,5.58E-06,0,9.97E-06,0
VX,oct,weekend,37,59,3.07E-06,0,2.05E-06,0,8.57E-06,0
VX,oct,weekend,38,59,1.33E-06,0,1.35E-06,0,2.30E-06,0
VX,oct,weekend,39,59,7.03E-07,0,1.44E-07,0,1.75E-06,0
VX,oct,weekend,40,59,6.48E-07,0,1.51E-08,0,1.18E-06,0
VX,oct,weekend,41,59,9.53E-07,0,0,0,3.11E-06,0
VX,oct,weekend,42,59,6.13E-07,0,1.55E-08,0,1.83E-06,0
VX,oct,weekend,43,59,6.70E-07,0,0,0,1.31E-06,0
VX,oct,weekend,44,59,5.66E-07,0,0,0,4.40E-07,0
VX,oct,weekend,45,59,4.10E-07,0,0,0,1.18E-06,0
VX,oct,weekend,46,59,3.60E-07,0,0,0,4.18E-07,0
VX,oct,weekend,47,59,6.58E-07,0,0,0,1.27E-07,0
VX,oct,weekend,48,59,5.23E-07,0,0,0,1.39E-07,0
VX,sep,weekday,1,59,7.16E-07,0,0,0,1.01E-07,0
VX,sep,weekday,2,59,6.82E-07,0,0,0,5.93E-08,0
VX,sep,weekday,3,59,7.58E-07,0,0,0,0,0
VX,sep,weekday,4,59,9.18E-07,0,0,0,2.36E-08,0
VX,sep,weekday,5,59,7.48E-07,0,0,0,1.54E-08,0
VX,sep,weekday,6,59,6.67E-07,0,0,0,4.25E-09,0
VX,sep,weekday,7,59,4.90E-07,0,0,0,1.98E-08,0
VX,sep,weekday,8,59,3.83E-07,0,0,0,9.33E-08,0
VX,sep,weekday,9,59,5.20E-07,0,0,0,2.43E-09,0
VX,sep,weekday,10,59,5.56E-07,0,0,0,1.53E-07,0
VX,sep,weekday,11,59,8.42E-07,0,0,0,1.16E-07,0
VX,sep,weekday,12,59,8.59E-07,0,0,0,1.88E-07,0
VX,sep,weekday,13,59,9.24E-07,0,0,0,4.98E-07,0
VX,sep,weekday,14,59,9.28E-07,0,5.45E-08,0,1.72E-06,0
VX,sep,weekday,15,59,2.52E-06,3.40E-07,1.36E-06,0,6.44E-06,0
VX,sep,weekday,16,59,7.00E-06,1.96E-06,9.87E-06,8.61E-08,1.87E-05,0
VX,sep,weekday,17,59,1.57E-05,7.06E-06,2.65E-05,1.70E-06,3.86E-05,2.51E-07
VX,sep,weekday,18,59,3.16E-05,1.75E-05,5.55E-05,1.04E-05,7.55E-05,2.48E-06
VX,sep,weekday,19,59,5.21E-05,3.55E-05,7.64E-05,1.98E-05,0.000114142,5.30E-06
VX,sep,weekday,20,59,7.87E-05,5.79E-05,0.000113962,3.79E-05,0.000160727,7.16E-06
VX,sep,weekday,21,59,0.000109055,0.000108345,0.000149026,4.94E-05,0.000186932,2.37E-05
VX,sep,weekday,22,59,0.000136269,0.000125901,0.000188652,8.16E-05,0.000224694,3.82E-05
VX,sep,weekday,23,59,0.000160462,0.000163326,0.00021181,0.00010893,0.000239406,6.65E-05
VX,sep,weekday,24,59,0.000186582,0.000190517,0.000238712,0.000160941,0.000249798,8.69E-05
VX,sep,weekday,25,59,0.000207381,0.000202929,0.000242989,0.000184477,0.000320981,0.000120845
VX,sep,weekday,26,59,0.000212765,0.000212199,0.000272552,0.000195482,0.000285375,0.000114249
VX,sep,weekday,27,59,0.000220498,0.000234702,0.000249511,0.000200191,0.000295399,0.000143937
VX,sep,weekday,28,59,0.000226104,0.000233255,0.000266394,0.000198802,0.000306227,0.000130868
VX,sep,weekday,29,59,0.000222503,0.0002351,0.000257759,0.000195358,0.000287458,0.00015604
VX,sep,weekday,30,59,0.000217271,0.000207185,0.000262536,0.000187107,0.000299301,0.000135468
VX,sep,weekday,31,59,0.000186111,0.000186826,0.000223733,0.000152661,0.000276147,9.68E-05
VX,sep,weekday,32,59,0.000161255,0.0001615,0.000194349,0.000121672,0.000235655,7.89E-05
VX,sep,weekday,33,59,0.000140203,0.000131127,0.000181628,9.58E-05,0.000216911,5.32E-05
VX,sep,weekday,34,59,0.000102937,0.000100224,0.000137863,5.24E-05,0.000181597,1.94E-05
VX,sep,weekday,35,59,7.24E-05,6.80E-05,9.22E-05,3.07E-05,0.000139015,8.22E-06
VX,sep,weekday,36,59,4.26E-05,2.18E-05,4.51E-05,6.21E-06,0.000104889,1.38E-06
VX,sep,weekday,37,59,1.88E-05,5.53E-06,1.71E-05,1.00E-06,3.14E-05,2.23E-07
VX,sep,weekday,38,59,7.98E-06,9.20E-07,6.13E-06,0,1.19E-05,0
VX,sep,weekday,39,59,3.42E-06,0,1.01E-06,0,2.75E-06,0
VX,sep,weekday,40,59,1.64E-06,0,5.31E-08,0,3.45E-06,0
VX,sep,weekday,41,59,8.86E-07,0,1.90E-08,0,7.78E-07,0
VX,sep,weekday,42,59,7.98E-07,0,0,0,4.95E-07,0
VX,sep,weekday,43,59,8.30E-07,0,0,0,4.95E-07,0
VX,sep,weekday,44,59,7.81E-07,0,0,0,9.75E-07,0
VX,sep,weekday,45,59,7.04E-07,0,0,0,7.46E-07,0
VX,sep,weekday,46,59,9.48E-07,0,0,0,2.49E-07,0
VX,sep,weekday,47,59,9.39E-07,0,0,0,1.65E-07,0
VX,sep,weekday,48,59,5.56E-07,0,0,0,1.65E-07,0
VX,sep,weekend,1,59,6.10E-07,0,0,0,1.38E-07,0
VX,sep,weekend,2,59,5.12E-07,0,0,0,7.75E-09,0
VX,sep,weekend,3,59,6.13E-07,0,0,0,0,0
VX,sep,weekend,4,59,9.25E-07,0,0,0,0,0
VX,sep,weekend,5,59,5.67E-07,0,0,0,0,0
VX,sep,weekend,6,59,3.47E-07,0,0,0,0,0
VX,sep,weekend,7,59,7.28E-07,0,0,0,0,0
VX,sep,weekend,8,59,7.53E-07,0,0,0,8.33E-09,0
VX,sep,weekend,9,59,3.89E-07,0,0,0,6.68E-09,0
VX,sep,weekend,10,59,5.01E-07,0,0,0,1.93E-07,0
VX,sep,weekend,11,59,6.52E-07,0,0,0,9.55E-08,0
VX,sep,weekend,12,59,7.17E-07,0,0,0,1.69E-07,0
VX,sep,weekend,13,59,7.05E-07,0,0,0,6.81E-07,0
VX,sep,weekend,14,59,5.40E-07,0,0,0,3.70E-07,0
VX,sep,weekend,15,59,1.97E-06,1.87E-07,1.94E-06,0,3.19E-06,0
VX,sep,weekend,16,59,5.52E-06,2.30E-06,7.46E-06,2.75E-07,1.47E-05,8.15E-09
VX,sep,weekend,17,59,1.30E-05,9.24E-06,1.84E-05,1.60E-06,3.25E-05,1.68E-07
VX,sep,weekend,18,59,2.30E-05,1.44E-05,3.70E-05,4.83E-06,4.43E-05,2.66E-06
VX,sep,weekend,19,59,4.41E-05,3.09E-05,5.49E-05,8.82E-06,9.69E-05,4.54E-06
VX,sep,weekend,20,59,6.93E-05,5.32E-05,8.97E-05,3.07E-05,0.000128228,6.69E-06
VX,sep,weekend,21,59,0.000100212,9.17E-05,0.000121165,5.23E-05,0.000200226,8.64E-06
VX,sep,weekend,22,59,0.000129546,0.000129374,0.000197815,6.33E-05,0.000203154,1.86E-05
VX,sep,weekend,23,59,0.000156658,0.000153521,0.000213731,7.96E-05,0.000249624,2.69E-05
VX,sep,weekend,24,59,0.000179251,0.000175396,0.000242675,0.000104837,0.000285135,3.45E-05
VX,sep,weekend,25,59,0.000197132,0.000184329,0.000247638,0.000146858,0.000296291,5.00E-05
VX,sep,weekend,26,59,0.000200159,0.000208489,0.000246977,0.000153648,0.000286045,5.88E-05
VX,sep,weekend,27,59,0.000197019,0.000192492,0.000235728,0.000159995,0.000288926,4.51E-05
VX,sep,weekend,28,59,0.000203617,0.000214757,0.000274034,0.000155014,0.000283806,6.57E-05
VX,sep,weekend,29,59,0.000192594,0.000188319,0.000229264,0.000151596,0.000284515,0.000101356
VX,sep,weekend,30,59,0.000188625,0.000176303,0.000214126,0.000151038,0.000261949,6.96E-05
VX,sep,weekend,31,59,0.000173087,0.000165059,0.00022333,0.000122274,0.000252154,3.88E-05
VX,sep,weekend,32,59,0.000150273,0.000143161,0.000193268,0.000104943,0.000217443,6.38E-05
VX,sep,weekend,33,59,0.000125069,0.00010674,0.000152364,6.46E-05,0.000203976,5.47E-05
VX,sep,weekend,34,59,9.62E-05,7.57E-05,0.000119772,4.06E-05,0.000160844,1.38E-05
VX,sep,weekend,35,59,6.54E-05,4.66E-05,8.64E-05,2.38E-05,0.000123055,4.69E-06
VX,sep,weekend,36,59,4.03E-05,1.61E-05,4.51E-05,6.90E-06,7.67E-05,1.46E-06
VX,sep,weekend,37,59,1.88E-05,4.83E-06,2.62E-05,6.15E-07,4.13E-05,0
VX,sep,weekend,38,59,8.66E-06,2.62E-07,6.62E-06,0,1.93E-05,0
VX,sep,weekend,39,59,3.80E-06,0,2.29E-07,0,5.70E-06,0
VX,sep,weekend,40,59,1.54E-06,0,5.74E-08,0,2.33E-06,0
VX,sep,weekend,41,59,1.05E-06,0,0,0,5.53E-07,0
VX,sep,weekend,42,59,1.13E-06,0,0,0,6.55E-07,0
VX,sep,weekend,43,59,9.72E-07,0,0,0,2.25E-06,0
VX,sep,weekend,44,59,1.05E-06,0,0,0,2.27E-06,0
VX,sep,weekend,45,59,6.87E-07,0,0,0,1.74E-06,0
VX,sep,weekend,46,59,8.87E-07,0,0,0,4.54E-07,0
VX,sep,weekend,47,59,9.35E-07,0,0,0,3.92E-07,0
VX,sep,weekend,48,59,4.53E-07,0,0,0,5.82E-08,0
X,apr,weekday,1,501,1.23E-06,0,0,0,0,0
X,apr,weekday,2,501,1.04E-06,0,0,0,0,0
X,apr,weekday,3,501,8.55E-07,0,0,0,0,0
X,apr,weekday,4,501,7.51E-07,0,0,0,0,0
X,apr,weekday,5,501,6.22E-07,0,0,0,0,0
X,apr,weekday,6,501,3.86E-07,0,0,0,0,0
X,apr,weekday,7,501,3.83E-07,0,0,0,0,0
X,apr,weekday,8,501,3.10E-07,0,0,0,0,0
X,apr,weekday,9,501,2.23E-07,0,0,0,0,0
X,apr,weekday,10,501,1.48E-07,0,0,0,0,0
X,apr,weekday,11,501,1.51E-07,0,0,0,0,0
X,apr,weekday,12,501,2.00E-07,0,0,0,0,0
X,apr,weekday,13,501,4.75E-07,0,8.32E-08,0,6.84E-07,0
X,apr,weekday,14,501,2.95E-06,4.73E-07,2.79E-06,0,7.77E-06,0
X,apr,weekday,15,501,1.07E-05,4.10E-06,1.44E-05,6.92E-07,2.98E-05,0
X,apr,weekday,16,501,2.52E-05,1.30E-05,3.53E-05,3.24E-06,6.57E-05,4.46E-07
X,apr,weekday,17,501,4.65E-05,3.30E-05,7.27E-05,1.01E-05,0.000104027,2.11E-06
X,apr,weekday,18,501,7.36E-05,6.45E-05,0.000110475,2.62E-05,0.000152259,5.61E-06
X,apr,weekday,19,501,0.000104104,0.000102612,0.000146168,5.32E-05,0.000186399,1.64E-05
X,apr,weekday,20,501,0.000137575,0.000141229,0.000183212,8.31E-05,0.000223384,3.47E-05
X,apr,weekday,21,501,0.000171329,0.000181026,0.000216444,0.000126727,0.000251594,6.25E-05
X,apr,weekday,22,501,0.000203551,0.00020843,0.00024568,0.000163892,0.000287433,0.00011115
X,apr,weekday,23,501,0.000228576,0.000233583,0.000269154,0.000194024,0.000307519,0.000132933
X,apr,weekday,24,501,0.000251105,0.000255438,0.000290188,0.000220627,0.000327632,0.000171345
X,apr,weekday,25,501,0.000268358,0.000267607,0.000303137,0.000236637,0.000344479,0.000190498
X,apr,weekday,26,501,0.000274606,0.000274193,0.00031152,0.000240844,0.00034962,0.000202154
X,apr,weekday,27,501,0.000282239,0.00027871,0.000310186,0.000245991,0.000359355,0.000216416
X,apr,weekday,28,501,0.000279006,0.000276817,0.000314497,0.000241436,0.000368253,0.000204479
X,apr,weekday,29,501,0.000266723,0.000265949,0.000305649,0.000225999,0.000357643,0.000189481
X,apr,weekday,30,501,0.000248866,0.000245999,0.00029072,0.000207699,0.000333801,0.000168095
X,apr,weekday,31,501,0.000223773,0.000220848,0.000265385,0.000179122,0.000322743,0.000133558
X,apr,weekday,32,501,0.000191555,0.000189267,0.000232583,0.000144123,0.000285217,9.42E-05
X,apr,weekday,33,501,0.000155005,0.00015411,0.000196833,0.000108073,0.000244968,5.87E-05
X,apr,weekday,34,501,0.000119954,0.000118273,0.000159408,6.73E-05,0.000205125,3.10E-05
X,apr,weekday,35,501,8.54E-05,7.72E-05,0.000116976,3.59E-05,0.000164881,1.64E-05
X,apr,weekday,36,501,5.66E-05,4.43E-05,8.11E-05,1.57E-05,0.000126923,4.22E-06
X,apr,weekday,37,501,3.23E-05,1.63E-05,4.72E-05,4.84E-06,8.42E-05,4.05E-07
X,apr,weekday,38,501,1.66E-05,4.03E-06,2.12E-05,6.31E-07,5.12E-05,0
X,apr,weekday,39,501,7.06E-06,4.87E-07,4.40E-06,0,1.81E-05,0
X,apr,weekday,40,501,2.72E-06,0,2.90E-07,0,2.84E-06,0
X,apr,weekday,41,501,1.79E-06,0,0,0,3.14E-08,0
X,apr,weekday,42,501,1.72E-06,0,0,0,0,0
X,apr,weekday,43,501,1.64E-06,0,0,0,0,0
X,apr,weekday,44,501,1.44E-06,0,0,0,0,0
X,apr,weekday,45,501,1.44E-06,0,0,0,0,0
X,apr,weekday,46,501,1.35E-06,0,0,0,0,0
X,apr,weekday,47,501,1.34E-06,0,0,0,0,0
X,apr,weekday,48,501,1.31E-06,0,0,0,0,0
X,apr,weekend,1,501,1.83E-06,0,0,0,0,0
X,apr,weekend,2,501,1.46E-06,0,0,0,0,0
X,apr,weekend,3,501,1.08E-06,0,0,0,0,0
X,apr,weekend,4,501,9.96E-07,0,0,0,0,0
X,apr,weekend,5,501,6.62E-07,0,0,0,0,0
X,apr,weekend,6,501,5.20E-07,0,0,0,0,0
X,apr,weekend,7,501,3.53E-07,0,0,0,0,0
X,apr,weekend,8,501,2.73E-07,0,0,0,0,0
X,apr,weekend,9,501,2.98E-07,0,0,0,0,0
X,apr,weekend,10,501,1.52E-07,0,0,0,0,0
X,apr,weekend,11,501,1.93E-07,0,0,0,0,0
X,apr,weekend,12,501,2.18E-07,0,0,0,0,0
X,apr,weekend,13,501,8.36E-07,0,1.84E-07,0,1.58E-06,0
X,apr,weekend,14,501,5.04E-06,4.96E-07,3.92E-06,0,1.48E-05,0
X,apr,weekend,15,501,1.72E-05,4.60E-06,2.05E-05,5.55E-07,4.96E-05,0
X,apr,weekend,16,501,3.90E-05,1.58E-05,5.82E-05,3.31E-06,0.000102503,4.87E-07
X,apr,weekend,17,501,7.06E-05,4.04E-05,0.000106325,1.18E-05,0.000167354,2.07E-06
X,apr,weekend,18,501,0.000110784,8.67E-05,0.000172193,3.03E-05,0.000245038,5.80E-06
X,apr,weekend,19,501,0.000153903,0.000140853,0.000223669,5.76E-05,0.000300925,1.34E-05
X,apr,weekend,20,501,0.00020238,0.000201704,0.000285262,0.000103998,0.000366318,3.42E-05
X,apr,weekend,21,501,0.000248514,0.000251524,0.000332595,0.000161574,0.000398571,6.87E-05
X,apr,weekend,22,501,0.000287489,0.000289772,0.000362955,0.000207022,0.000436211,0.000117121
X,apr,weekend,23,501,0.00032084,0.000317477,0.0003961,0.000247081,0.000473176,0.00015627
X,apr,weekend,24,501,0.0003486,0.00034704,0.000410061,0.000284481,0.000490942,0.000195521
X,apr,weekend,25,501,0.000359465,0.000356799,0.000418087,0.00029824,0.000487448,0.00023789
X,apr,weekend,26,501,0.000357849,0.000350527,0.000417972,0.000293736,0.000481283,0.000225852
X,apr,weekend,27,501,0.000353551,0.000348789,0.00041019,0.000292419,0.000479391,0.000216923
X,apr,weekend,28,501,0.000341835,0.000336702,0.000395324,0.000277711,0.000470732,0.000223133
X,apr,weekend,29,501,0.000328021,0.00031797,0.000380756,0.000271012,0.000473604,0.000210427
X,apr,weekend,30,501,0.000302769,0.000294656,0.000356591,0.000241159,0.000453086,0.000178917
X,apr,weekend,31,501,0.000271288,0.000260744,0.000332259,0.000206981,0.000403263,0.000144076
X,apr,weekend,32,501,0.000231406,0.000220265,0.000297616,0.00016471,0.000357448,0.00011379
X,apr,weekend,33,501,0.000190273,0.000185157,0.000249473,0.000128072,0.000304012,6.93E-05
X,apr,weekend,34,501,0.000146568,0.000143761,0.000195084,8.29E-05,0.000266642,3.79E-05
X,apr,weekend,35,501,0.000103191,9.01E-05,0.000142922,4.26E-05,0.000204957,1.86E-05
X,apr,weekend,36,501,6.65E-05,5.15E-05,9.05E-05,1.94E-05,0.000145194,4.60E-06
X,apr,weekend,37,501,3.67E-05,1.95E-05,5.00E-05,4.48E-06,9.25E-05,2.40E-07
X,apr,weekend,38,501,1.76E-05,4.57E-06,2.11E-05,3.86E-07,5.42E-05,0
X,apr,weekend,39,501,7.06E-06,2.25E-07,4.37E-06,0,1.49E-05,0
X,apr,weekend,40,501,2.92E-06,0,9.95E-08,0,1.98E-06,0
X,apr,weekend,41,501,2.17E-06,0,0,0,0,0
X,apr,weekend,42,501,1.97E-06,0,0,0,0,0
X,apr,weekend,43,501,1.97E-06,0,0,0,0,0
X,apr,weekend,44,501,2.00E-06,0,0,0,0,0
X,apr,weekend,45,501,1.99E-06,0,0,0,0,0
X,apr,weekend,46,501,1.96E-06,0,0,0,0,0
X,apr,weekend,47,501,1.76E-06,0,0,0,0,0
X,apr,weekend,48,501,1.59E-06,0,0,0,0,0
X,aug,weekday,1,501,9.13E-07,0,0,0,0,0
X,aug,weekday,2,501,8.01E-07,0,0,0,0,0
X,aug,weekday,3,501,7.97E-07,0,0,0,0,0
X,aug,weekday,4,501,6.92E-07,0,0,0,0,0
X,aug,weekday,5,501,5.32E-07,0,0,0,0,0
X,aug,weekday,6,501,3.47E-07,0,0,0,0,0
X,aug,weekday,7,501,2.85E-07,0,0,0,0,0
X,aug,weekday,8,501,2.22E-07,0,0,0,0,0
X,aug,weekday,9,501,1.61E-07,0,0,0,0,0
X,aug,weekday,10,501,2.09E-07,0,0,0,0,0
X,aug,weekday,11,501,2.30E-07,0,0,0,0,0
X,aug,weekday,12,501,2.37E-07,0,0,0,2.84E-08,0
X,aug,weekday,13,501,8.27E-07,0,3.43E-07,0,1.59E-06,0
X,aug,weekday,14,501,4.11E-06,1.19E-06,4.57E-06,5.51E-08,1.17E-05,0
X,aug,weekday,15,501,1.25E-05,5.96E-06,1.63E-05,1.05E-06,3.63E-05,0
X,aug,weekday,16,501,2.75E-05,1.74E-05,4.07E-05,4.94E-06,6.49E-05,6.73E-07
X,aug,weekday,17,501,4.80E-05,3.86E-05,7.22E-05,1.37E-05,0.000102531,2.64E-06
X,aug,weekday,18,501,7.26E-05,6.46E-05,0.000108523,2.96E-05,0.000140124,1.11E-05
X,aug,weekday,19,501,0.000100792,9.63E-05,0.000139975,5.63E-05,0.000176014,2.01E-05
X,aug,weekday,20,501,0.000131445,0.000128326,0.000172045,8.60E-05,0.000211723,4.12E-05
X,aug,weekday,21,501,0.000160593,0.000161886,0.000198681,0.000120785,0.000237389,6.64E-05
X,aug,weekday,22,501,0.000189509,0.000192109,0.000227669,0.000152835,0.000269628,9.97E-05
X,aug,weekday,23,501,0.000208846,0.000211052,0.000247448,0.000173243,0.000290525,0.000122281
X,aug,weekday,24,501,0.000225627,0.000225202,0.000261227,0.000192377,0.000308721,0.000146344
X,aug,weekday,25,501,0.000238409,0.000236884,0.000270749,0.000203929,0.000322194,0.000170121
X,aug,weekday,26,501,0.000243673,0.000241539,0.000276257,0.000209928,0.000318698,0.000184278
X,aug,weekday,27,501,0.000246298,0.000242289,0.000278107,0.000213626,0.000329186,0.000181909
X,aug,weekday,28,501,0.000247036,0.000241587,0.000278592,0.000212607,0.000327109,0.000176455
X,aug,weekday,29,501,0.00024056,0.000233934,0.000273081,0.000201895,0.000322078,0.000173717
X,aug,weekday,30,501,0.000227984,0.000221899,0.000261641,0.00019206,0.000302144,0.00015794
X,aug,weekday,31,501,0.000208246,0.000202067,0.00024544,0.000165558,0.000288724,0.000132029
X,aug,weekday,32,501,0.000184609,0.00018148,0.000224004,0.000142053,0.000272202,0.000100924
X,aug,weekday,33,501,0.000155298,0.000155176,0.000193648,0.000108119,0.000239556,7.10E-05
X,aug,weekday,34,501,0.000122281,0.000119067,0.000165025,7.42E-05,0.000203394,4.24E-05
X,aug,weekday,35,501,9.15E-05,8.12E-05,0.000122639,4.22E-05,0.000170145,2.19E-05
X,aug,weekday,36,501,6.19E-05,5.11E-05,8.93E-05,2.19E-05,0.000133324,6.84E-06
X,aug,weekday,37,501,3.73E-05,2.33E-05,5.22E-05,7.53E-06,9.05E-05,1.51E-06
X,aug,weekday,38,501,2.04E-05,7.56E-06,2.86E-05,1.86E-06,5.58E-05,0
X,aug,weekday,39,501,9.47E-06,1.42E-06,9.06E-06,1.14E-07,2.43E-05,0
X,aug,weekday,40,501,3.81E-06,1.12E-07,1.14E-06,0,5.49E-06,0
X,aug,weekday,41,501,1.99E-06,0,0,0,5.63E-07,0
X,aug,weekday,42,501,1.70E-06,0,0,0,0,0
X,aug,weekday,43,501,1.54E-06,0,0,0,0,0
X,aug,weekday,44,501,1.32E-06,0,0,0,0,0
X,aug,weekday,45,501,1.22E-06,0,0,0,0,0
X,aug,weekday,46,501,1.27E-06,0,0,0,0,0
X,aug,weekday,47,501,1.10E-06,0,0,0,0,0
X,aug,weekday,48,501,1.06E-06,0,0,0,0,0
X,aug,weekend,1,501,8.94E-07,0,0,0,0,0
X,aug,weekend,2,501,1.05E-06,0,0,0,0,0
X,aug,weekend,3,501,7.50E-07,0,0,0,0,0
X,aug,weekend,4,501,4.13E-07,0,0,0,0,0
X,aug,weekend,5,501,4.87E-07,0,0,0,0,0
X,aug,weekend,6,501,3.40E-07,0,0,0,0,0
X,aug,weekend,7,501,3.40E-07,0,0,0,0,0
X,aug,weekend,8,501,1.87E-07,0,0,0,0,0
X,aug,weekend,9,501,2.44E-07,0,0,0,0,0
X,aug,weekend,10,501,1.18E-07,0,0,0,0,0
X,aug,weekend,11,501,2.67E-07,0,0,0,0,0
X,aug,weekend,12,501,3.46E-07,0,0,0,0,0
X,aug,weekend,13,501,6.29E-07,0,1.68E-07,0,1.03E-06,0
X,aug,weekend,14,501,2.93E-06,5.71E-07,2.98E-06,0,7.63E-06,0
X,aug,weekend,15,501,1.01E-05,4.28E-06,1.24E-05,6.14E-07,2.54E-05,0
X,aug,weekend,16,501,2.21E-05,1.42E-05,3.20E-05,3.72E-06,5.69E-05,2.91E-07
X,aug,weekend,17,501,3.98E-05,3.09E-05,5.87E-05,1.28E-05,8.58E-05,2.13E-06
X,aug,weekend,18,501,5.83E-05,5.13E-05,8.29E-05,2.37E-05,0.000113458,7.52E-06
X,aug,weekend,19,501,8.09E-05,7.63E-05,0.000111718,4.46E-05,0.000143164,1.39E-05
X,aug,weekend,20,501,0.000104604,0.000103685,0.000139132,6.93E-05,0.000171286,2.93E-05
X,aug,weekend,21,501,0.00012626,0.000124062,0.000157441,9.09E-05,0.000195723,4.81E-05
X,aug,weekend,22,501,0.000146983,0.000147503,0.000179855,0.000113726,0.000212137,6.49E-05
X,aug,weekend,23,501,0.000164393,0.000164086,0.000202591,0.000125146,0.000235211,8.51E-05
X,aug,weekend,24,501,0.000183236,0.000177739,0.000218157,0.000140749,0.000266346,9.75E-05
X,aug,weekend,25,501,0.0001922,0.000189367,0.000230952,0.000147542,0.000287919,9.91E-05
X,aug,weekend,26,501,0.000201232,0.00019356,0.000239166,0.000155568,0.000303989,0.000112017
X,aug,weekend,27,501,0.000208402,0.000200832,0.000245614,0.000163692,0.000296009,0.000123123
X,aug,weekend,28,501,0.000212469,0.000204659,0.000250534,0.000162242,0.000297956,0.000126994
X,aug,weekend,29,501,0.000209277,0.000202101,0.000249684,0.000154259,0.000297978,0.000123898
X,aug,weekend,30,501,0.000197726,0.0001913,0.000233135,0.000147551,0.000282563,0.000110226
X,aug,weekend,31,501,0.000185504,0.000179539,0.000223543,0.000133968,0.000277868,0.000102332
X,aug,weekend,32,501,0.000164469,0.000158716,0.000201139,0.000116932,0.000257073,7.98E-05
X,aug,weekend,33,501,0.000138676,0.000130799,0.000174889,8.93E-05,0.000227187,5.55E-05
X,aug,weekend,34,501,0.000114129,0.000104242,0.000145877,6.27E-05,0.000198833,3.23E-05
X,aug,weekend,35,501,8.75E-05,7.46E-05,0.000115086,4.15E-05,0.000163076,2.02E-05
X,aug,weekend,36,501,5.84E-05,4.42E-05,8.09E-05,2.01E-05,0.000129095,7.56E-06
X,aug,weekend,37,501,3.49E-05,2.11E-05,5.06E-05,7.15E-06,8.60E-05,8.38E-07
X,aug,weekend,38,501,1.83E-05,7.02E-06,2.39E-05,1.49E-06,4.97E-05,0
X,aug,weekend,39,501,8.36E-06,1.54E-06,6.88E-06,0,2.04E-05,0
X,aug,weekend,40,501,3.58E-06,0,1.02E-06,0,4.54E-06,0
X,aug,weekend,41,501,1.96E-06,0,0,0,3.75E-07,0
X,aug,weekend,42,501,1.38E-06,0,0,0,0,0
X,aug,weekend,43,501,1.67E-06,0,0,0,0,0
X,aug,weekend,44,501,1.63E-06,0,0,0,0,0
X,aug,weekend,45,501,1.02E-06,0,0,0,0,0
X,aug,weekend,46,501,1.38E-06,0,0,0,0,0
X,aug,weekend,47,501,1.26E-06,0,0,0,0,0
X,aug,weekend,48,501,1.08E-06,0,0,0,0,0
X,dec,weekday,1,501,2.44E-07,0,0,0,0,0
X,dec,weekday,2,501,3.88E-07,0,0,0,0,0
X,dec,weekday,3,501,2.79E-07,0,0,0,0,0
X,dec,weekday,4,501,2.28E-07,0,0,0,0,0
X,dec,weekday,5,501,2.29E-07,0,0,0,0,0
X,dec,weekday,6,501,2.08E-07,0,0,0,0,0
X,dec,weekday,7,501,2.39E-07,0,0,0,0,0
X,dec,weekday,8,501,2.28E-07,0,0,0,0,0
X,dec,weekday,9,501,2.93E-07,0,0,0,0,0
X,dec,weekday,10,501,2.18E-07,0,0,0,0,0
X,dec,weekday,11,501,3.42E-07,0,0,0,0,0
X,dec,weekday,12,501,2.25E-07,0,0,0,0,0
X,dec,weekday,13,501,3.23E-07,0,0,0,0,0
X,dec,weekday,14,501,2.32E-07,0,0,0,0,0
X,dec,weekday,15,501,2.97E-07,0,0,0,0,0
X,dec,weekday,16,501,3.13E-07,0,0,0,0,0
X,dec,weekday,17,501,2.89E-07,0,0,0,1.71E-07,0
X,dec,weekday,18,501,1.59E-06,8.36E-08,1.37E-06,0,4.55E-06,0
X,dec,weekday,19,501,6.12E-06,2.23E-06,9.21E-06,6.68E-08,1.94E-05,0
X,dec,weekday,20,501,1.39E-05,9.33E-06,2.20E-05,1.44E-06,3.68E-05,0
X,dec,weekday,21,501,2.20E-05,1.74E-05,3.42E-05,4.17E-06,5.18E-05,3.69E-07
X,dec,weekday,22,501,2.89E-05,2.60E-05,4.48E-05,8.35E-06,6.01E-05,1.05E-06
X,dec,weekday,23,501,3.31E-05,3.13E-05,4.87E-05,1.25E-05,6.49E-05,2.08E-06
X,dec,weekday,24,501,3.59E-05,3.43E-05,5.08E-05,1.60E-05,6.79E-05,3.17E-06
X,dec,weekday,25,501,3.49E-05,3.43E-05,5.04E-05,1.54E-05,6.67E-05,2.39E-06
X,dec,weekday,26,501,3.17E-05,2.86E-05,4.74E-05,1.36E-05,6.15E-05,1.45E-06
X,dec,weekday,27,501,2.68E-05,2.47E-05,4.06E-05,7.78E-06,5.48E-05,1.02E-06
X,dec,weekday,28,501,2.12E-05,1.75E-05,3.32E-05,5.46E-06,4.87E-05,5.12E-07
X,dec,weekday,29,501,1.38E-05,8.84E-06,2.17E-05,1.80E-06,3.63E-05,0
X,dec,weekday,30,501,6.45E-06,2.57E-06,8.85E-06,2.19E-07,1.78E-05,0
X,dec,weekday,31,501,1.60E-06,8.85E-08,1.07E-06,0,4.22E-06,0
X,dec,weekday,32,501,5.18E-07,0,0,0,1.35E-07,0
X,dec,weekday,33,501,1.27E-06,0,0,0,0,0
X,dec,weekday,34,501,1.17E-06,0,0,0,0,0
X,dec,weekday,35,501,4.25E-07,0,0,0,0,0
X,dec,weekday,36,501,2.08E-07,0,0,0,0,0
X,dec,weekday,37,501,2.16E-07,0,0,0,0,0
X,dec,weekday,38,501,2.34E-07,0,0,0,0,0
X,dec,weekday,39,501,2.68E-07,0,0,0,0,0
X,dec,weekday,40,501,2.97E-07,0,0,0,0,0
X,dec,weekday,41,501,3.06E-07,0,0,0,0,0
X,dec,weekday,42,501,3.08E-07,0,0,0,0,0
X,dec,weekday,43,501,2.68E-07,0,0,0,0,0
X,dec,weekday,44,501,2.87E-07,0,0,0,0,0
X,dec,weekday,45,501,3.15E-07,0,0,0,0,0
X,dec,weekday,46,501,3.12E-07,0,0,0,0,0
X,dec,weekday,47,501,2.83E-07,0,0,0,0,0
X,dec,weekday,48,501,2.62E-07,0,0,0,0,0
X,dec,weekend,1,501,2.80E-07,0,0,0,0,0
X,dec,weekend,2,501,2.55E-07,0,0,0,0,0
X,dec,weekend,3,501,2.04E-07,0,0,0,0,0
X,dec,weekend,4,501,2.59E-07,0,0,0,0,0
X,dec,weekend,5,501,3.77E-07,0,0,0,0,0
X,dec,weekend,6,501,3.13E-07,0,0,0,0,0
X,dec,weekend,7,501,2.29E-07,0,0,0,0,0
X,dec,weekend,8,501,2.75E-07,0,0,0,0,0
X,dec,weekend,9,501,2.50E-07,0,0,0,0,0
X,dec,weekend,10,501,2.16E-07,0,0,0,0,0
X,dec,weekend,11,501,2.31E-07,0,0,0,0,0
X,dec,weekend,12,501,2.02E-07,0,0,0,0,0
X,dec,weekend,13,501,2.39E-07,0,0,0,0,0
X,dec,weekend,14,501,2.26E-07,0,0,0,0,0
X,dec,weekend,15,501,3.17E-07,0,0,0,0,0
X,dec,weekend,16,501,2.16E-07,0,0,0,0,0
X,dec,weekend,17,501,2.39E-07,0,0,0,0,0
X,dec,weekend,18,501,1.78E-06,0,1.07E-06,0,5.75E-06,0
X,dec,weekend,19,501,7.17E-06,1.55E-06,9.36E-06,0,2.27E-05,0
X,dec,weekend,20,501,1.52E-05,8.20E-06,2.22E-05,6.03E-07,4.04E-05,0
X,dec,weekend,21,501,2.36E-05,1.35E-05,3.77E-05,1.89E-06,6.06E-05,0
X,dec,weekend,22,501,3.08E-05,2.19E-05,4.73E-05,5.20E-06,7.17E-05,3.40E-07
X,dec,weekend,23,501,3.48E-05,2.71E-05,5.41E-05,7.83E-06,7.84E-05,2.38E-07
X,dec,weekend,24,501,3.71E-05,3.19E-05,5.58E-05,9.38E-06,8.11E-05,1.09E-06
X,dec,weekend,25,501,3.48E-05,2.84E-05,5.12E-05,6.77E-06,7.82E-05,4.81E-07
X,dec,weekend,26,501,3.15E-05,2.23E-05,4.70E-05,7.11E-06,7.18E-05,4.17E-07
X,dec,weekend,27,501,2.60E-05,1.65E-05,4.11E-05,3.19E-06,6.29E-05,9.30E-08
X,dec,weekend,28,501,1.94E-05,9.51E-06,3.14E-05,1.25E-06,5.06E-05,0
X,dec,weekend,29,501,1.19E-05,3.35E-06,1.69E-05,1.24E-07,3.60E-05,0
X,dec,weekend,30,501,5.44E-06,4.46E-07,5.94E-06,0,1.63E-05,0
X,dec,weekend,31,501,1.54E-06,0,3.57E-07,0,3.24E-06,0
X,dec,weekend,32,501,5.04E-07,0,0,0,0,0
X,dec,weekend,33,501,1.24E-06,0,0,0,0,0
X,dec,weekend,34,501,1.23E-06,0,0,0,0,0
X,dec,weekend,35,501,5.15E-07,0,0,0,0,0
X,dec,weekend,36,501,2.95E-07,0,0,0,0,0
X,dec,weekend,37,501,3.02E-07,0,0,0,0,0
X,dec,weekend,38,501,3.53E-07,0,0,0,0,0
X,dec,weekend,39,501,2.78E-07,0,0,0,0,0
X,dec,weekend,40,501,3.06E-07,0,0,0,0,0
X,dec,weekend,41,501,3.81E-07,0,0,0,0,0
X,dec,weekend,42,501,2.54E-07,0,0,0,0,0
X,dec,weekend,43,501,2.79E-07,0,0,0,0,0
X,dec,weekend,44,501,2.80E-07,0,0,0,0,0
X,dec,weekend,45,501,2.83E-07,0,0,0,0,0
X,dec,weekend,46,501,3.44E-07,0,0,0,0,0
X,dec,weekend,47,501,2.38E-07,0,0,0,0,0
X,dec,weekend,48,501,2.53E-07,0,0,0,0,0
X,feb,weekday,1,501,2.59E-07,0,0,0,0,0
X,feb,weekday,2,501,2.78E-07,0,0,0,0,0
X,feb,weekday,3,501,1.11E-07,0,0,0,0,0
X,feb,weekday,4,501,8.02E-08,0,0,0,0,0
X,feb,weekday,5,501,1.64E-07,0,0,0,0,0
X,feb,weekday,6,501,1.15E-07,0,0,0,0,0
X,feb,weekday,7,501,1.34E-07,0,0,0,0,0
X,feb,weekday,8,501,9.09E-08,0,0,0,0,0
X,feb,weekday,9,501,1.79E-07,0,0,0,0,0
X,feb,weekday,10,501,1.08E-07,0,0,0,0,0
X,feb,weekday,11,501,1.42E-07,0,0,0,0,0
X,feb,weekday,12,501,1.23E-07,0,0,0,0,0
X,feb,weekday,13,501,1.84E-07,0,0,0,0,0
X,feb,weekday,14,501,2.71E-07,0,0,0,0,0
X,feb,weekday,15,501,3.95E-07,0,0,0,7.43E-08,0
X,feb,weekday,16,501,1.73E-06,4.53E-08,1.08E-06,0,4.56E-06,0
X,feb,weekday,17,501,8.58E-06,2.24E-06,1.25E-05,1.93E-07,2.67E-05,0
X,feb,weekday,18,501,2.43E-05,1.37E-05,3.67E-05,2.26E-06,6.45E-05,1.17E-07
X,feb,weekday,19,501,4.48E-05,3.73E-05,6.87E-05,9.90E-06,0.000102556,1.04E-06
X,feb,weekday,20,501,6.79E-05,6.43E-05,0.000103929,2.40E-05,0.000137129,5.39E-06
X,feb,weekday,21,501,9.19E-05,9.35E-05,0.000131571,4.74E-05,0.000170314,1.03E-05
X,feb,weekday,22,501,0.000108983,0.000112341,0.00014943,6.39E-05,0.000191388,2.20E-05
X,feb,weekday,23,501,0.000121529,0.000123877,0.000161806,7.94E-05,0.000202494,3.00E-05
X,feb,weekday,24,501,0.000127546,0.000130621,0.000166908,9.18E-05,0.00019339,4.36E-05
X,feb,weekday,25,501,0.000127295,0.000130551,0.000162381,9.52E-05,0.000198471,4.79E-05
X,feb,weekday,26,501,0.00012444,0.000125793,0.000158965,8.95E-05,0.000193894,4.92E-05
X,feb,weekday,27,501,0.000117007,0.000117178,0.00014991,7.99E-05,0.000187914,4.57E-05
X,feb,weekday,28,501,0.000106659,0.000107984,0.000141134,7.23E-05,0.00017463,3.52E-05
X,feb,weekday,29,501,9.11E-05,9.24E-05,0.000126936,5.64E-05,0.000153127,1.81E-05
X,feb,weekday,30,501,7.05E-05,6.82E-05,0.00010255,3.73E-05,0.00012653,8.78E-06
X,feb,weekday,31,501,4.94E-05,4.21E-05,7.46E-05,1.78E-05,0.00010634,2.80E-06
X,feb,weekday,32,501,2.95E-05,2.32E-05,4.55E-05,5.55E-06,6.95E-05,4.19E-07
X,feb,weekday,33,501,1.34E-05,5.99E-06,1.84E-05,6.02E-07,3.56E-05,0
X,feb,weekday,34,501,4.49E-06,3.31E-07,3.18E-06,0,1.02E-05,0
X,feb,weekday,35,501,1.23E-06,0,3.52E-08,0,5.52E-07,0
X,feb,weekday,36,501,8.47E-07,0,0,0,0,0
X,feb,weekday,37,501,8.10E-07,0,0,0,0,0
X,feb,weekday,38,501,6.52E-07,0,0,0,0,0
X,feb,weekday,39,501,7.35E-07,0,0,0,0,0
X,feb,weekday,40,501,6.64E-07,0,0,0,0,0
X,feb,weekday,41,501,6.77E-07,0,0,0,0,0
X,feb,weekday,42,501,7.31E-07,0,0,0,0,0
X,feb,weekday,43,501,5.58E-07,0,0,0,0,0
X,feb,weekday,44,501,4.72E-07,0,0,0,0,0
X,feb,weekday,45,501,4.50E-07,0,0,0,0,0
X,feb,weekday,46,501,3.64E-07,0,0,0,0,0
X,feb,weekday,47,501,3.07E-07,0,0,0,0,0
X,feb,weekday,48,501,2.73E-07,0,0,0,0,0
X,feb,weekend,1,501,2.91E-07,0,0,0,0,0
X,feb,weekend,2,501,3.05E-07,0,0,0,0,0
X,feb,weekend,3,501,1.58E-07,0,0,0,0,0
X,feb,weekend,4,501,6.42E-08,0,0,0,0,0
X,feb,weekend,5,501,1.37E-07,0,0,0,0,0
X,feb,weekend,6,501,1.60E-07,0,0,0,0,0
X,feb,weekend,7,501,2.61E-07,0,0,0,0,0
X,feb,weekend,8,501,1.07E-07,0,0,0,0,0
X,feb,weekend,9,501,9.75E-08,0,0,0,0,0
X,feb,weekend,10,501,6.51E-08,0,0,0,0,0
X,feb,weekend,11,501,1.31E-07,0,0,0,0,0
X,feb,weekend,12,501,2.57E-07,0,0,0,0,0
X,feb,weekend,13,501,2.19E-07,0,0,0,0,0
X,feb,weekend,14,501,3.00E-07,0,0,0,0,0
X,feb,weekend,15,501,6.97E-07,0,0,0,7.98E-07,0
X,feb,weekend,16,501,4.96E-06,2.63E-07,5.45E-06,0,1.72E-05,0
X,feb,weekend,17,501,1.58E-05,4.67E-06,2.42E-05,9.75E-08,4.58E-05,0
X,feb,weekend,18,501,2.92E-05,1.91E-05,4.46E-05,2.32E-06,7.74E-05,0
X,feb,weekend,19,501,4.54E-05,3.80E-05,7.61E-05,7.23E-06,0.000101348,3.96E-07
X,feb,weekend,20,501,6.18E-05,5.82E-05,9.49E-05,2.03E-05,0.000125508,2.58E-06
X,feb,weekend,21,501,7.97E-05,7.98E-05,0.000115959,3.49E-05,0.000148171,5.20E-06
X,feb,weekend,22,501,9.50E-05,9.73E-05,0.000134291,5.34E-05,0.000166534,8.56E-06
X,feb,weekend,23,501,0.000108611,0.000108221,0.000148598,6.69E-05,0.000186228,2.19E-05
X,feb,weekend,24,501,0.000119146,0.000117237,0.000158504,7.80E-05,0.000197442,3.60E-05
X,feb,weekend,25,501,0.000121331,0.000118726,0.000160216,7.97E-05,0.000196977,3.47E-05
X,feb,weekend,26,501,0.000121597,0.00011999,0.000161797,8.05E-05,0.000201508,3.84E-05
X,feb,weekend,27,501,0.000114971,0.000109964,0.000147778,7.38E-05,0.000191916,3.77E-05
X,feb,weekend,28,501,0.000105136,0.000101799,0.000139563,6.77E-05,0.000178139,2.89E-05
X,feb,weekend,29,501,9.02E-05,8.96E-05,0.000121478,5.42E-05,0.000155365,1.81E-05
X,feb,weekend,30,501,7.28E-05,7.10E-05,0.000102843,3.25E-05,0.000131901,6.78E-06
X,feb,weekend,31,501,5.41E-05,5.00E-05,8.05E-05,1.71E-05,0.000108576,1.83E-06
X,feb,weekend,32,501,3.49E-05,2.68E-05,5.62E-05,4.94E-06,8.25E-05,0
X,feb,weekend,33,501,1.86E-05,7.13E-06,2.84E-05,6.44E-07,4.71E-05,0
X,feb,weekend,34,501,7.24E-06,6.08E-07,7.80E-06,0,2.05E-05,0
X,feb,weekend,35,501,1.32E-06,0,1.98E-07,0,1.83E-06,0
X,feb,weekend,36,501,7.88E-07,0,0,0,0,0
X,feb,weekend,37,501,7.48E-07,0,0,0,0,0
X,feb,weekend,38,501,7.92E-07,0,0,0,0,0
X,feb,weekend,39,501,7.45E-07,0,0,0,0,0
X,feb,weekend,40,501,7.48E-07,0,0,0,0,0
X,feb,weekend,41,501,6.57E-07,0,0,0,0,0
X,feb,weekend,42,501,6.48E-07,0,0,0,0,0
X,feb,weekend,43,501,5.83E-07,0,0,0,0,0
X,feb,weekend,44,501,4.16E-07,0,0,0,0,0
X,feb,weekend,45,501,1.78E-07,0,0,0,0,0
X,feb,weekend,46,501,2.09E-07,0,0,0,0,0
X,feb,weekend,47,501,2.41E-07,0,0,0,0,0
X,feb,weekend,48,501,2.27E-07,0,0,0,0,0
X,jan,weekday,1,501,1.18E-07,0,0,0,0,0
X,jan,weekday,2,501,2.47E-07,0,0,0,0,0
X,jan,weekday,3,501,1.32E-07,0,0,0,0,0
X,jan,weekday,4,501,1.34E-07,0,0,0,0,0
X,jan,weekday,5,501,1.28E-07,0,0,0,0,0
X,jan,weekday,6,501,1.48E-07,0,0,0,0,0
X,jan,weekday,7,501,1.80E-07,0,0,0,0,0
X,jan,weekday,8,501,1.07E-07,0,0,0,0,0
X,jan,weekday,9,501,1.40E-07,0,0,0,0,0
X,jan,weekday,10,501,2.14E-07,0,0,0,0,0
X,jan,weekday,11,501,1.65E-07,0,0,0,0,0
X,jan,weekday,12,501,1.38E-07,0,0,0,0,0
X,jan,weekday,13,501,2.30E-07,0,0,0,0,0
X,jan,weekday,14,501,1.22E-07,0,0,0,0,0
X,jan,weekday,15,501,2.29E-07,0,0,0,0,0
X,jan,weekday,16,501,1.76E-07,0,0,0,0,0
X,jan,weekday,17,501,3.84E-07,0,2.49E-08,0,5.53E-07,0
X,jan,weekday,18,501,4.04E-06,2.87E-07,3.58E-06,0,1.37E-05,0
X,jan,weekday,19,501,1.54E-05,4.60E-06,2.42E-05,2.90E-07,4.96E-05,0
X,jan,weekday,20,501,3.30E-05,2.28E-05,5.44E-05,3.03E-06,8.48E-05,9.56E-08
X,jan,weekday,21,501,5.14E-05,4.18E-05,8.36E-05,9.31E-06,0.000115906,6.57E-07
X,jan,weekday,22,501,6.85E-05,6.41E-05,0.00010552,2.11E-05,0.000137521,2.43E-06
X,jan,weekday,23,501,8.18E-05,8.01E-05,0.000120765,3.10E-05,0.000157777,4.59E-06
X,jan,weekday,24,501,9.25E-05,9.34E-05,0.00013278,4.06E-05,0.00016697,8.04E-06
X,jan,weekday,25,501,9.43E-05,9.54E-05,0.000137204,4.28E-05,0.000170233,8.92E-06
X,jan,weekday,26,501,9.02E-05,9.12E-05,0.000133245,3.87E-05,0.000165975,8.02E-06
X,jan,weekday,27,501,8.30E-05,7.84E-05,0.000124983,3.25E-05,0.000162942,5.49E-06
X,jan,weekday,28,501,7.18E-05,7.08E-05,0.000107598,2.38E-05,0.000141359,3.51E-06
X,jan,weekday,29,501,5.65E-05,4.78E-05,9.10E-05,1.58E-05,0.000120223,9.34E-07
X,jan,weekday,30,501,3.79E-05,2.84E-05,6.34E-05,6.96E-06,9.00E-05,1.79E-07
X,jan,weekday,31,501,1.86E-05,8.69E-06,2.86E-05,9.70E-07,5.46E-05,0
X,jan,weekday,32,501,5.37E-06,1.01E-06,6.36E-06,0,1.66E-05,0
X,jan,weekday,33,501,1.82E-06,0,1.52E-07,0,1.48E-06,0
X,jan,weekday,34,501,1.39E-06,0,0,0,0,0
X,jan,weekday,35,501,6.27E-07,0,0,0,0,0
X,jan,weekday,36,501,4.04E-07,0,0,0,0,0
X,jan,weekday,37,501,4.51E-07,0,0,0,0,0
X,jan,weekday,38,501,4.91E-07,0,0,0,0,0
X,jan,weekday,39,501,6.27E-07,0,0,0,0,0
X,jan,weekday,40,501,5.07E-07,0,0,0,0,0
X,jan,weekday,41,501,4.97E-07,0,0,0,0,0
X,jan,weekday,42,501,5.25E-07,0,0,0,0,0
X,jan,weekday,43,501,4.59E-07,0,0,0,0,0
X,jan,weekday,44,501,3.47E-07,0,0,0,0,0
X,jan,weekday,45,501,3.31E-07,0,0,0,0,0
X,jan,weekday,46,501,3.45E-07,0,0,0,0,0
X,jan,weekday,47,501,2.70E-07,0,0,0,0,0
X,jan,weekday,48,501,2.01E-07,0,0,0,0,0
X,jan,weekend,1,501,1.96E-07,0,0,0,0,0
X,jan,weekend,2,501,2.26E-07,0,0,0,0,0
X,jan,weekend,3,501,1.27E-07,0,0,0,0,0
X,jan,weekend,4,501,1.73E-07,0,0,0,0,0
X,jan,weekend,5,501,1.05E-07,0,0,0,0,0
X,jan,weekend,6,501,1.40E-07,0,0,0,0,0
X,jan,weekend,7,501,1.81E-07,0,0,0,0,0
X,jan,weekend,8,501,1.01E-07,0,0,0,0,0
X,jan,weekend,9,501,1.57E-07,0,0,0,0,0
X,jan,weekend,10,501,1.52E-07,0,0,0,0,0
X,jan,weekend,11,501,3.02E-07,0,0,0,0,0
X,jan,weekend,12,501,1.42E-07,0,0,0,0,0
X,jan,weekend,13,501,1.82E-07,0,0,0,0,0
X,jan,weekend,14,501,9.85E-08,0,0,0,0,0
X,jan,weekend,15,501,2.63E-07,0,0,0,0,0
X,jan,weekend,16,501,2.58E-07,0,0,0,0,0
X,jan,weekend,17,501,6.43E-07,0,4.77E-08,0,1.15E-06,0
X,jan,weekend,18,501,4.46E-06,3.41E-07,5.01E-06,0,1.34E-05,0
X,jan,weekend,19,501,1.38E-05,4.91E-06,2.19E-05,1.70E-07,3.86E-05,0
X,jan,weekend,20,501,2.76E-05,1.70E-05,4.44E-05,2.28E-06,6.90E-05,0
X,jan,weekend,21,501,4.17E-05,3.52E-05,6.48E-05,7.88E-06,9.58E-05,3.40E-07
X,jan,weekend,22,501,5.25E-05,4.59E-05,7.90E-05,1.60E-05,0.000107638,2.04E-06
X,jan,weekend,23,501,6.13E-05,5.83E-05,8.82E-05,2.06E-05,0.000122731,4.19E-06
X,jan,weekend,24,501,6.69E-05,6.06E-05,9.63E-05,2.77E-05,0.000132756,6.49E-06
X,jan,weekend,25,501,6.51E-05,6.17E-05,9.40E-05,2.99E-05,0.000121778,7.53E-06
X,jan,weekend,26,501,6.04E-05,5.76E-05,8.47E-05,2.57E-05,0.000115694,6.55E-06
X,jan,weekend,27,501,4.93E-05,4.57E-05,6.90E-05,1.79E-05,9.88E-05,3.39E-06
X,jan,weekend,28,501,3.95E-05,3.32E-05,5.81E-05,1.17E-05,8.40E-05,2.10E-06
X,jan,weekend,29,501,2.80E-05,2.25E-05,3.92E-05,7.57E-06,6.29E-05,5.26E-07
X,jan,weekend,30,501,1.75E-05,1.14E-05,2.47E-05,2.92E-06,4.41E-05,0
X,jan,weekend,31,501,9.02E-06,4.17E-06,1.18E-05,1.86E-07,2.60E-05,0
X,jan,weekend,32,501,3.31E-06,4.52E-07,3.59E-06,0,9.79E-06,0
X,jan,weekend,33,501,1.68E-06,0,8.12E-08,0,1.04E-06,0
X,jan,weekend,34,501,1.28E-06,0,0,0,0,0
X,jan,weekend,35,501,6.06E-07,0,0,0,0,0
X,jan,weekend,36,501,3.60E-07,0,0,0,0,0
X,jan,weekend,37,501,3.38E-07,0,0,0,0,0
X,jan,weekend,38,501,3.25E-07,0,0,0,0,0
X,jan,weekend,39,501,3.94E-07,0,0,0,0,0
X,jan,weekend,40,501,4.40E-07,0,0,0,0,0
X,jan,weekend,41,501,3.32E-07,0,0,0,0,0
X,jan,weekend,42,501,2.59E-07,0,0,0,0,0
X,jan,weekend,43,501,3.01E-07,0,0,0,0,0
X,jan,weekend,44,501,1.06E-07,0,0,0,0,0
X,jan,weekend,45,501,2.05E-07,0,0,0,0,0
X,jan,weekend,46,501,1.40E-07,0,0,0,0,0
X,jan,weekend,47,501,2.22E-07,0,0,0,0,0
X,jan,weekend,48,501,2.29E-07,0,0,0,0,0
X,jul,weekday,1,501,1.39E-06,0,0,0,0,0
X,jul,weekday,2,501,1.05E-06,0,0,0,0,0
X,jul,weekday,3,501,7.78E-07,0,0,0,0,0
X,jul,weekday,4,501,7.26E-07,0,0,0,0,0
X,jul,weekday,5,501,6.50E-07,0,0,0,0,0
X,jul,weekday,6,501,3.74E-07,0,0,0,0,0
X,jul,weekday,7,501,3.36E-07,0,0,0,0,0
X,jul,weekday,8,501,2.23E-07,0,0,0,0,0
X,jul,weekday,9,501,2.31E-07,0,0,0,0,0
X,jul,weekday,10,501,2.27E-07,0,0,0,0,0
X,jul,weekday,11,501,2.97E-07,0,0,0,8.65E-08,0
X,jul,weekday,12,501,1.04E-06,3.72E-08,6.23E-07,0,2.01E-06,0
X,jul,weekday,13,501,5.33E-06,1.29E-06,4.94E-06,9.21E-08,1.66E-05,0
X,jul,weekday,14,501,1.56E-05,6.41E-06,2.07E-05,1.12E-06,4.39E-05,1.01E-08
X,jul,weekday,15,501,3.14E-05,1.77E-05,4.53E-05,5.22E-06,7.54E-05,7.51E-07
X,jul,weekday,16,501,5.31E-05,3.53E-05,7.86E-05,1.30E-05,0.000119576,3.31E-06
X,jul,weekday,17,501,8.10E-05,6.42E-05,0.000116869,2.97E-05,0.000162688,9.54E-06
X,jul,weekday,18,501,0.00011168,9.64E-05,0.000156367,5.15E-05,0.000204555,2.23E-05
X,jul,weekday,19,501,0.000146215,0.000138266,0.000195235,8.41E-05,0.000247205,4.26E-05
X,jul,weekday,20,501,0.000182666,0.000177951,0.000231955,0.000122691,0.000288244,7.38E-05
X,jul,weekday,21,501,0.000221444,0.000217569,0.000270471,0.000160824,0.000332103,0.000111231
X,jul,weekday,22,501,0.000258635,0.000248598,0.00030365,0.00020364,0.000370102,0.000150077
X,jul,weekday,23,501,0.000289435,0.000276991,0.000327441,0.000236698,0.000388246,0.000189051
X,jul,weekday,24,501,0.000311505,0.0002936,0.000346777,0.000256134,0.000406396,0.000221179
X,jul,weekday,25,501,0.000320648,0.000304231,0.000355854,0.000265691,0.000424386,0.000226446
X,jul,weekday,26,501,0.000330386,0.000310627,0.000364915,0.000271601,0.000424803,0.000241672
X,jul,weekday,27,501,0.000338537,0.000318514,0.000370757,0.000276414,0.000441519,0.000247878
X,jul,weekday,28,501,0.000340636,0.000318921,0.000372444,0.000278734,0.000447953,0.000239273
X,jul,weekday,29,501,0.000336944,0.000309851,0.000369992,0.000268691,0.000446277,0.000231067
X,jul,weekday,30,501,0.000316781,0.000293819,0.000351393,0.000249782,0.000427845,0.000211233
X,jul,weekday,31,501,0.000291728,0.00027596,0.000328635,0.000225821,0.000414925,0.000178383
X,jul,weekday,32,501,0.000263319,0.00024872,0.000302264,0.000196761,0.000387062,0.000148136
X,jul,weekday,33,501,0.000223948,0.000215245,0.000266843,0.000155454,0.000339907,0.000108393
X,jul,weekday,34,501,0.000183582,0.000171907,0.000227518,0.000119132,0.000307127,7.13E-05
X,jul,weekday,35,501,0.000140788,0.000135433,0.000181947,7.74E-05,0.000254282,3.59E-05
X,jul,weekday,36,501,0.000102092,9.03E-05,0.000144045,4.26E-05,0.00019722,1.50E-05
X,jul,weekday,37,501,6.91E-05,5.28E-05,0.000102323,1.87E-05,0.000158547,5.38E-06
X,jul,weekday,38,501,4.42E-05,2.33E-05,6.74E-05,5.92E-06,0.000111312,7.54E-07
X,jul,weekday,39,501,2.54E-05,7.50E-06,3.50E-05,1.47E-06,7.02E-05,0
X,jul,weekday,40,501,1.26E-05,1.50E-06,1.22E-05,1.07E-07,3.94E-05,0
X,jul,weekday,41,501,5.49E-06,1.09E-07,1.70E-06,0,9.67E-06,0
X,jul,weekday,42,501,2.72E-06,0,7.18E-08,0,9.23E-07,0
X,jul,weekday,43,501,2.25E-06,0,0,0,0,0
X,jul,weekday,44,501,1.81E-06,0,0,0,0,0
X,jul,weekday,45,501,1.75E-06,0,0,0,0,0
X,jul,weekday,46,501,1.76E-06,0,0,0,0,0
X,jul,weekday,47,501,1.66E-06,0,0,0,0,0
X,jul,weekday,48,501,1.31E-06,0,0,0,0,0
X,jul,weekend,1,501,1.36E-06,0,0,0,0,0
X,jul,weekend,2,501,1.16E-06,0,0,0,0,0
X,jul,weekend,3,501,8.65E-07,0,0,0,0,0
X,jul,weekend,4,501,5.10E-07,0,0,0,0,0
X,jul,weekend,5,501,4.34E-07,0,0,0,0,0
X,jul,weekend,6,501,3.73E-07,0,0,0,0,0
X,jul,weekend,7,501,3.78E-07,0,0,0,0,0
X,jul,weekend,8,501,1.72E-07,0,0,0,0,0
X,jul,weekend,9,501,2.99E-07,0,0,0,0,0
X,jul,weekend,10,501,2.25E-07,0,0,0,0,0
X,jul,weekend,11,501,2.76E-07,0,0,0,5.62E-08,0
X,jul,weekend,12,501,1.04E-06,0,4.04E-07,0,2.58E-06,0
X,jul,weekend,13,501,4.98E-06,8.48E-07,4.42E-06,0,1.47E-05,0
X,jul,weekend,14,501,1.35E-05,4.79E-06,1.57E-05,7.69E-07,3.78E-05,0
X,jul,weekend,15,501,2.59E-05,1.38E-05,3.64E-05,3.89E-06,6.52E-05,1.31E-07
X,jul,weekend,16,501,4.31E-05,2.90E-05,6.48E-05,1.11E-05,9.75E-05,2.12E-06
X,jul,weekend,17,501,6.43E-05,5.04E-05,9.06E-05,2.27E-05,0.000132142,3.90E-06
X,jul,weekend,18,501,8.85E-05,7.67E-05,0.000121749,4.14E-05,0.000167582,1.16E-05
X,jul,weekend,19,501,0.000114542,0.000108554,0.000152931,6.39E-05,0.00019372,3.39E-05
X,jul,weekend,20,501,0.000140493,0.00013864,0.00018234,9.23E-05,0.000225125,4.57E-05
X,jul,weekend,21,501,0.000168381,0.00016527,0.00020169,0.000119028,0.000257632,7.05E-05
X,jul,weekend,22,501,0.000197185,0.000194391,0.00023258,0.000151928,0.000278976,9.71E-05
X,jul,weekend,23,501,0.00022141,0.000213066,0.000256842,0.000172994,0.000314564,0.000127006
X,jul,weekend,24,501,0.000240871,0.000231643,0.000274489,0.000191278,0.000324056,0.000140381
X,jul,weekend,25,501,0.000252554,0.0002434,0.000288801,0.000201325,0.000343887,0.000155487
X,jul,weekend,26,501,0.000263291,0.000252029,0.000300722,0.000205358,0.000357612,0.000168813
X,jul,weekend,27,501,0.000269207,0.000253708,0.000304041,0.00021334,0.000360702,0.000176399
X,jul,weekend,28,501,0.000277241,0.000259134,0.000308409,0.000222035,0.000370657,0.000185032
X,jul,weekend,29,501,0.000275136,0.000259193,0.000313167,0.000219134,0.00038357,0.000169744
X,jul,weekend,30,501,0.000262237,0.000246029,0.000301417,0.000205812,0.000366672,0.000157529
X,jul,weekend,31,501,0.000236585,0.000218549,0.000282422,0.000179433,0.000334855,0.000139404
X,jul,weekend,32,501,0.000214798,0.000204003,0.00025915,0.000157718,0.000323465,0.000117666
X,jul,weekend,33,501,0.000187654,0.000174797,0.0002317,0.000128555,0.000301377,9.19E-05
X,jul,weekend,34,501,0.000157214,0.000151188,0.000203227,9.81E-05,0.000259618,5.38E-05
X,jul,weekend,35,501,0.000124058,0.000111904,0.000165786,6.46E-05,0.000227981,3.08E-05
X,jul,weekend,36,501,9.03E-05,7.97E-05,0.000127985,3.66E-05,0.000174713,1.40E-05
X,jul,weekend,37,501,6.13E-05,4.66E-05,9.23E-05,1.63E-05,0.000131112,4.67E-06
X,jul,weekend,38,501,3.81E-05,2.14E-05,5.79E-05,5.66E-06,9.97E-05,5.90E-07
X,jul,weekend,39,501,2.25E-05,7.10E-06,3.15E-05,1.54E-06,6.54E-05,0
X,jul,weekend,40,501,1.09E-05,1.43E-06,1.11E-05,0,3.32E-05,0
X,jul,weekend,41,501,4.34E-06,0,2.02E-06,0,7.85E-06,0
X,jul,weekend,42,501,2.01E-06,0,0,0,9.72E-07,0
X,jul,weekend,43,501,1.65E-06,0,0,0,0,0
X,jul,weekend,44,501,1.37E-06,0,0,0,0,0
X,jul,weekend,45,501,1.22E-06,0,0,0,0,0
X,jul,weekend,46,501,1.15E-06,0,0,0,0,0
X,jul,weekend,47,501,1.22E-06,0,0,0,0,0
X,jul,weekend,48,501,9.94E-07,0,0,0,0,0
X,jun,weekday,1,501,1.15E-06,0,0,0,0,0
X,jun,weekday,2,501,1.08E-06,0,0,0,0,0
X,jun,weekday,3,501,1.12E-06,0,0,0,0,0
X,jun,weekday,4,501,9.50E-07,0,0,0,0,0
X,jun,weekday,5,501,9.31E-07,0,0,0,0,0
X,jun,weekday,6,501,9.36E-07,0,0,0,0,0
X,jun,weekday,7,501,8.31E-07,0,0,0,0,0
X,jun,weekday,8,501,7.93E-07,0,0,0,0,0
X,jun,weekday,9,501,7.51E-07,0,0,0,0,0
X,jun,weekday,10,501,8.01E-07,0,0,0,0,0
X,jun,weekday,11,501,1.25E-06,0,1.29E-07,0,9.73E-07,0
X,jun,weekday,12,501,4.74E-06,5.28E-07,2.84E-06,0,9.89E-06,0
X,jun,weekday,13,501,1.43E-05,3.29E-06,1.43E-05,4.87E-07,4.77E-05,0
X,jun,weekday,14,501,2.97E-05,9.90E-06,3.87E-05,2.35E-06,9.13E-05,2.82E-07
X,jun,weekday,15,501,5.04E-05,2.33E-05,7.51E-05,7.38E-06,0.000136641,1.84E-06
X,jun,weekday,16,501,7.84E-05,4.59E-05,0.000117092,1.85E-05,0.000185705,5.30E-06
X,jun,weekday,17,501,0.000110733,9.02E-05,0.000165703,3.64E-05,0.000235498,1.15E-05
X,jun,weekday,18,501,0.000146782,0.000138153,0.00020573,6.17E-05,0.000285069,2.23E-05
X,jun,weekday,19,501,0.000180185,0.000175462,0.000242486,9.82E-05,0.000320303,4.16E-05
X,jun,weekday,20,501,0.000217274,0.000217605,0.000275134,0.000145449,0.000343617,7.67E-05
X,jun,weekday,21,501,0.000251636,0.000249226,0.00031117,0.000191417,0.00036276,0.000122934
X,jun,weekday,22,501,0.00027945,0.000277947,0.00033455,0.000229233,0.000390735,0.000161069
X,jun,weekday,23,501,0.000304157,0.000300703,0.000346974,0.000256807,0.000412798,0.000197521
X,jun,weekday,24,501,0.000327571,0.00031674,0.000368028,0.000277739,0.000448429,0.000236156
X,jun,weekday,25,501,0.000341143,0.000324773,0.000379001,0.000292096,0.000451351,0.000252784
X,jun,weekday,26,501,0.000351512,0.000332224,0.000382793,0.000297865,0.000455814,0.000270245
X,jun,weekday,27,501,0.000354509,0.00033452,0.000387462,0.000298747,0.000470592,0.000268513
X,jun,weekday,28,501,0.000352133,0.000332686,0.000387054,0.000293612,0.00046242,0.000257798
X,jun,weekday,29,501,0.000342333,0.000319398,0.000374207,0.000280266,0.000465063,0.000240476
X,jun,weekday,30,501,0.000327209,0.000305726,0.000363653,0.000263819,0.000459307,0.000223958
X,jun,weekday,31,501,0.00030543,0.000283163,0.000342399,0.000239799,0.00043374,0.000197426
X,jun,weekday,32,501,0.000273472,0.000255285,0.000316699,0.000208929,0.000394884,0.000163876
X,jun,weekday,33,501,0.000233282,0.000223133,0.000281226,0.000167443,0.000355413,0.000111663
X,jun,weekday,34,501,0.000193197,0.000184766,0.000245786,0.000127425,0.000307832,7.13E-05
X,jun,weekday,35,501,0.000151108,0.000138728,0.000198045,8.25E-05,0.000264994,3.85E-05
X,jun,weekday,36,501,0.0001119,9.71E-05,0.000156213,4.65E-05,0.000216622,1.59E-05
X,jun,weekday,37,501,7.86E-05,6.02E-05,0.000117103,2.23E-05,0.000170655,5.26E-06
X,jun,weekday,38,501,5.02E-05,2.99E-05,7.86E-05,8.59E-06,0.000122228,1.36E-06
X,jun,weekday,39,501,3.11E-05,1.07E-05,4.84E-05,2.35E-06,8.72E-05,7.40E-08
X,jun,weekday,40,501,1.65E-05,3.14E-06,1.96E-05,3.70E-07,4.94E-05,0
X,jun,weekday,41,501,6.78E-06,3.84E-07,3.80E-06,0,2.16E-05,0
X,jun,weekday,42,501,2.60E-06,0,2.29E-07,0,3.12E-06,0
X,jun,weekday,43,501,1.68E-06,0,0,0,1.18E-07,0
X,jun,weekday,44,501,1.48E-06,0,0,0,0,0
X,jun,weekday,45,501,1.38E-06,0,0,0,0,0
X,jun,weekday,46,501,1.28E-06,0,0,0,0,0
X,jun,weekday,47,501,1.17E-06,0,0,0,0,0
X,jun,weekday,48,501,1.10E-06,0,0,0,0,0
X,jun,weekend,1,501,1.04E-06,0,0,0,0,0
X,jun,weekend,2,501,1.14E-06,0,0,0,0,0
X,jun,weekend,3,501,1.15E-06,0,0,0,0,0
X,jun,weekend,4,501,1.00E-06,0,0,0,0,0
X,jun,weekend,5,501,8.35E-07,0,0,0,0,0
X,jun,weekend,6,501,5.71E-07,0,0,0,0,0
X,jun,weekend,7,501,6.41E-07,0,0,0,0,0
X,jun,weekend,8,501,6.02E-07,0,0,0,0,0
X,jun,weekend,9,501,6.11E-07,0,0,0,0,0
X,jun,weekend,10,501,8.07E-07,0,0,0,0,0
X,jun,weekend,11,501,1.26E-06,0,8.58E-08,0,7.21E-07,0
X,jun,weekend,12,501,5.07E-06,3.86E-07,2.79E-06,0,8.73E-06,0
X,jun,weekend,13,501,1.41E-05,3.35E-06,1.14E-05,4.63E-07,4.04E-05,0
X,jun,weekend,14,501,2.97E-05,9.54E-06,3.82E-05,2.64E-06,8.46E-05,1.55E-07
X,jun,weekend,15,501,5.03E-05,2.42E-05,7.26E-05,8.52E-06,0.000135689,1.18E-06
X,jun,weekend,16,501,7.31E-05,4.36E-05,0.000108239,1.90E-05,0.00016719,4.01E-06
X,jun,weekend,17,501,0.000101799,8.18E-05,0.000146106,3.49E-05,0.00020426,1.10E-05
X,jun,weekend,18,501,0.000132048,0.000117756,0.000186614,6.20E-05,0.000259748,2.36E-05
X,jun,weekend,19,501,0.000157237,0.00014598,0.000214583,8.32E-05,0.000271692,4.19E-05
X,jun,weekend,20,501,0.000181318,0.000176874,0.000234632,0.000120436,0.000293634,7.38E-05
X,jun,weekend,21,501,0.000205546,0.000200339,0.000255269,0.000143685,0.000318384,9.78E-05
X,jun,weekend,22,501,0.000227541,0.000222492,0.000277259,0.000166255,0.000331125,0.00011728
X,jun,weekend,23,501,0.000243887,0.000236115,0.000292098,0.000191358,0.000348134,0.000147613
X,jun,weekend,24,501,0.000255787,0.000247726,0.00029988,0.000203432,0.000360162,0.000156912
X,jun,weekend,25,501,0.000264537,0.000249996,0.000308446,0.000205226,0.000379158,0.000163263
X,jun,weekend,26,501,0.000274956,0.000258413,0.000316505,0.000216571,0.000388993,0.000174163
X,jun,weekend,27,501,0.000279493,0.000264096,0.000327784,0.000220111,0.000394473,0.000172669
X,jun,weekend,28,501,0.000281885,0.000265945,0.000330195,0.000219334,0.000400669,0.000176513
X,jun,weekend,29,501,0.000276587,0.000258347,0.000326252,0.00021091,0.000407962,0.000176905
X,jun,weekend,30,501,0.000271823,0.000255472,0.000321894,0.00020626,0.000402319,0.000163093
X,jun,weekend,31,501,0.000250596,0.000236677,0.000301188,0.00018434,0.000376679,0.00014338
X,jun,weekend,32,501,0.000224374,0.000209674,0.000278697,0.000161937,0.000350752,0.0001211
X,jun,weekend,33,501,0.000193239,0.000184301,0.000242275,0.000125932,0.000312312,8.08E-05
X,jun,weekend,34,501,0.000163238,0.0001508,0.000207185,9.94E-05,0.000279753,5.51E-05
X,jun,weekend,35,501,0.00012849,0.000115795,0.000169132,6.79E-05,0.000232637,3.49E-05
X,jun,weekend,36,501,9.86E-05,7.96E-05,0.000135569,3.88E-05,0.000192849,1.64E-05
X,jun,weekend,37,501,7.13E-05,4.88E-05,9.84E-05,1.88E-05,0.000166182,5.04E-06
X,jun,weekend,38,501,4.65E-05,2.47E-05,6.55E-05,7.17E-06,0.00011937,7.26E-07
X,jun,weekend,39,501,2.84E-05,1.06E-05,3.95E-05,1.83E-06,7.76E-05,0
X,jun,weekend,40,501,1.48E-05,2.98E-06,1.83E-05,1.97E-07,4.37E-05,0
X,jun,weekend,41,501,6.25E-06,3.49E-07,4.18E-06,0,1.73E-05,0
X,jun,weekend,42,501,2.40E-06,0,3.88E-07,0,3.65E-06,0
X,jun,weekend,43,501,1.47E-06,0,0,0,1.48E-07,0
X,jun,weekend,44,501,1.30E-06,0,0,0,0,0
X,jun,weekend,45,501,1.26E-06,0,0,0,0,0
X,jun,weekend,46,501,1.24E-06,0,0,0,0,0
X,jun,weekend,47,501,1.12E-06,0,0,0,0,0
X,jun,weekend,48,501,8.83E-07,0,0,0,0,0
X,mar,weekday,1,501,6.16E-07,0,0,0,0,0
X,mar,weekday,2,501,5.32E-07,0,0,0,0,0
X,mar,weekday,3,501,3.85E-07,0,0,0,0,0
X,mar,weekday,4,501,2.90E-07,0,0,0,0,0
X,mar,weekday,5,501,2.12E-07,0,0,0,0,0
X,mar,weekday,6,501,1.72E-07,0,0,0,0,0
X,mar,weekday,7,501,1.22E-07,0,0,0,0,0
X,mar,weekday,8,501,9.07E-08,0,0,0,0,0
X,mar,weekday,9,501,1.09E-07,0,0,0,0,0
X,mar,weekday,10,501,1.10E-07,0,0,0,0,0
X,mar,weekday,11,501,1.65E-07,0,0,0,0,0
X,mar,weekday,12,501,2.21E-07,0,0,0,0,0
X,mar,weekday,13,501,4.39E-07,0,0,0,8.78E-08,0
X,mar,weekday,14,501,2.32E-06,1.39E-07,1.70E-06,0,6.09E-06,0
X,mar,weekday,15,501,1.08E-05,2.51E-06,1.42E-05,8.73E-08,3.33E-05,0
X,mar,weekday,16,501,2.71E-05,1.21E-05,4.24E-05,2.26E-06,7.13E-05,1.33E-07
X,mar,weekday,17,501,5.07E-05,3.62E-05,8.06E-05,9.32E-06,0.000116478,1.33E-06
X,mar,weekday,18,501,8.01E-05,7.11E-05,0.000120808,2.92E-05,0.000166067,5.08E-06
X,mar,weekday,19,501,0.000113128,0.00011017,0.000159487,5.39E-05,0.000212202,1.22E-05
X,mar,weekday,20,501,0.000145578,0.000152372,0.000196458,9.74E-05,0.000238745,3.11E-05
X,mar,weekday,21,501,0.000176525,0.000182955,0.000228801,0.00012971,0.000266191,5.86E-05
X,mar,weekday,22,501,0.000204787,0.000214059,0.000259545,0.000160756,0.000297096,8.62E-05
X,mar,weekday,23,501,0.000227478,0.00022896,0.000274947,0.000184955,0.000318541,0.000132276
X,mar,weekday,24,501,0.000242197,0.000245795,0.000278677,0.00020775,0.000328634,0.000146516
X,mar,weekday,25,501,0.000245381,0.000246847,0.000279394,0.000213377,0.000335238,0.00016097
X,mar,weekday,26,501,0.000239603,0.000239462,0.000273384,0.000208019,0.00032552,0.00015782
X,mar,weekday,27,501,0.000230437,0.000230415,0.000267857,0.000196431,0.000306564,0.000145637
X,mar,weekday,28,501,0.000217381,0.000217775,0.000254795,0.000181095,0.000302346,0.000136823
X,mar,weekday,29,501,0.000194524,0.00019684,0.000237662,0.000154034,0.000274378,0.000102302
X,mar,weekday,30,501,0.000166286,0.000165874,0.000211689,0.000120895,0.00024432,6.41E-05
X,mar,weekday,31,501,0.000133374,0.000134723,0.000179346,8.76E-05,0.000211817,3.02E-05
X,mar,weekday,32,501,0.000100731,9.74E-05,0.000142356,5.17E-05,0.000176227,2.01E-05
X,mar,weekday,33,501,6.88E-05,5.80E-05,0.000102061,2.54E-05,0.000135602,7.21E-06
X,mar,weekday,34,501,4.03E-05,2.73E-05,5.81E-05,1.01E-05,9.02E-05,2.81E-06
X,mar,weekday,35,501,1.92E-05,1.14E-05,2.51E-05,3.08E-06,4.48E-05,3.22E-07
X,mar,weekday,36,501,8.31E-06,3.66E-06,9.25E-06,8.23E-07,1.87E-05,0
X,mar,weekday,37,501,4.26E-06,7.25E-07,3.80E-06,0,9.92E-06,0
X,mar,weekday,38,501,2.30E-06,1.92E-08,6.17E-07,0,2.80E-06,0
X,mar,weekday,39,501,1.44E-06,0,0,0,2.59E-07,0
X,mar,weekday,40,501,1.11E-06,0,0,0,0,0
X,mar,weekday,41,501,1.00E-06,0,0,0,0,0
X,mar,weekday,42,501,9.09E-07,0,0,0,0,0
X,mar,weekday,43,501,9.54E-07,0,0,0,0,0
X,mar,weekday,44,501,8.63E-07,0,0,0,0,0
X,mar,weekday,45,501,6.43E-07,0,0,0,0,0
X,mar,weekday,46,501,6.44E-07,0,0,0,0,0
X,mar,weekday,47,501,5.42E-07,0,0,0,0,0
X,mar,weekday,48,501,5.33E-07,0,0,0,0,0
X,mar,weekend,1,501,7.55E-07,0,0,0,0,0
X,mar,weekend,2,501,5.45E-07,0,0,0,0,0
X,mar,weekend,3,501,3.77E-07,0,0,0,0,0
X,mar,weekend,4,501,3.45E-07,0,0,0,0,0
X,mar,weekend,5,501,3.40E-07,0,0,0,0,0
X,mar,weekend,6,501,2.96E-07,0,0,0,0,0
X,mar,weekend,7,501,1.88E-07,0,0,0,0,0
X,mar,weekend,8,501,1.74E-07,0,0,0,0,0
X,mar,weekend,9,501,1.06E-07,0,0,0,0,0
X,mar,weekend,10,501,9.70E-08,0,0,0,0,0
X,mar,weekend,11,501,1.18E-07,0,0,0,0,0
X,mar,weekend,12,501,2.23E-07,0,0,0,0,0
X,mar,weekend,13,501,7.36E-07,0,0,0,2.68E-07,0
X,mar,weekend,14,501,4.14E-06,1.71E-07,2.49E-06,0,1.25E-05,0
X,mar,weekend,15,501,1.62E-05,3.26E-06,2.07E-05,9.87E-08,4.69E-05,0
X,mar,weekend,16,501,3.75E-05,1.65E-05,5.83E-05,2.35E-06,9.86E-05,0
X,mar,weekend,17,501,6.77E-05,5.16E-05,0.000106353,1.01E-05,0.000152741,7.46E-07
X,mar,weekend,18,501,0.000102089,9.11E-05,0.000149076,3.12E-05,0.00020492,4.36E-06
X,mar,weekend,19,501,0.000137122,0.000132412,0.000195218,6.88E-05,0.000253854,1.27E-05
X,mar,weekend,20,501,0.000175245,0.000174978,0.00023671,0.000112841,0.000288105,3.17E-05
X,mar,weekend,21,501,0.000209218,0.00021169,0.00027183,0.000146181,0.000332134,6.01E-05
X,mar,weekend,22,501,0.000237221,0.000241353,0.000298257,0.000174463,0.000357718,0.000101071
X,mar,weekend,23,501,0.000261333,0.000261769,0.000317213,0.000201775,0.000389208,0.000131214
X,mar,weekend,24,501,0.00028015,0.000274707,0.00033871,0.000220055,0.000400698,0.000155338
X,mar,weekend,25,501,0.000282794,0.000283553,0.000339261,0.000221552,0.000399515,0.000162271
X,mar,weekend,26,501,0.000281385,0.000278325,0.000337301,0.000220166,0.000407247,0.000154335
X,mar,weekend,27,501,0.000282464,0.000278852,0.000341132,0.000221337,0.000403121,0.000156193
X,mar,weekend,28,501,0.000264787,0.000263617,0.000326682,0.00020431,0.000380392,0.000134467
X,mar,weekend,29,501,0.000244081,0.000247426,0.00031002,0.000178372,0.000364905,0.000107339
X,mar,weekend,30,501,0.00021478,0.000218701,0.000282614,0.000144484,0.000344861,6.82E-05
X,mar,weekend,31,501,0.000174592,0.000175994,0.000244531,9.68E-05,0.000299559,3.46E-05
X,mar,weekend,32,501,0.000134762,0.000127836,0.000189004,5.93E-05,0.000261115,1.32E-05
X,mar,weekend,33,501,9.25E-05,7.95E-05,0.000140671,2.67E-05,0.000201214,5.16E-06
X,mar,weekend,34,501,5.41E-05,3.56E-05,8.20E-05,8.74E-06,0.000133407,1.05E-06
X,mar,weekend,35,501,2.60E-05,1.33E-05,3.79E-05,1.78E-06,6.79E-05,0
X,mar,weekend,36,501,1.10E-05,2.79E-06,1.43E-05,6.00E-08,2.67E-05,0
X,mar,weekend,37,501,5.34E-06,7.97E-08,3.86E-06,0,1.41E-05,0
X,mar,weekend,38,501,2.74E-06,0,2.34E-07,0,2.73E-06,0
X,mar,weekend,39,501,1.89E-06,0,0,0,1.34E-07,0
X,mar,weekend,40,501,1.73E-06,0,0,0,0,0
X,mar,weekend,41,501,1.50E-06,0,0,0,0,0
X,mar,weekend,42,501,1.28E-06,0,0,0,0,0
X,mar,weekend,43,501,1.19E-06,0,0,0,0,0
X,mar,weekend,44,501,1.03E-06,0,0,0,0,0
X,mar,weekend,45,501,9.01E-07,0,0,0,0,0
X,mar,weekend,46,501,8.12E-07,0,0,0,0,0
X,mar,weekend,47,501,7.18E-07,0,0,0,0,0
X,mar,weekend,48,501,5.92E-07,0,0,0,0,0
X,may,weekday,1,501,1.28E-06,0,0,0,0,0
X,may,weekday,2,501,1.26E-06,0,0,0,0,0
X,may,weekday,3,501,1.13E-06,0,0,0,0,0
X,may,weekday,4,501,1.04E-06,0,0,0,0,0
X,may,weekday,5,501,9.69E-07,0,0,0,0,0
X,may,weekday,6,501,8.20E-07,0,0,0,0,0
X,may,weekday,7,501,7.66E-07,0,0,0,0,0
X,may,weekday,8,501,5.69E-07,0,0,0,0,0
X,may,weekday,9,501,4.92E-07,0,0,0,0,0
X,may,weekday,10,501,3.28E-07,0,0,0,0,0
X,may,weekday,11,501,4.01E-07,0,0,0,1.72E-07,0
X,may,weekday,12,501,1.47E-06,7.54E-08,7.76E-07,0,3.20E-06,0
X,may,weekday,13,501,6.12E-06,1.60E-06,6.44E-06,1.71E-07,1.68E-05,0
X,may,weekday,14,501,1.65E-05,7.21E-06,2.02E-05,1.66E-06,4.87E-05,1.39E-07
X,may,weekday,15,501,3.09E-05,1.79E-05,4.53E-05,6.71E-06,7.48E-05,1.19E-06
X,may,weekday,16,501,5.15E-05,3.74E-05,7.18E-05,1.54E-05,0.00011279,4.44E-06
X,may,weekday,17,501,7.67E-05,6.25E-05,0.000106798,3.19E-05,0.000154411,1.12E-05
X,may,weekday,18,501,0.000105007,9.80E-05,0.000144931,5.76E-05,0.000197169,1.84E-05
X,may,weekday,19,501,0.000133723,0.000133169,0.000178108,8.70E-05,0.000216545,3.66E-05
X,may,weekday,20,501,0.000163625,0.000164975,0.000207044,0.000117179,0.000243998,7.20E-05
X,may,weekday,21,501,0.000194738,0.000196126,0.00023232,0.000155129,0.000277699,0.000106607
X,may,weekday,22,501,0.000225571,0.000225991,0.000261876,0.000188984,0.000305853,0.000136801
X,may,weekday,23,501,0.000246935,0.000244981,0.000283172,0.000210159,0.000335544,0.000152362
X,may,weekday,24,501,0.000268683,0.000264641,0.000304914,0.000231963,0.000350127,0.000180663
X,may,weekday,25,501,0.000281896,0.000276079,0.000317821,0.000241583,0.000371237,0.000201275
X,may,weekday,26,501,0.000292564,0.000286681,0.000329154,0.000248722,0.000385084,0.000213692
X,may,weekday,27,501,0.000299036,0.000289747,0.000333632,0.000258194,0.0004043,0.00022009
X,may,weekday,28,501,0.000301092,0.000292541,0.000336881,0.000255381,0.000402869,0.000219373
X,may,weekday,29,501,0.000296494,0.000286608,0.000338723,0.000248116,0.000393384,0.000213082
X,may,weekday,30,501,0.000283677,0.000272801,0.000326408,0.000230251,0.000390457,0.000196323
X,may,weekday,31,501,0.000262832,0.000258793,0.0003071,0.000211392,0.000375518,0.000171053
X,may,weekday,32,501,0.000233422,0.000228586,0.000278773,0.00018153,0.000353716,0.000136767
X,may,weekday,33,501,0.000197171,0.000192219,0.000243248,0.000139828,0.000306225,9.86E-05
X,may,weekday,34,501,0.000158905,0.000152735,0.000203215,0.000105536,0.000252876,5.89E-05
X,may,weekday,35,501,0.000120514,0.000110412,0.000162876,6.64E-05,0.00021778,2.89E-05
X,may,weekday,36,501,8.75E-05,7.64E-05,0.000125131,3.43E-05,0.000173174,1.21E-05
X,may,weekday,37,501,5.74E-05,4.14E-05,8.91E-05,1.52E-05,0.000130354,2.88E-06
X,may,weekday,38,501,3.55E-05,1.94E-05,5.33E-05,5.22E-06,9.70E-05,3.60E-07
X,may,weekday,39,501,2.02E-05,5.71E-06,2.76E-05,8.40E-07,5.84E-05,0
X,may,weekday,40,501,8.95E-06,1.23E-06,7.61E-06,2.89E-08,2.58E-05,0
X,may,weekday,41,501,3.70E-06,2.08E-08,9.37E-07,0,5.12E-06,0
X,may,weekday,42,501,2.37E-06,0,0,0,3.92E-07,0
X,may,weekday,43,501,1.98E-06,0,0,0,0,0
X,may,weekday,44,501,1.87E-06,0,0,0,0,0
X,may,weekday,45,501,1.69E-06,0,0,0,0,0
X,may,weekday,46,501,1.56E-06,0,0,0,0,0
X,may,weekday,47,501,1.38E-06,0,0,0,0,0
X,may,weekday,48,501,1.35E-06,0,0,0,0,0
X,may,weekend,1,501,1.58E-06,0,0,0,0,0
X,may,weekend,2,501,1.77E-06,0,0,0,0,0
X,may,weekend,3,501,1.49E-06,0,0,0,0,0
X,may,weekend,4,501,1.48E-06,0,0,0,0,0
X,may,weekend,5,501,1.26E-06,0,0,0,0,0
X,may,weekend,6,501,1.19E-06,0,0,0,0,0
X,may,weekend,7,501,1.02E-06,0,0,0,0,0
X,may,weekend,8,501,7.46E-07,0,0,0,0,0
X,may,weekend,9,501,5.06E-07,0,0,0,0,0
X,may,weekend,10,501,4.25E-07,0,0,0,0,0
X,may,weekend,11,501,5.70E-07,0,0,0,2.25E-07,0
X,may,weekend,12,501,2.21E-06,6.07E-08,1.01E-06,0,5.99E-06,0
X,may,weekend,13,501,7.63E-06,2.06E-06,7.11E-06,1.79E-07,2.19E-05,0
X,may,weekend,14,501,2.02E-05,8.54E-06,2.52E-05,1.86E-06,5.97E-05,0
X,may,weekend,15,501,3.86E-05,2.30E-05,5.48E-05,7.29E-06,9.85E-05,8.27E-07
X,may,weekend,16,501,6.35E-05,4.36E-05,9.40E-05,1.90E-05,0.000144948,4.92E-06
X,may,weekend,17,501,9.40E-05,7.64E-05,0.000136344,3.67E-05,0.000184992,1.05E-05
X,may,weekend,18,501,0.000127986,0.000118808,0.000178718,6.13E-05,0.000240912,1.85E-05
X,may,weekend,19,501,0.000159854,0.000150741,0.000208331,9.33E-05,0.000273547,3.73E-05
X,may,weekend,20,501,0.000190946,0.000182816,0.000236638,0.000124679,0.000317939,6.69E-05
X,may,weekend,21,501,0.00022239,0.000217236,0.000275892,0.000166783,0.000336526,0.000108763
X,may,weekend,22,501,0.00025341,0.000253134,0.000299324,0.000201763,0.000370259,0.00014393
X,may,weekend,23,501,0.000277816,0.000273493,0.000324427,0.000225885,0.000387705,0.000163388
X,may,weekend,24,501,0.000300128,0.000291882,0.000343523,0.000251852,0.000399788,0.000199391
X,may,weekend,25,501,0.000312327,0.000305502,0.000358831,0.000261349,0.000417805,0.000218286
X,may,weekend,26,501,0.000319883,0.000311234,0.000360059,0.000270899,0.000430711,0.000223222
X,may,weekend,27,501,0.000319146,0.000307366,0.000359641,0.000269781,0.000425396,0.00022905
X,may,weekend,28,501,0.000320224,0.00030451,0.000368094,0.000264254,0.000431558,0.000233497
X,may,weekend,29,501,0.000311883,0.000297175,0.000354621,0.000256961,0.000413907,0.000219717
X,may,weekend,30,501,0.000296573,0.000279502,0.000340427,0.000236519,0.000414252,0.00019474
X,may,weekend,31,501,0.00027034,0.000257457,0.000320049,0.000203167,0.000384563,0.000166751
X,may,weekend,32,501,0.000241784,0.000228002,0.000290408,0.000182801,0.000361742,0.000125987
X,may,weekend,33,501,0.000203781,0.000194985,0.000248882,0.000142936,0.000316095,9.63E-05
X,may,weekend,34,501,0.000164708,0.000154652,0.000207942,0.000101924,0.000273654,6.11E-05
X,may,weekend,35,501,0.000124891,0.000114738,0.000165897,6.18E-05,0.000231344,2.92E-05
X,may,weekend,36,501,8.76E-05,7.30E-05,0.00012338,3.08E-05,0.000178396,1.27E-05
X,may,weekend,37,501,5.93E-05,4.12E-05,8.77E-05,1.44E-05,0.000141281,2.73E-06
X,may,weekend,38,501,3.79E-05,1.89E-05,5.60E-05,5.03E-06,0.000101362,3.86E-09
X,may,weekend,39,501,2.20E-05,5.42E-06,2.89E-05,1.02E-06,6.36E-05,0
X,may,weekend,40,501,9.30E-06,8.42E-07,6.97E-06,0,2.55E-05,0
X,may,weekend,41,501,3.89E-06,0,8.11E-07,0,5.65E-06,0
X,may,weekend,42,501,2.56E-06,0,0,0,5.02E-07,0
X,may,weekend,43,501,2.33E-06,0,0,0,0,0
X,may,weekend,44,501,2.31E-06,0,0,0,0,0
X,may,weekend,45,501,2.05E-06,0,0,0,0,0
X,may,weekend,46,501,2.01E-06,0,0,0,0,0
X,may,weekend,47,501,1.68E-06,0,0,0,0,0
X,may,weekend,48,501,1.57E-06,0,0,0,0,0
X,nov,weekday,1,501,2.14E-07,0,0,0,0,0
X,nov,weekday,2,501,3.15E-07,0,0,0,0,0
X,nov,weekday,3,501,2.30E-07,0,0,0,0,0
X,nov,weekday,4,501,1.65E-07,0,0,0,0,0
X,nov,weekday,5,501,3.12E-07,0,0,0,0,0
X,nov,weekday,6,501,1.74E-07,0,0,0,0,0
X,nov,weekday,7,501,2.39E-07,0,0,0,0,0
X,nov,weekday,8,501,1.86E-07,0,0,0,0,0
X,nov,weekday,9,501,2.31E-07,0,0,0,0,0
X,nov,weekday,10,501,1.98E-07,0,0,0,0,0
X,nov,weekday,11,501,2.77E-07,0,0,0,0,0
X,nov,weekday,12,501,2.16E-07,0,0,0,0,0
X,nov,weekday,13,501,3.12E-07,0,0,0,0,0
X,nov,weekday,14,501,2.75E-07,0,0,0,0,0
X,nov,weekday,15,501,3.88E-07,0,0,0,5.37E-08,0
X,nov,weekday,16,501,1.80E-06,2.03E-08,1.15E-06,0,5.08E-06,0
X,nov,weekday,17,501,7.43E-06,1.66E-06,9.93E-06,7.17E-08,2.33E-05,0
X,nov,weekday,18,501,1.98E-05,1.12E-05,3.04E-05,1.50E-06,5.26E-05,1.15E-08
X,nov,weekday,19,501,3.69E-05,2.78E-05,5.89E-05,7.14E-06,8.42E-05,9.43E-07
X,nov,weekday,20,501,5.64E-05,4.98E-05,8.79E-05,2.04E-05,0.000116172,3.93E-06
X,nov,weekday,21,501,7.43E-05,7.13E-05,0.000108759,3.51E-05,0.00013756,9.42E-06
X,nov,weekday,22,501,8.88E-05,8.96E-05,0.000120257,5.12E-05,0.000158946,1.58E-05
X,nov,weekday,23,501,9.85E-05,9.94E-05,0.000133802,6.16E-05,0.000164229,2.48E-05
X,nov,weekday,24,501,1.00E-04,0.000102607,0.000134383,6.40E-05,0.000163102,2.73E-05
X,nov,weekday,25,501,9.30E-05,9.38E-05,0.000127543,6.11E-05,0.000154648,2.61E-05
X,nov,weekday,26,501,8.25E-05,8.32E-05,0.000115416,4.92E-05,0.000137922,1.74E-05
X,nov,weekday,27,501,6.83E-05,6.97E-05,9.62E-05,3.77E-05,0.00011685,1.12E-05
X,nov,weekday,28,501,5.41E-05,5.41E-05,7.53E-05,2.61E-05,0.000100651,5.78E-06
X,nov,weekday,29,501,3.78E-05,3.47E-05,5.50E-05,1.30E-05,7.62E-05,2.03E-06
X,nov,weekday,30,501,2.21E-05,1.62E-05,3.39E-05,4.59E-06,5.44E-05,2.36E-07
X,nov,weekday,31,501,9.45E-06,3.65E-06,1.35E-05,5.66E-07,2.43E-05,0
X,nov,weekday,32,501,2.92E-06,2.21E-07,2.13E-06,0,7.10E-06,0
X,nov,weekday,33,501,1.84E-06,0,2.00E-08,0,4.37E-07,0
X,nov,weekday,34,501,1.67E-06,0,0,0,0,0
X,nov,weekday,35,501,9.39E-07,0,0,0,0,0
X,nov,weekday,36,501,6.03E-07,0,0,0,0,0
X,nov,weekday,37,501,5.96E-07,0,0,0,0,0
X,nov,weekday,38,501,6.56E-07,0,0,0,0,0
X,nov,weekday,39,501,6.63E-07,0,0,0,0,0
X,nov,weekday,40,501,5.13E-07,0,0,0,0,0
X,nov,weekday,41,501,5.71E-07,0,0,0,0,0
X,nov,weekday,42,501,5.09E-07,0,0,0,0,0
X,nov,weekday,43,501,5.05E-07,0,0,0,0,0
X,nov,weekday,44,501,4.41E-07,0,0,0,0,0
X,nov,weekday,45,501,4.34E-07,0,0,0,0,0
X,nov,weekday,46,501,4.53E-07,0,0,0,0,0
X,nov,weekday,47,501,3.45E-07,0,0,0,0,0
X,nov,weekday,48,501,1.65E-07,0,0,0,0,0
X,nov,weekend,1,501,2.55E-07,0,0,0,0,0
X,nov,weekend,2,501,2.97E-07,0,0,0,0,0
X,nov,weekend,3,501,2.36E-07,0,0,0,0,0
X,nov,weekend,4,501,1.45E-07,0,0,0,0,0
X,nov,weekend,5,501,2.78E-07,0,0,0,0,0
X,nov,weekend,6,501,2.56E-07,0,0,0,0,0
X,nov,weekend,7,501,2.69E-07,0,0,0,0,0
X,nov,weekend,8,501,1.92E-07,0,0,0,0,0
X,nov,weekend,9,501,3.31E-07,0,0,0,0,0
X,nov,weekend,10,501,2.90E-07,0,0,0,0,0
X,nov,weekend,11,501,2.13E-07,0,0,0,0,0
X,nov,weekend,12,501,2.15E-07,0,0,0,0,0
X,nov,weekend,13,501,2.59E-07,0,0,0,0,0
X,nov,weekend,14,501,2.24E-07,0,0,0,0,0
X,nov,weekend,15,501,1.84E-07,0,0,0,0,0
X,nov,weekend,16,501,4.63E-07,0,0,0,4.34E-07,0
X,nov,weekend,17,501,3.03E-06,4.04E-07,2.79E-06,0,8.59E-06,0
X,nov,weekend,18,501,1.18E-05,4.58E-06,1.64E-05,3.79E-07,3.49E-05,0
X,nov,weekend,19,501,2.49E-05,1.68E-05,3.73E-05,3.64E-06,6.33E-05,1.96E-07
X,nov,weekend,20,501,4.21E-05,3.64E-05,6.45E-05,1.07E-05,9.27E-05,1.70E-06
X,nov,weekend,21,501,5.65E-05,5.05E-05,8.46E-05,2.22E-05,0.000111926,2.90E-06
X,nov,weekend,22,501,6.93E-05,6.50E-05,9.93E-05,3.17E-05,0.000131466,7.96E-06
X,nov,weekend,23,501,7.79E-05,7.61E-05,0.000108159,4.42E-05,0.000144258,1.46E-05
X,nov,weekend,24,501,8.20E-05,8.03E-05,0.000114095,4.34E-05,0.000148952,1.24E-05
X,nov,weekend,25,501,7.48E-05,7.03E-05,0.00010407,3.99E-05,0.00013523,7.88E-06
X,nov,weekend,26,501,6.67E-05,5.99E-05,9.33E-05,3.18E-05,0.000127522,9.56E-06
X,nov,weekend,27,501,5.59E-05,4.68E-05,8.08E-05,2.29E-05,0.00011424,5.57E-06
X,nov,weekend,28,501,4.43E-05,3.54E-05,6.43E-05,1.52E-05,0.000103572,2.47E-06
X,nov,weekend,29,501,3.00E-05,2.34E-05,4.28E-05,6.17E-06,7.07E-05,4.77E-07
X,nov,weekend,30,501,1.66E-05,8.44E-06,2.30E-05,1.39E-06,4.39E-05,0
X,nov,weekend,31,501,5.98E-06,1.17E-06,5.89E-06,0,1.56E-05,0
X,nov,weekend,32,501,1.78E-06,0,3.46E-07,0,1.97E-06,0
X,nov,weekend,33,501,1.71E-06,0,0,0,0,0
X,nov,weekend,34,501,1.64E-06,0,0,0,0,0
X,nov,weekend,35,501,8.52E-07,0,0,0,0,0
X,nov,weekend,36,501,4.69E-07,0,0,0,0,0
X,nov,weekend,37,501,5.09E-07,0,0,0,0,0
X,nov,weekend,38,501,6.07E-07,0,0,0,0,0
X,nov,weekend,39,501,6.56E-07,0,0,0,0,0
X,nov,weekend,40,501,6.19E-07,0,0,0,0,0
X,nov,weekend,41,501,6.34E-07,0,0,0,0,0
X,nov,weekend,42,501,5.86E-07,0,0,0,0,0
X,nov,weekend,43,501,4.40E-07,0,0,0,0,0
X,nov,weekend,44,501,4.21E-07,0,0,0,0,0
X,nov,weekend,45,501,4.51E-07,0,0,0,0,0
X,nov,weekend,46,501,4.16E-07,0,0,0,0,0
X,nov,weekend,47,501,3.66E-07,0,0,0,0,0
X,nov,weekend,48,501,2.48E-07,0,0,0,0,0
X,oct,weekday,1,501,3.95E-07,0,0,0,0,0
X,oct,weekday,2,501,3.43E-07,0,0,0,0,0
X,oct,weekday,3,501,2.57E-07,0,0,0,0,0
X,oct,weekday,4,501,2.74E-07,0,0,0,0,0
X,oct,weekday,5,501,1.41E-07,0,0,0,0,0
X,oct,weekday,6,501,1.27E-07,0,0,0,0,0
X,oct,weekday,7,501,1.81E-07,0,0,0,0,0
X,oct,weekday,8,501,1.38E-07,0,0,0,0,0
X,oct,weekday,9,501,1.09E-07,0,0,0,0,0
X,oct,weekday,10,501,1.19E-07,0,0,0,0,0
X,oct,weekday,11,501,1.70E-07,0,0,0,0,0
X,oct,weekday,12,501,1.43E-07,0,0,0,0,0
X,oct,weekday,13,501,1.55E-07,0,0,0,0,0
X,oct,weekday,14,501,1.52E-07,0,0,0,0,0
X,oct,weekday,15,501,2.91E-07,0,0,0,0,0
X,oct,weekday,16,501,7.01E-07,0,2.11E-07,0,1.33E-06,0
X,oct,weekday,17,501,4.62E-06,9.23E-07,5.67E-06,0,1.40E-05,0
X,oct,weekday,18,501,1.48E-05,6.46E-06,2.37E-05,1.04E-06,4.15E-05,7.55E-09
X,oct,weekday,19,501,3.21E-05,2.46E-05,5.05E-05,6.25E-06,7.68E-05,7.87E-07
X,oct,weekday,20,501,5.36E-05,4.85E-05,7.93E-05,1.85E-05,0.000109302,2.98E-06
X,oct,weekday,21,501,7.90E-05,7.99E-05,0.000113924,3.91E-05,0.000143933,1.03E-05
X,oct,weekday,22,501,0.000103971,0.000106357,0.000142215,6.22E-05,0.000171696,2.27E-05
X,oct,weekday,23,501,0.000125633,0.000127297,0.000166438,8.74E-05,0.000191692,4.19E-05
X,oct,weekday,24,501,0.000139487,0.000142323,0.000174105,0.000109788,0.000204148,5.06E-05
X,oct,weekday,25,501,0.00014396,0.000147248,0.00017849,0.000113824,0.000207219,6.40E-05
X,oct,weekday,26,501,0.000149495,0.000153427,0.000179647,0.000120366,0.00020738,8.11E-05
X,oct,weekday,27,501,0.00014954,0.000151828,0.000176127,0.000121167,0.000204182,8.25E-05
X,oct,weekday,28,501,0.000142435,0.000144113,0.000168535,0.000113538,0.0002036,7.75E-05
X,oct,weekday,29,501,0.000129926,0.000131252,0.000162514,9.93E-05,0.00018908,5.80E-05
X,oct,weekday,30,501,0.000113548,0.000115297,0.000146943,8.00E-05,0.00017445,4.31E-05
X,oct,weekday,31,501,9.36E-05,9.60E-05,0.000126525,5.86E-05,0.000157049,2.37E-05
X,oct,weekday,32,501,6.88E-05,6.90E-05,9.82E-05,3.42E-05,0.000124986,1.17E-05
X,oct,weekday,33,501,4.40E-05,3.96E-05,6.56E-05,1.26E-05,9.12E-05,3.16E-06
X,oct,weekday,34,501,2.34E-05,1.65E-05,3.70E-05,4.23E-06,5.64E-05,5.48E-07
X,oct,weekday,35,501,1.01E-05,3.48E-06,1.22E-05,3.29E-07,2.31E-05,0
X,oct,weekday,36,501,3.80E-06,1.58E-07,2.19E-06,0,6.66E-06,0
X,oct,weekday,37,501,1.70E-06,0,3.47E-08,0,6.62E-07,0
X,oct,weekday,38,501,1.24E-06,0,0,0,0,0
X,oct,weekday,39,501,1.08E-06,0,0,0,0,0
X,oct,weekday,40,501,1.03E-06,0,0,0,0,0
X,oct,weekday,41,501,9.65E-07,0,0,0,0,0
X,oct,weekday,42,501,8.48E-07,0,0,0,0,0
X,oct,weekday,43,501,7.69E-07,0,0,0,0,0
X,oct,weekday,44,501,5.73E-07,0,0,0,0,0
X,oct,weekday,45,501,6.44E-07,0,0,0,0,0
X,oct,weekday,46,501,5.53E-07,0,0,0,0,0
X,oct,weekday,47,501,6.21E-07,0,0,0,0,0
X,oct,weekday,48,501,4.47E-07,0,0,0,0,0
X,oct,weekend,1,501,2.95E-07,0,0,0,0,0
X,oct,weekend,2,501,2.17E-07,0,0,0,0,0
X,oct,weekend,3,501,1.47E-07,0,0,0,0,0
X,oct,weekend,4,501,2.22E-07,0,0,0,0,0
X,oct,weekend,5,501,1.67E-07,0,0,0,0,0
X,oct,weekend,6,501,8.96E-08,0,0,0,0,0
X,oct,weekend,7,501,2.20E-07,0,0,0,0,0
X,oct,weekend,8,501,1.03E-07,0,0,0,0,0
X,oct,weekend,9,501,1.55E-07,0,0,0,0,0
X,oct,weekend,10,501,1.02E-07,0,0,0,0,0
X,oct,weekend,11,501,2.41E-07,0,0,0,0,0
X,oct,weekend,12,501,1.66E-07,0,0,0,0,0
X,oct,weekend,13,501,9.70E-08,0,0,0,0,0
X,oct,weekend,14,501,1.76E-07,0,0,0,0,0
X,oct,weekend,15,501,2.22E-07,0,0,0,0,0
X,oct,weekend,16,501,5.73E-07,0,1.19E-07,0,8.38E-07,0
X,oct,weekend,17,501,3.46E-06,5.80E-07,3.29E-06,0,1.01E-05,0
X,oct,weekend,18,501,1.03E-05,4.28E-06,1.36E-05,6.04E-07,2.57E-05,0
X,oct,weekend,19,501,2.17E-05,1.40E-05,3.14E-05,4.08E-06,5.28E-05,5.38E-07
X,oct,weekend,20,501,3.83E-05,3.12E-05,5.77E-05,1.16E-05,8.51E-05,3.61E-06
X,oct,weekend,21,501,5.90E-05,5.30E-05,8.68E-05,2.49E-05,0.00011709,6.69E-06
X,oct,weekend,22,501,8.12E-05,7.68E-05,0.000115646,4.04E-05,0.000153107,1.40E-05
X,oct,weekend,23,501,0.000107126,0.000105141,0.000146241,6.15E-05,0.000182511,2.47E-05
X,oct,weekend,24,501,0.000126133,0.000127207,0.000169717,7.89E-05,0.000200321,3.52E-05
X,oct,weekend,25,501,0.000136696,0.000135953,0.000173616,9.48E-05,0.000209195,5.36E-05
X,oct,weekend,26,501,0.000136694,0.000136503,0.000176972,9.45E-05,0.000206236,5.67E-05
X,oct,weekend,27,501,0.000138459,0.000135945,0.000175903,9.92E-05,0.000214478,5.46E-05
X,oct,weekend,28,501,0.000128245,0.000126864,0.000160327,9.06E-05,0.000198898,5.30E-05
X,oct,weekend,29,501,0.00011744,0.000113946,0.000153518,7.97E-05,0.000188322,4.39E-05
X,oct,weekend,30,501,0.00010368,9.98E-05,0.000136729,6.64E-05,0.000173626,3.54E-05
X,oct,weekend,31,501,8.39E-05,8.02E-05,0.000116445,4.53E-05,0.000145424,1.77E-05
X,oct,weekend,32,501,6.21E-05,5.52E-05,9.04E-05,2.64E-05,0.000118189,7.78E-06
X,oct,weekend,33,501,4.02E-05,3.40E-05,5.62E-05,1.14E-05,8.94E-05,2.21E-06
X,oct,weekend,34,501,2.18E-05,1.24E-05,3.30E-05,2.65E-06,5.71E-05,1.59E-07
X,oct,weekend,35,501,9.73E-06,2.13E-06,1.18E-05,7.53E-08,2.57E-05,0
X,oct,weekend,36,501,3.39E-06,8.49E-08,1.80E-06,0,6.07E-06,0
X,oct,weekend,37,501,1.26E-06,0,0,0,5.52E-07,0
X,oct,weekend,38,501,8.35E-07,0,0,0,0,0
X,oct,weekend,39,501,8.15E-07,0,0,0,0,0
X,oct,weekend,40,501,7.59E-07,0,0,0,0,0
X,oct,weekend,41,501,8.41E-07,0,0,0,0,0
X,oct,weekend,42,501,5.89E-07,0,0,0,0,0
X,oct,weekend,43,501,5.78E-07,0,0,0,0,0
X,oct,weekend,44,501,3.90E-07,0,0,0,0,0
X,oct,weekend,45,501,3.93E-07,0,0,0,0,0
X,oct,weekend,46,501,3.95E-07,0,0,0,0,0
X,oct,weekend,47,501,4.76E-07,0,0,0,0,0
X,oct,weekend,48,501,4.32E-07,0,0,0,0,0
X,sep,weekday,1,501,7.56E-07,0,0,0,0,0
X,sep,weekday,2,501,4.87E-07,0,0,0,0,0
X,sep,weekday,3,501,4.47E-07,0,0,0,0,0
X,sep,weekday,4,501,4.19E-07,0,0,0,0,0
X,sep,weekday,5,501,3.34E-07,0,0,0,0,0
X,sep,weekday,6,501,2.78E-07,0,0,0,0,0
X,sep,weekday,7,501,1.48E-07,0,0,0,0,0
X,sep,weekday,8,501,1.24E-07,0,0,0,0,0
X,sep,weekday,9,501,1.52E-07,0,0,0,0,0
X,sep,weekday,10,501,1.11E-07,0,0,0,0,0
X,sep,weekday,11,501,1.47E-07,0,0,0,0,0
X,sep,weekday,12,501,1.58E-07,0,0,0,0,0
X,sep,weekday,13,501,2.02E-07,0,0,0,0,0
X,sep,weekday,14,501,2.14E-07,0,0,0,6.32E-08,0
X,sep,weekday,15,501,1.59E-06,8.39E-08,9.55E-07,0,3.34E-06,0
X,sep,weekday,16,501,8.17E-06,2.50E-06,1.10E-05,1.93E-07,2.52E-05,0
X,sep,weekday,17,501,2.23E-05,1.22E-05,3.42E-05,2.32E-06,5.60E-05,2.36E-07
X,sep,weekday,18,501,4.30E-05,3.30E-05,6.80E-05,1.12E-05,9.36E-05,1.77E-06
X,sep,weekday,19,501,6.93E-05,6.52E-05,0.000103438,2.51E-05,0.000137355,7.76E-06
X,sep,weekday,20,501,0.000100353,9.68E-05,0.000143741,4.90E-05,0.00018503,1.51E-05
X,sep,weekday,21,501,0.000132661,0.000138589,0.000181353,8.33E-05,0.000223439,3.42E-05
X,sep,weekday,22,501,0.000163137,0.000171598,0.000211177,0.000115532,0.000250458,5.60E-05
X,sep,weekday,23,501,0.000190581,0.000196885,0.000235696,0.000153386,0.000272284,8.71E-05
X,sep,weekday,24,501,0.000210022,0.000217138,0.000248993,0.000175274,0.000285571,0.000119126
X,sep,weekday,25,501,0.000221262,0.000223575,0.000255717,0.00019393,0.000285659,0.000145359
X,sep,weekday,26,501,0.000228963,0.000231026,0.000258149,0.00020472,0.000294141,0.000160274
X,sep,weekday,27,501,0.000231232,0.000232376,0.000258167,0.000206426,0.000286233,0.000172103
X,sep,weekday,28,501,0.000233062,0.000234677,0.000263633,0.000206591,0.00030114,0.000164924
X,sep,weekday,29,501,0.000224351,0.000225764,0.00025845,0.000190397,0.000295051,0.000151222
X,sep,weekday,30,501,0.000206878,0.000205981,0.000243046,0.000169985,0.000285322,0.000119685
X,sep,weekday,31,501,0.000182623,0.000185786,0.000223642,0.000144101,0.000267742,8.35E-05
X,sep,weekday,32,501,0.000153807,0.000157673,0.000198554,0.000112327,0.000233177,5.13E-05
X,sep,weekday,33,501,0.000120326,0.00012386,0.000163039,6.67E-05,0.000201228,2.66E-05
X,sep,weekday,34,501,8.62E-05,7.98E-05,0.000125008,3.15E-05,0.000167136,8.25E-06
X,sep,weekday,35,501,5.49E-05,4.03E-05,8.16E-05,1.05E-05,0.000125448,2.57E-06
X,sep,weekday,36,501,2.85E-05,1.45E-05,4.19E-05,2.56E-06,7.45E-05,1.08E-07
X,sep,weekday,37,501,1.13E-05,2.37E-06,1.36E-05,1.22E-07,3.08E-05,0
X,sep,weekday,38,501,3.69E-06,6.70E-08,1.92E-06,0,7.09E-06,0
X,sep,weekday,39,501,1.96E-06,0,1.99E-08,0,4.51E-07,0
X,sep,weekday,40,501,1.75E-06,0,0,0,0,0
X,sep,weekday,41,501,1.64E-06,0,0,0,0,0
X,sep,weekday,42,501,1.38E-06,0,0,0,0,0
X,sep,weekday,43,501,1.26E-06,0,0,0,0,0
X,sep,weekday,44,501,9.94E-07,0,0,0,0,0
X,sep,weekday,45,501,8.94E-07,0,0,0,0,0
X,sep,weekday,46,501,8.27E-07,0,0,0,0,0
X,sep,weekday,47,501,9.89E-07,0,0,0,0,0
X,sep,weekday,48,501,7.53E-07,0,0,0,0,0
X,sep,weekend,1,501,6.56E-07,0,0,0,0,0
X,sep,weekend,2,501,5.58E-07,0,0,0,0,0
X,sep,weekend,3,501,4.35E-07,0,0,0,0,0
X,sep,weekend,4,501,4.73E-07,0,0,0,0,0
X,sep,weekend,5,501,2.71E-07,0,0,0,0,0
X,sep,weekend,6,501,1.45E-07,0,0,0,0,0
X,sep,weekend,7,501,2.53E-07,0,0,0,0,0
X,sep,weekend,8,501,2.72E-07,0,0,0,0,0
X,sep,weekend,9,501,1.80E-07,0,0,0,0,0
X,sep,weekend,10,501,1.61E-07,0,0,0,0,0
X,sep,weekend,11,501,1.55E-07,0,0,0,0,0
X,sep,weekend,12,501,2.06E-07,0,0,0,0,0
X,sep,weekend,13,501,1.86E-07,0,0,0,0,0
X,sep,weekend,14,501,2.06E-07,0,0,0,7.25E-08,0
X,sep,weekend,15,501,1.50E-06,5.62E-08,1.21E-06,0,3.49E-06,0
X,sep,weekend,16,501,6.88E-06,2.82E-06,8.54E-06,2.35E-07,1.88E-05,0
X,sep,weekend,17,501,1.92E-05,1.25E-05,2.69E-05,2.93E-06,4.80E-05,2.03E-07
X,sep,weekend,18,501,3.74E-05,2.93E-05,5.38E-05,1.08E-05,8.52E-05,1.11E-06
X,sep,weekend,19,501,5.95E-05,5.09E-05,8.55E-05,2.43E-05,0.000122194,5.61E-06
X,sep,weekend,20,501,8.69E-05,8.68E-05,0.00011689,4.61E-05,0.000161063,1.43E-05
X,sep,weekend,21,501,0.000120404,0.000122588,0.000156041,7.30E-05,0.000204061,3.12E-05
X,sep,weekend,22,501,0.00015269,0.000152362,0.000203928,0.00010299,0.000255961,3.93E-05
X,sep,weekend,23,501,0.000179774,0.000179056,0.000228871,0.000128438,0.000286841,7.41E-05
X,sep,weekend,24,501,0.000196553,0.00019542,0.000245852,0.000147959,0.000288222,9.20E-05
X,sep,weekend,25,501,0.000206845,0.000206573,0.000256545,0.000159052,0.000305634,0.000103084
X,sep,weekend,26,501,0.000207067,0.000207887,0.000251574,0.000165586,0.000291985,0.000120103
X,sep,weekend,27,501,0.000210602,0.000211771,0.000251592,0.000169361,0.000299094,0.000132499
X,sep,weekend,28,501,0.000207859,0.000210823,0.000249161,0.000168761,0.000293393,0.000123265
X,sep,weekend,29,501,0.00019826,0.000199056,0.000236438,0.000160732,0.000274073,0.000121764
X,sep,weekend,30,501,0.000183047,0.000182304,0.000220094,0.000142296,0.000270402,0.000101513
X,sep,weekend,31,501,0.00015859,0.000158306,0.00020087,0.000114065,0.000245148,6.73E-05
X,sep,weekend,32,501,0.000131758,0.000128445,0.000171533,9.20E-05,0.000212234,4.83E-05
X,sep,weekend,33,501,0.0001017,9.84E-05,0.000137997,5.92E-05,0.000177716,2.43E-05
X,sep,weekend,34,501,7.51E-05,6.62E-05,0.000106424,2.94E-05,0.000152895,1.06E-05
X,sep,weekend,35,501,4.73E-05,3.58E-05,6.72E-05,1.05E-05,0.000106303,1.96E-06
X,sep,weekend,36,501,2.57E-05,1.29E-05,3.69E-05,2.67E-06,6.30E-05,0
X,sep,weekend,37,501,9.90E-06,2.08E-06,1.07E-05,0,2.43E-05,0
X,sep,weekend,38,501,3.78E-06,0,1.39E-06,0,5.05E-06,0
X,sep,weekend,39,501,2.35E-06,0,0,0,3.83E-07,0
X,sep,weekend,40,501,1.94E-06,0,0,0,0,0
X,sep,weekend,41,501,1.62E-06,0,0,0,0,0
X,sep,weekend,42,501,1.40E-06,0,0,0,0,0
X,sep,weekend,43,501,1.32E-06,0,0,0,0,0
X,sep,weekend,44,501,1.12E-06,0,0,0,0,0
X,sep,weekend,45,501,9.19E-07,0,0,0,0,0
X,sep,weekend,46,501,9.66E-07,0,0,0,0,0
X,sep,weekend,47,501,1.10E-06,0,0,0,0,0
X,sep,weekend,48,501,8.02E-07,0,0,0,0,0
