"archetype","read_month","read_type_of_day","read_hh","n_puprn","elec_exp_mean","elec_exp_50th","elec_exp_75th","elec_exp_25th","elec_exp_90th","elec_exp_10th"
"VX","apr","weekday",1,59,8.14931845983931e-07,0,0,0,8.92056273972256e-07,0
"VX","apr","weekday",2,59,7.06978559728298e-07,0,0,0,6.22206751943949e-07,0
"VX","apr","weekday",3,59,7.67708325335444e-07,0,0,0,2.3325915177332e-07,0
"VX","apr","weekday",4,59,1.19147235147435e-06,0,0,0,2.07141275824468e-07,0
"VX","apr","weekday",5,59,8.42442324290299e-07,0,0,0,6.70315054760719e-08,0
"VX","apr","weekday",6,59,8.0989663922617e-07,0,0,0,2.14365947700508e-07,0
"VX","apr","weekday",7,59,9.69318048533688e-07,0,0,0,2.0509864721692e-07,0
"VX","apr","weekday",8,59,1.10665953927015e-06,0,0,0,2.65205081588551e-07,0
"VX","apr","weekday",9,59,9.98467192609733e-07,0,0,0,2.14642771011451e-07,0
"VX","apr","weekday",10,59,8.54626468290694e-07,0,0,0,5.13368297751338e-07,0
"VX","apr","weekday",11,59,1.06955847089253e-06,0,0,0,7.79800171881925e-07,0
"VX","apr","weekday",12,59,1.36739443409838e-06,0,0,0,2.06955056516051e-06,0
"VX","apr","weekday",13,59,1.58668743836502e-06,0,6.85586443709261e-07,0,4.19353485791681e-06,0
"VX","apr","weekday",14,59,4.00391790426208e-06,9.36712026869539e-07,2.50233301257562e-06,0,8.37673696254959e-06,0
"VX","apr","weekday",15,59,9.30024053406181e-06,2.62428346107584e-06,7.63196775199056e-06,1.02328228957507e-06,2.8240866049431e-05,3.13785451519536e-09
"VX","apr","weekday",16,59,1.75580427710557e-05,9.95099329632227e-06,2.03680198281755e-05,1.87739004842698e-06,4.12222926546164e-05,1.0385144338628e-07
"VX","apr","weekday",17,59,3.43436753399719e-05,2.07268497430171e-05,5.27242813361351e-05,4.70222162538166e-06,8.40740026757952e-05,1.52832498234664e-06
"VX","apr","weekday",18,59,5.67737458905529e-05,4.0057275262349e-05,9.30669258918779e-05,1.15626174189573e-05,0.000133315492038721,3.39131922723426e-06
"VX","apr","weekday",19,59,8.44723536714246e-05,6.42354106010892e-05,0.000131988317838722,3.8466530525495e-05,0.000192433744066656,4.97565082028989e-06
"VX","apr","weekday",20,59,0.000118565738763931,0.000111548089721541,0.00019662329415971,6.12953455750663e-05,0.000202562073185704,8.17107303458656e-06
"VX","apr","weekday",21,59,0.000143521446358758,0.000152476074377536,0.000194010174091582,8.79216693797283e-05,0.000232866706412638,1.34532978796865e-05
"VX","apr","weekday",22,59,0.00017220204034363,0.000182408281170684,0.00022976696586612,0.000130625569973401,0.000275919922962459,2.41428432199525e-05
"VX","apr","weekday",23,59,0.000197074871508329,0.000231043356311407,0.000262278162635175,0.00015629512191506,0.00029981362060051,3.20242715379594e-05
"VX","apr","weekday",24,59,0.000223955140647468,0.000241959836009098,0.000276468060242895,0.000189621185768868,0.000294341124054438,8.50074711698359e-05
"VX","apr","weekday",25,59,0.000239617887280238,0.000261122326083494,0.000300372078966875,0.000224727631475549,0.000325598026384969,9.43982133318425e-05
"VX","apr","weekday",26,59,0.000263877222298453,0.000269863645697136,0.000287341914769144,0.000235453768716363,0.000354122009710427,0.000132924372359754
"VX","apr","weekday",27,59,0.000269556317299897,0.000272671867784344,0.000313590298918232,0.000232290435619237,0.000359776551283813,0.000190544417754025
"VX","apr","weekday",28,59,0.000278589288235918,0.000272529145992731,0.000322115087362869,0.000246305284505817,0.000366366668485439,0.000204376413595056
"VX","apr","weekday",29,59,0.000278763748091712,0.000278938270771908,0.000317068712162782,0.000238978119612056,0.000375745328689496,0.000210234053731083
"VX","apr","weekday",30,59,0.000265910656263099,0.0002587040116786,0.000316024066049339,0.00021859821780178,0.000337342196855507,0.000200414686376552
"VX","apr","weekday",31,59,0.000244451339846243,0.00025754797243202,0.000280279642007038,0.000202701963584872,0.000310273508519452,0.000169965788719281
"VX","apr","weekday",32,59,0.000215496398154726,0.000216287985901151,0.000262912256513671,0.000165139540418812,0.000307392175849951,0.000138885757998475
"VX","apr","weekday",33,59,0.000177865694928549,0.000161583550398684,0.000228019295861411,0.000125183035150519,0.00026676228452131,0.000108508048233551
"VX","apr","weekday",34,59,0.000140532394167079,0.000121503963302205,0.000190959966259556,0.000101825567654471,0.000218687552337214,6.01584833398908e-05
"VX","apr","weekday",35,59,0.000102135903339385,8.69501303232045e-05,0.00015034437606014,6.03256944804149e-05,0.000183465002234562,2.9054180090317e-05
"VX","apr","weekday",36,59,7.15160796435739e-05,5.58159705759316e-05,0.000113629562589455,3.39271222172482e-05,0.000136537124531825,1.30256897259754e-05
"VX","apr","weekday",37,59,4.30852240540252e-05,2.67856979839254e-05,5.5738509192054e-05,9.07756519527566e-06,9.04714497328056e-05,2.79532771767094e-06
"VX","apr","weekday",38,59,2.3927972055892e-05,8.29180893669222e-06,2.75800913242731e-05,2.93809934899577e-06,5.2528847448427e-05,1.064429241945e-06
"VX","apr","weekday",39,59,1.25811451775053e-05,2.62022130100965e-06,9.02877328088936e-06,2.48899875948204e-07,3.15715385383072e-05,2.12633153544906e-08
"VX","apr","weekday",40,59,4.45794362275288e-06,1.40004806992931e-07,2.57585649325135e-06,0,8.58986796567132e-06,0
"VX","apr","weekday",41,59,2.14078760207147e-06,0,3.20693830332242e-07,0,4.96231801650493e-06,0
"VX","apr","weekday",42,59,2.03551331878751e-06,0,3.84555237984576e-07,0,2.95475895812284e-06,0
"VX","apr","weekday",43,59,1.23860743221464e-06,0,7.85691421822854e-07,0,2.2038728168135e-06,0
"VX","apr","weekday",44,59,1.32943885594097e-06,0,1.90392706868807e-07,0,3.27527364374678e-06,0
"VX","apr","weekday",45,59,1.23034168861309e-06,0,1.01343557657844e-07,0,2.76113401218478e-06,0
"VX","apr","weekday",46,59,9.86998844786875e-07,0,3.16671616025172e-08,0,1.69952143824138e-06,0
"VX","apr","weekday",47,59,1.13699077512332e-06,0,0,0,1.71317525083773e-06,0
"VX","apr","weekday",48,59,8.07156572092327e-07,0,0,0,9.41108697328809e-07,0
"VX","apr","weekend",1,59,9.51951535305736e-07,0,0,0,9.63184503357744e-07,0
"VX","apr","weekend",2,59,6.92323441988717e-07,0,0,0,6.23189532305697e-08,0
"VX","apr","weekend",3,59,8.96377164819733e-07,0,0,0,5.08185784092911e-08,0
"VX","apr","weekend",4,59,1.03957907233173e-06,0,0,0,4.04390089725145e-08,0
"VX","apr","weekend",5,59,7.37374310345096e-07,0,0,0,4.24132181735012e-08,0
"VX","apr","weekend",6,59,5.23636118770405e-07,0,0,0,1.7894429320711e-08,0
"VX","apr","weekend",7,59,5.24487821674252e-07,0,0,0,3.58280829064315e-07,0
"VX","apr","weekend",8,59,4.66407274926188e-07,0,0,0,3.22249493083135e-07,0
"VX","apr","weekend",9,59,6.96302412974614e-07,0,0,0,3.45790737262712e-07,0
"VX","apr","weekend",10,59,5.85297281502596e-07,0,0,0,4.29867099929834e-07,0
"VX","apr","weekend",11,59,9.22490677179971e-07,0,0,0,1.4588318765172e-06,0
"VX","apr","weekend",12,59,1.18839319630328e-06,0,2.29066900765015e-08,0,1.23002412116533e-06,0
"VX","apr","weekend",13,59,1.9577454941224e-06,0,5.68322685765466e-07,0,3.12982089885137e-06,0
"VX","apr","weekend",14,59,5.23487210211692e-06,4.71910708180217e-07,3.69788863040046e-06,0,1.13171012565125e-05,0
"VX","apr","weekend",15,59,1.43118095871227e-05,3.19517176823761e-06,1.27913108945226e-05,2.11800408074414e-07,3.15844838904027e-05,0
"VX","apr","weekend",16,59,2.67571779204529e-05,9.74030094268719e-06,3.7745963666354e-05,1.79932433799318e-06,5.2689056051245e-05,1.68540320298444e-07
"VX","apr","weekend",17,59,4.70135118256901e-05,2.07901643945249e-05,7.73079160571031e-05,6.31404203777923e-06,9.05477068850038e-05,7.10598893120834e-07
"VX","apr","weekend",18,59,7.70649153187174e-05,3.69691924905227e-05,0.000113686529816784,1.00796533939681e-05,0.000211848401400304,2.07862023783249e-06
"VX","apr","weekend",19,59,0.000110259793778156,6.99818960472614e-05,0.000158649689703548,3.29585015115762e-05,0.000224908606358978,4.91575763974965e-06
"VX","apr","weekend",20,59,0.000159537443747974,0.000141870491367149,0.000229065455649534,4.98601333982962e-05,0.00026407104928252,9.59997685458092e-06
"VX","apr","weekend",21,59,0.000197462219922266,0.000195707945596509,0.000259946788090785,0.000114959179623375,0.000343651022607319,1.47587721360716e-05
"VX","apr","weekend",22,59,0.000233718929907604,0.000244436200179691,0.000311405575384388,0.000140404865906899,0.000373959090025744,5.04748668651505e-05
"VX","apr","weekend",23,59,0.000255098722390004,0.000262788263808483,0.000348650322004352,0.000128470326848864,0.0004047149520739,3.57450044325607e-05
"VX","apr","weekend",24,59,0.000288357112273111,0.000328853694090179,0.000363962140328481,0.000201023276052308,0.000420605849809006,5.44025230168858e-05
"VX","apr","weekend",25,59,0.000306010257058437,0.000324846585575413,0.000389986722907954,0.000207243468366485,0.000423277540849605,9.67724427373097e-05
"VX","apr","weekend",26,59,0.000318306112203805,0.000339300094311583,0.00039041061470868,0.000228296426836002,0.000452413262645422,0.000162985921977809
"VX","apr","weekend",27,59,0.000344009683184664,0.000338107473132901,0.000426809157658921,0.000278625778480289,0.000476890921875964,0.000226397264657588
"VX","apr","weekend",28,59,0.000350686504566711,0.000339392064256962,0.00042214444078984,0.000284298593024958,0.000515739928856276,0.00022158653168023
"VX","apr","weekend",29,59,0.000362300160531894,0.000356741458644681,0.00044715867346212,0.000284369318601417,0.000519438442685468,0.000210523454637541
"VX","apr","weekend",30,59,0.000336328544089416,0.000336561916229539,0.000393662116693146,0.000268135556119779,0.000467571859428739,0.000174083918637638
"VX","apr","weekend",31,59,0.000298219847270803,0.000272220030006504,0.000345640806408272,0.000225740660549243,0.000426725988916135,0.000178132828965274
"VX","apr","weekend",32,59,0.000272905132318943,0.00025339213155606,0.000309573579582259,0.000190546336461913,0.000419162489780986,0.000140377331651506
"VX","apr","weekend",33,59,0.000245439318604935,0.000220394156072028,0.000304709399990303,0.000165510544785843,0.000373674388366476,8.83173120631707e-05
"VX","apr","weekend",34,59,0.000187141155218569,0.000158398709651673,0.000222843246442753,0.000122514135640629,0.000360815750795313,5.82753970929677e-05
"VX","apr","weekend",35,59,0.000134102924833545,0.000125850198333006,0.000162031116112753,7.14334661743406e-05,0.000297829865268986,3.16470972580567e-05
"VX","apr","weekend",36,59,9.34527668949523e-05,6.81265776169689e-05,0.00011946290142227,2.44824434758961e-05,0.00023480784727781,1.48788657051409e-05
"VX","apr","weekend",37,59,5.48560575002724e-05,3.20491605737194e-05,7.03947127511428e-05,9.16282629044222e-06,0.00015785997585495,5.10624389588969e-06
"VX","apr","weekend",38,59,2.80538907406556e-05,9.06116536790088e-06,2.33680875820629e-05,3.7172164958773e-06,8.20988080577281e-05,3.85250905533025e-07
"VX","apr","weekend",39,59,1.21204397484358e-05,1.45438602119964e-06,6.07938118760998e-06,0,2.20235671590894e-05,0
"VX","apr","weekend",40,59,6.18690166359567e-06,0,1.19998763376444e-06,0,7.07841542865245e-06,0
"VX","apr","weekend",41,59,3.97180110362293e-06,0,1.65427835660711e-07,0,2.96620695193678e-06,0
"VX","apr","weekend",42,59,2.80251436144338e-06,0,4.45559441140489e-07,0,3.93343944963344e-06,0
"VX","apr","weekend",43,59,2.05934811855522e-06,0,3.90202253254647e-07,0,3.02629219393278e-06,0
"VX","apr","weekend",44,59,1.91827124167202e-06,0,1.46404145934044e-07,0,2.28759400216524e-06,0
"VX","apr","weekend",45,59,1.67077659127667e-06,0,1.01690848494664e-07,0,2.13995037801178e-06,0
"VX","apr","weekend",46,59,1.47382228278967e-06,0,0,0,2.09157395168822e-06,0
"VX","apr","weekend",47,59,1.38728163326163e-06,0,0,0,2.03411340511507e-06,0
"VX","apr","weekend",48,59,9.64951322356592e-07,0,0,0,1.75580417490192e-06,0
"VX","aug","weekday",1,59,8.15073723543554e-07,0,0,0,1.00457440909723e-06,0
"VX","aug","weekday",2,59,7.98336594801126e-07,0,0,0,4.75367092814687e-07,0
"VX","aug","weekday",3,59,8.39514524415486e-07,0,0,0,1.04732056125909e-07,0
"VX","aug","weekday",4,59,1.00565563177705e-06,0,0,0,4.80867436206044e-08,0
"VX","aug","weekday",5,59,1.04905383421048e-06,0,0,0,1.44091128402688e-07,0
"VX","aug","weekday",6,59,7.8809240581685e-07,0,0,0,5.68144149644301e-08,0
"VX","aug","weekday",7,59,8.85745438300207e-07,0,0,0,1.02050844670453e-06,0
"VX","aug","weekday",8,59,8.96906301493101e-07,0,0,0,4.77447656642199e-07,0
"VX","aug","weekday",9,59,7.31931543474916e-07,0,0,0,4.0897683983498e-07,0
"VX","aug","weekday",10,59,1.0398839889682e-06,0,0,0,2.6913423275315e-07,0
"VX","aug","weekday",11,59,1.00216584104622e-06,0,0,0,9.66525816843946e-07,0
"VX","aug","weekday",12,59,1.00355898699174e-06,0,0,0,1.88261340921371e-06,0
"VX","aug","weekday",13,59,1.68353935950965e-06,0,5.22126071230671e-07,0,5.13827892488114e-06,0
"VX","aug","weekday",14,59,4.65340943993783e-06,8.08610449817883e-07,4.8559695591015e-06,3.76056246886391e-08,7.68048894664472e-06,0
"VX","aug","weekday",15,59,1.02366795705421e-05,3.72372318814977e-06,1.07058259323847e-05,1.38054716167118e-06,2.05337075896469e-05,1.43619536291956e-07
"VX","aug","weekday",16,59,1.94702884029445e-05,9.71248333773378e-06,3.11651467012167e-05,2.35057255070831e-06,4.2959355472361e-05,1.41258874290434e-06
"VX","aug","weekday",17,59,3.45536436628911e-05,2.43567317691253e-05,5.82248954673769e-05,1.01234453992373e-05,7.75980159129139e-05,2.3915986261098e-06
"VX","aug","weekday",18,59,5.86844370514637e-05,4.06700656973608e-05,8.65237073807092e-05,2.25231671519805e-05,0.000114401383969014,5.45334910661812e-06
"VX","aug","weekday",19,59,8.42692288601822e-05,6.790747840745e-05,0.000128878246093568,3.88633401644935e-05,0.000143899584313752,1.84220841152301e-05
"VX","aug","weekday",20,59,0.000118867560365739,0.000102175872615129,0.000164396008479574,6.52367735698741e-05,0.000186413622313616,1.93243558038819e-05
"VX","aug","weekday",21,59,0.000149781565541216,0.000149426835341167,0.000192990230170568,9.15546225574963e-05,0.000208637911840932,3.38934664989621e-05
"VX","aug","weekday",22,59,0.000184429616417926,0.000167891765849777,0.000223012674163454,0.00010516456691172,0.000255049901242265,7.86537301639374e-05
"VX","aug","weekday",23,59,0.000207362073422486,0.000216062662866365,0.000235924301003144,0.000108121015956452,0.000315620542856669,4.37239709622697e-05
"VX","aug","weekday",24,59,0.000222291562202957,0.000220330858459503,0.0002739752530815,0.000184634567840382,0.000296039779354477,8.50289269837853e-05
"VX","aug","weekday",25,59,0.00024500952887992,0.000234364186043955,0.000264545163726639,0.000195605677434527,0.00032732216290328,0.000148673911347399
"VX","aug","weekday",26,59,0.000252262383472724,0.000242089050011999,0.000274731413812312,0.000201760661236659,0.000320218529897641,0.000143876900193837
"VX","aug","weekday",27,59,0.000261199701315971,0.000231085835173846,0.000299278202537484,0.000213653637993937,0.000336145069598229,0.000168365304993743
"VX","aug","weekday",28,59,0.000271512543894913,0.000238938095590308,0.000307199288123562,0.000221015596056545,0.000368944080543985,0.000204081703076539
"VX","aug","weekday",29,59,0.000272055729617157,0.000242459986118806,0.000312775693493794,0.000210062283011968,0.000327660399427715,0.000199488380672764
"VX","aug","weekday",30,59,0.000266226568286823,0.000243512186495235,0.000286241575003994,0.000216744742772053,0.000333675308440174,0.000179887426111708
"VX","aug","weekday",31,59,0.000245104119834054,0.000218017293886875,0.000282756796420357,0.000177044441788864,0.000335711776361023,0.000157944727628279
"VX","aug","weekday",32,59,0.000220331594536649,0.000190658026160686,0.000241571535665674,0.000168661621906189,0.000308578094826176,0.000129554182272747
"VX","aug","weekday",33,59,0.000187534008753226,0.000179159972409767,0.000217802036485905,0.000131934098878039,0.000294564269397143,0.000110768637979716
"VX","aug","weekday",34,59,0.000154196919867116,0.000133507907456887,0.000207730029563788,0.000105744494390471,0.000256944809475403,8.45747772168119e-05
"VX","aug","weekday",35,59,0.000121132590000144,0.000103934075808621,0.000159983604155122,6.69602349499395e-05,0.00018502941805974,4.3349713403478e-05
"VX","aug","weekday",36,59,8.39892289472164e-05,6.19570829915152e-05,0.000129594965430906,3.68235733171248e-05,0.00014602350261275,2.30600663457698e-05
"VX","aug","weekday",37,59,5.39258018272481e-05,4.00772843034734e-05,8.23168863395587e-05,1.15713623649176e-05,0.000111043805587839,8.96573462427414e-06
"VX","aug","weekday",38,59,3.16561318223978e-05,2.00970423329878e-05,3.93056671604826e-05,3.26377131169323e-06,7.84409942647759e-05,2.41786861867055e-06
"VX","aug","weekday",39,59,1.57079574612033e-05,5.89047432201239e-06,1.44888351806201e-05,6.86669043492634e-07,3.02494650793507e-05,1.46728687933701e-07
"VX","aug","weekday",40,59,6.78014996757792e-06,1.11134141128717e-06,4.53706454919424e-06,0,1.36227403661494e-05,0
"VX","aug","weekday",41,59,2.66043448427646e-06,0,6.53333134451625e-07,0,4.56502959504491e-06,0
"VX","aug","weekday",42,59,1.32517942316843e-06,0,2.81347467892552e-08,0,1.16606053677838e-06,0
"VX","aug","weekday",43,59,1.22714628677791e-06,0,1.83962963266904e-08,0,1.55662948240065e-06,0
"VX","aug","weekday",44,59,1.05900006581468e-06,0,4.9866006378453e-09,0,9.74875056845901e-07,0
"VX","aug","weekday",45,59,1.01357169543704e-06,0,2.1475894098114e-09,0,5.22853113554429e-07,0
"VX","aug","weekday",46,59,1.47465935596445e-06,0,6.44276822943419e-09,0,2.85985348964682e-07,0
"VX","aug","weekday",47,59,1.20508882532643e-06,0,0,0,1.30519506523783e-06,0
"VX","aug","weekday",48,59,8.80490143370389e-07,0,0,0,1.28744535579127e-06,0
"VX","aug","weekend",1,59,1.15046855560832e-06,0,0,0,9.57657628014739e-07,0
"VX","aug","weekend",2,59,1.08307276689792e-06,0,0,0,1.26135405408899e-06,0
"VX","aug","weekend",3,59,1.33249851951522e-06,0,0,0,1.74893509241766e-06,0
"VX","aug","weekend",4,59,9.87276970004216e-07,0,0,0,1.75313634517654e-06,0
"VX","aug","weekend",5,59,1.69210654874582e-06,0,0,0,1.5999281992899e-06,0
"VX","aug","weekend",6,59,1.24117208900949e-06,0,0,0,2.39287230341238e-07,0
"VX","aug","weekend",7,59,1.25344085609069e-06,0,0,0,4.1435653654019e-06,0
"VX","aug","weekend",8,59,1.07674590578648e-06,0,0,0,1.59867612832902e-06,0
"VX","aug","weekend",9,59,9.81409449863684e-07,0,0,0,1.07427573586435e-06,0
"VX","aug","weekend",10,59,8.48159799110615e-07,0,0,0,9.12133728523155e-07,0
"VX","aug","weekend",11,59,1.09546296477037e-06,0,0,0,3.5848499394726e-06,0
"VX","aug","weekend",12,59,1.18362598410262e-06,0,0,0,2.72891749440959e-06,0
"VX","aug","weekend",13,59,1.27899334205837e-06,0,1.61814392607038e-07,0,3.23679363808492e-06,0
"VX","aug","weekend",14,59,3.08435103373101e-06,6.73613230704007e-07,3.00427176990024e-06,0,6.89483285548805e-06,0
"VX","aug","weekend",15,59,7.67031345523994e-06,4.14071993426964e-06,1.20781547107816e-05,7.72083533537967e-07,1.46867324023907e-05,2.73461042807387e-08
"VX","aug","weekend",16,59,1.6440203194543e-05,8.49230027963668e-06,2.51686472580139e-05,3.02032972588732e-06,3.85588056527628e-05,6.83751192402156e-07
"VX","aug","weekend",17,59,2.99120952114156e-05,1.85718519749473e-05,4.19966616847011e-05,9.2666970904463e-06,6.07339382027859e-05,3.32474348354355e-06
"VX","aug","weekend",18,59,4.58452213041947e-05,3.16008625898209e-05,6.32321467070172e-05,1.51704561420107e-05,8.8124263095321e-05,7.19258295908842e-06
"VX","aug","weekend",19,59,6.52156531489105e-05,5.27751273397932e-05,8.83843094116845e-05,2.15028126528436e-05,0.000124800453478479,1.60318715596429e-05
"VX","aug","weekend",20,59,9.29667665589405e-05,8.14149302853098e-05,0.000127630657196347,4.29277091454212e-05,0.000161839963505431,1.81635901392061e-05
"VX","aug","weekend",21,59,0.000112323731539497,0.000105135223220348,0.000135182749803304,7.51542343863798e-05,0.000167355144672263,3.62641615986864e-05
"VX","aug","weekend",22,59,0.000133352554550862,0.000123663217577578,0.000166422013019234,8.58328128022974e-05,0.000211406829195588,3.47501658660472e-05
"VX","aug","weekend",23,59,0.000162542324756934,0.000146283755578291,0.00020508250554186,7.57720349505593e-05,0.000250288048420323,3.3417014795024e-05
"VX","aug","weekend",24,59,0.000177209263430911,0.000177223022039684,0.000214117913670048,0.000108696440894704,0.000252748156106217,6.10067492762289e-05
"VX","aug","weekend",25,59,0.00019086041982011,0.000181227519075273,0.000224506714210877,0.000132915015922412,0.000272064308047431,4.94346607242649e-05
"VX","aug","weekend",26,59,0.000197741794679949,0.000189900567633839,0.000237093517585988,0.000159367738414834,0.000269431754986555,9.23121250614654e-05
"VX","aug","weekend",27,59,0.000214000310457897,0.000222044010833805,0.000277591434793264,0.000146636035181704,0.000307072432420738,8.97958731424082e-05
"VX","aug","weekend",28,59,0.000229085264963444,0.000216407643536025,0.000288028288552949,0.000171142128549564,0.00032341427597666,0.000122913113480324
"VX","aug","weekend",29,59,0.00023383056115978,0.000227214543994646,0.000280886165737208,0.000175565856691643,0.000323533016311222,0.000130169628891391
"VX","aug","weekend",30,59,0.000210507385397195,0.000196015046107136,0.000256908019642375,0.00015673395855684,0.000342656200932271,0.000108036078066292
"VX","aug","weekend",31,59,0.000207221101474314,0.000206034023768114,0.00024251100499251,0.000164150642009639,0.000321538204327379,0.000108707511486352
"VX","aug","weekend",32,59,0.000191698398611749,0.000187255707259552,0.000256211847916711,0.000129157346688667,0.000290762543057448,0.000104760257839508
"VX","aug","weekend",33,59,0.000170446532605916,0.000149956555821834,0.000213925349284039,0.000108742825098129,0.000293804684877351,9.47351636205374e-05
"VX","aug","weekend",34,59,0.000143096514567038,0.000110203573972883,0.000190476910029652,8.89237576562359e-05,0.000250932525238286,6.4527110084517e-05
"VX","aug","weekend",35,59,0.000109425749805687,9.11946636273792e-05,0.000157900871687839,5.71417708792139e-05,0.000182022124616364,3.89805229915333e-05
"VX","aug","weekend",36,59,7.71507045683842e-05,5.41859557536799e-05,0.000100120756804514,3.10250937015062e-05,0.000135066626088056,1.44158030707692e-05
"VX","aug","weekend",37,59,5.06723028034604e-05,3.04082998344921e-05,6.96430500050455e-05,1.4021557344883e-05,0.000106096387495015,7.54970276040924e-06
"VX","aug","weekend",38,59,2.6433680834805e-05,7.98840308173096e-06,3.86913063634432e-05,3.62373913738301e-06,5.0113436235977e-05,1.90366342384049e-06
"VX","aug","weekend",39,59,1.37529644599049e-05,4.17500611260059e-06,9.5533437249939e-06,4.44450487820521e-07,2.99765490289704e-05,1.03214864344188e-08
"VX","aug","weekend",40,59,6.44708502582565e-06,5.38013562868942e-07,2.77031495498694e-06,0,1.51483662252536e-05,0
"VX","aug","weekend",41,59,3.61315272730424e-06,0,9.35302493380232e-07,0,4.36256716144502e-06,0
"VX","aug","weekend",42,59,1.68933476758735e-06,0,9.81065454265586e-08,0,6.6757064202254e-07,0
"VX","aug","weekend",43,59,1.31981336271818e-06,0,1.40875951703133e-08,0,6.25353207592153e-07,0
"VX","aug","weekend",44,59,1.23232454866866e-06,0,0,0,6.28039877112108e-07,0
"VX","aug","weekend",45,59,1.13527616230623e-06,0,0,0,3.60189723459849e-07,0
"VX","aug","weekend",46,59,1.51563156022255e-06,0,0,0,2.5277175291142e-07,0
"VX","aug","weekend",47,59,1.37407041231537e-06,0,0,0,5.46726370335378e-06,0
"VX","aug","weekend",48,59,7.53004386819496e-07,0,0,0,5.90067148853071e-07,0
"VX","dec","weekday",1,59,7.39297470879422e-07,0,0,0,5.08998482370125e-09,0
"VX","dec","weekday",2,59,1.49954460779828e-06,0,0,0,0,0
"VX","dec","weekday",3,59,1.00811990260821e-06,0,0,0,4.44838690147566e-09,0
"VX","dec","weekday",4,59,8.47752031012452e-07,0,0,0,4.44838690147566e-09,0
"VX","dec","weekday",5,59,1.29560707782828e-06,0,0,0,2.6690321408854e-08,0
"VX","dec","weekday",6,59,9.75426775616348e-07,0,0,0,2.6690321408854e-08,0
"VX","dec","weekday",7,59,1.52087832089038e-06,0,0,0,4.8559048649776e-08,0
"VX","dec","weekday",8,59,1.02868334120839e-06,0,0,0,3.92319033346885e-08,0
"VX","dec","weekday",9,59,1.38395182670887e-06,0,0,0,6.16675824515882e-08,0
"VX","dec","weekday",10,59,1.25042769231841e-06,0,0,0,1.13457154910607e-07,0
"VX","dec","weekday",11,59,1.86959484180791e-06,0,0,0,4.13564793745534e-07,0
"VX","dec","weekday",12,59,1.30437240390544e-06,0,0,0,2.18683464034282e-06,0
"VX","dec","weekday",13,59,1.66133347613684e-06,0,0,0,3.8589119849595e-07,0
"VX","dec","weekday",14,59,1.66142177906529e-06,0,0,0,1.19978942782686e-06,0
"VX","dec","weekday",15,59,1.8011337685436e-06,0,0,0,1.34319801560806e-06,0
"VX","dec","weekday",16,59,1.91053322082076e-06,0,0,0,3.36724824071325e-06,0
"VX","dec","weekday",17,59,1.49847050485167e-06,0,2.54479634476582e-07,0,3.85160144171321e-06,0
"VX","dec","weekday",18,59,2.93548600172626e-06,4.91732944468194e-07,1.6261744753757e-06,0,1.16661822391465e-05,0
"VX","dec","weekday",19,59,6.576339206025e-06,2.00574834807041e-06,8.88843729571361e-06,1.7774508574424e-07,1.73485522883853e-05,0
"VX","dec","weekday",20,59,1.06960894650414e-05,4.73373390240487e-06,1.46317334417065e-05,1.95032244318263e-06,3.14091668142406e-05,1.3750306174136e-07
"VX","dec","weekday",21,59,1.68454536878171e-05,1.23663794939651e-05,2.58496778600212e-05,2.54026082035899e-06,3.99019355077557e-05,5.71994387355279e-07
"VX","dec","weekday",22,59,2.27980694586362e-05,1.97515913757787e-05,3.42986847479206e-05,8.46359337844514e-06,4.41488161128026e-05,1.0751241703978e-06
"VX","dec","weekday",23,59,2.76741068207497e-05,2.10032298108034e-05,4.43551062331521e-05,1.00114385447607e-05,6.44731122072836e-05,2.12713445047433e-06
"VX","dec","weekday",24,59,2.98064452518202e-05,2.40771479689129e-05,4.6556659977125e-05,1.1513987791475e-05,6.37468526139653e-05,2.67288664508532e-06
"VX","dec","weekday",25,59,3.21172946216306e-05,2.50455408299851e-05,4.92541357520208e-05,1.16874173730872e-05,6.59975740376964e-05,4.33794074737732e-06
"VX","dec","weekday",26,59,3.10073060579382e-05,3.19185841420201e-05,4.66510383533725e-05,1.17086300760483e-05,5.91579101682478e-05,6.25171303766113e-06
"VX","dec","weekday",27,59,2.86882361695637e-05,2.56571173038975e-05,4.67080516667457e-05,8.85188053390635e-06,5.82250260139387e-05,2.35288845960387e-06
"VX","dec","weekday",28,59,2.25299812898428e-05,2.54513789079961e-05,3.02445709959051e-05,5.67460751956306e-06,4.43064546643534e-05,1.37341985362893e-06
"VX","dec","weekday",29,59,1.65512168883247e-05,1.43713658682368e-05,2.70488831556503e-05,1.49782199760578e-06,3.13392408742167e-05,5.9963688868929e-07
"VX","dec","weekday",30,59,8.3576566117398e-06,5.98557902474637e-06,1.16355024644892e-05,9.86997728767397e-07,1.96595022008334e-05,7.39744386106214e-08
"VX","dec","weekday",31,59,2.871233597084e-06,9.84906902295018e-07,3.17632324415538e-06,1.10205828395669e-08,9.42909313062569e-06,0
"VX","dec","weekday",32,59,9.81104433678592e-07,0,2.45781551138565e-07,0,2.35038348635654e-06,0
"VX","dec","weekday",33,59,1.02778538554419e-06,0,0,0,2.00191666449782e-06,0
"VX","dec","weekday",34,59,6.71005790085308e-07,0,0,0,1.45982051591346e-06,0
"VX","dec","weekday",35,59,6.08801659234583e-07,0,0,0,1.35701230023497e-06,0
"VX","dec","weekday",36,59,5.61125500445437e-07,0,0,0,6.91657726676203e-07,0
"VX","dec","weekday",37,59,6.5078674332674e-07,0,0,0,1.29481021108375e-06,0
"VX","dec","weekday",38,59,5.1854605651602e-07,0,0,0,9.57348379294089e-07,0
"VX","dec","weekday",39,59,4.97897226333002e-07,0,0,0,7.09880979040811e-07,0
"VX","dec","weekday",40,59,4.78952876242836e-07,0,0,0,2.91463421243211e-07,0
"VX","dec","weekday",41,59,5.1040358172689e-07,0,0,0,4.71240968130808e-07,0
"VX","dec","weekday",42,59,6.96383409077591e-07,0,0,0,4.5226918241582e-07,0
"VX","dec","weekday",43,59,6.25739246407016e-07,0,0,0,2.29547006549607e-07,0
"VX","dec","weekday",44,59,4.99421377178276e-07,0,0,0,3.7814603385162e-07,0
"VX","dec","weekday",45,59,5.46551453819412e-07,0,0,0,3.0034495526311e-08,0
"VX","dec","weekday",46,59,5.9969542147778e-07,0,0,0,1.40387703734135e-08,0
"VX","dec","weekday",47,59,8.15270499524145e-07,0,0,0,3.39669578026079e-08,0
"VX","dec","weekday",48,59,6.02517919038066e-07,0,0,0,0,0
"VX","dec","weekend",1,59,1.12297827763993e-06,0,0,0,0,0
"VX","dec","weekend",2,59,1.6074832883972e-06,0,0,0,0,0
"VX","dec","weekend",3,59,1.31421772009238e-06,0,0,0,0,0
"VX","dec","weekend",4,59,1.17898759120315e-06,0,0,0,0,0
"VX","dec","weekend",5,59,1.36873130703676e-06,0,0,0,0,0
"VX","dec","weekend",6,59,1.54783548122036e-06,0,0,0,0,0
"VX","dec","weekend",7,59,1.12701742003368e-06,0,0,0,0,0
"VX","dec","weekend",8,59,1.04576478264027e-06,0,0,0,0,0
"VX","dec","weekend",9,59,1.2518663209137e-06,0,0,0,0,0
"VX","dec","weekend",10,59,1.27320998242865e-06,0,0,0,3.04424981355275e-08,0
"VX","dec","weekend",11,59,1.32160921575054e-06,0,0,0,5.31507606301153e-07,0
"VX","dec","weekend",12,59,1.326665802825e-06,0,0,0,1.3870979175467e-06,0
"VX","dec","weekend",13,59,1.20645663588861e-06,0,0,0,1.17602382760898e-06,0
"VX","dec","weekend",14,59,1.58878823550135e-06,0,0,0,2.38371454702879e-06,0
"VX","dec","weekend",15,59,1.77087585530577e-06,0,0,0,1.08900265527864e-06,0
"VX","dec","weekend",16,59,1.08910842935421e-06,0,0,0,3.29092791459173e-07,0
"VX","dec","weekend",17,59,9.89162160308632e-07,0,0,0,8.63579550006331e-07,0
"VX","dec","weekend",18,59,3.14073771283023e-06,0,3.29218565325631e-06,0,9.6123469944331e-06,0
"VX","dec","weekend",19,59,8.13212082033723e-06,8.05998243548689e-07,1.0148191638406e-05,2.06756684391917e-08,2.61640709773548e-05,0
"VX","dec","weekend",20,59,1.55299028663258e-05,3.5496521997027e-06,1.57452068011875e-05,7.26472610346455e-07,4.14768318689783e-05,7.61995013397367e-08
"VX","dec","weekend",21,59,2.09561960657597e-05,1.16837025184814e-05,3.43156374133684e-05,1.84792666972517e-06,5.95377023040952e-05,1.76512647733352e-07
"VX","dec","weekend",22,59,2.70518007608285e-05,1.43468403665341e-05,3.67725702403332e-05,4.25779066490781e-06,6.19147438674581e-05,1.10682630819643e-06
"VX","dec","weekend",23,59,2.9725646659229e-05,2.09050213092237e-05,4.11490639303784e-05,9.43319137885475e-06,6.03657776767122e-05,1.60300227005947e-06
"VX","dec","weekend",24,59,3.29733974519308e-05,2.15198428184012e-05,4.98796814203836e-05,9.6904508921961e-06,7.25242227257507e-05,9.46456065440378e-07
"VX","dec","weekend",25,59,3.70123272358418e-05,2.35278801289331e-05,4.24389875836265e-05,8.84495540568243e-06,0.000105519536432451,1.1567290573232e-06
"VX","dec","weekend",26,59,3.66080728228302e-05,2.65572636562012e-05,4.88604289645364e-05,9.09231971073748e-06,8.70373698766203e-05,7.9106252944372e-07
"VX","dec","weekend",27,59,2.93586000589003e-05,2.19619234572166e-05,4.14335848673121e-05,3.73061320779312e-06,6.58838963529119e-05,7.1333012410188e-07
"VX","dec","weekend",28,59,2.47557002398589e-05,1.71504182102048e-05,3.66491617343081e-05,3.00566182449617e-06,6.39021696738486e-05,2.51641724837302e-07
"VX","dec","weekend",29,59,1.60614005091447e-05,9.91790217732119e-06,1.8854478883879e-05,6.17671372875053e-07,4.30146644208802e-05,2.83515854015241e-08
"VX","dec","weekend",30,59,8.66715110817021e-06,1.93370997708491e-06,1.07749664039381e-05,0,2.17732431575004e-05,0
"VX","dec","weekend",31,59,3.15036032208772e-06,3.83983044906123e-08,1.52247263143703e-06,0,8.00556179387803e-06,0
"VX","dec","weekend",32,59,1.10041915203936e-06,0,3.82502060729852e-08,0,3.03231947318685e-06,0
"VX","dec","weekend",33,59,7.27215110171938e-07,0,0,0,1.43460253497639e-06,0
"VX","dec","weekend",34,59,1.39171343280687e-06,0,0,0,1.75079781625208e-06,0
"VX","dec","weekend",35,59,7.59429227963848e-07,0,0,0,5.50796124948379e-07,0
"VX","dec","weekend",36,59,5.7800927073654e-07,0,0,0,4.43200849786066e-07,0
"VX","dec","weekend",37,59,8.13411767732162e-07,0,0,0,5.46545871072341e-07,0
"VX","dec","weekend",38,59,1.52222261467531e-06,0,0,0,4.53481447250542e-07,0
"VX","dec","weekend",39,59,8.84720547479557e-07,0,0,0,6.6273773984954e-08,0
"VX","dec","weekend",40,59,5.18723402004183e-07,0,0,0,6.14940903338149e-07,0
"VX","dec","weekend",41,59,1.01875117629215e-06,0,0,0,2.96854607983336e-07,0
"VX","dec","weekend",42,59,7.87180569234789e-07,0,0,0,0,0
"VX","dec","weekend",43,59,8.17827046149034e-07,0,0,0,2.82335518540684e-08,0
"VX","dec","weekend",44,59,6.10805882876495e-07,0,0,0,2.07832490027289e-07,0
"VX","dec","weekend",45,59,7.10390148915714e-07,0,0,0,0,0
"VX","dec","weekend",46,59,1.13471251655885e-06,0,0,0,0,0
"VX","dec","weekend",47,59,7.33160549804157e-07,0,0,0,0,0
"VX","dec","weekend",48,59,1.06067649556212e-06,0,0,0,0,0
"VX","feb","weekday",1,59,7.90013008477393e-07,0,0,0,1.08335878316712e-08,0
"VX","feb","weekday",2,59,9.88004666153832e-07,0,0,0,0,0
"VX","feb","weekday",3,59,5.14774881163195e-07,0,0,0,0,0
"VX","feb","weekday",4,59,3.68641627528689e-07,0,0,0,4.67080624654944e-09,0
"VX","feb","weekday",5,59,8.3294319886145e-07,0,0,0,2.72864995132089e-09,0
"VX","feb","weekday",6,59,6.79524522952005e-07,0,0,0,0,0
"VX","feb","weekday",7,59,8.97035523854434e-07,0,0,0,1.60062575507647e-08,0
"VX","feb","weekday",8,59,8.56598343512161e-07,0,0,0,5.45729990264177e-09,0
"VX","feb","weekday",9,59,9.16577778841851e-07,0,0,0,1.23497850351643e-07,0
"VX","feb","weekday",10,59,9.10806622266323e-07,0,0,0,5.8447054001946e-07,0
"VX","feb","weekday",11,59,1.04022506015002e-06,0,0,0,7.07634431175422e-07,0
"VX","feb","weekday",12,59,1.2934474451469e-06,0,0,0,1.85452057931647e-06,0
"VX","feb","weekday",13,59,1.5892237336098e-06,0,0,0,1.87971974579352e-06,0
"VX","feb","weekday",14,59,1.81708259715086e-06,0,0,0,1.54707489012446e-06,0
"VX","feb","weekday",15,59,2.3075969324267e-06,0,1.81342683193201e-08,0,2.76579808970822e-06,0
"VX","feb","weekday",16,59,3.67131116730457e-06,4.96137554266477e-07,2.7114889639675e-06,0,3.93355696545938e-06,0
"VX","feb","weekday",17,59,8.84111216552275e-06,2.80381284232058e-06,1.2558592597228e-05,3.25701831067666e-08,2.05771130504111e-05,0
"VX","feb","weekday",18,59,2.04617262346658e-05,9.5034207747486e-06,2.33579744241454e-05,1.11471467636293e-06,6.15287148345322e-05,2.58594767121159e-07
"VX","feb","weekday",19,59,3.64653285478488e-05,1.8860362831189e-05,5.33791336280965e-05,4.38672964397794e-06,9.67160582625547e-05,6.91245072612219e-07
"VX","feb","weekday",20,59,5.37010322891698e-05,3.49217109347331e-05,8.04797653285166e-05,1.56117375416019e-05,0.000125013589002691,1.53038972917087e-06
"VX","feb","weekday",21,59,7.06619971247292e-05,5.42318495682131e-05,0.000113284860188202,2.40872200740917e-05,0.000143508294952254,3.18891128057549e-06
"VX","feb","weekday",22,59,8.75624842179276e-05,8.98475865490873e-05,0.000128572447410022,4.14505302307729e-05,0.000162365539472404,8.15663361866923e-06
"VX","feb","weekday",23,59,0.000102823835424913,0.000106679248467806,0.000138289732634549,5.5071140889194e-05,0.000160423535347257,4.54294497037226e-05
"VX","feb","weekday",24,59,0.000110073945409051,0.000110082433013499,0.000139605775821207,8.12412562265336e-05,0.000175859629134839,4.70467591388706e-05
"VX","feb","weekday",25,59,0.000113077247293751,0.000116239081815283,0.000151191413970446,7.76130993716951e-05,0.000164074201236234,3.96078450473031e-05
"VX","feb","weekday",26,59,0.000107700829110261,0.000106873428956614,0.000145191686983259,8.20084823691362e-05,0.000157294968687779,5.91998791433801e-05
"VX","feb","weekday",27,59,0.000103618917098367,0.000104153609311502,0.000126928962060772,7.93671063990308e-05,0.000164224729800235,5.93630226339712e-05
"VX","feb","weekday",28,59,9.6521505493e-05,0.000104348350672452,0.000123123192548616,6.07590021418164e-05,0.00016683186392878,4.04144045635958e-05
"VX","feb","weekday",29,59,8.86037191945405e-05,9.7149174208662e-05,0.000120159107110932,6.54673538140851e-05,0.00014363545593269,3.11859261171189e-05
"VX","feb","weekday",30,59,7.38198868545041e-05,7.65120754159519e-05,0.000107136314317411,3.97032446917348e-05,0.000124684155266591,1.67160198044503e-05
"VX","feb","weekday",31,59,5.18117548782678e-05,4.43158240758622e-05,7.41009000422157e-05,1.98306737865912e-05,9.96546864964176e-05,6.43120660270048e-06
"VX","feb","weekday",32,59,3.39483587608689e-05,2.33037693007081e-05,5.88821032710573e-05,7.54822604508912e-06,6.67961749088553e-05,1.69814059769632e-06
"VX","feb","weekday",33,59,1.70883977698243e-05,9.05320768584173e-06,2.95107805952374e-05,2.45754100623696e-06,4.14523307411052e-05,1.74861987230968e-07
"VX","feb","weekday",34,59,6.86949458854719e-06,2.79536972558481e-06,8.15667538913476e-06,3.15555352486953e-08,1.44902939661057e-05,0
"VX","feb","weekday",35,59,2.3687440151495e-06,0,1.03896424481209e-06,0,5.33728318269036e-06,0
"VX","feb","weekday",36,59,1.80447959099984e-06,0,2.96297580850003e-07,0,4.53042190255458e-06,0
"VX","feb","weekday",37,59,1.47081399147708e-06,0,3.76736335485318e-07,0,4.30122247074204e-06,0
"VX","feb","weekday",38,59,9.70844708112003e-07,0,9.1342428641235e-08,0,2.90432290995717e-06,0
"VX","feb","weekday",39,59,9.49895542901057e-07,0,1.18201167304918e-07,0,3.71423735772743e-06,0
"VX","feb","weekday",40,59,7.34669798542121e-07,0,0,0,3.26520877656962e-06,0
"VX","feb","weekday",41,59,5.62686839021434e-07,0,2.98096178943559e-09,0,2.3574028037526e-06,0
"VX","feb","weekday",42,59,6.94964205051373e-07,0,0,0,1.44894087096792e-06,0
"VX","feb","weekday",43,59,4.88336005034855e-07,0,0,0,8.57536960878927e-07,0
"VX","feb","weekday",44,59,4.39543411203591e-07,0,0,0,8.07453813105784e-07,0
"VX","feb","weekday",45,59,4.78065763393403e-07,0,0,0,8.72868723123058e-07,0
"VX","feb","weekday",46,59,6.19263423884936e-07,0,0,0,4.77215545423799e-07,0
"VX","feb","weekday",47,59,5.26074015020581e-07,0,0,0,3.13553215794921e-07,0
"VX","feb","weekday",48,59,3.54603761043139e-07,0,0,0,1.61363224208159e-07,0
"VX","feb","weekend",1,59,7.15800199542714e-07,0,0,0,1.37227594169623e-08,0
"VX","feb","weekend",2,59,7.13741631719754e-07,0,0,0,0,0
"VX","feb","weekend",3,59,8.86926638080799e-07,0,0,0,0,0
"VX","feb","weekend",4,59,7.28836996994214e-07,0,0,0,0,0
"VX","feb","weekend",5,59,9.72960699833205e-07,0,0,0,0,0
"VX","feb","weekend",6,59,8.83374324873383e-07,0,0,0,0,0
"VX","feb","weekend",7,59,9.94029132141819e-07,0,0,0,0,0
"VX","feb","weekend",8,59,8.39908940201614e-07,0,0,0,0,0
"VX","feb","weekend",9,59,8.06367595736048e-07,0,0,0,0,0
"VX","feb","weekend",10,59,1.3724143474362e-06,0,0,0,1.38149384594231e-07,0
"VX","feb","weekend",11,59,1.32269390820509e-06,0,0,0,8.71156541042061e-08,0
"VX","feb","weekend",12,59,1.82138702480439e-06,0,0,0,3.33294828351705e-07,0
"VX","feb","weekend",13,59,2.48066281510285e-06,0,0,0,9.38424737385179e-07,0
"VX","feb","weekend",14,59,2.05765289322605e-06,0,0,0,6.2530427241541e-07,0
"VX","feb","weekend",15,59,2.25070266838805e-06,0,3.49516019619725e-07,0,2.22885498838163e-06,0
"VX","feb","weekend",16,59,5.94412628750562e-06,6.09027034380142e-07,8.14239273586759e-06,0,1.28792578126808e-05,0
"VX","feb","weekend",17,59,1.32603102658589e-05,1.73546956068105e-06,1.69198586115748e-05,5.78019980994703e-09,3.0573819969296e-05,0
"VX","feb","weekend",18,59,2.55855301835665e-05,1.21354430209633e-05,4.73058483817486e-05,1.10216351590565e-06,6.44600461734116e-05,1.76525120227732e-07
"VX","feb","weekend",19,59,3.3928200275223e-05,2.2421207052302e-05,5.95520461462686e-05,4.93633769177951e-06,6.86154045065151e-05,2.48238238002123e-07
"VX","feb","weekend",20,59,4.71719183744155e-05,3.43844190636471e-05,7.20498158246295e-05,1.4118198219706e-05,0.000106136564361278,4.65652322826345e-07
"VX","feb","weekend",21,59,6.1327300294768e-05,4.97104366453608e-05,9.31163710553817e-05,1.2305004156988e-05,0.000121085194848542,1.29714047168826e-06
"VX","feb","weekend",22,59,7.02768491890355e-05,6.99472525728586e-05,0.000101158181902705,2.98478051257728e-05,0.000129677003200318,3.99680466762013e-06
"VX","feb","weekend",23,59,8.97966561820118e-05,9.21274523774142e-05,0.00014284546107845,5.10844460293454e-05,0.000164351218458366,9.27446618074358e-06
"VX","feb","weekend",24,59,0.000107185220991263,0.000112292709053468,0.000143867037992638,6.36521014361973e-05,0.000195233022844968,1.37694597115976e-05
"VX","feb","weekend",25,59,0.000119698470632774,0.000115265642439891,0.000161710063738202,7.61467888983674e-05,0.000194049641123883,5.45753821174079e-05
"VX","feb","weekend",26,59,0.000117141565147123,0.000112720661903729,0.000153130494078567,7.49432735500605e-05,0.000197209934123781,5.48881087270893e-05
"VX","feb","weekend",27,59,0.000111251663030687,0.000108780158392998,0.000146839851170269,7.31794497420562e-05,0.000184983887216322,4.56642275368765e-05
"VX","feb","weekend",28,59,0.000105141120152695,0.000110948009661274,0.000138189424305839,7.40799577290747e-05,0.00015434178138762,5.50615482310487e-05
"VX","feb","weekend",29,59,9.30396787146888e-05,9.82969338338309e-05,0.000123124148121958,6.46668174921139e-05,0.000138874528215624,1.68806526052316e-05
"VX","feb","weekend",30,59,7.37044023883352e-05,7.50162627842518e-05,0.000108145003112833,2.90084505487261e-05,0.000127087873639262,4.89727714663662e-06
"VX","feb","weekend",31,59,5.66501176539767e-05,4.69079180045823e-05,8.3166429264577e-05,2.54640364851262e-05,0.000120928204200647,3.45044188897154e-06
"VX","feb","weekend",32,59,3.99137239582298e-05,2.48454313086335e-05,5.62384386916844e-05,6.49444796474238e-06,0.00010112347023341,1.43754158535974e-06
"VX","feb","weekend",33,59,2.47155166192617e-05,1.05909566195987e-05,3.7906690276112e-05,3.49232536829551e-06,4.48595862108777e-05,1.66234864960581e-07
"VX","feb","weekend",34,59,1.18420506341421e-05,2.65373515087381e-06,1.25133275725003e-05,7.57234531862767e-08,2.960124944463e-05,0
"VX","feb","weekend",35,59,3.68887848132526e-06,3.29610578155758e-07,3.02516093065817e-06,0,4.44567620841172e-06,0
"VX","feb","weekend",36,59,2.3464500530559e-06,0,2.34308837200026e-07,0,4.97844815363431e-06,0
"VX","feb","weekend",37,59,2.06583211223052e-06,0,2.4648000854209e-07,0,5.12354124622998e-06,0
"VX","feb","weekend",38,59,1.38205461975004e-06,0,1.28380658026534e-07,0,3.1334948993697e-06,0
"VX","feb","weekend",39,59,7.88673671867846e-07,0,4.33232219588304e-08,0,1.07412346884023e-06,0
"VX","feb","weekend",40,59,5.65620004551672e-07,0,0,0,4.58244505355345e-07,0
"VX","feb","weekend",41,59,5.36561490108637e-07,0,0,0,7.63946518789271e-07,0
"VX","feb","weekend",42,59,6.54033412727754e-07,0,0,0,4.99490447565974e-07,0
"VX","feb","weekend",43,59,5.11755608736127e-07,0,0,0,1.58311504799525e-06,0
"VX","feb","weekend",44,59,6.8608670658552e-07,0,0,0,4.89656578992389e-07,0
"VX","feb","weekend",45,59,3.55311396527911e-07,0,0,0,4.07838466693905e-07,0
"VX","feb","weekend",46,59,4.52388873644452e-07,0,0,0,4.85457207149072e-07,0
"VX","feb","weekend",47,59,6.51002541681316e-07,0,0,0,4.189137676038e-08,0
"VX","feb","weekend",48,59,6.57578999250889e-07,0,0,0,2.24151149937912e-08,0
"VX","jan","weekday",1,59,4.64156152054082e-07,0,0,0,0,0
"VX","jan","weekday",2,59,1.194985177938e-06,0,0,0,0,0
"VX","jan","weekday",3,59,5.31405605409306e-07,0,0,0,0,0
"VX","jan","weekday",4,59,8.21411392764536e-07,0,0,0,0,0
"VX","jan","weekday",5,59,6.08495937895376e-07,0,0,0,0,0
"VX","jan","weekday",6,59,6.67472628130894e-07,0,0,0,0,0
"VX","jan","weekday",7,59,8.38549378909829e-07,0,0,0,1.42597817397456e-08,0
"VX","jan","weekday",8,59,6.33278690679441e-07,0,0,0,0,0
"VX","jan","weekday",9,59,7.76555368656592e-07,0,0,0,0,0
"VX","jan","weekday",10,59,1.62163779947037e-06,0,0,0,8.36252498274561e-07,0
"VX","jan","weekday",11,59,1.1839203641848e-06,0,0,0,1.21953789047802e-06,0
"VX","jan","weekday",12,59,1.16539306450768e-06,0,0,0,1.25817119874515e-06,0
"VX","jan","weekday",13,59,1.80226374051125e-06,0,0,0,1.23304587128776e-06,0
"VX","jan","weekday",14,59,1.1717559200219e-06,0,0,0,1.89314242405908e-06,0
"VX","jan","weekday",15,59,1.77089419547226e-06,0,0,0,3.14046527604155e-06,0
"VX","jan","weekday",16,59,1.9669940979501e-06,0,0,0,2.04597556220547e-06,0
"VX","jan","weekday",17,59,2.33580957307357e-06,0,5.46669141383291e-07,0,3.18568758984591e-06,0
"VX","jan","weekday",18,59,5.19302478351783e-06,4.57853551443361e-07,5.26319494955678e-06,0,1.53768486672228e-05,0
"VX","jan","weekday",19,59,1.21184182612974e-05,3.09796846993626e-06,1.43298474902369e-05,1.6304273859925e-07,3.3557664246769e-05,0
"VX","jan","weekday",20,59,2.45471584870261e-05,1.06690321876305e-05,5.02187157100249e-05,1.76710030413231e-06,6.87254465404765e-05,1.04177253107351e-07
"VX","jan","weekday",21,59,3.61599300748209e-05,2.0364021670665e-05,7.28642747060205e-05,3.39445208241667e-06,8.75655882414409e-05,4.95467472722675e-07
"VX","jan","weekday",22,59,4.80891503084684e-05,2.8826921538624e-05,8.46363261530233e-05,7.54289772023041e-06,0.000126273317678039,1.03026706817894e-06
"VX","jan","weekday",23,59,6.01702641215356e-05,5.7715801216723e-05,9.04437599827929e-05,1.16631880786354e-05,0.000146434141188119,1.93536232210236e-06
"VX","jan","weekday",24,59,6.95816563113431e-05,5.43532983390394e-05,0.000110172350887535,1.4683878568138e-05,0.000146730465839797,1.07572752239013e-05
"VX","jan","weekday",25,59,7.32103883555297e-05,5.50960785970938e-05,0.000116017384363642,1.97535926620974e-05,0.00014074604451942,1.34966528174891e-05
"VX","jan","weekday",26,59,7.63674684966792e-05,5.42525270537013e-05,0.0001214340988495,2.81027123013582e-05,0.000150111143535732,1.27183519407818e-05
"VX","jan","weekday",27,59,7.18041226441894e-05,4.65847979801939e-05,0.000111441904539857,1.96422239215379e-05,0.00016091567614969,1.09966191055094e-05
"VX","jan","weekday",28,59,6.85446621171359e-05,5.94515378638702e-05,0.000106167347991356,2.18886852820922e-05,0.000148078355309187,5.05943783390883e-06
"VX","jan","weekday",29,59,5.81017344915063e-05,5.35482883179699e-05,0.00010011992724718,1.75599507849452e-05,0.000122036617293323,5.2083336741965e-06
"VX","jan","weekday",30,59,4.28333999538441e-05,3.65402686619001e-05,7.67957285510525e-05,6.93929963091556e-06,9.217219146598e-05,2.39370069423198e-06
"VX","jan","weekday",31,59,2.40014965654382e-05,1.25025938460537e-05,4.36727576109332e-05,2.68681122978693e-06,6.56476858999669e-05,1.56127176240943e-07
"VX","jan","weekday",32,59,9.76865711192119e-06,3.73364626629445e-06,1.22240901975408e-05,1.0449596701003e-07,2.25277312874154e-05,0
"VX","jan","weekday",33,59,2.22877649073285e-06,8.29753783174514e-08,3.08244965751728e-06,0,4.89093191825031e-06,0
"VX","jan","weekday",34,59,1.00667083902205e-06,0,8.23770294237396e-08,0,2.96454330465272e-06,0
"VX","jan","weekday",35,59,7.13988300900686e-07,0,1.02546711997737e-08,0,2.40169507078731e-06,0
"VX","jan","weekday",36,59,6.08156698267687e-07,0,0,0,1.62225477104397e-06,0
"VX","jan","weekday",37,59,6.83927437624572e-07,0,0,0,2.60790157495716e-06,0
"VX","jan","weekday",38,59,4.4716398261894e-07,0,0,0,8.3376337405202e-07,0
"VX","jan","weekday",39,59,5.03687996922652e-07,0,0,0,7.05782725489698e-07,0
"VX","jan","weekday",40,59,4.32992702024394e-07,0,0,0,7.37713325661562e-07,0
"VX","jan","weekday",41,59,5.35855633744804e-07,0,0,0,1.33549216129672e-06,0
"VX","jan","weekday",42,59,4.84454251620365e-07,0,0,0,3.36061063967253e-07,0
"VX","jan","weekday",43,59,4.35269191225829e-07,0,0,0,3.57469618985991e-07,0
"VX","jan","weekday",44,59,4.03847595097691e-07,0,0,0,4.8571670431354e-07,0
"VX","jan","weekday",45,59,3.83086773092951e-07,0,0,0,4.53154894933575e-08,0
"VX","jan","weekday",46,59,4.14285223484444e-07,0,0,0,3.01177608663678e-08,0
"VX","jan","weekday",47,59,4.78271441093986e-07,0,0,0,8.16134579922808e-09,0
"VX","jan","weekday",48,59,2.42637617991443e-07,0,0,0,8.3059655011267e-09,0
"VX","jan","weekend",1,59,6.01588580076889e-07,0,0,0,0,0
"VX","jan","weekend",2,59,1.02149732530741e-06,0,0,0,0,0
"VX","jan","weekend",3,59,5.97805945256354e-07,0,0,0,0,0
"VX","jan","weekend",4,59,8.1247824776017e-07,0,0,0,0,0
"VX","jan","weekend",5,59,6.93468946753976e-07,0,0,0,2.07591388735531e-08,0
"VX","jan","weekend",6,59,9.48342057249839e-07,0,0,0,0,0
"VX","jan","weekend",7,59,1.14269502883838e-06,0,0,0,0,0
"VX","jan","weekend",8,59,7.81746657339563e-07,0,0,0,1.77847306119608e-08,0
"VX","jan","weekend",9,59,6.78639327013375e-07,0,0,0,0,0
"VX","jan","weekend",10,59,1.26319824994881e-06,0,0,0,9.90338993353226e-08,0
"VX","jan","weekend",11,59,3.02407972547685e-06,0,0,0,9.25795831591836e-07,0
"VX","jan","weekend",12,59,1.53374116976262e-06,0,0,0,1.79231207511357e-06,0
"VX","jan","weekend",13,59,1.79730544040692e-06,0,0,0,7.9049942088692e-07,0
"VX","jan","weekend",14,59,1.30177760076199e-06,0,0,0,9.82674352029037e-07,0
"VX","jan","weekend",15,59,1.37405277545098e-06,0,0,0,3.20091256578007e-06,0
"VX","jan","weekend",16,59,1.31400995167596e-06,0,0,0,1.65374939725531e-06,0
"VX","jan","weekend",17,59,1.65011034928997e-06,0,5.94108931897773e-07,0,2.30484693189339e-06,0
"VX","jan","weekend",18,59,5.22187732664217e-06,3.29387437478282e-07,5.92424910787221e-06,0,1.49124608450966e-05,0
"VX","jan","weekend",19,59,1.04501062246367e-05,3.32353953284239e-06,1.03646124915241e-05,4.31026785146098e-08,3.3424349074154e-05,0
"VX","jan","weekend",20,59,2.07106311918262e-05,7.01190576663442e-06,1.9552809505371e-05,1.88093424669792e-06,5.73273081790311e-05,8.82238880876368e-08
"VX","jan","weekend",21,59,3.07501176145702e-05,1.4624398297287e-05,3.92287665045475e-05,5.37995337050571e-06,7.87745389332548e-05,3.11164214118319e-07
"VX","jan","weekend",22,59,4.25122348856169e-05,3.48816767087584e-05,6.25952434697231e-05,1.2810885970801e-05,0.000104091327705951,1.60723140621704e-06
"VX","jan","weekend",23,59,5.0959993139669e-05,4.20295425732466e-05,8.61337852639368e-05,1.14442136725264e-05,0.000104822640475344,2.40681992233273e-06
"VX","jan","weekend",24,59,5.58246978387595e-05,5.41883743764491e-05,7.99432189804309e-05,1.52238643500832e-05,0.000116044816904758,3.25095998851474e-06
"VX","jan","weekend",25,59,5.85407181449279e-05,6.49111935064879e-05,8.10370254078761e-05,1.15668660962621e-05,0.000120700821950222,9.56674415096044e-06
"VX","jan","weekend",26,59,5.78193691199258e-05,5.2655779045987e-05,7.58937714901243e-05,2.80417929681675e-05,9.78513133507747e-05,8.73970467104903e-06
"VX","jan","weekend",27,59,4.72696994235821e-05,4.8206448343898e-05,6.68140404671087e-05,1.39901425724148e-05,7.43801104054608e-05,5.23487148965391e-06
"VX","jan","weekend",28,59,3.92780020401883e-05,3.53080119911526e-05,4.90310635539425e-05,1.70298321700801e-05,8.17952745964516e-05,4.12937487464422e-06
"VX","jan","weekend",29,59,2.82063101946197e-05,2.12607186398816e-05,3.72056713849475e-05,8.91204594110571e-06,6.34321499183884e-05,2.43383111826567e-06
"VX","jan","weekend",30,59,2.02713313618102e-05,1.65003153981197e-05,2.71920510386453e-05,5.58447638333364e-06,4.62191918013947e-05,3.95503869383291e-07
"VX","jan","weekend",31,59,1.14708841828351e-05,6.22631570114738e-06,1.50042913852185e-05,1.61217573660631e-06,3.16527261269322e-05,6.24032941075388e-08
"VX","jan","weekend",32,59,6.05306423957348e-06,1.4390482319253e-06,5.47964665952203e-06,3.52326329720086e-09,1.11575420925366e-05,0
"VX","jan","weekend",33,59,1.75725724072062e-06,0,1.50012884596488e-06,0,3.29833016044023e-06,0
"VX","jan","weekend",34,59,1.28001404436155e-06,0,1.23790680596683e-08,0,2.61216905635939e-06,0
"VX","jan","weekend",35,59,9.70266736440017e-07,0,0,0,3.46269361317536e-06,0
"VX","jan","weekend",36,59,5.53724266715744e-07,0,0,0,7.76158617668206e-07,0
"VX","jan","weekend",37,59,4.35245124472836e-07,0,0,0,1.36313314361018e-06,0
"VX","jan","weekend",38,59,4.37279139987729e-07,0,0,0,8.80596999154469e-07,0
"VX","jan","weekend",39,59,5.2509693883081e-07,0,0,0,3.37541331286391e-07,0
"VX","jan","weekend",40,59,3.63944832165968e-07,0,0,0,1.1925556044437e-07,0
"VX","jan","weekend",41,59,7.33233822729191e-07,0,0,0,6.79926862518139e-07,0
"VX","jan","weekend",42,59,6.0956495851129e-07,0,0,0,3.79007822030061e-07,0
"VX","jan","weekend",43,59,7.1551263025151e-07,0,0,0,2.50765864030954e-07,0
"VX","jan","weekend",44,59,3.12501405659922e-07,0,0,0,1.94721550682299e-07,0
"VX","jan","weekend",45,59,5.11339894947297e-07,0,0,0,1.52781460401525e-07,0
"VX","jan","weekend",46,59,4.216453335339e-07,0,0,0,5.63715042670102e-08,0
"VX","jan","weekend",47,59,6.17977911096592e-07,0,0,0,0,0
"VX","jan","weekend",48,59,5.58476735206702e-07,0,0,0,1.3664853918166e-08,0
"VX","jul","weekday",1,59,9.08430757765713e-07,0,0,0,9.25093272305533e-07,0
"VX","jul","weekday",2,59,7.6471064601474e-07,0,0,0,3.99076908208421e-07,0
"VX","jul","weekday",3,59,8.38347017688313e-07,0,0,0,3.33703799808904e-07,0
"VX","jul","weekday",4,59,1.05153546888429e-06,0,0,0,1.72366653205259e-06,0
"VX","jul","weekday",5,59,1.02220957850956e-06,0,0,0,7.51767551596103e-07,0
"VX","jul","weekday",6,59,6.63574994763569e-07,0,0,0,7.97927088297431e-07,0
"VX","jul","weekday",7,59,8.6385507236825e-07,0,0,0,4.04585117743374e-07,0
"VX","jul","weekday",8,59,7.1760292338467e-07,0,0,0,5.99925157365132e-08,0
"VX","jul","weekday",9,59,7.47336696975122e-07,0,0,0,2.30144935991369e-07,0
"VX","jul","weekday",10,59,6.73805964709546e-07,0,0,0,3.03972871929634e-07,0
"VX","jul","weekday",11,59,8.43806447110073e-07,0,0,0,2.90549893954573e-06,0
"VX","jul","weekday",12,59,1.61686546870747e-06,3.19562778206073e-08,8.96416514531671e-07,0,5.75650953960358e-06,0
"VX","jul","weekday",13,59,5.37537502227359e-06,1.72861912034621e-06,6.02372679685142e-06,2.04967933143869e-07,1.63762021331259e-05,0
"VX","jul","weekday",14,59,1.22588520704886e-05,5.56753776447367e-06,1.75924841801611e-05,6.84340579540141e-07,3.53137880669518e-05,3.91735781308305e-08
"VX","jul","weekday",15,59,2.22607875701676e-05,1.101487015405e-05,2.96961997462178e-05,2.52121713210554e-06,5.84204629550919e-05,1.46531238746426e-06
"VX","jul","weekday",16,59,3.85208498266282e-05,3.1891361722211e-05,5.41190495011308e-05,9.83071104145538e-06,7.86877452238312e-05,3.27237718756805e-06
"VX","jul","weekday",17,59,6.23855363096467e-05,4.72678710848023e-05,8.55331903154245e-05,1.6346261270761e-05,0.000119385067828037,8.48299045591033e-06
"VX","jul","weekday",18,59,9.54409166295253e-05,8.35925431686551e-05,0.000131374285647112,2.88335094987375e-05,0.000167573247920713,1.5022639720907e-05
"VX","jul","weekday",19,59,0.000126655049876525,0.000114611112384647,0.000164569594409671,4.78285843859197e-05,0.000202734487716207,3.21981557767053e-05
"VX","jul","weekday",20,59,0.000170304837138637,0.000166460835125383,0.000215327058583397,8.70440697880169e-05,0.000254969391111252,4.8642028093703e-05
"VX","jul","weekday",21,59,0.000208607083641266,0.000198482125305433,0.000252802242717576,0.000159363828438169,0.000316346447846033,8.09085820671635e-05
"VX","jul","weekday",22,59,0.000252273557572945,0.000227069042296384,0.000303282255304679,0.000193620529055381,0.000346981296192637,8.87604895745665e-05
"VX","jul","weekday",23,59,0.000289214693431531,0.00027884608994249,0.0003092193434605,0.000219857653631627,0.000369985796865194,0.000174010717553242
"VX","jul","weekday",24,59,0.000317520835662241,0.000274965360598709,0.000335888448359557,0.000232730247073154,0.000422033657178619,0.000197991874431516
"VX","jul","weekday",25,59,0.000332874962058454,0.000283917491858557,0.000348551272217983,0.000249174170459913,0.00043372442636338,0.000219823847027401
"VX","jul","weekday",26,59,0.000344639656974349,0.000311353184121169,0.000340433849919604,0.000270500896284869,0.000471589865100793,0.000202125268441919
"VX","jul","weekday",27,59,0.000373911980760957,0.00031527713309976,0.000385651397502631,0.000264731204574179,0.000495474616348801,0.000239333973204077
"VX","jul","weekday",28,59,0.000388892474827467,0.000311393676812684,0.000398683022888141,0.00027938723182115,0.000518542262022401,0.000263945014562784
"VX","jul","weekday",29,59,0.00038157634756229,0.000322317655989894,0.0004088992926929,0.000279925525625218,0.000532066022998409,0.000244309449557748
"VX","jul","weekday",30,59,0.000371486015356966,0.000307514948912653,0.000390523049660175,0.000279737343888838,0.000526683471965749,0.000252181112842405
"VX","jul","weekday",31,59,0.000333704019071467,0.00028241673843449,0.000382533491054376,0.000241481360779404,0.000449798833005806,0.000179550220096948
"VX","jul","weekday",32,59,0.000306546240799591,0.000273965057633828,0.000347224017986686,0.000221628958844243,0.000390635033836145,0.000205618528179512
"VX","jul","weekday",33,59,0.00026778344156489,0.000229535344165905,0.000323353803644897,0.000204031725914743,0.000393878135854245,0.000174072357828858
"VX","jul","weekday",34,59,0.000232277683893797,0.000205393169258567,0.000289798507322009,0.000174762717847835,0.000377125470292171,0.000121617294404634
"VX","jul","weekday",35,59,0.000183395085031217,0.000159949283136967,0.000252687075113669,0.000105306158046708,0.000291097973663451,6.73675796797841e-05
"VX","jul","weekday",36,59,0.0001331479530824,0.000108970405118637,0.000161781938702182,6.32827813525278e-05,0.000240923293054122,3.78616240364857e-05
"VX","jul","weekday",37,59,8.96270856987542e-05,7.36486881828881e-05,0.00011271597217966,3.0139294327066e-05,0.000189176203071431,1.65824287567984e-05
"VX","jul","weekday",38,59,5.86385653035361e-05,4.23782652820086e-05,7.12896102902309e-05,9.80121649920811e-06,0.000132036008006473,6.92092418970918e-06
"VX","jul","weekday",39,59,3.65945305350806e-05,1.87738673670466e-05,3.9823219545681e-05,4.74396543295509e-06,8.86054627865506e-05,1.23049957355644e-06
"VX","jul","weekday",40,59,1.93207658804662e-05,5.70554883977225e-06,1.68979093439607e-05,1.14385879539219e-06,5.00859350859278e-05,1.56111559695406e-07
"VX","jul","weekday",41,59,8.25938874333101e-06,5.05308851163206e-07,5.21594206246391e-06,0,1.91783761221296e-05,0
"VX","jul","weekday",42,59,2.82293389947074e-06,0,6.93204796506374e-07,0,4.84460781616079e-06,0
"VX","jul","weekday",43,59,1.58262277317217e-06,0,9.02726791355042e-08,0,1.13861409054664e-06,0
"VX","jul","weekday",44,59,1.25090320416015e-06,0,5.20990588273686e-08,0,4.32500045048965e-07,0
"VX","jul","weekday",45,59,1.26640199259694e-06,0,1.09229476064432e-08,0,3.80589986318911e-07,0
"VX","jul","weekday",46,59,1.13626096213967e-06,0,0,0,7.97961723939069e-07,0
"VX","jul","weekday",47,59,1.20608710224154e-06,0,0,0,1.3367472135306e-06,0
"VX","jul","weekday",48,59,6.67874958786457e-07,0,0,0,2.84850081720698e-07,0
"VX","jul","weekend",1,59,8.00782561555682e-07,0,0,0,1.84352949161571e-06,0
"VX","jul","weekend",2,59,7.2374421976288e-07,0,0,0,9.30765300946432e-07,0
"VX","jul","weekend",3,59,5.43234492157749e-07,0,0,0,9.83823094217571e-08,0
"VX","jul","weekend",4,59,5.96875669158377e-07,0,0,0,4.07291329378534e-08,0
"VX","jul","weekend",5,59,6.4508988840348e-07,0,0,0,1.72821643360758e-07,0
"VX","jul","weekend",6,59,7.37519973047534e-07,0,0,0,1.68780815157327e-08,0
"VX","jul","weekend",7,59,9.96705227476174e-07,0,0,0,6.62435953207909e-09,0
"VX","jul","weekend",8,59,5.59142406739993e-07,0,0,0,6.62435953207909e-09,0
"VX","jul","weekend",9,59,7.61865449183062e-07,0,0,0,1.68780815157327e-08,0
"VX","jul","weekend",10,59,5.23476093284357e-07,0,0,0,5.62071054090394e-07,0
"VX","jul","weekend",11,59,5.94647852557636e-07,0,0,0,3.20688291558012e-07,0
"VX","jul","weekend",12,59,1.29756480194865e-06,0,8.86214153395702e-07,0,4.18080839668275e-06,0
"VX","jul","weekend",13,59,4.76137529100284e-06,1.26639678709222e-06,4.2552300433895e-06,0,1.79337456817135e-05,0
"VX","jul","weekend",14,59,1.14332401174025e-05,3.78155366335759e-06,1.09191193585613e-05,6.47682969657264e-07,2.80148147804297e-05,2.12563180652402e-08
"VX","jul","weekend",15,59,1.87862013121449e-05,1.00831227211192e-05,2.13350248814125e-05,9.46864940012559e-07,4.34688541976139e-05,1.94762820044901e-07
"VX","jul","weekend",16,59,3.53537933361296e-05,2.7493300252611e-05,4.16873288753511e-05,5.28771009590706e-06,6.93549513693962e-05,2.03563199677348e-06
"VX","jul","weekend",17,59,5.47737530778703e-05,3.08044959343572e-05,7.27180522004125e-05,1.65195635159242e-05,9.73474365723473e-05,2.68122739095463e-06
"VX","jul","weekend",18,59,7.6878270816717e-05,5.92574046521068e-05,0.000116958321232093,2.07128160915783e-05,0.000127480710268937,5.01505534785098e-06
"VX","jul","weekend",19,59,9.79952175581382e-05,7.99707277483898e-05,0.000135373713413994,4.10768139913601e-05,0.0001698438941065,1.56950209842398e-05
"VX","jul","weekend",20,59,0.000132201137116959,0.000129870925809231,0.000164942679561591,5.96411416284888e-05,0.00022274688555485,2.85412680663176e-05
"VX","jul","weekend",21,59,0.000167406428981001,0.000169217272911742,0.000228533608689736,8.75549315837007e-05,0.00027504615049314,5.43754894130355e-05
"VX","jul","weekend",22,59,0.000203881826243357,0.000183568268126714,0.000252656680216552,0.000124355431917527,0.000315880949808948,4.64042330096798e-05
"VX","jul","weekend",23,59,0.000231616593825976,0.000219605765065844,0.00027948142957342,0.000160084235687488,0.000348386629733034,8.5027651992259e-05
"VX","jul","weekend",24,59,0.000246893681748247,0.000225485607310599,0.000293953929696215,0.000186247032752568,0.000375976993642924,0.000114925425525533
"VX","jul","weekend",25,59,0.000259863117611692,0.000249232532694341,0.000307061758026609,0.00018894062795712,0.000357922820834695,0.000142285026990424
"VX","jul","weekend",26,59,0.000277747908352872,0.000245415824763062,0.000330941385606906,0.000216712868596927,0.000397145490194589,0.000162587899230105
"VX","jul","weekend",27,59,0.000288264463185189,0.000263704933167872,0.000325032611189195,0.00022996227998892,0.000391620883918503,0.000191222540818662
"VX","jul","weekend",28,59,0.000307708891911537,0.000280040542805991,0.000337276640931868,0.000234176565225338,0.000369448470008877,0.00020116571061086
"VX","jul","weekend",29,59,0.00030066858335588,0.000299870854407762,0.000342527957951912,0.000222982671078272,0.000392828395490776,0.000206789896321913
"VX","jul","weekend",30,59,0.000294403995823756,0.000266756261859238,0.000320132475496726,0.000228001442169822,0.000418791241088497,0.000195277743790371
"VX","jul","weekend",31,59,0.000253868730296542,0.000236512425559121,0.000290813030435015,0.000208134923454833,0.000340176077795116,0.000146674912881868
"VX","jul","weekend",32,59,0.000230479527663635,0.000212203098942074,0.000279465717403227,0.000180079575445174,0.000309980860447435,0.000113365744815047
"VX","jul","weekend",33,59,0.000208337318904941,0.000206118224375938,0.000259050965592017,0.000144163036453612,0.000337347774111607,9.26915345175291e-05
"VX","jul","weekend",34,59,0.000182683650836909,0.000164496388364871,0.000224598570103713,0.000118736570551761,0.0002982080995861,7.36854538637915e-05
"VX","jul","weekend",35,59,0.00015010988076703,0.000148436877535009,0.000186234910896868,7.0246831470207e-05,0.000259299690653475,4.92100776918379e-05
"VX","jul","weekend",36,59,0.000116888934531179,0.000102123911588868,0.00014999899055096,5.58495691129667e-05,0.000232744453535836,2.31058303722241e-05
"VX","jul","weekend",37,59,7.66847128784232e-05,5.70628404796616e-05,8.59658150064667e-05,2.26975512317815e-05,0.000164256113217478,1.56890451211589e-05
"VX","jul","weekend",38,59,5.18430933687577e-05,3.72834326193789e-05,7.40573060812171e-05,1.23656318734811e-05,0.000124488780514587,6.36220847103436e-06
"VX","jul","weekend",39,59,3.13052442509881e-05,1.45318313391924e-05,3.59287611683469e-05,4.12788053802953e-06,8.45121734423599e-05,9.29685688734917e-07
"VX","jul","weekend",40,59,1.62325449991616e-05,3.6860766926191e-06,9.98383384116696e-06,3.47339760801647e-07,3.9648618312567e-05,2.27675949868088e-08
"VX","jul","weekend",41,59,6.2883144925312e-06,1.16556892782643e-06,3.06068986486948e-06,0,1.54074406848535e-05,0
"VX","jul","weekend",42,59,2.84805583936373e-06,4.77259420495048e-08,7.47294515919566e-07,0,3.35308076272039e-06,0
"VX","jul","weekend",43,59,1.66308107257275e-06,0,5.01104195622659e-09,0,1.37031713975399e-06,0
"VX","jul","weekend",44,59,1.34483977625016e-06,0,1.78374704112689e-08,0,1.22525584601381e-06,0
"VX","jul","weekend",45,59,9.68324386498106e-07,0,2.5055209781133e-09,0,4.63063588643319e-07,0
"VX","jul","weekend",46,59,1.18569222594945e-06,0,0,0,1.10307258893857e-07,0
"VX","jul","weekend",47,59,1.22653355527747e-06,0,4.9577146601209e-09,0,4.14607047816249e-06,0
"VX","jul","weekend",48,59,5.00766647064004e-07,0,0,0,8.21178653634206e-08,0
"VX","jun","weekday",1,59,6.8457099228571e-07,0,0,0,6.77228836075859e-07,0
"VX","jun","weekday",2,59,5.61748761974667e-07,0,0,0,2.1243007657522e-07,0
"VX","jun","weekday",3,59,4.85890709864136e-07,0,0,0,3.3091594202526e-08,0
"VX","jun","weekday",4,59,6.37604495629185e-07,0,0,0,4.36815467481612e-08,0
"VX","jun","weekday",5,59,6.34067615359523e-07,0,0,0,3.37296912373338e-08,0
"VX","jun","weekday",6,59,6.44473778713377e-07,0,0,0,7.27293974972945e-08,0
"VX","jun","weekday",7,59,5.38206640048384e-07,0,0,0,2.81723376578068e-08,0
"VX","jun","weekday",8,59,4.96521259552804e-07,0,0,0,5.61780045677731e-08,0
"VX","jun","weekday",9,59,4.81482004227409e-07,0,0,0,2.93798907191856e-08,0
"VX","jun","weekday",10,59,5.96783547663292e-07,0,2.25496888030197e-09,0,1.01803921575102e-07,0
"VX","jun","weekday",11,59,1.22810576811179e-06,0,1.90496734533578e-07,0,1.42191814086988e-06,0
"VX","jun","weekday",12,59,3.78612013473977e-06,5.07285448851958e-07,2.30741957277458e-06,0,8.56644902487766e-06,0
"VX","jun","weekday",13,59,9.32481611672807e-06,2.63394064422275e-06,9.71942342431709e-06,2.6321119724388e-08,3.0595074766083e-05,0
"VX","jun","weekday",14,59,1.9514430889996e-05,8.47920038832449e-06,1.72119625065016e-05,6.84305027182007e-07,5.0671707233076e-05,1.72103601237319e-08
"VX","jun","weekday",15,59,3.26943685855991e-05,1.50614041629955e-05,3.41578782326524e-05,2.15230374881889e-06,5.77006040292714e-05,4.26232405153203e-07
"VX","jun","weekday",16,59,4.81197123659476e-05,3.46485252271584e-05,7.30219562092816e-05,4.21615531154989e-06,8.13815744047987e-05,2.50972988404396e-06
"VX","jun","weekday",17,59,7.26916429190666e-05,4.98921199189739e-05,0.000107486014482588,1.09245051876988e-05,0.000145360220832587,3.32713711705789e-06
"VX","jun","weekday",18,59,0.00010492564679156,7.79192834983153e-05,0.000164389097710032,2.41540586483132e-05,0.000199875374808271,5.12792566606003e-06
"VX","jun","weekday",19,59,0.00014190361889699,0.000130170371771985,0.000174735609445566,6.25930025269319e-05,0.000257646384577807,1.26845405334891e-05
"VX","jun","weekday",20,59,0.000182127316210197,0.000171980456237535,0.000244728444272804,9.36404232570038e-05,0.00026266171240565,2.38645776052807e-05
"VX","jun","weekday",21,59,0.000219583347808251,0.000211580372607618,0.000275931278283364,0.000146899556101274,0.000313250325197995,8.75738201602482e-05
"VX","jun","weekday",22,59,0.000249946832529945,0.000253930731453508,0.000293446322601028,0.000200626027870854,0.000342542755139851,5.59413064131467e-05
"VX","jun","weekday",23,59,0.000271985465396083,0.000279375946674385,0.000318241768604237,0.000228312784984311,0.000367903185829395,0.000111732650606165
"VX","jun","weekday",24,59,0.000299450383653165,0.000292691650140316,0.00034279463886805,0.000248318930883054,0.000390259311952094,0.000129432456790364
"VX","jun","weekday",25,59,0.000319240220877486,0.000314308506373651,0.000366979901793415,0.000251012477703341,0.000426095469473262,0.000195220402684417
"VX","jun","weekday",26,59,0.000347070092449093,0.00034503221650056,0.00041315892726023,0.000281446328957856,0.000453120608618685,0.000219747924268888
"VX","jun","weekday",27,59,0.000358432136900244,0.000351752984602021,0.000443935869005393,0.000275743827619117,0.000460312767118663,0.000244814024618781
"VX","jun","weekday",28,59,0.000369521768114996,0.000344882830085549,0.000433441447039879,0.000287965595006378,0.000497644179893339,0.000258112295961913
"VX","jun","weekday",29,59,0.000375168699524539,0.000337323823991405,0.000446705471903574,0.000283663322892974,0.000521525281051539,0.000251087534335587
"VX","jun","weekday",30,59,0.00036167546829647,0.000328621979484139,0.000415392092439995,0.000275698538803506,0.00050795770488285,0.000232804916633163
"VX","jun","weekday",31,59,0.000351743671128274,0.000304375244438808,0.000393657339909654,0.00025084251021273,0.000568354001081592,0.000235678285048959
"VX","jun","weekday",32,59,0.000317688434573037,0.000300670925699604,0.000341359903428019,0.00022106681576113,0.000454303833247368,0.000193551681414843
"VX","jun","weekday",33,59,0.000275134243247538,0.000251510532613863,0.00031771806503195,0.000189286412122909,0.000412328365073669,0.000170233786743365
"VX","jun","weekday",34,59,0.000228874590573724,0.000213203827525759,0.000270199045833153,0.000162871593552355,0.000340997579716296,0.000142433879320975
"VX","jun","weekday",35,59,0.000180379325822512,0.000152817028776918,0.000207240448863868,0.000119178161090593,0.000282321911703505,5.84195426202261e-05
"VX","jun","weekday",36,59,0.000129146447984419,0.000121184145009593,0.000174786324689717,6.70669442587137e-05,0.000226510991582885,2.96464339028584e-05
"VX","jun","weekday",37,59,9.30551311692861e-05,7.91457784149852e-05,0.000132821674645806,3.29186131706224e-05,0.000163172609301114,1.95761453168654e-05
"VX","jun","weekday",38,59,6.26323557103071e-05,4.58204788462671e-05,9.03047816522301e-05,1.71952267203009e-05,0.000132815974013104,6.06316499393682e-06
"VX","jun","weekday",39,59,4.11177741180064e-05,1.48569181572796e-05,5.38741686084163e-05,6.93520188177032e-06,9.82986221345852e-05,1.01891887902418e-06
"VX","jun","weekday",40,59,2.43306481851209e-05,5.35954771923202e-06,2.26885480604628e-05,1.15126385897079e-06,6.25797354919463e-05,1.39360364399112e-07
"VX","jun","weekday",41,59,1.21666589794766e-05,1.22722594264568e-06,9.52340359602122e-06,1.09609765425681e-07,2.99705146773409e-05,0
"VX","jun","weekday",42,59,4.8301362413637e-06,1.21546329771845e-07,2.72218471229288e-06,0,2.02275444291678e-05,0
"VX","jun","weekday",43,59,2.4076883792345e-06,0,8.94976211879223e-07,0,3.78690370599256e-06,0
"VX","jun","weekday",44,59,2.11953340499668e-06,0,2.13380004482258e-07,0,3.37853429817661e-06,0
"VX","jun","weekday",45,59,1.92985601300826e-06,0,2.37078443584439e-07,0,2.36624894572956e-06,0
"VX","jun","weekday",46,59,1.52783283145565e-06,0,2.1152521026032e-08,0,1.89175202434824e-06,0
"VX","jun","weekday",47,59,9.22827063162588e-07,0,2.51644257527964e-08,0,1.4715101191007e-06,0
"VX","jun","weekday",48,59,7.87952995585929e-07,0,0,0,1.49626483222769e-06,0
"VX","jun","weekend",1,59,5.65956424702837e-07,0,0,0,9.35068623274857e-07,0
"VX","jun","weekend",2,59,6.7863482706933e-07,0,0,0,5.95913590037174e-08,0
"VX","jun","weekend",3,59,5.36361004862363e-07,0,0,0,3.20202289096111e-08,0
"VX","jun","weekend",4,59,6.7091104831536e-07,0,0,0,1.02809272292292e-07,0
"VX","jun","weekend",5,59,5.54391999348368e-07,0,0,0,9.47391966897583e-08,0
"VX","jun","weekend",6,59,5.46007588507739e-07,0,0,0,2.35540778319799e-08,0
"VX","jun","weekend",7,59,4.49255676167252e-07,0,0,0,8.43316458961391e-08,0
"VX","jun","weekend",8,59,5.92474491644967e-07,0,0,0,4.7257844811999e-08,0
"VX","jun","weekend",9,59,4.99605802224298e-07,0,0,0,5.14064434734564e-08,0
"VX","jun","weekend",10,59,5.21439265647062e-07,0,0,0,3.88450933486351e-07,0
"VX","jun","weekend",11,59,1.24682799086026e-06,0,5.85602227437282e-08,0,5.35543245275012e-06,0
"VX","jun","weekend",12,59,4.05212548639278e-06,1.82363571061934e-07,3.65399630300068e-06,0,7.45264530237226e-06,0
"VX","jun","weekend",13,59,1.05860058688471e-05,2.53375768127183e-06,1.30389236350208e-05,7.33666754099187e-08,1.86865836743307e-05,0
"VX","jun","weekend",14,59,2.19391405813937e-05,4.94227405426991e-06,2.01726674561513e-05,1.39458705931251e-06,4.37453868900651e-05,6.02169479017019e-08
"VX","jun","weekend",15,59,3.30907487034773e-05,1.50178082240339e-05,3.57336296495304e-05,2.42543348267546e-06,7.52526085662848e-05,1.26604662589747e-06
"VX","jun","weekend",16,59,4.81412459797831e-05,3.48415050998971e-05,6.20002866581585e-05,4.52374885510097e-06,0.000101285971139508,3.0705822372894e-06
"VX","jun","weekend",17,59,6.41578819143604e-05,5.05146047929263e-05,9.79045690003027e-05,1.59956987014684e-05,0.000122090678381399,3.36420773846075e-06
"VX","jun","weekend",18,59,9.15276161653996e-05,6.14297948930861e-05,0.000127242047962898,3.07477560444971e-05,0.000166253070474172,6.30803096220987e-06
"VX","jun","weekend",19,59,0.000115053761267944,0.000104107476164441,0.000150800861531039,5.54829137695724e-05,0.000195019293123141,1.29017343526899e-05
"VX","jun","weekend",20,59,0.000150038574128281,0.000144586927401994,0.000195836293520022,8.18894578951866e-05,0.000221111114268326,2.71386718032656e-05
"VX","jun","weekend",21,59,0.000171983917230888,0.000175892014950777,0.000205752116506158,0.000121390077744844,0.000244971258534747,8.17482344472231e-05
"VX","jun","weekend",22,59,0.000194914969391609,0.000202504791301243,0.000235330647056887,0.00012762012358674,0.000284719252935875,6.96671132904797e-05
"VX","jun","weekend",23,59,0.000215327642688862,0.000227183073673558,0.000257681135622081,0.000158856508863695,0.000341816146020637,9.76648970463328e-05
"VX","jun","weekend",24,59,0.000246318978248295,0.000232123323017079,0.00029011291933993,0.000200892344480387,0.000346626722302491,0.000134582788187669
"VX","jun","weekend",25,59,0.000269469563360433,0.000248134061984888,0.00033154677766793,0.000208280861153419,0.000363213529772285,0.0001396944720911
"VX","jun","weekend",26,59,0.000265965023583048,0.000262321223745545,0.000312721651869349,0.000183822187987584,0.000374276022993996,0.000154298680441435
"VX","jun","weekend",27,59,0.000283883440129344,0.000260412390829961,0.000349158734098834,0.000219549992101922,0.000393673928707517,0.00016400625385713
"VX","jun","weekend",28,59,0.000299798040296822,0.000295909460940261,0.000341548978549988,0.000209833674092014,0.000438795293758942,0.000195867138022992
"VX","jun","weekend",29,59,0.000293934248314965,0.000292627896316036,0.000402453439065596,0.000210870478203345,0.000436178265410806,0.000133534583349955
"VX","jun","weekend",30,59,0.000302365149181241,0.000279776597401844,0.000375833686012226,0.000211990291491419,0.000492721314625867,0.000156041091760233
"VX","jun","weekend",31,59,0.0002737403868474,0.000251445203330584,0.000311724454988899,0.000196662137348439,0.000439457191222694,0.000160518181574723
"VX","jun","weekend",32,59,0.000260358018931499,0.000225035053332765,0.000327802821995324,0.000183895040736425,0.0003981752878223,0.000131018951968536
"VX","jun","weekend",33,59,0.000231627366634509,0.000221771552318175,0.000286134683133869,0.000147003030968126,0.000329465372165094,0.000116678718557894
"VX","jun","weekend",34,59,0.000198181832387186,0.00017250880864123,0.000237565455784518,0.000123567331040758,0.000312261785615778,9.38408536252657e-05
"VX","jun","weekend",35,59,0.000148595509080659,0.000120100132247671,0.000203349073292523,9.54872218029083e-05,0.0002724590204834,3.83000308693046e-05
"VX","jun","weekend",36,59,0.000120654233655987,9.56502128266208e-05,0.00018312798924814,4.62785396036774e-05,0.00022448386836161,1.94144939084034e-05
"VX","jun","weekend",37,59,8.80457995636809e-05,6.79159151165734e-05,0.000105097597227292,2.61250359944959e-05,0.000194298247313792,1.42807800116082e-05
"VX","jun","weekend",38,59,5.60811999341553e-05,2.95129590966048e-05,8.10180949457983e-05,1.0574450728607e-05,0.000118468047631502,6.22143519936645e-06
"VX","jun","weekend",39,59,3.94628202934383e-05,1.7531390771848e-05,3.19176348773013e-05,5.06149578229521e-06,0.000127104505545461,2.31303300002531e-06
"VX","jun","weekend",40,59,2.05376132990102e-05,5.25172118644833e-06,2.11823332704488e-05,1.45925018485828e-06,5.59167852896813e-05,1.99728449200467e-08
"VX","jun","weekend",41,59,1.02960527361115e-05,1.98717039350766e-06,8.41798098681093e-06,0,2.54221281650463e-05,0
"VX","jun","weekend",42,59,3.70474276307465e-06,5.22573133144151e-08,1.64368485992582e-06,0,5.2133670523886e-06,0
"VX","jun","weekend",43,59,2.94331451883917e-06,0,2.22094618445181e-07,0,4.76446192359086e-06,0
"VX","jun","weekend",44,59,2.41980464766311e-06,0,1.8329295862447e-07,0,5.94316759580599e-06,0
"VX","jun","weekend",45,59,1.56537220137683e-06,0,6.09243263751692e-08,0,1.71790614501535e-06,0
"VX","jun","weekend",46,59,1.23183093304496e-06,0,0,0,4.24627897586022e-06,0
"VX","jun","weekend",47,59,7.93166968677556e-07,0,0,0,7.25003629471102e-07,0
"VX","jun","weekend",48,59,6.0993581580916e-07,0,0,0,7.00741284791722e-08,0
"VX","mar","weekday",1,59,5.15307455478104e-07,0,0,0,1.77724928780763e-07,0
"VX","mar","weekday",2,59,5.04497025216661e-07,0,0,0,4.69476955723628e-09,0
"VX","mar","weekday",3,59,3.50085072511977e-07,0,0,0,2.59214068646573e-09,0
"VX","mar","weekday",4,59,5.52052229380858e-07,0,0,0,4.67792270581076e-08,0
"VX","mar","weekday",5,59,5.51908690229796e-07,0,0,0,1.05816594128791e-08,0
"VX","mar","weekday",6,59,6.58201605126575e-07,0,0,0,1.62462825966937e-08,0
"VX","mar","weekday",7,59,7.16534352376032e-07,0,0,0,6.95924241337597e-09,0
"VX","mar","weekday",8,59,4.60186418325493e-07,0,0,0,1.5555964058744e-08,0
"VX","mar","weekday",9,59,6.63091676619325e-07,0,0,0,4.48793331445257e-08,0
"VX","mar","weekday",10,59,6.67281498669563e-07,0,0,0,1.68982584028281e-07,0
"VX","mar","weekday",11,59,1.01992974721982e-06,0,0,0,4.27064157092053e-07,0
"VX","mar","weekday",12,59,1.00955326659888e-06,0,0,0,1.15880307156192e-06,0
"VX","mar","weekday",13,59,1.10750343946473e-06,0,6.2455880584022e-08,0,6.4606754027073e-07,0
"VX","mar","weekday",14,59,3.0473426929926e-06,1.04697104018155e-07,2.15365433981938e-06,0,6.12462628160483e-06,0
"VX","mar","weekday",15,59,1.13528391073746e-05,3.69926681470663e-06,1.40515885620929e-05,5.14859260059064e-08,1.95366593446259e-05,0
"VX","mar","weekday",16,59,2.17829870666406e-05,7.39502184825326e-06,3.31373315490979e-05,1.62766151786457e-06,4.31533582142322e-05,1.57026152506863e-08
"VX","mar","weekday",17,59,3.77112924934669e-05,1.70788355037347e-05,6.42959377203521e-05,3.58480522135364e-06,8.41661508905664e-05,5.84301999592166e-07
"VX","mar","weekday",18,59,6.26897023741165e-05,4.03101779283487e-05,0.00010327492616859,1.1948647240028e-05,0.000131458835748392,2.1161199751607e-06
"VX","mar","weekday",19,59,8.57964139597546e-05,6.56608800232692e-05,0.000135495318921268,2.64002737373859e-05,0.0001647817161871,5.74645372348996e-06
"VX","mar","weekday",20,59,0.000115179512058287,0.000119133984317216,0.000166685360404184,4.40435583468701e-05,0.000209650761059878,9.18782179445455e-06
"VX","mar","weekday",21,59,0.00014488588665366,0.000136734508632899,0.000200231341507677,6.15607255995609e-05,0.000255064155739261,4.02913249600147e-05
"VX","mar","weekday",22,59,0.000173423176110401,0.000188131215292583,0.000228012382832082,0.000100712655913309,0.000262890051982691,3.03517631315987e-05
"VX","mar","weekday",23,59,0.000200286282413392,0.000200929789310701,0.000262570903944485,0.000117707539132582,0.000302374451220935,8.97802193936248e-05
"VX","mar","weekday",24,59,0.000218244141864077,0.000219817594662804,0.000283048564795219,0.000152488222699188,0.000337986571072886,0.000129949211066545
"VX","mar","weekday",25,59,0.000227099003175094,0.000227100231552372,0.000271106204608802,0.000196214501293643,0.000319535023142086,0.000148714032526973
"VX","mar","weekday",26,59,0.000233474293153005,0.00024580096308145,0.000283639461237878,0.000194869389384044,0.000323388575181988,0.00014350832088483
"VX","mar","weekday",27,59,0.000230869559865303,0.000219555212325402,0.00027703405434424,0.000183840324842468,0.000321710232773866,0.000163700581087277
"VX","mar","weekday",28,59,0.000221292499272199,0.000216180106418414,0.000265600269195557,0.00019127723742689,0.000280637987502447,0.000144747537489752
"VX","mar","weekday",29,59,0.000196342494935898,0.000197254133066565,0.000244362430413887,0.0001593575261678,0.000279745137141068,0.000126073477992415
"VX","mar","weekday",30,59,0.000174649697743346,0.000167582211544591,0.000209754934845274,0.000138320327782729,0.000262754165398766,0.0001067417924272
"VX","mar","weekday",31,59,0.000145515811687449,0.000144362047662945,0.000182794229364099,9.84882912060412e-05,0.000218751641435494,7.66482894336595e-05
"VX","mar","weekday",32,59,0.000115114665698876,0.000108968899777171,0.000149386762606285,7.4158057844025e-05,0.000179920803090961,3.40773399066296e-05
"VX","mar","weekday",33,59,8.65686885655604e-05,7.07732078805669e-05,0.000122669380910411,4.93335803120334e-05,0.000139487323844624,1.30379942633175e-05
"VX","mar","weekday",34,59,5.2593675292251e-05,3.62377503581065e-05,7.25768963423553e-05,2.35258913109908e-05,0.000109428590339977,9.77337563574606e-06
"VX","mar","weekday",35,59,2.92757389508062e-05,1.44399741721672e-05,3.2202318437134e-05,8.39856920888712e-06,5.99581198660024e-05,2.70145577999697e-06
"VX","mar","weekday",36,59,1.28732297362471e-05,5.50570323277141e-06,1.37230950725183e-05,2.53287171076492e-06,2.80921365646868e-05,1.28960085645075e-06
"VX","mar","weekday",37,59,7.82715518232488e-06,2.85119849861413e-06,5.64840097623271e-06,2.39316860970076e-07,1.37697445647916e-05,1.71078182780833e-08
"VX","mar","weekday",38,59,4.05451816772777e-06,2.84924934483006e-07,3.1780494992274e-06,0,6.53958060325677e-06,0
"VX","mar","weekday",39,59,2.40119566231227e-06,0,8.43020001604283e-07,0,5.74085245242479e-06,0
"VX","mar","weekday",40,59,1.30578904830431e-06,0,2.287586743025e-07,0,4.21634468902838e-06,0
"VX","mar","weekday",41,59,1.19417890604453e-06,0,6.84319927531186e-08,0,3.4737976914346e-06,0
"VX","mar","weekday",42,59,9.89776604510256e-07,0,8.35308103312797e-08,0,9.41782422474038e-07,0
"VX","mar","weekday",43,59,8.7290365829186e-07,0,1.35306623585966e-08,0,2.09601653395351e-06,0
"VX","mar","weekday",44,59,7.88343449139912e-07,0,1.93997530178644e-09,0,1.87111359561602e-06,0
"VX","mar","weekday",45,59,5.90182908329536e-07,0,0,0,9.62878160139622e-07,0
"VX","mar","weekday",46,59,6.3619108281983e-07,0,0,0,3.45868614227027e-07,0
"VX","mar","weekday",47,59,5.68135891236277e-07,0,0,0,6.21690651807254e-07,0
"VX","mar","weekday",48,59,4.66759907250218e-07,0,0,0,1.69812039306284e-07,0
"VX","mar","weekend",1,59,4.54606484865734e-07,0,0,0,9.46261511719112e-08,0
"VX","mar","weekend",2,59,7.09796118078042e-07,0,0,0,0,0
"VX","mar","weekend",3,59,7.3601826975322e-07,0,0,0,0,0
"VX","mar","weekend",4,59,6.63815821670541e-07,0,0,0,6.78518512261069e-08,0
"VX","mar","weekend",5,59,6.37327330297624e-07,0,0,0,1.91294200899626e-08,0
"VX","mar","weekend",6,59,5.93254103186205e-07,0,0,0,0,0
"VX","mar","weekend",7,59,6.91001464390853e-07,0,0,0,2.81871110037746e-09,0
"VX","mar","weekend",8,59,6.41459158277332e-07,0,0,0,1.84539611797806e-07,0
"VX","mar","weekend",9,59,5.60029708533204e-07,0,0,0,1.90515565405873e-07,0
"VX","mar","weekend",10,59,8.31716114630175e-07,0,0,0,3.81794036228692e-07,0
"VX","mar","weekend",11,59,6.82385122083442e-07,0,0,0,2.20632310221814e-07,0
"VX","mar","weekend",12,59,7.7834252589449e-07,0,0,0,1.41198090831638e-06,0
"VX","mar","weekend",13,59,1.18080595715079e-06,0,1.46421565082823e-07,0,2.20276758622524e-06,0
"VX","mar","weekend",14,59,3.7001297192627e-06,6.09135941544091e-07,3.64431024142223e-06,0,6.60474360472544e-06,0
"VX","mar","weekend",15,59,1.18856084332516e-05,4.37564566088456e-06,1.46835374990809e-05,8.14568392791396e-09,3.02087745228557e-05,0
"VX","mar","weekend",16,59,2.85598182479655e-05,1.21666228841941e-05,5.00254198724575e-05,9.68104861346744e-07,7.13233622411162e-05,7.19208869901352e-08
"VX","mar","weekend",17,59,4.99760601026397e-05,1.84838599669466e-05,8.93999792070671e-05,3.45764835988623e-06,0.000126731075968029,1.00345488660319e-06
"VX","mar","weekend",18,59,7.75974174023386e-05,4.22147530888275e-05,0.00014993872072099,1.2768441201391e-05,0.000189862278217733,1.74872544705211e-06
"VX","mar","weekend",19,59,0.000104733908205653,7.58958605094669e-05,0.000164948223631543,2.9116303606655e-05,0.000218051129676341,4.87532764762051e-06
"VX","mar","weekend",20,59,0.000135485390629258,0.000110507123643016,0.000199910881710781,3.66021264451501e-05,0.000281944155502638,1.05605381643231e-05
"VX","mar","weekend",21,59,0.000177152643506288,0.000170841734414838,0.000223410535437356,9.05691566909599e-05,0.000336266107628274,2.11548660285778e-05
"VX","mar","weekend",22,59,0.000199230388453839,0.000188313820048565,0.000286497758889391,0.000112555119570203,0.000336606167548619,6.76196323653024e-05
"VX","mar","weekend",23,59,0.000235236679151642,0.000250929309338811,0.000331336239956774,0.000163467961791922,0.000365592794184216,8.12502219881569e-05
"VX","mar","weekend",24,59,0.000263881025713503,0.000271802763035147,0.000326983011556224,0.000182973379026055,0.000412263102938475,9.94861984816344e-05
"VX","mar","weekend",25,59,0.000262229158243091,0.000257623782072617,0.000341009874395987,0.00019477118850615,0.000388167947635005,0.000108698033467186
"VX","mar","weekend",26,59,0.000258677669649674,0.000253021794493566,0.000336491891742159,0.000185018003897469,0.000386646760333003,0.000125170212596478
"VX","mar","weekend",27,59,0.000269057084857732,0.000269425676801075,0.00033659333944021,0.00019423326646439,0.00036857010010372,0.0001669555422713
"VX","mar","weekend",28,59,0.000260049858868924,0.000254401622291436,0.000305494793479257,0.000204201288806906,0.00038351795765409,0.000153415157275969
"VX","mar","weekend",29,59,0.000246326149077088,0.000255820342177217,0.000329703522442213,0.000179548964500539,0.000400664813008863,5.78969397919906e-05
"VX","mar","weekend",30,59,0.000215521529328883,0.000216721187353799,0.000280111385672441,0.000152556329502964,0.000348860550698544,8.18394356006666e-05
"VX","mar","weekend",31,59,0.000186743882249993,0.000179184421319022,0.000223654224656751,0.000116034139343843,0.000300222066609783,5.7315643160274e-05
"VX","mar","weekend",32,59,0.000147345936640672,0.000148495878398057,0.000194247188004674,8.14432798272016e-05,0.000240368121203236,3.32577717011232e-05
"VX","mar","weekend",33,59,0.000102420501075532,8.24206629304153e-05,0.000137787297645421,4.42961490906596e-05,0.000167293612055684,2.09877493314434e-05
"VX","mar","weekend",34,59,6.51601028407228e-05,4.00423676220465e-05,9.50635953379455e-05,1.96091990318408e-05,0.000152170187865003,6.41226649271837e-06
"VX","mar","weekend",35,59,3.57079322521266e-05,1.71997889198637e-05,4.65213196885153e-05,4.9269353869092e-06,8.73344850683547e-05,8.0631580362463e-07
"VX","mar","weekend",36,59,1.61018754400256e-05,7.09865438210486e-06,2.15247338979418e-05,1.21302197692724e-06,2.57603832746126e-05,3.05860649056405e-08
"VX","mar","weekend",37,59,9.44614256295209e-06,9.68297108843154e-07,7.26690978823213e-06,0,1.29592139258295e-05,0
"VX","mar","weekend",38,59,6.56822225516766e-06,0,2.63080846927151e-06,0,6.62552301436227e-06,0
"VX","mar","weekend",39,59,3.66634767458062e-06,0,9.4256499799544e-07,0,3.9662315301193e-06,0
"VX","mar","weekend",40,59,2.31647570385768e-06,0,1.20333176607251e-07,0,3.45388392367464e-06,0
"VX","mar","weekend",41,59,2.12390168361325e-06,0,0,0,4.21460083909923e-06,0
"VX","mar","weekend",42,59,1.87743399982091e-06,0,1.4904808947178e-08,0,5.3919574505807e-06,0
"VX","mar","weekend",43,59,1.53999371271313e-06,0,0,0,3.06422236491117e-06,0
"VX","mar","weekend",44,59,1.46412612783031e-06,0,0,0,2.10124914930369e-06,0
"VX","mar","weekend",45,59,1.51330487124637e-06,0,0,0,2.0818124799069e-06,0
"VX","mar","weekend",46,59,1.24059213962868e-06,0,0,0,9.81195351726527e-07,0
"VX","mar","weekend",47,59,8.62998137536955e-07,0,0,0,1.6359770899456e-06,0
"VX","mar","weekend",48,59,6.56009047236519e-07,0,0,0,8.82607096748191e-07,0
"VX","may","weekday",1,59,8.91555826704392e-07,0,0,0,2.05343197308578e-06,0
"VX","may","weekday",2,59,9.25532186940081e-07,0,0,0,4.32017337635521e-07,0
"VX","may","weekday",3,59,1.07280578094252e-06,0,0,0,9.46267055086896e-08,0
"VX","may","weekday",4,59,1.19790893884651e-06,0,0,0,6.76337389554104e-08,0
"VX","may","weekday",5,59,1.00744829080387e-06,0,0,0,8.09788996598374e-08,0
"VX","may","weekday",6,59,1.01523406689923e-06,0,0,0,3.54271965956912e-08,0
"VX","may","weekday",7,59,1.22152795491333e-06,0,0,0,5.03297012398814e-08,0
"VX","may","weekday",8,59,9.50113153177413e-07,0,0,0,3.6834655165938e-07,0
"VX","may","weekday",9,59,1.00244822703681e-06,0,0,0,6.3162502260928e-07,0
"VX","may","weekday",10,59,8.70500850124365e-07,0,0,0,7.1759512332819e-07,0
"VX","may","weekday",11,59,1.06906931946031e-06,0,4.20230075973099e-08,0,1.53296739904164e-06,0
"VX","may","weekday",12,59,2.76850980890816e-06,1.86172660819646e-07,1.05235188116948e-06,0,7.82752978170879e-06,0
"VX","may","weekday",13,59,6.58801640328975e-06,1.83032912040504e-06,5.35570590224496e-06,5.47672477724764e-08,1.40007536930548e-05,1.90928308711219e-09
"VX","may","weekday",14,59,1.35029996286929e-05,8.31385714811968e-06,1.18682774286361e-05,9.72667799548949e-07,3.34212336318602e-05,1.46343157176761e-07
"VX","may","weekday",15,59,2.30470453927488e-05,1.42464005307138e-05,2.53064371586581e-05,3.19227815246354e-06,4.83576964938269e-05,7.05619209076517e-07
"VX","may","weekday",16,59,3.4344309927997e-05,2.26147188049637e-05,5.54296312661503e-05,9.85836969680551e-06,7.25917346407011e-05,2.6193360482966e-06
"VX","may","weekday",17,59,5.41515995032648e-05,3.8728908987383e-05,8.67684010887468e-05,2.02811298100076e-05,0.000108313092814242,2.93821184118125e-06
"VX","may","weekday",18,59,7.65808058646243e-05,7.23451815929527e-05,0.000117497644320303,2.14016403200439e-05,0.000144283135747239,5.39557949727416e-06
"VX","may","weekday",19,59,0.00010211564614018,0.000108902559976136,0.000148521128092842,4.15440754307251e-05,0.00018018029382893,7.58433101310639e-06
"VX","may","weekday",20,59,0.000133233083707022,0.000151245072965514,0.00018554708590439,5.88664145047382e-05,0.000197088312717175,1.79539548745821e-05
"VX","may","weekday",21,59,0.000160853133360895,0.000174621384696,0.000213787777754426,0.000108614970372902,0.000250139532568272,4.68571784379767e-05
"VX","may","weekday",22,59,0.000189400003112075,0.000199045300693629,0.000243764266812079,0.000111586068263824,0.000298060458877172,7.25827849094972e-05
"VX","may","weekday",23,59,0.000212675443297988,0.000219681008981295,0.000265206005152627,0.000155828840304714,0.000312871986939539,0.000102443198688045
"VX","may","weekday",24,59,0.000240831775522203,0.000248900144857272,0.000285934833858759,0.00019153433711952,0.000328766123107283,0.000171580127832978
"VX","may","weekday",25,59,0.000259158374222845,0.00026371729496766,0.00030063142904703,0.000226066321759021,0.000318900903311276,0.000179512041726186
"VX","may","weekday",26,59,0.000280083114783154,0.000278189344784026,0.000307265020343957,0.000232048094571538,0.000356582774470224,0.000193829170383224
"VX","may","weekday",27,59,0.000295126513035947,0.00029078466919959,0.000333996734082215,0.000247754055908998,0.00039922869476096,0.000208711032889222
"VX","may","weekday",28,59,0.000321117802943552,0.000303296775534209,0.000341418853904573,0.000276870774200209,0.00040026267839216,0.000234846334624066
"VX","may","weekday",29,59,0.000310872533804844,0.000294014238423909,0.000337986098428421,0.000264052613662834,0.000395012789519023,0.000240926028843738
"VX","may","weekday",30,59,0.000311059483220258,0.000277871282513007,0.000345436479740948,0.000241279137631819,0.000392224335182261,0.00022369933358881
"VX","may","weekday",31,59,0.000294891062720857,0.00028542381068283,0.000323768884718799,0.000233523158202191,0.000396830732004267,0.000214074373412078
"VX","may","weekday",32,59,0.00027338112816518,0.000236858519775883,0.00033140837183339,0.00021476640120931,0.000385372939625092,0.000173639365937172
"VX","may","weekday",33,59,0.000235989711891037,0.0002053647550128,0.000285663130746512,0.000172339142584194,0.000318996894057273,0.000147011455325017
"VX","may","weekday",34,59,0.000194327660432698,0.000173739447626753,0.000246185646806198,0.000137731491981358,0.000303652954917691,9.83034463014078e-05
"VX","may","weekday",35,59,0.000146964970724769,0.00012584651557677,0.000178327573902183,8.87716733601212e-05,0.000212330708526519,6.79492829837555e-05
"VX","may","weekday",36,59,0.000106561568829403,8.16075442507085e-05,0.000131976975947925,5.47587486185556e-05,0.00017685398137569,3.5762250110373e-05
"VX","may","weekday",37,59,7.40086418834305e-05,4.78660185936029e-05,9.5636930528483e-05,2.54449156273379e-05,0.0001513233467961,1.67057197203729e-05
"VX","may","weekday",38,59,5.34597221383455e-05,2.11012146671394e-05,7.35880144837988e-05,1.25340807281044e-05,8.80903850121678e-05,8.85800027595893e-06
"VX","may","weekday",39,59,3.47012681005769e-05,7.84998059623897e-06,4.03725487588598e-05,5.53098934042759e-06,7.60900959835379e-05,8.28645608260183e-07
"VX","may","weekday",40,59,1.53505516561424e-05,3.42734270604433e-06,1.22492293129063e-05,7.77104817443366e-07,2.73101240614499e-05,5.11083219460278e-08
"VX","may","weekday",41,59,6.90905312936799e-06,5.89264675373477e-07,7.01613487079536e-06,0,1.13043555043372e-05,0
"VX","may","weekday",42,59,3.76834657283846e-06,0,2.51219750450079e-06,0,5.09093511153215e-06,0
"VX","may","weekday",43,59,2.73201352214993e-06,0,2.13765107488844e-07,0,4.61098908560756e-06,0
"VX","may","weekday",44,59,1.86510667222952e-06,0,5.44066643191171e-07,0,4.02860949569455e-06,0
"VX","may","weekday",45,59,1.54956753241532e-06,0,1.51360586214664e-07,0,3.08837272198721e-06,0
"VX","may","weekday",46,59,1.18460674943114e-06,0,1.76471990747374e-08,0,3.79702778202752e-06,0
"VX","may","weekday",47,59,1.18738020229946e-06,0,0,0,2.43195963245075e-06,0
"VX","may","weekday",48,59,9.39702354373965e-07,0,0,0,1.64849906730594e-06,0
"VX","may","weekend",1,59,1.00157095968096e-06,0,0,0,1.97726792065365e-06,0
"VX","may","weekend",2,59,9.4691561362109e-07,0,0,0,6.17123789910816e-07,0
"VX","may","weekend",3,59,9.57448805709445e-07,0,0,0,3.79265333575898e-07,0
"VX","may","weekend",4,59,1.21318647195372e-06,0,0,0,3.86780193459833e-07,0
"VX","may","weekend",5,59,7.9686826462486e-07,0,0,0,2.91730508362855e-07,0
"VX","may","weekend",6,59,8.46285106728358e-07,0,0,0,1.87455876799784e-07,0
"VX","may","weekend",7,59,1.55920346528945e-06,0,0,0,2.11848818199451e-07,0
"VX","may","weekend",8,59,1.19855967919555e-06,0,0,0,3.24611212297684e-07,0
"VX","may","weekend",9,59,1.22784008974943e-06,0,0,0,2.72984045075905e-07,0
"VX","may","weekend",10,59,9.17761688095038e-07,0,0,0,1.79777658193517e-06,0
"VX","may","weekend",11,59,1.51082835295509e-06,0,3.09810187772058e-08,0,2.36993211993636e-06,0
"VX","may","weekend",12,59,3.54023349359521e-06,6.98262895234762e-08,1.91337888955407e-06,0,1.00119098051397e-05,0
"VX","may","weekend",13,59,7.74066085000145e-06,2.96785787501052e-06,6.34104235532482e-06,1.00380895307243e-08,2.13027968885907e-05,0
"VX","may","weekend",14,59,1.52691668755219e-05,7.28311256995201e-06,1.16073026761478e-05,7.79467621811788e-07,3.85686824910999e-05,5.16074321720939e-09
"VX","may","weekend",15,59,2.5842325123935e-05,1.18697036277289e-05,3.05426451391349e-05,3.48102256058738e-06,5.54774076096086e-05,6.48311480969034e-07
"VX","may","weekend",16,59,4.59365995961278e-05,2.80164668105155e-05,5.64770035744887e-05,8.75818471821548e-06,0.00012284766530803,1.82235216736215e-06
"VX","may","weekend",17,59,7.14957137252069e-05,5.58968082879299e-05,0.000103661791158248,1.62659199577439e-05,0.00015637426123999,2.45963144497603e-06
"VX","may","weekend",18,59,9.41219831883713e-05,8.41759481878062e-05,0.000124029086287886,2.40534199359189e-05,0.000179558578340774,5.45130385190373e-06
"VX","may","weekend",19,59,0.000121679403282418,0.000126721530764772,0.000167621899991108,5.06209053325841e-05,0.00020956912272867,1.08115884931911e-05
"VX","may","weekend",20,59,0.000161472061746839,0.0001600119601105,0.00022228796055907,7.92206567450346e-05,0.000270149095896867,2.10660120123534e-05
"VX","may","weekend",21,59,0.00020626326168589,0.00020560535932758,0.000273639724152305,0.00013485021257331,0.000318721751300565,7.619623490711e-05
"VX","may","weekend",22,59,0.000240789031304616,0.00023593497476266,0.000287086617066005,0.000185431666544654,0.000341698901337558,0.000101068721449724
"VX","may","weekend",23,59,0.000271581624744868,0.000263908146474856,0.000338966988186652,0.000214523244245928,0.000401512106640344,0.000143226540939505
"VX","may","weekend",24,59,0.000290181519142157,0.000298126016583463,0.000357272134189278,0.000228629228001812,0.000425153295527729,0.000177691367664086
"VX","may","weekend",25,59,0.000310995940390676,0.000321144414143771,0.000370314188876711,0.000249295944229187,0.000437469223023512,0.000178696507319219
"VX","may","weekend",26,59,0.000339340161555042,0.000357975088183323,0.000394258610548807,0.000256355547486083,0.000446441747061031,0.000200595553586711
"VX","may","weekend",27,59,0.000339918049845347,0.000308013031263702,0.000357139554188811,0.000254422076435126,0.00045889708539858,0.00022136200917142
"VX","may","weekend",28,59,0.000342008685296722,0.000323885549114684,0.000389472872272314,0.000269140823559451,0.000456742174575701,0.000211531974705515
"VX","may","weekend",29,59,0.000329919743062831,0.000296525287021608,0.00036555682726725,0.00025154467868078,0.000437566267951951,0.000220291646718809
"VX","may","weekend",30,59,0.000317497653028052,0.000309591766777933,0.000379874368822384,0.000249766049284468,0.000444160519630485,0.000189020646031797
"VX","may","weekend",31,59,0.000301022466610906,0.000288007761974627,0.000334839254539264,0.000224416866435068,0.000445038702369109,0.000159901762832002
"VX","may","weekend",32,59,0.000272051580759984,0.000233127003639701,0.000310373530623538,0.000198735795235024,0.000391322848484357,0.000114992577278562
"VX","may","weekend",33,59,0.000233411980346364,0.000206388062026064,0.000281683843110189,0.000164429176979966,0.000416255182058387,9.36290882992442e-05
"VX","may","weekend",34,59,0.000196055132356746,0.000169889924760589,0.000227222952515043,0.000114531087191464,0.000380282723685513,6.29920841893691e-05
"VX","may","weekend",35,59,0.000150455922902704,0.00013414049271923,0.000168067765795047,6.96715636241362e-05,0.000256075570330533,2.65178527810983e-05
"VX","may","weekend",36,59,0.00011809268009618,9.80820500933068e-05,0.000148067104300127,6.44056896316777e-05,0.000227902876289791,2.80228422350098e-05
"VX","may","weekend",37,59,8.01898656221103e-05,5.70419563576364e-05,0.000103551942429654,1.97331635320184e-05,0.000156912922879877,1.38099841143583e-05
"VX","may","weekend",38,59,5.41646890578108e-05,2.95858005721047e-05,7.11581204114237e-05,9.00111516285745e-06,0.000114915330042966,5.67913383165096e-06
"VX","may","weekend",39,59,3.79033039708877e-05,1.07718686012064e-05,4.20611281280517e-05,3.78422354651238e-06,7.92796710965346e-05,3.38269994902485e-07
"VX","may","weekend",40,59,1.77277887459548e-05,3.20625889249971e-06,1.33428543031723e-05,1.50294049855658e-07,4.66124021995582e-05,0
"VX","may","weekend",41,59,7.6353894485829e-06,7.25121979348173e-07,5.0396412807602e-06,0,1.06561650873385e-05,0
"VX","may","weekend",42,59,4.68645204865962e-06,0,5.30115163539496e-07,0,5.5518900588909e-06,0
"VX","may","weekend",43,59,2.99260318453466e-06,0,3.25137099542132e-07,0,4.71652866705978e-06,0
"VX","may","weekend",44,59,2.30092638785351e-06,0,2.65031518337788e-07,0,4.8569798706812e-06,0
"VX","may","weekend",45,59,1.87601860535097e-06,0,1.87374905211657e-07,0,2.68106536460062e-06,0
"VX","may","weekend",46,59,1.68948218040299e-06,0,0,0,5.86593489484742e-06,0
"VX","may","weekend",47,59,1.13150057787406e-06,0,0,0,2.97260852520229e-06,0
"VX","may","weekend",48,59,9.0173601575296e-07,0,0,0,1.36787716931032e-06,0
"VX","nov","weekday",1,59,8.27104002956538e-07,0,0,0,2.043759086238e-07,0
"VX","nov","weekday",2,59,1.28087233594992e-06,0,0,0,2.37317028813118e-08,0
"VX","nov","weekday",3,59,8.95183361925127e-07,0,0,0,1.50327164408379e-07,0
"VX","nov","weekday",4,59,6.77060236478977e-07,0,0,0,1.49580899276643e-07,0
"VX","nov","weekday",5,59,9.95191310217239e-07,0,0,0,4.4089929315694e-08,0
"VX","nov","weekday",6,59,8.3059451218213e-07,0,0,0,9.94749210015384e-08,0
"VX","nov","weekday",7,59,1.50021522805046e-06,0,0,0,7.11144383516073e-08,0
"VX","nov","weekday",8,59,1.58068103431923e-06,0,0,0,1.33343398482256e-08,0
"VX","nov","weekday",9,59,1.89807782791038e-06,0,0,0,3.92392761364473e-08,0
"VX","nov","weekday",10,59,1.965679768955e-06,0,0,0,2.48849225044995e-06,0
"VX","nov","weekday",11,59,2.13932809143913e-06,0,0,0,6.09838996264283e-07,0
"VX","nov","weekday",12,59,1.28391141705112e-06,0,0,0,1.743100603559e-06,0
"VX","nov","weekday",13,59,1.38394172468234e-06,0,0,0,6.64150997983123e-07,0
"VX","nov","weekday",14,59,1.21260253867386e-06,0,0,0,7.92458321491234e-07,0
"VX","nov","weekday",15,59,1.73671371751579e-06,0,1.40575776797513e-07,0,3.63383672297662e-06,0
"VX","nov","weekday",16,59,3.07039028203594e-06,7.84851401856328e-08,2.58862544939547e-06,0,1.24178285350192e-05,0
"VX","nov","weekday",17,59,7.81743592855887e-06,2.39073119872577e-06,1.17610473480831e-05,1.66973309322384e-08,1.92591074305952e-05,0
"VX","nov","weekday",18,59,1.88535465833338e-05,9.47235960779882e-06,2.66683180575406e-05,1.57444839208157e-06,4.90257387206423e-05,1.42941484508589e-07
"VX","nov","weekday",19,59,3.25938079843673e-05,1.91986020831083e-05,5.26691088046825e-05,2.72493305684397e-06,7.42024116452608e-05,5.73874480054556e-07
"VX","nov","weekday",20,59,4.41689201555943e-05,2.40305980427708e-05,6.7471384368656e-05,1.13850093178089e-05,9.80754175058488e-05,2.09208350964314e-06
"VX","nov","weekday",21,59,5.83867446239112e-05,5.17922808647342e-05,8.3000959113979e-05,1.69756006319803e-05,0.000115189796163807,4.83271615959285e-06
"VX","nov","weekday",22,59,7.29040520968461e-05,7.13669471366311e-05,0.000106897627338156,2.61939409073494e-05,0.000138246535756382,1.06803737495654e-05
"VX","nov","weekday",23,59,8.26718670338357e-05,9.23128530660547e-05,0.000114465012701434,4.48473460552211e-05,0.000147457273772779,1.17954936609474e-05
"VX","nov","weekday",24,59,8.97837037753359e-05,9.22678293090143e-05,0.000117557722004534,5.48081439984004e-05,0.000149808673495631,1.38339273619574e-05
"VX","nov","weekday",25,59,8.73768675964023e-05,9.20297402660583e-05,0.000110799165100384,5.42359772150972e-05,0.000147234713518249,1.46218346957692e-05
"VX","nov","weekday",26,59,8.15618131190044e-05,7.97914559677786e-05,0.000105289700252867,5.46621946038089e-05,0.00012740839630248,1.1461454601267e-05
"VX","nov","weekday",27,59,7.04534505773414e-05,7.15626132554756e-05,0.000101205576378704,4.11573832124785e-05,0.000127965857324424,1.08793416469288e-05
"VX","nov","weekday",28,59,5.09917620641031e-05,4.80432062440741e-05,6.50642098637944e-05,2.62032876985127e-05,9.20426878211261e-05,8.52869426042651e-06
"VX","nov","weekday",29,59,3.92215984179597e-05,3.67437005485132e-05,6.11742056741441e-05,1.5075857023124e-05,7.69937392775681e-05,7.7715404672455e-06
"VX","nov","weekday",30,59,2.58304981655012e-05,1.68083326175626e-05,4.02302994386694e-05,6.79514352081806e-06,5.23547042017297e-05,2.27250018070346e-06
"VX","nov","weekday",31,59,1.34306332416131e-05,6.39062967461993e-06,2.5568818365116e-05,5.40876256219647e-07,3.46545277310942e-05,2.21681770657825e-07
"VX","nov","weekday",32,59,5.45913951663725e-06,9.68279094499948e-07,6.60650103581656e-06,9.37883095781773e-08,1.61364440151256e-05,0
"VX","nov","weekday",33,59,2.09594901960192e-06,0,2.09170795105639e-06,0,7.4534499823135e-06,0
"VX","nov","weekday",34,59,1.36342646283683e-06,0,1.86156687392702e-07,0,7.40369622670914e-06,0
"VX","nov","weekday",35,59,1.14372479116816e-06,0,1.30383056716383e-07,0,6.31251185689967e-06,0
"VX","nov","weekday",36,59,1.13915115523741e-06,0,6.5825120760934e-08,0,4.92068964067741e-06,0
"VX","nov","weekday",37,59,1.5049210892951e-06,0,7.23164764250763e-08,0,8.39662133828401e-06,0
"VX","nov","weekday",38,59,1.42360185396559e-06,0,1.0286766154628e-07,0,4.6284174256857e-06,0
"VX","nov","weekday",39,59,1.45343001770029e-06,0,5.41993052624653e-09,0,3.03377529878473e-06,0
"VX","nov","weekday",40,59,1.42549780062664e-06,0,5.7393493802441e-09,0,3.128891761238e-06,0
"VX","nov","weekday",41,59,1.22565460037774e-06,0,0,0,2.91561217643782e-06,0
"VX","nov","weekday",42,59,9.49506447174807e-07,0,0,0,7.11973879109852e-07,0
"VX","nov","weekday",43,59,7.965938687508e-07,0,0,0,5.14993559754748e-07,0
"VX","nov","weekday",44,59,9.10962073964609e-07,0,0,0,5.8837754127237e-07,0
"VX","nov","weekday",45,59,1.22641885605448e-06,0,0,0,6.96878669501726e-07,0
"VX","nov","weekday",46,59,1.0450830031347e-06,0,0,0,1.80764537709796e-07,0
"VX","nov","weekday",47,59,7.65367380353982e-07,0,0,0,4.09042652876121e-07,0
"VX","nov","weekday",48,59,8.32871614988064e-07,0,0,0,1.2748297380406e-06,0
"VX","nov","weekend",1,59,2.04502789812086e-06,0,0,0,7.04215433585443e-08,0
"VX","nov","weekend",2,59,2.19856735276474e-06,0,0,0,4.23161215971273e-07,0
"VX","nov","weekend",3,59,1.97581693983242e-06,0,0,0,3.40797258960194e-07,0
"VX","nov","weekend",4,59,1.14599994042309e-06,0,0,0,1.01172091257287e-07,0
"VX","nov","weekend",5,59,1.42293340698154e-06,0,0,0,0,0
"VX","nov","weekend",6,59,1.59402225946287e-06,0,0,0,4.23418729379465e-08,0
"VX","nov","weekend",7,59,1.4848828440825e-06,0,0,0,6.21704331488608e-08,0
"VX","nov","weekend",8,59,2.40630460453102e-06,0,0,0,7.93753837637391e-08,0
"VX","nov","weekend",9,59,2.50983495886036e-06,0,0,0,2.33540312327472e-08,0
"VX","nov","weekend",10,59,2.3739116604381e-06,0,0,0,1.72544446090096e-08,0
"VX","nov","weekend",11,59,2.37124667142792e-06,0,0,0,5.29745732921169e-08,0
"VX","nov","weekend",12,59,2.28989591854053e-06,0,0,0,1.6732286977908e-08,0
"VX","nov","weekend",13,59,1.7391219151841e-06,0,0,0,2.49863495892797e-07,0
"VX","nov","weekend",14,59,1.10339776270067e-06,0,0,0,3.66290669939826e-07,0
"VX","nov","weekend",15,59,1.31760746110947e-06,0,0,0,1.5483280384041e-06,0
"VX","nov","weekend",16,59,2.22986788769478e-06,0,3.21118631773305e-07,0,8.34214314538413e-06,0
"VX","nov","weekend",17,59,4.70317069128391e-06,1.003833453529e-06,6.0430276790888e-06,0,1.24826045801895e-05,0
"VX","nov","weekend",18,59,1.37366206912873e-05,3.76897432608444e-06,1.69184399309731e-05,7.73394031281372e-07,3.40515338488927e-05,0
"VX","nov","weekend",19,59,2.23744694266902e-05,1.14717757126182e-05,2.63118682062043e-05,1.34024593030165e-06,5.73167771729363e-05,1.533749188234e-07
"VX","nov","weekend",20,59,3.59682062289942e-05,1.92515027064963e-05,4.55254580228658e-05,5.31372602244118e-06,7.7604900789873e-05,1.13514737666844e-06
"VX","nov","weekend",21,59,4.78940670020795e-05,3.05966478105733e-05,7.30055163566779e-05,1.06042081929578e-05,0.000101248567610179,1.5381725219795e-06
"VX","nov","weekend",22,59,5.33902542576154e-05,4.19046851503349e-05,8.23114208406865e-05,1.8089936053168e-05,0.000118954510638606,2.76926949487376e-06
"VX","nov","weekend",23,59,6.46214804762026e-05,5.1071389298296e-05,0.000104226589808551,2.08880116751003e-05,0.000119507659463048,4.03575474243939e-06
"VX","nov","weekend",24,59,7.01552843433071e-05,5.05565757756702e-05,0.000109183397384019,2.67134983059612e-05,0.000141615488501367,3.69552075365932e-06
"VX","nov","weekend",25,59,7.11273281955586e-05,6.64284711285945e-05,9.80546597686683e-05,2.84430688740366e-05,0.000148614563463872,7.77388528820394e-06
"VX","nov","weekend",26,59,6.53594561113637e-05,5.06104281927132e-05,8.36895515877622e-05,2.12431018051032e-05,0.000155536003990777,7.07281629311509e-06
"VX","nov","weekend",27,59,5.85853049694941e-05,4.69849100448147e-05,7.46631665888193e-05,2.74356636041069e-05,0.000122559020476815,1.11313409846342e-05
"VX","nov","weekend",28,59,4.26665125296697e-05,4.27085462610567e-05,6.00871506246576e-05,1.95702015160177e-05,9.14701973117268e-05,4.67392321255631e-06
"VX","nov","weekend",29,59,2.96417398854215e-05,1.64870491154119e-05,4.72077722443536e-05,1.01150125195358e-05,6.59912351933403e-05,1.68631875186239e-06
"VX","nov","weekend",30,59,1.83637721326858e-05,1.07262121147468e-05,2.6374415273575e-05,2.47780621349902e-06,4.48315427472284e-05,2.64852819164553e-07
"VX","nov","weekend",31,59,7.85449404534267e-06,2.20949094941525e-06,1.08215165890313e-05,4.17546771489866e-07,2.15111069680932e-05,2.82399597009255e-08
"VX","nov","weekend",32,59,2.23993726715261e-06,0,1.26030496409464e-06,0,7.71630083816615e-06,0
"VX","nov","weekend",33,59,1.03483251729047e-06,0,1.57474602012627e-07,0,1.87912067976948e-06,0
"VX","nov","weekend",34,59,1.04023667717934e-06,0,2.41140171177536e-08,0,5.87915164634655e-06,0
"VX","nov","weekend",35,59,8.40307095171707e-07,0,1.36432497566044e-08,0,9.05978706177341e-07,0
"VX","nov","weekend",36,59,1.02527028623728e-06,0,0,0,3.24442295225721e-06,0
"VX","nov","weekend",37,59,1.53521327110909e-06,0,0,0,3.88133531430673e-06,0
"VX","nov","weekend",38,59,1.283649983966e-06,0,0,0,1.66618594817608e-06,0
"VX","nov","weekend",39,59,1.27704250250387e-06,0,0,0,1.35688429022546e-06,0
"VX","nov","weekend",40,59,1.20361543574581e-06,0,0,0,1.07110241278848e-06,0
"VX","nov","weekend",41,59,1.15831185050045e-06,0,0,0,1.75671539809253e-06,0
"VX","nov","weekend",42,59,1.11765011085079e-06,0,0,0,1.5984641657276e-07,0
"VX","nov","weekend",43,59,9.61331808355113e-07,0,0,0,4.45718267891409e-07,0
"VX","nov","weekend",44,59,5.925753972494e-07,0,0,0,1.39082353147183e-08,0
"VX","nov","weekend",45,59,4.62919908067772e-07,0,0,0,2.78164706294366e-08,0
"VX","nov","weekend",46,59,9.03294840654953e-07,0,0,0,1.92206787492404e-08,0
"VX","nov","weekend",47,59,1.23557294298208e-06,0,0,0,1.22580340737439e-08,0
"VX","nov","weekend",48,59,1.50000366963287e-06,0,0,0,2.07649137528168e-08,0
"VX","oct","weekday",1,59,5.77592333305188e-07,0,0,0,2.78784958685286e-07,0
"VX","oct","weekday",2,59,7.12770187130223e-07,0,0,0,4.2096819341062e-07,0
"VX","oct","weekday",3,59,5.96602601343905e-07,0,0,0,2.37026400158875e-07,0
"VX","oct","weekday",4,59,1.32853513040378e-06,0,0,0,2.08774766757718e-07,0
"VX","oct","weekday",5,59,1.08491486191002e-06,0,0,0,1.68024786563904e-07,0
"VX","oct","weekday",6,59,9.35298978183639e-07,0,0,0,5.17944868816927e-07,0
"VX","oct","weekday",7,59,1.31146719964703e-06,0,0,0,5.15658244414669e-07,0
"VX","oct","weekday",8,59,1.129457639586e-06,0,0,0,8.16438448021596e-07,0
"VX","oct","weekday",9,59,8.47758594304553e-07,0,0,0,1.25273780436757e-07,0
"VX","oct","weekday",10,59,7.49156485909333e-07,0,0,0,4.40362196689171e-07,0
"VX","oct","weekday",11,59,1.2009205369856e-06,0,0,0,2.66354983719314e-07,0
"VX","oct","weekday",12,59,8.16539250927149e-07,0,0,0,2.66226861115402e-07,0
"VX","oct","weekday",13,59,8.10069759309595e-07,0,0,0,4.31537029174222e-07,0
"VX","oct","weekday",14,59,8.68418433658429e-07,0,0,0,1.24349505362524e-06,0
"VX","oct","weekday",15,59,1.48300563703236e-06,0,0,0,4.71044168380113e-06,0
"VX","oct","weekday",16,59,1.71085313153586e-06,2.4537478657544e-08,6.50788398295369e-07,0,3.91099707799129e-06,0
"VX","oct","weekday",17,59,4.20328703058744e-06,7.59779135442481e-07,5.96290391452519e-06,2.21174709308974e-09,1.23012577698043e-05,0
"VX","oct","weekday",18,59,1.09072950332879e-05,4.5490688383846e-06,1.6436476345732e-05,9.26709101494222e-07,3.01808811994255e-05,8.81650507000088e-08
"VX","oct","weekday",19,59,2.52657166455385e-05,1.24138002303332e-05,4.61585342321806e-05,2.67144723894671e-06,6.04938409990722e-05,1.55093994665758e-06
"VX","oct","weekday",20,59,4.23083317920013e-05,3.00064695683028e-05,7.76250143743797e-05,9.11464846559724e-06,9.15569912909854e-05,1.88023349188033e-06
"VX","oct","weekday",21,59,6.52384550657251e-05,6.54161655468419e-05,0.000108495373890132,1.79686699845024e-05,0.00011768356971068,6.33418369529128e-06
"VX","oct","weekday",22,59,7.82073834735205e-05,8.27520996412891e-05,0.000120562052304673,2.770944953037e-05,0.000140773304971197,8.73771511008354e-06
"VX","oct","weekday",23,59,9.98076945953261e-05,0.000110006385194575,0.000143543952489825,4.64812289000115e-05,0.000175103440801158,3.02683129602936e-05
"VX","oct","weekday",24,59,0.000120103782484425,0.000129942756668284,0.000162145792619338,7.33881080572942e-05,0.000201627702461997,2.84383738732983e-05
"VX","oct","weekday",25,59,0.000127934352555181,0.000139512737730397,0.000165754892876443,9.25053339935922e-05,0.000195281625576506,4.38618885512785e-05
"VX","oct","weekday",26,59,0.000129966598674455,0.000131593435151565,0.000177390424436722,0.000104721371956425,0.000197834905686004,3.88058833820652e-05
"VX","oct","weekday",27,59,0.000137740278881037,0.000130998901482531,0.000185119511493288,9.38378206773105e-05,0.00020619619632531,6.65579929332134e-05
"VX","oct","weekday",28,59,0.000135439810304077,0.000141284349643847,0.000175881344015639,0.000104847990630935,0.000210566489743337,7.37952241105963e-05
"VX","oct","weekday",29,59,0.000126687938043701,0.000124380630557506,0.000159147025901855,9.72348691916522e-05,0.000204084736805449,4.22421897204137e-05
"VX","oct","weekday",30,59,0.000110630207790547,0.000115438191916818,0.000132075917500534,8.44730250627658e-05,0.000166309396579381,4.00329382384261e-05
"VX","oct","weekday",31,59,9.59353643646064e-05,9.30113099693958e-05,0.000140546999762421,6.39262057938821e-05,0.000160517569807583,2.90456229080345e-05
"VX","oct","weekday",32,59,7.63854217646008e-05,7.30106330288521e-05,9.77440728826188e-05,4.32721991103985e-05,0.000139044072364309,1.7657089622323e-05
"VX","oct","weekday",33,59,5.50858293219086e-05,4.51289883607163e-05,9.22142514536955e-05,1.84677965259317e-05,0.000115494524457727,3.90416860649313e-06
"VX","oct","weekday",34,59,3.48736339060258e-05,2.28210134227989e-05,4.92674287241963e-05,7.18248062770109e-06,7.91068637802087e-05,2.76185094266547e-06
"VX","oct","weekday",35,59,1.60238119473229e-05,7.37801420233764e-06,2.35808032713263e-05,1.32100828015031e-06,3.45508667730244e-05,4.58960062906981e-07
"VX","oct","weekday",36,59,6.06787375389127e-06,1.28778350916584e-06,7.20094511136127e-06,2.22753068665031e-08,1.24522514581565e-05,0
"VX","oct","weekday",37,59,2.30992473696017e-06,3.66915938347702e-09,1.14617787527417e-06,0,6.00258069809989e-06,0
"VX","oct","weekday",38,59,1.88632524080974e-06,0,2.21142255910884e-07,0,5.08937090390182e-06,0
"VX","oct","weekday",39,59,1.28135868531738e-06,0,6.11578851385745e-08,0,4.59378406276597e-06,0
"VX","oct","weekday",40,59,9.60135845501406e-07,0,1.64683111996158e-07,0,2.87122734297888e-06,0
"VX","oct","weekday",41,59,7.32399189489636e-07,0,1.15632302271574e-07,0,1.70209356575032e-06,0
"VX","oct","weekday",42,59,8.2341358734245e-07,0,0,0,2.98236894868146e-06,0
"VX","oct","weekday",43,59,7.23958243196045e-07,0,2.12473485433753e-09,0,1.48706433070859e-06,0
"VX","oct","weekday",44,59,9.631295618286e-07,0,2.50366833731224e-08,0,2.70986868603823e-06,0
"VX","oct","weekday",45,59,1.0006158703346e-06,0,0,0,2.68104098567937e-06,0
"VX","oct","weekday",46,59,9.84210273936281e-07,0,0,0,2.49142056822796e-06,0
"VX","oct","weekday",47,59,1.26139660897477e-06,0,0,0,2.52799575779937e-06,0
"VX","oct","weekday",48,59,9.88380558499761e-07,0,0,0,1.43073800924143e-06,0
"VX","oct","weekend",1,59,5.8168040664371e-07,0,0,0,6.92529397369151e-08,0
"VX","oct","weekend",2,59,2.37101686324298e-07,0,0,0,0,0
"VX","oct","weekend",3,59,7.8030216698651e-07,0,0,0,0,0
"VX","oct","weekend",4,59,1.38338792660829e-06,0,0,0,3.3596093120214e-07,0
"VX","oct","weekend",5,59,1.38517535356804e-06,0,0,0,2.29485977131171e-07,0
"VX","oct","weekend",6,59,1.71762685094244e-06,0,0,0,9.34161249309888e-09,0
"VX","oct","weekend",7,59,2.0359957201425e-06,0,0,0,9.34161249309888e-09,0
"VX","oct","weekend",8,59,1.15231620685465e-06,0,0,0,0,0
"VX","oct","weekend",9,59,1.37170234516264e-06,0,0,0,0,0
"VX","oct","weekend",10,59,9.76366008778037e-07,0,0,0,2.7669722315133e-08,0
"VX","oct","weekend",11,59,1.07466692894936e-06,0,0,0,0,0
"VX","oct","weekend",12,59,7.25986368863711e-07,0,0,0,2.79455067187301e-07,0
"VX","oct","weekend",13,59,7.88525487703049e-07,0,0,0,1.7620822402418e-06,0
"VX","oct","weekend",14,59,1.34737069639284e-06,0,0,0,6.72468167570918e-07,0
"VX","oct","weekend",15,59,1.93126080249983e-06,0,0,0,2.26338343899757e-06,0
"VX","oct","weekend",16,59,3.30816472848484e-06,0,7.63174036114263e-07,0,4.14601038142311e-06,0
"VX","oct","weekend",17,59,6.12193799252737e-06,1.01572897738558e-06,5.54872416783145e-06,0,1.34147999385834e-05,0
"VX","oct","weekend",18,59,9.98625288828693e-06,4.46469308910076e-06,1.11100306858228e-05,3.9267092787457e-07,2.0856563184555e-05,0
"VX","oct","weekend",19,59,1.57821404580609e-05,1.02316312824598e-05,2.63498952196685e-05,2.86284937291785e-06,2.97189863532059e-05,5.41783276955089e-07
"VX","oct","weekend",20,59,2.87622853927488e-05,2.29625253542982e-05,3.90344238078187e-05,4.94391879241952e-06,8.09443665101138e-05,3.68685386582481e-06
"VX","oct","weekend",21,59,4.37768286382534e-05,4.57310636524071e-05,6.47088299410702e-05,1.47157904939554e-05,7.86731429696877e-05,3.93065833811962e-06
"VX","oct","weekend",22,59,6.08480790514582e-05,5.4108706583423e-05,0.000109752239462282,1.77544430997304e-05,0.000132001952305797,3.11146948037215e-06
"VX","oct","weekend",23,59,8.59013020978294e-05,7.91635760720204e-05,0.000146278995967638,3.63827801348478e-05,0.000183083737315335,6.27919832203403e-06
"VX","oct","weekend",24,59,0.000109924544014875,0.000107148367726658,0.000154797728210222,5.70653029504713e-05,0.000198889758648239,2.4424032730352e-05
"VX","oct","weekend",25,59,0.000122895867998145,0.000115341959030948,0.000171955231550413,7.22057497305154e-05,0.000191842584919657,2.74423060222917e-05
"VX","oct","weekend",26,59,0.000127418054806612,0.000124856074325298,0.000174211906647529,7.34340210492358e-05,0.000200938963584037,4.52357282181727e-05
"VX","oct","weekend",27,59,0.00012965783425495,0.000132259245512093,0.000169500313213908,7.77786845903599e-05,0.000206050790495678,5.0106306021225e-05
"VX","oct","weekend",28,59,0.00012466334610705,0.00012805331941349,0.000163862746380872,8.33764664400559e-05,0.000208025339592653,5.83276742422975e-05
"VX","oct","weekend",29,59,0.000110234955351267,0.000109064139237183,0.000160371039080413,6.40390385721783e-05,0.000182501983654644,3.72342482019049e-05
"VX","oct","weekend",30,59,0.000101356245903955,9.68428996239101e-05,0.000135863851449384,6.53836283607688e-05,0.000177804686352481,2.43235245141929e-05
"VX","oct","weekend",31,59,8.58849196478432e-05,8.01133467295295e-05,0.000108547467685825,4.96228345826072e-05,0.000172151726163531,2.35539019787168e-05
"VX","oct","weekend",32,59,6.58348288189901e-05,5.92826358580801e-05,8.97405591697769e-05,2.82911076945698e-05,0.000140536693250711,1.31121621382206e-05
"VX","oct","weekend",33,59,4.82942210205011e-05,3.72556897854199e-05,7.80047265781958e-05,1.31480365217989e-05,9.94803706645364e-05,3.83763696177536e-06
"VX","oct","weekend",34,59,2.94392336640164e-05,1.91576291903337e-05,4.41300743226465e-05,4.36116021585511e-06,6.54966925556783e-05,1.29595554764392e-06
"VX","oct","weekend",35,59,1.49698023030067e-05,8.17328551570195e-06,1.59204189761559e-05,1.01301301922987e-06,3.78587242506429e-05,3.66568566009924e-08
"VX","oct","weekend",36,59,4.55966874654229e-06,1.24135284964434e-06,5.58119524061506e-06,0,9.96588618925887e-06,0
"VX","oct","weekend",37,59,3.0700406402785e-06,0,2.04804913710949e-06,0,8.56841724902396e-06,0
"VX","oct","weekend",38,59,1.33000718096927e-06,0,1.34778230776472e-06,0,2.30333324573355e-06,0
"VX","oct","weekend",39,59,7.03322950328395e-07,0,1.44132235906346e-07,0,1.75313754980748e-06,0
"VX","oct","weekend",40,59,6.47683654193937e-07,0,1.50770457488536e-08,0,1.17593510357272e-06,0
"VX","oct","weekend",41,59,9.53065457167346e-07,0,0,0,3.10870135709714e-06,0
"VX","oct","weekend",42,59,6.13034221974135e-07,0,1.55443130248564e-08,0,1.8329770183217e-06,0
"VX","oct","weekend",43,59,6.69508201860528e-07,0,0,0,1.30713552612919e-06,0
"VX","oct","weekend",44,59,5.66014969884782e-07,0,0,0,4.40207269145e-07,0
"VX","oct","weekend",45,59,4.10457543775741e-07,0,0,0,1.18006711532939e-06,0
"VX","oct","weekend",46,59,3.59589094602415e-07,0,0,0,4.18109893883098e-07,0
"VX","oct","weekend",47,59,6.58362320362416e-07,0,0,0,1.27497730473099e-07,0
"VX","oct","weekend",48,59,5.23360841386994e-07,0,0,0,1.39338790295317e-07,0
"VX","sep","weekday",1,59,7.16430183291537e-07,0,0,0,1.01020012606323e-07,0
"VX","sep","weekday",2,59,6.82383740330208e-07,0,0,0,5.92887943660026e-08,0
"VX","sep","weekday",3,59,7.57798872667337e-07,0,0,0,0,0
"VX","sep","weekday",4,59,9.18123993082265e-07,0,0,0,2.35685168126611e-08,0
"VX","sep","weekday",5,59,7.47928718687329e-07,0,0,0,1.53647003691369e-08,0
"VX","sep","weekday",6,59,6.6728107162709e-07,0,0,0,4.24618749686313e-09,0
"VX","sep","weekday",7,59,4.90042703961537e-07,0,0,0,1.97720271634473e-08,0
"VX","sep","weekday",8,59,3.83300337822339e-07,0,0,0,9.33163858454554e-08,0
"VX","sep","weekday",9,59,5.20243272461915e-07,0,0,0,2.42931093858469e-09,0
"VX","sep","weekday",10,59,5.55606674633651e-07,0,0,0,1.52965414388951e-07,0
"VX","sep","weekday",11,59,8.42369948170495e-07,0,0,0,1.16389276849674e-07,0
"VX","sep","weekday",12,59,8.59066954965696e-07,0,0,0,1.88077094234907e-07,0
"VX","sep","weekday",13,59,9.24475305174463e-07,0,0,0,4.98071720381899e-07,0
"VX","sep","weekday",14,59,9.2750724818616e-07,0,5.4459099789486e-08,0,1.71742420112244e-06,0
"VX","sep","weekday",15,59,2.52131104316512e-06,3.39600012142687e-07,1.36268268831488e-06,0,6.43925031118809e-06,0
"VX","sep","weekday",16,59,6.99941856241798e-06,1.95907308190909e-06,9.872338333768e-06,8.61224573320875e-08,1.86827296781481e-05,0
"VX","sep","weekday",17,59,1.56537780244383e-05,7.06080259730916e-06,2.65442915628001e-05,1.70467310634106e-06,3.86319144624927e-05,2.51463189163176e-07
"VX","sep","weekday",18,59,3.15570803444309e-05,1.75129059536249e-05,5.5474930099157e-05,1.04207934479269e-05,7.55312352003731e-05,2.4824413554688e-06
"VX","sep","weekday",19,59,5.21226585663852e-05,3.55279854798016e-05,7.64330171947924e-05,1.97599675188484e-05,0.000114142387011011,5.297515328934e-06
"VX","sep","weekday",20,59,7.87059891270176e-05,5.79494625900412e-05,0.000113961616011714,3.78824170908778e-05,0.0001607270695415,7.15509427648919e-06
"VX","sep","weekday",21,59,0.000109055309530243,0.000108345131394487,0.000149026053050283,4.9417950237145e-05,0.000186931772542459,2.3702049187542e-05
"VX","sep","weekday",22,59,0.00013626903113346,0.000125900892942826,0.000188651612666283,8.16023744983176e-05,0.000224693683730219,3.81934529797333e-05
"VX","sep","weekday",23,59,0.000160461960774188,0.000163325737759629,0.000211810136901417,0.000108929874944833,0.000239405882337803,6.65098029938216e-05
"VX","sep","weekday",24,59,0.000186582414605061,0.000190516985713747,0.000238712116168608,0.000160941107423554,0.000249798049346934,8.69103606536283e-05
"VX","sep","weekday",25,59,0.000207381433951603,0.000202928861243816,0.000242989038359867,0.000184477127359375,0.000320981271204236,0.00012084485157857
"VX","sep","weekday",26,59,0.0002127650355554,0.000212198986918814,0.000272552371731997,0.000195482134266408,0.000285375063887894,0.000114249374064408
"VX","sep","weekday",27,59,0.000220498489961571,0.00023470189980897,0.000249510957508113,0.000200191398174677,0.00029539946859306,0.000143937299133744
"VX","sep","weekday",28,59,0.000226104152170714,0.000233254864714472,0.00026639365196333,0.00019880226915415,0.000306227288624919,0.000130867628114583
"VX","sep","weekday",29,59,0.000222502960714922,0.00023510021500261,0.00025775945968765,0.00019535760916735,0.000287458084330065,0.000156039667528854
"VX","sep","weekday",30,59,0.000217271279651368,0.000207185040529159,0.00026253604697021,0.000187106785963296,0.000299301149094227,0.000135467519316282
"VX","sep","weekday",31,59,0.000186110506098934,0.000186826169733517,0.000223732821685889,0.000152661056658449,0.000276147249019632,9.68019087152109e-05
"VX","sep","weekday",32,59,0.000161254782564868,0.000161500234222171,0.000194348918248581,0.000121672398967538,0.000235654993148109,7.89077371717989e-05
"VX","sep","weekday",33,59,0.000140203247368816,0.00013112741631651,0.000181627726867764,9.57797848000929e-05,0.000216910609463906,5.31816782552961e-05
"VX","sep","weekday",34,59,0.000102937315274416,0.000100224454376017,0.000137863091288289,5.23880858745824e-05,0.000181596853508487,1.94401934429605e-05
"VX","sep","weekday",35,59,7.23832934532028e-05,6.80272524277963e-05,9.21615271247266e-05,3.07116141959261e-05,0.000139015490001345,8.22043685105466e-06
"VX","sep","weekday",36,59,4.25691789321825e-05,2.17574746324319e-05,4.51334541435564e-05,6.21450599524061e-06,0.000104888572702758,1.3755753676588e-06
"VX","sep","weekday",37,59,1.87757583529977e-05,5.5276265394975e-06,1.71310767816026e-05,1.00222485322741e-06,3.14071603802735e-05,2.22753415527208e-07
"VX","sep","weekday",38,59,7.97747315011702e-06,9.19752498050929e-07,6.1329282923244e-06,0,1.18658373770413e-05,0
"VX","sep","weekday",39,59,3.4221671105177e-06,0,1.00876414282596e-06,0,2.74995361701674e-06,0
"VX","sep","weekday",40,59,1.63911108329761e-06,0,5.31063520644866e-08,0,3.45053195799273e-06,0
"VX","sep","weekday",41,59,8.85727277617519e-07,0,1.89668267280327e-08,0,7.78190509895796e-07,0
"VX","sep","weekday",42,59,7.97929338245889e-07,0,0,0,4.95281087323147e-07,0
"VX","sep","weekday",43,59,8.29675447918311e-07,0,0,0,4.95248085489814e-07,0
"VX","sep","weekday",44,59,7.81247513180746e-07,0,0,0,9.7499638698879e-07,0
"VX","sep","weekday",45,59,7.04038300040887e-07,0,0,0,7.46399799637964e-07,0
"VX","sep","weekday",46,59,9.47911598809177e-07,0,0,0,2.49029672175713e-07,0
"VX","sep","weekday",47,59,9.39092011141156e-07,0,0,0,1.65299320896194e-07,0
"VX","sep","weekday",48,59,5.55892713955801e-07,0,0,0,1.65170886910509e-07,0
"VX","sep","weekend",1,59,6.09754433290898e-07,0,0,0,1.37580477308293e-07,0
"VX","sep","weekend",2,59,5.12112092223014e-07,0,0,0,7.7533756646969e-09,0
"VX","sep","weekend",3,59,6.12765657304837e-07,0,0,0,0,0
"VX","sep","weekend",4,59,9.245840591818e-07,0,0,0,0,0
"VX","sep","weekend",5,59,5.66596298355216e-07,0,0,0,0,0
"VX","sep","weekend",6,59,3.47117722195611e-07,0,0,0,0,0
"VX","sep","weekend",7,59,7.27643675384324e-07,0,0,0,0,0
"VX","sep","weekend",8,59,7.52982955695342e-07,0,0,0,8.3308063220823e-09,0
"VX","sep","weekend",9,59,3.88815975287263e-07,0,0,0,6.68060508110789e-09,0
"VX","sep","weekend",10,59,5.00697618196332e-07,0,0,0,1.92993470481699e-07,0
"VX","sep","weekend",11,59,6.52220002556728e-07,0,0,0,9.54729735818574e-08,0
"VX","sep","weekend",12,59,7.16562350463466e-07,0,0,0,1.68981478578422e-07,0
"VX","sep","weekend",13,59,7.05008989219194e-07,0,0,0,6.80893849394122e-07,0
"VX","sep","weekend",14,59,5.39930576957297e-07,0,0,0,3.7015774630356e-07,0
"VX","sep","weekend",15,59,1.96796339129475e-06,1.86561778079685e-07,1.93672114036912e-06,0,3.19417484259838e-06,0
"VX","sep","weekend",16,59,5.51611514630913e-06,2.30106611738104e-06,7.45753527972931e-06,2.75117690288451e-07,1.46798589391374e-05,8.14568392791396e-09
"VX","sep","weekend",17,59,1.29858471143387e-05,9.23509396444742e-06,1.84106904584355e-05,1.59900475503059e-06,3.24877666560255e-05,1.67726780197377e-07
"VX","sep","weekend",18,59,2.2957594105685e-05,1.43725535770831e-05,3.70187756065102e-05,4.83340635303481e-06,4.42790694303124e-05,2.66140191826178e-06
"VX","sep","weekend",19,59,4.40681701602878e-05,3.08886087465055e-05,5.49350322959206e-05,8.82050676067378e-06,9.68533262607521e-05,4.54263597947604e-06
"VX","sep","weekend",20,59,6.92535242416023e-05,5.32174564137309e-05,8.96931227475189e-05,3.07474248278534e-05,0.000128228291837757,6.68698959408088e-06
"VX","sep","weekend",21,59,0.000100212350538014,9.1694216506748e-05,0.000121165161898336,5.23459392512151e-05,0.000200225978832871,8.64217035840121e-06
"VX","sep","weekend",22,59,0.000129546005923248,0.000129373798480941,0.00019781544548233,6.33444087528348e-05,0.000203154254092107,1.85681435099267e-05
"VX","sep","weekend",23,59,0.000156658397009361,0.000153521486731046,0.000213730930356023,7.95995182456708e-05,0.000249624028466914,2.68903173402597e-05
"VX","sep","weekend",24,59,0.00017925130591953,0.000175396385917536,0.000242675023233825,0.000104837079653696,0.000285135260625565,3.44843574398818e-05
"VX","sep","weekend",25,59,0.000197132458561515,0.000184328683110426,0.000247637582855933,0.00014685783980568,0.000296291091068046,4.99883219523628e-05
"VX","sep","weekend",26,59,0.000200159054819776,0.000208488749583805,0.00024697708714119,0.000153647719661579,0.000286044715963016,5.87760194667748e-05
"VX","sep","weekend",27,59,0.000197018794435442,0.000192491979769045,0.000235727965631385,0.000159994738946308,0.000288925714667349,4.51323801012625e-05
"VX","sep","weekend",28,59,0.000203616621402633,0.000214756915327174,0.000274034236542078,0.000155013655115017,0.000283805936027245,6.57078592237363e-05
"VX","sep","weekend",29,59,0.000192594118547605,0.000188319367216847,0.000229263756227094,0.000151596280591491,0.000284515357404804,0.000101355791078819
"VX","sep","weekend",30,59,0.000188624580219836,0.000176302893734444,0.000214126120339353,0.000151037599783005,0.00026194897191711,6.95555326091311e-05
"VX","sep","weekend",31,59,0.000173086899024486,0.000165058794233686,0.000223330054210077,0.000122274249574206,0.000252153566672002,3.88257488617982e-05
"VX","sep","weekend",32,59,0.000150272689043391,0.000143160571921484,0.000193267646166382,0.000104942596915243,0.000217443495696399,6.38080870777932e-05
"VX","sep","weekend",33,59,0.000125068714596779,0.000106739881457794,0.000152363632358631,6.45902483734371e-05,0.000203975816450706,5.46712902777195e-05
"VX","sep","weekend",34,59,9.61598409605339e-05,7.57063353259031e-05,0.000119771650183629,4.05541275987736e-05,0.000160844208549785,1.38155091086463e-05
"VX","sep","weekend",35,59,6.53873717128537e-05,4.65766052950838e-05,8.64311260471354e-05,2.37915277142228e-05,0.000123055110477905,4.69260357470565e-06
"VX","sep","weekend",36,59,4.02997758460359e-05,1.60992198269662e-05,4.51194182496601e-05,6.8982721936135e-06,7.66677796821486e-05,1.45527986878875e-06
"VX","sep","weekend",37,59,1.87773819117114e-05,4.82980281767702e-06,2.62164010277235e-05,6.14722247629679e-07,4.12768400166372e-05,0
"VX","sep","weekend",38,59,8.65825163506192e-06,2.61940785040606e-07,6.62446253156031e-06,0,1.92892657731934e-05,0
"VX","sep","weekend",39,59,3.79885566421834e-06,0,2.29301151501135e-07,0,5.70094821496467e-06,0
"VX","sep","weekend",40,59,1.53688680732785e-06,0,5.74070235021428e-08,0,2.32777473770506e-06,0
"VX","sep","weekend",41,59,1.04794171170254e-06,0,0,0,5.53315576486373e-07,0
"VX","sep","weekend",42,59,1.13325896829325e-06,0,0,0,6.54765397198632e-07,0
"VX","sep","weekend",43,59,9.7193795898861e-07,0,0,0,2.25157600507765e-06,0
"VX","sep","weekend",44,59,1.04570011345548e-06,0,0,0,2.26920450710547e-06,0
"VX","sep","weekend",45,59,6.87337340207591e-07,0,0,0,1.73980692149864e-06,0
"VX","sep","weekend",46,59,8.87009322447545e-07,0,0,0,4.54446548807303e-07,0
"VX","sep","weekend",47,59,9.34512712861044e-07,0,0,0,3.91777504440113e-07,0
"VX","sep","weekend",48,59,4.52659944020358e-07,0,0,0,5.82351557934937e-08,0
"X","apr","weekday",1,501,1.23209135899722e-06,0,0,0,0,0
"X","apr","weekday",2,501,1.03949532088838e-06,0,0,0,0,0
"X","apr","weekday",3,501,8.54557512448175e-07,0,0,0,0,0
"X","apr","weekday",4,501,7.50537481010554e-07,0,0,0,0,0
"X","apr","weekday",5,501,6.21944250207697e-07,0,0,0,0,0
"X","apr","weekday",6,501,3.85529486166306e-07,0,0,0,0,0
"X","apr","weekday",7,501,3.8317807939812e-07,0,0,0,0,0
"X","apr","weekday",8,501,3.09718849805664e-07,0,0,0,0,0
"X","apr","weekday",9,501,2.22662580249361e-07,0,0,0,0,0
"X","apr","weekday",10,501,1.48259032871043e-07,0,0,0,0,0
"X","apr","weekday",11,501,1.51299582975006e-07,0,0,0,0,0
"X","apr","weekday",12,501,1.99676553552847e-07,0,0,0,0,0
"X","apr","weekday",13,501,4.75283775906926e-07,0,8.31845441301779e-08,0,6.8365345929088e-07,0
"X","apr","weekday",14,501,2.94710501007489e-06,4.7300537540288e-07,2.79281721320697e-06,0,7.77497989309266e-06,0
"X","apr","weekday",15,501,1.06650220822669e-05,4.10343364117897e-06,1.43803452298268e-05,6.92411537018104e-07,2.97795205385278e-05,0
"X","apr","weekday",16,501,2.52085088801047e-05,1.29692228406685e-05,3.52772779348516e-05,3.23654806566422e-06,6.57347250246608e-05,4.46421324744032e-07
"X","apr","weekday",17,501,4.64743345695676e-05,3.30237606026054e-05,7.27235289436975e-05,1.01280043535312e-05,0.000104027454866039,2.111328970587e-06
"X","apr","weekday",18,501,7.35891372333084e-05,6.44563168694274e-05,0.000110474699054575,2.61922680142681e-05,0.000152258831236051,5.61199358066282e-06
"X","apr","weekday",19,501,0.00010410415077163,0.000102611698581055,0.000146168019701157,5.32350161494222e-05,0.000186398538205663,1.64070754034307e-05
"X","apr","weekday",20,501,0.000137574667804357,0.000141228535928102,0.00018321202079949,8.31353912731204e-05,0.000223383548207311,3.468458295751e-05
"X","apr","weekday",21,501,0.000171328794138016,0.000181025908836544,0.00021644410885865,0.000126726616005045,0.000251594473338647,6.25483161852627e-05
"X","apr","weekday",22,501,0.000203550962308391,0.00020843017966495,0.000245680007322921,0.000163892154200905,0.000287433058131423,0.000111150078692621
"X","apr","weekday",23,501,0.000228576389906794,0.000233583410903106,0.00026915393912392,0.000194023724831727,0.00030751939785425,0.000132933103002037
"X","apr","weekday",24,501,0.000251105269045111,0.000255437724933476,0.000290188406533106,0.00022062741503724,0.000327631765786195,0.000171345161754033
"X","apr","weekday",25,501,0.00026835802687566,0.000267606713285594,0.000303137430199581,0.00023663696591854,0.000344479141874914,0.000190497965119264
"X","apr","weekday",26,501,0.000274606256148285,0.000274193218384383,0.000311519767389986,0.000240844384208154,0.000349620217620086,0.00020215409533421
"X","apr","weekday",27,501,0.000282238760872776,0.000278709766072484,0.00031018628028812,0.000245991075233981,0.000359355025509639,0.000216416149211094
"X","apr","weekday",28,501,0.000279006489664495,0.000276817370826484,0.000314496663466915,0.000241435979674819,0.000368252887809301,0.000204479227322388
"X","apr","weekday",29,501,0.000266723310305011,0.000265949200145951,0.00030564924919037,0.000225998714059337,0.000357643308705756,0.000189481359183085
"X","apr","weekday",30,501,0.000248866460380646,0.000245998788771035,0.000290720207037324,0.000207698783964571,0.000333801353695797,0.000168095201512864
"X","apr","weekday",31,501,0.000223773052976888,0.000220847888243269,0.000265385499581925,0.000179122071063635,0.000322742599076262,0.000133558474408946
"X","apr","weekday",32,501,0.000191554767144189,0.000189266692786413,0.000232582899804759,0.0001441228909707,0.000285216957002198,9.42073400872165e-05
"X","apr","weekday",33,501,0.000155005261723908,0.000154109961867653,0.000196833225076765,0.000108072696818968,0.000244968216217967,5.86993749726493e-05
"X","apr","weekday",34,501,0.000119954463571488,0.000118272859816189,0.000159408149340262,6.73369903854441e-05,0.000205125087712074,3.10235536496059e-05
"X","apr","weekday",35,501,8.53809188070366e-05,7.72462198189551e-05,0.000116975684876206,3.58500916277774e-05,0.000164880669832882,1.63558781890403e-05
"X","apr","weekday",36,501,5.65869786811334e-05,4.42524375949805e-05,8.11425741545815e-05,1.57481149449869e-05,0.00012692259287112,4.2239094481732e-06
"X","apr","weekday",37,501,3.23434976743806e-05,1.63172544680946e-05,4.72486898902365e-05,4.83931008765779e-06,8.42364761166022e-05,4.05125996799046e-07
"X","apr","weekday",38,501,1.659505808386e-05,4.03295847613413e-06,2.12181413923519e-05,6.30609887552229e-07,5.12012758495654e-05,0
"X","apr","weekday",39,501,7.06298102256228e-06,4.86915793096508e-07,4.39982257112042e-06,0,1.81224409059398e-05,0
"X","apr","weekday",40,501,2.71976004538143e-06,0,2.90371381992967e-07,0,2.84497908141552e-06,0
"X","apr","weekday",41,501,1.78744206419357e-06,0,0,0,3.13892769782462e-08,0
"X","apr","weekday",42,501,1.7191823063919e-06,0,0,0,0,0
"X","apr","weekday",43,501,1.64153011501468e-06,0,0,0,0,0
"X","apr","weekday",44,501,1.43882300306511e-06,0,0,0,0,0
"X","apr","weekday",45,501,1.44337805393721e-06,0,0,0,0,0
"X","apr","weekday",46,501,1.35417260756741e-06,0,0,0,0,0
"X","apr","weekday",47,501,1.34188983813256e-06,0,0,0,0,0
"X","apr","weekday",48,501,1.31003468496239e-06,0,0,0,0,0
"X","apr","weekend",1,501,1.83095091609713e-06,0,0,0,0,0
"X","apr","weekend",2,501,1.45638765197156e-06,0,0,0,0,0
"X","apr","weekend",3,501,1.07654202479116e-06,0,0,0,0,0
"X","apr","weekend",4,501,9.96279041176706e-07,0,0,0,0,0
"X","apr","weekend",5,501,6.61977190900736e-07,0,0,0,0,0
"X","apr","weekend",6,501,5.19902343946327e-07,0,0,0,0,0
"X","apr","weekend",7,501,3.52947626629787e-07,0,0,0,0,0
"X","apr","weekend",8,501,2.72861639041478e-07,0,0,0,0,0
"X","apr","weekend",9,501,2.976280712526e-07,0,0,0,0,0
"X","apr","weekend",10,501,1.52115676550613e-07,0,0,0,0,0
"X","apr","weekend",11,501,1.93293352591181e-07,0,0,0,0,0
"X","apr","weekend",12,501,2.17551696643049e-07,0,0,0,0,0
"X","apr","weekend",13,501,8.36323866173751e-07,0,1.83520129693882e-07,0,1.5765519129752e-06,0
"X","apr","weekend",14,501,5.04376704223782e-06,4.95701017141064e-07,3.91724989218729e-06,0,1.47867065437183e-05,0
"X","apr","weekend",15,501,1.71796596976264e-05,4.60306454043517e-06,2.05452096652894e-05,5.54893684972252e-07,4.9618583037561e-05,0
"X","apr","weekend",16,501,3.90241612465946e-05,1.57792028184308e-05,5.81825218812833e-05,3.30655433461263e-06,0.000102503294742911,4.87100008308939e-07
"X","apr","weekend",17,501,7.05540129405659e-05,4.04443451457798e-05,0.000106324637651766,1.17675693851068e-05,0.000167353697915103,2.06564068839101e-06
"X","apr","weekend",18,501,0.000110784303616877,8.66755051183287e-05,0.000172193266095917,3.03037384085927e-05,0.000245038278339335,5.80370463888418e-06
"X","apr","weekend",19,501,0.000153902773257,0.000140852722843272,0.00022366936324711,5.75602025953912e-05,0.000300925409006927,1.33605617588896e-05
"X","apr","weekend",20,501,0.000202380107720766,0.000201703767430957,0.000285261709554295,0.000103998035982142,0.000366318370792114,3.41631988952551e-05
"X","apr","weekend",21,501,0.000248514059793449,0.000251523917431624,0.000332595465451265,0.000161573783779447,0.00039857064329901,6.87419060227808e-05
"X","apr","weekend",22,501,0.000287489133648092,0.00028977225812798,0.00036295495970811,0.000207022177030361,0.000436210884031307,0.000117120769742572
"X","apr","weekend",23,501,0.000320840211521392,0.00031747681360164,0.000396099906377163,0.000247080850367918,0.000473175710963625,0.000156269516501701
"X","apr","weekend",24,501,0.000348600453037302,0.00034704027839676,0.000410061026377598,0.000284481352534043,0.00049094150046937,0.000195521298334576
"X","apr","weekend",25,501,0.000359464914091168,0.000356799034705786,0.000418087080693925,0.000298239689715479,0.000487448363739868,0.000237890318962118
"X","apr","weekend",26,501,0.000357849389759331,0.000350526826027714,0.000417971988558405,0.000293736434831249,0.000481283183194939,0.00022585153786794
"X","apr","weekend",27,501,0.000353551456631014,0.000348788861084973,0.00041019044781877,0.000292419214009911,0.000479391287892258,0.000216923017615064
"X","apr","weekend",28,501,0.000341834973579495,0.000336701755671685,0.000395323764975941,0.00027771108134822,0.000470732232621224,0.00022313347721415
"X","apr","weekend",29,501,0.000328020581392976,0.000317970402468806,0.000380756317843026,0.000271011780447555,0.000473604033545882,0.000210427205798536
"X","apr","weekend",30,501,0.000302769045502038,0.000294655734426188,0.000356591277348492,0.000241158662638512,0.000453085909976624,0.00017891745404179
"X","apr","weekend",31,501,0.000271288418578172,0.00026074386877613,0.000332259395434003,0.000206981149178473,0.000403262798607031,0.000144075885069522
"X","apr","weekend",32,501,0.000231405760328037,0.000220264559718857,0.000297616000654711,0.00016470975874446,0.00035744796006228,0.000113790417519636
"X","apr","weekend",33,501,0.000190272701764361,0.000185156585136503,0.000249472597427019,0.000128071670362934,0.000304012017611447,6.92659918731918e-05
"X","apr","weekend",34,501,0.000146568219203482,0.00014376130442535,0.000195084093204559,8.28534417757711e-05,0.000266641824654584,3.78970993331233e-05
"X","apr","weekend",35,501,0.000103190691427544,9.01098877837904e-05,0.000142922142122489,4.26039267011705e-05,0.000204957130830322,1.8561296624067e-05
"X","apr","weekend",36,501,6.64790235614338e-05,5.15277692141214e-05,9.04514044173232e-05,1.94078533059837e-05,0.000145194310855566,4.60391028416188e-06
"X","apr","weekend",37,501,3.67182200911115e-05,1.95270023778818e-05,4.99959489305275e-05,4.48197391767727e-06,9.24928827467251e-05,2.39801480439161e-07
"X","apr","weekend",38,501,1.76449468622873e-05,4.571220253567e-06,2.10815648529206e-05,3.85847739095873e-07,5.42104406224713e-05,0
"X","apr","weekend",39,501,7.06074286901858e-06,2.25471516393185e-07,4.37326421157317e-06,0,1.48507969137473e-05,0
"X","apr","weekend",40,501,2.91936318930536e-06,0,9.94684804443384e-08,0,1.97872933975482e-06,0
"X","apr","weekend",41,501,2.17119601385086e-06,0,0,0,0,0
"X","apr","weekend",42,501,1.97135529938575e-06,0,0,0,0,0
"X","apr","weekend",43,501,1.96828803995673e-06,0,0,0,0,0
"X","apr","weekend",44,501,2.00322528863032e-06,0,0,0,0,0
"X","apr","weekend",45,501,1.99472842006818e-06,0,0,0,0,0
"X","apr","weekend",46,501,1.96335134816499e-06,0,0,0,0,0
"X","apr","weekend",47,501,1.75787522004136e-06,0,0,0,0,0
"X","apr","weekend",48,501,1.59037013985447e-06,0,0,0,0,0
"X","aug","weekday",1,501,9.12556405913495e-07,0,0,0,0,0
"X","aug","weekday",2,501,8.00871668230737e-07,0,0,0,0,0
"X","aug","weekday",3,501,7.96748692286212e-07,0,0,0,0,0
"X","aug","weekday",4,501,6.92455686154566e-07,0,0,0,0,0
"X","aug","weekday",5,501,5.31845753126367e-07,0,0,0,0,0
"X","aug","weekday",6,501,3.47267119176208e-07,0,0,0,0,0
"X","aug","weekday",7,501,2.84861122489893e-07,0,0,0,0,0
"X","aug","weekday",8,501,2.22140003880478e-07,0,0,0,0,0
"X","aug","weekday",9,501,1.6099178958985e-07,0,0,0,0,0
"X","aug","weekday",10,501,2.09326493127832e-07,0,0,0,0,0
"X","aug","weekday",11,501,2.29874515156802e-07,0,0,0,0,0
"X","aug","weekday",12,501,2.36588045534905e-07,0,0,0,2.84331887996996e-08,0
"X","aug","weekday",13,501,8.2714971096208e-07,0,3.43086599531986e-07,0,1.58864971009839e-06,0
"X","aug","weekday",14,501,4.11293656860633e-06,1.18758379083649e-06,4.5732534533454e-06,5.51075868981941e-08,1.16808829078609e-05,0
"X","aug","weekday",15,501,1.25148081140424e-05,5.95624687293677e-06,1.62607882299943e-05,1.04744066661955e-06,3.62828645479907e-05,0
"X","aug","weekday",16,501,2.74888570948866e-05,1.73874571288201e-05,4.0748499323228e-05,4.93760346377962e-06,6.48523664591395e-05,6.73032207267422e-07
"X","aug","weekday",17,501,4.8041541998615e-05,3.85861530330667e-05,7.21960094759561e-05,1.37095728342718e-05,0.000102530883663013,2.64283664215137e-06
"X","aug","weekday",18,501,7.26331062652721e-05,6.45701083253561e-05,0.000108523346174976,2.95654485323462e-05,0.000140124197182892,1.1094362466164e-05
"X","aug","weekday",19,501,0.000100792272221012,9.63116875045561e-05,0.000139974695584251,5.63077830489195e-05,0.000176014098945835,2.0096879219067e-05
"X","aug","weekday",20,501,0.000131444822161888,0.000128326377302872,0.000172044791041562,8.59834503825474e-05,0.000211722996673593,4.12050943754098e-05
"X","aug","weekday",21,501,0.00016059285405665,0.000161885741436496,0.000198680851884969,0.000120784977089889,0.000237388668024207,6.6393406091946e-05
"X","aug","weekday",22,501,0.000189508655888899,0.000192109453053575,0.000227668940951968,0.000152835174279605,0.000269628368197763,9.9658375612496e-05
"X","aug","weekday",23,501,0.000208845511399455,0.000211052113323968,0.000247448435822737,0.000173242623392747,0.000290524819621321,0.000122281271923323
"X","aug","weekday",24,501,0.000225627206311111,0.000225202341058629,0.000261227044190625,0.000192377253033868,0.000308721199953287,0.000146343504879633
"X","aug","weekday",25,501,0.000238408662706516,0.000236884177521039,0.000270748846351551,0.000203929173477016,0.000322193961457533,0.000170121163733621
"X","aug","weekday",26,501,0.000243672877980836,0.000241538605112813,0.000276257189191308,0.00020992750540076,0.000318697791375962,0.000184277764008395
"X","aug","weekday",27,501,0.000246297756692633,0.000242288833656716,0.00027810674148122,0.000213625637438527,0.000329186283708864,0.000181909063805278
"X","aug","weekday",28,501,0.000247036424007308,0.000241586911333821,0.000278592189486052,0.000212606540845668,0.000327109219733412,0.00017645502897564
"X","aug","weekday",29,501,0.000240560073278407,0.000233933572913214,0.000273081366991682,0.000201895488220206,0.000322077836482216,0.000173716849455476
"X","aug","weekday",30,501,0.000227983506362572,0.000221899085497743,0.000261640901002793,0.000192059590460576,0.000302143887417267,0.000157940072963847
"X","aug","weekday",31,501,0.000208246191568085,0.000202067116852666,0.000245439730717146,0.000165558476602087,0.000288724494422415,0.00013202916885916
"X","aug","weekday",32,501,0.000184608860395828,0.000181480223421622,0.000224003910990401,0.000142052986047578,0.000272201739283322,0.000100923852394978
"X","aug","weekday",33,501,0.000155297867373516,0.00015517597398196,0.000193648283587336,0.00010811931424971,0.000239556103459987,7.09591561500308e-05
"X","aug","weekday",34,501,0.000122281187075182,0.000119067254803348,0.000165024941807658,7.41826857463183e-05,0.000203393825657621,4.23994604391242e-05
"X","aug","weekday",35,501,9.14958779666413e-05,8.11761136180318e-05,0.00012263932071537,4.2231584219778e-05,0.000170145379903803,2.19184894683842e-05
"X","aug","weekday",36,501,6.19214932212401e-05,5.10525628454211e-05,8.93259792890707e-05,2.18863942736005e-05,0.000133324461935133,6.84187673067307e-06
"X","aug","weekday",37,501,3.73033045376423e-05,2.33021203506985e-05,5.21504732282851e-05,7.52559422000106e-06,9.05169527094358e-05,1.51084617127069e-06
"X","aug","weekday",38,501,2.04135518160274e-05,7.56002971761289e-06,2.86042590831145e-05,1.85768604848718e-06,5.57722699634418e-05,0
"X","aug","weekday",39,501,9.46596102076426e-06,1.42000924870547e-06,9.05504199362154e-06,1.13830343713395e-07,2.43077766332314e-05,0
"X","aug","weekday",40,501,3.8062362884019e-06,1.12288676053539e-07,1.13560695839132e-06,0,5.48595553875632e-06,0
"X","aug","weekday",41,501,1.9884639072971e-06,0,0,0,5.6298463753838e-07,0
"X","aug","weekday",42,501,1.69893586980393e-06,0,0,0,0,0
"X","aug","weekday",43,501,1.53827860621394e-06,0,0,0,0,0
"X","aug","weekday",44,501,1.32038487996305e-06,0,0,0,0,0
"X","aug","weekday",45,501,1.22390093668682e-06,0,0,0,0,0
"X","aug","weekday",46,501,1.27092440889069e-06,0,0,0,0,0
"X","aug","weekday",47,501,1.09537722663274e-06,0,0,0,0,0
"X","aug","weekday",48,501,1.06000636522323e-06,0,0,0,0,0
"X","aug","weekend",1,501,8.93859747754239e-07,0,0,0,0,0
"X","aug","weekend",2,501,1.05339274349066e-06,0,0,0,0,0
"X","aug","weekend",3,501,7.50055364435073e-07,0,0,0,0,0
"X","aug","weekend",4,501,4.13247054440567e-07,0,0,0,0,0
"X","aug","weekend",5,501,4.86658060842343e-07,0,0,0,0,0
"X","aug","weekend",6,501,3.39947757303232e-07,0,0,0,0,0
"X","aug","weekend",7,501,3.4037053538455e-07,0,0,0,0,0
"X","aug","weekend",8,501,1.86736243514824e-07,0,0,0,0,0
"X","aug","weekend",9,501,2.44001062294721e-07,0,0,0,0,0
"X","aug","weekend",10,501,1.17831426959985e-07,0,0,0,0,0
"X","aug","weekend",11,501,2.66534971458541e-07,0,0,0,0,0
"X","aug","weekend",12,501,3.45625855303901e-07,0,0,0,0,0
"X","aug","weekend",13,501,6.29406171049342e-07,0,1.67692714814374e-07,0,1.0341093213348e-06,0
"X","aug","weekend",14,501,2.92779128822359e-06,5.71188537066098e-07,2.97700512123491e-06,0,7.63273288837924e-06,0
"X","aug","weekend",15,501,1.01271094017863e-05,4.28369820046383e-06,1.24451065034291e-05,6.14264756616762e-07,2.53705043750888e-05,0
"X","aug","weekend",16,501,2.21267470586196e-05,1.41601095034552e-05,3.20020572045741e-05,3.72034024503941e-06,5.68825065789527e-05,2.90967851568138e-07
"X","aug","weekend",17,501,3.97853497074478e-05,3.08946987114208e-05,5.87122549248994e-05,1.278462712236e-05,8.58268963936153e-05,2.12810969027722e-06
"X","aug","weekend",18,501,5.83449776323745e-05,5.12985282313694e-05,8.29086073936367e-05,2.36921973054742e-05,0.000113458481947144,7.51717616775918e-06
"X","aug","weekend",19,501,8.09159588391157e-05,7.6274967837335e-05,0.000111718004592847,4.45743818217879e-05,0.000143164124050749,1.38997272999383e-05
"X","aug","weekend",20,501,0.000104604038390733,0.000103684719817393,0.000139131580232021,6.92788920033162e-05,0.000171285931410777,2.92943607376071e-05
"X","aug","weekend",21,501,0.000126260316066187,0.000124061571366059,0.000157441335386633,9.09169512103819e-05,0.00019572291897228,4.80821177366818e-05
"X","aug","weekend",22,501,0.000146983069777522,0.000147503306348346,0.000179855000917522,0.000113726411336499,0.000212136726390606,6.48620945713118e-05
"X","aug","weekend",23,501,0.000164392624289412,0.000164086291693666,0.000202591432034224,0.000125146413759407,0.000235210580492941,8.50852204508714e-05
"X","aug","weekend",24,501,0.00018323635940205,0.00017773867149238,0.000218156782434,0.000140748712614076,0.000266345940636684,9.75285317512438e-05
"X","aug","weekend",25,501,0.000192199665415494,0.000189367266062749,0.000230952192504232,0.000147542188331843,0.000287918898149286,9.90580962702726e-05
"X","aug","weekend",26,501,0.000201232249698083,0.000193559741146758,0.00023916593166305,0.000155567760468602,0.000303989167291121,0.000112017404569739
"X","aug","weekend",27,501,0.000208402072303805,0.000200831760856127,0.000245614259802557,0.000163691831732892,0.000296008772937626,0.000123122649515106
"X","aug","weekend",28,501,0.000212469442183126,0.000204659422914301,0.000250534425884564,0.000162242437624532,0.000297955725636651,0.00012699413390117
"X","aug","weekend",29,501,0.000209277020106998,0.000202100587930638,0.000249683764350996,0.000154259301853243,0.000297978027141659,0.000123898185200093
"X","aug","weekend",30,501,0.000197725535577034,0.000191299647780571,0.000233134596083671,0.000147550794898402,0.00028256330320083,0.000110226258058321
"X","aug","weekend",31,501,0.000185503895127455,0.000179539328967856,0.000223542720722089,0.000133968371604362,0.000277867823424558,0.00010233237055385
"X","aug","weekend",32,501,0.00016446894301682,0.000158716130138259,0.000201138968350478,0.000116932127189218,0.000257073005944993,7.977612005892e-05
"X","aug","weekend",33,501,0.000138675598750638,0.00013079942657199,0.000174888978605939,8.92678778125222e-05,0.000227186964618034,5.5509106137264e-05
"X","aug","weekend",34,501,0.000114128880503198,0.000104241730341133,0.000145876986387368,6.27480128149726e-05,0.00019883255533004,3.22609851749333e-05
"X","aug","weekend",35,501,8.74869685809272e-05,7.45520844704795e-05,0.000115085990515417,4.14719634448513e-05,0.000163075950028161,2.02381420205142e-05
"X","aug","weekend",36,501,5.8354467861057e-05,4.42310616960148e-05,8.08749677051788e-05,2.0136155820877e-05,0.000129095370162534,7.5577965439283e-06
"X","aug","weekend",37,501,3.49306542561053e-05,2.11478397601268e-05,5.06455651684129e-05,7.14848163557634e-06,8.59520515396186e-05,8.37757165026419e-07
"X","aug","weekend",38,501,1.83266145573646e-05,7.02184984656123e-06,2.39406328727133e-05,1.48912610012991e-06,4.97198018931489e-05,0
"X","aug","weekend",39,501,8.35944422744837e-06,1.54012410203422e-06,6.8795555665984e-06,0,2.03827608755153e-05,0
"X","aug","weekend",40,501,3.58204503540197e-06,0,1.02432799731957e-06,0,4.53664363362722e-06,0
"X","aug","weekend",41,501,1.96203179151224e-06,0,0,0,3.75149612874657e-07,0
"X","aug","weekend",42,501,1.37528848661393e-06,0,0,0,0,0
"X","aug","weekend",43,501,1.67112124821502e-06,0,0,0,0,0
"X","aug","weekend",44,501,1.62719037425913e-06,0,0,0,0,0
"X","aug","weekend",45,501,1.0152865509431e-06,0,0,0,0,0
"X","aug","weekend",46,501,1.37922904311809e-06,0,0,0,0,0
"X","aug","weekend",47,501,1.2598188985337e-06,0,0,0,0,0
"X","aug","weekend",48,501,1.08461398526914e-06,0,0,0,0,0
"X","dec","weekday",1,501,2.44033018775981e-07,0,0,0,0,0
"X","dec","weekday",2,501,3.87529201775811e-07,0,0,0,0,0
"X","dec","weekday",3,501,2.78551612249459e-07,0,0,0,0,0
"X","dec","weekday",4,501,2.27713350327821e-07,0,0,0,0,0
"X","dec","weekday",5,501,2.28660001842151e-07,0,0,0,0,0
"X","dec","weekday",6,501,2.0797417507088e-07,0,0,0,0,0
"X","dec","weekday",7,501,2.39218040967674e-07,0,0,0,0,0
"X","dec","weekday",8,501,2.27550812886703e-07,0,0,0,0,0
"X","dec","weekday",9,501,2.93418620128881e-07,0,0,0,0,0
"X","dec","weekday",10,501,2.17882408926243e-07,0,0,0,0,0
"X","dec","weekday",11,501,3.42294148540329e-07,0,0,0,0,0
"X","dec","weekday",12,501,2.25261067825267e-07,0,0,0,0,0
"X","dec","weekday",13,501,3.22885596850309e-07,0,0,0,0,0
"X","dec","weekday",14,501,2.31829013591618e-07,0,0,0,0,0
"X","dec","weekday",15,501,2.96952461789418e-07,0,0,0,0,0
"X","dec","weekday",16,501,3.12931728442686e-07,0,0,0,0,0
"X","dec","weekday",17,501,2.89268276842167e-07,0,0,0,1.71140308939165e-07,0
"X","dec","weekday",18,501,1.59086173044593e-06,8.35807046418811e-08,1.37116893957805e-06,0,4.54826194306047e-06,0
"X","dec","weekday",19,501,6.11594299791036e-06,2.22792670955729e-06,9.2060331439065e-06,6.68066249437289e-08,1.9373912046403e-05,0
"X","dec","weekday",20,501,1.38514861939272e-05,9.33271399022287e-06,2.1957244214116e-05,1.4368853679421e-06,3.67626911519462e-05,0
"X","dec","weekday",21,501,2.20168227142888e-05,1.74441715755823e-05,3.41535465399892e-05,4.17309962469326e-06,5.18351437548028e-05,3.68852249859379e-07
"X","dec","weekday",22,501,2.8855748293471e-05,2.59892955718255e-05,4.47667864613716e-05,8.35293500935909e-06,6.01341046674012e-05,1.04818370986294e-06
"X","dec","weekday",23,501,3.31072308324349e-05,3.13081150202527e-05,4.86682716259793e-05,1.24960645150801e-05,6.49447628419227e-05,2.08336143488808e-06
"X","dec","weekday",24,501,3.59295708973722e-05,3.42544661013313e-05,5.07633848647701e-05,1.5962642548664e-05,6.78789486755404e-05,3.17361214941597e-06
"X","dec","weekday",25,501,3.48711812333824e-05,3.43187759777981e-05,5.03524802249554e-05,1.54149942941226e-05,6.67254124182819e-05,2.39045043294806e-06
"X","dec","weekday",26,501,3.17255936700425e-05,2.86356902892678e-05,4.73850229931023e-05,1.35781224336079e-05,6.15118081126662e-05,1.44745818523717e-06
"X","dec","weekday",27,501,2.6833315748294e-05,2.4712548644271e-05,4.06368118630813e-05,7.78322451606311e-06,5.47508973960569e-05,1.02204445855011e-06
"X","dec","weekday",28,501,2.12018380995933e-05,1.75392693384072e-05,3.32032232627886e-05,5.4556268920187e-06,4.87211771464441e-05,5.11682255537696e-07
"X","dec","weekday",29,501,1.38045034429386e-05,8.83772637134174e-06,2.16697285951614e-05,1.79940627532586e-06,3.63435949665417e-05,0
"X","dec","weekday",30,501,6.45135700855409e-06,2.57369799258579e-06,8.8456867349894e-06,2.19325681970016e-07,1.77716790465016e-05,0
"X","dec","weekday",31,501,1.59748650508757e-06,8.85360065260352e-08,1.07235521524786e-06,0,4.22331115940387e-06,0
"X","dec","weekday",32,501,5.18427939914933e-07,0,0,0,1.35245105544048e-07,0
"X","dec","weekday",33,501,1.27338619335099e-06,0,0,0,0,0
"X","dec","weekday",34,501,1.16898974281995e-06,0,0,0,0,0
"X","dec","weekday",35,501,4.24541997137035e-07,0,0,0,0,0
"X","dec","weekday",36,501,2.07962882688928e-07,0,0,0,0,0
"X","dec","weekday",37,501,2.15901402230161e-07,0,0,0,0,0
"X","dec","weekday",38,501,2.34225553180393e-07,0,0,0,0,0
"X","dec","weekday",39,501,2.68312215969228e-07,0,0,0,0,0
"X","dec","weekday",40,501,2.96972290997476e-07,0,0,0,0,0
"X","dec","weekday",41,501,3.06482666878031e-07,0,0,0,0,0
"X","dec","weekday",42,501,3.07574632569152e-07,0,0,0,0,0
"X","dec","weekday",43,501,2.68240684758453e-07,0,0,0,0,0
"X","dec","weekday",44,501,2.87397152820197e-07,0,0,0,0,0
"X","dec","weekday",45,501,3.1511913024969e-07,0,0,0,0,0
"X","dec","weekday",46,501,3.12041948437408e-07,0,0,0,0,0
"X","dec","weekday",47,501,2.83077922042108e-07,0,0,0,0,0
"X","dec","weekday",48,501,2.62271929572093e-07,0,0,0,0,0
"X","dec","weekend",1,501,2.80027843105528e-07,0,0,0,0,0
"X","dec","weekend",2,501,2.54501296494237e-07,0,0,0,0,0
"X","dec","weekend",3,501,2.03871292398399e-07,0,0,0,0,0
"X","dec","weekend",4,501,2.59343513672019e-07,0,0,0,0,0
"X","dec","weekend",5,501,3.7739632841295e-07,0,0,0,0,0
"X","dec","weekend",6,501,3.1316117191257e-07,0,0,0,0,0
"X","dec","weekend",7,501,2.28946851981153e-07,0,0,0,0,0
"X","dec","weekend",8,501,2.74556293616756e-07,0,0,0,0,0
"X","dec","weekend",9,501,2.50411292267739e-07,0,0,0,0,0
"X","dec","weekend",10,501,2.16221024978974e-07,0,0,0,0,0
"X","dec","weekend",11,501,2.31179992824911e-07,0,0,0,0,0
"X","dec","weekend",12,501,2.02317930092837e-07,0,0,0,0,0
"X","dec","weekend",13,501,2.39467808106759e-07,0,0,0,0,0
"X","dec","weekend",14,501,2.26324532501281e-07,0,0,0,0,0
"X","dec","weekend",15,501,3.16708031468052e-07,0,0,0,0,0
"X","dec","weekend",16,501,2.16230291634491e-07,0,0,0,0,0
"X","dec","weekend",17,501,2.38949293968911e-07,0,0,0,0,0
"X","dec","weekend",18,501,1.78187431562779e-06,0,1.06519689328675e-06,0,5.74969734629465e-06,0
"X","dec","weekend",19,501,7.1728162501433e-06,1.55346396459181e-06,9.36396432538623e-06,0,2.2650992364452e-05,0
"X","dec","weekend",20,501,1.52492677989094e-05,8.19594314100437e-06,2.22211057563773e-05,6.03178580445801e-07,4.04092802586258e-05,0
"X","dec","weekend",21,501,2.3551279559531e-05,1.34736689195788e-05,3.76731508670503e-05,1.89107944023393e-06,6.06201861736991e-05,0
"X","dec","weekend",22,501,3.07940998638426e-05,2.19063954582003e-05,4.7343375409816e-05,5.198857552463e-06,7.17277738323532e-05,3.39660434008847e-07
"X","dec","weekend",23,501,3.48293278948154e-05,2.71449682236234e-05,5.4083534973545e-05,7.82850504833484e-06,7.8445066219963e-05,2.37697026412189e-07
"X","dec","weekend",24,501,3.71465248073596e-05,3.19428630173012e-05,5.58260997683739e-05,9.38121870626754e-06,8.10989909956761e-05,1.08576257001895e-06
"X","dec","weekend",25,501,3.48084253299313e-05,2.83931430732385e-05,5.1205122319408e-05,6.77349851296759e-06,7.82180527825996e-05,4.81124441842405e-07
"X","dec","weekend",26,501,3.15044108178955e-05,2.2297067199614e-05,4.69776209168811e-05,7.10504699131345e-06,7.18365781919478e-05,4.17077928602123e-07
"X","dec","weekend",27,501,2.59632446698633e-05,1.64583914960697e-05,4.11441325987165e-05,3.18555230587332e-06,6.28687657544623e-05,9.30353223433958e-08
"X","dec","weekend",28,501,1.93941111740027e-05,9.5142439565118e-06,3.14132654099626e-05,1.25021526572951e-06,5.0586641303751e-05,0
"X","dec","weekend",29,501,1.18897428663729e-05,3.35298674131369e-06,1.69002438432925e-05,1.24105762183413e-07,3.60294940914972e-05,0
"X","dec","weekend",30,501,5.44048162796769e-06,4.45603228002872e-07,5.94156573911227e-06,0,1.63361902865741e-05,0
"X","dec","weekend",31,501,1.54186314019158e-06,0,3.57309761867221e-07,0,3.24315294056166e-06,0
"X","dec","weekend",32,501,5.04367186065467e-07,0,0,0,0,0
"X","dec","weekend",33,501,1.24121689539931e-06,0,0,0,0,0
"X","dec","weekend",34,501,1.23117367017877e-06,0,0,0,0,0
"X","dec","weekend",35,501,5.14782399119071e-07,0,0,0,0,0
"X","dec","weekend",36,501,2.95473482150864e-07,0,0,0,0,0
"X","dec","weekend",37,501,3.01542302305292e-07,0,0,0,0,0
"X","dec","weekend",38,501,3.5261820351953e-07,0,0,0,0,0
"X","dec","weekend",39,501,2.78385705898317e-07,0,0,0,0,0
"X","dec","weekend",40,501,3.05832940921482e-07,0,0,0,0,0
"X","dec","weekend",41,501,3.80506799730676e-07,0,0,0,0,0
"X","dec","weekend",42,501,2.53844054449778e-07,0,0,0,0,0
"X","dec","weekend",43,501,2.79183445289629e-07,0,0,0,0,0
"X","dec","weekend",44,501,2.7964895251931e-07,0,0,0,0,0
"X","dec","weekend",45,501,2.8280481016544e-07,0,0,0,0,0
"X","dec","weekend",46,501,3.43863392279276e-07,0,0,0,0,0
"X","dec","weekend",47,501,2.38493724764945e-07,0,0,0,0,0
"X","dec","weekend",48,501,2.52691742021341e-07,0,0,0,0,0
"X","feb","weekday",1,501,2.59401812000595e-07,0,0,0,0,0
"X","feb","weekday",2,501,2.78432273848079e-07,0,0,0,0,0
"X","feb","weekday",3,501,1.10683980707683e-07,0,0,0,0,0
"X","feb","weekday",4,501,8.01548964074071e-08,0,0,0,0,0
"X","feb","weekday",5,501,1.6431576575755e-07,0,0,0,0,0
"X","feb","weekday",6,501,1.14748744369166e-07,0,0,0,0,0
"X","feb","weekday",7,501,1.33779082514682e-07,0,0,0,0,0
"X","feb","weekday",8,501,9.09496164210767e-08,0,0,0,0,0
"X","feb","weekday",9,501,1.7946092686742e-07,0,0,0,0,0
"X","feb","weekday",10,501,1.08204405349082e-07,0,0,0,0,0
"X","feb","weekday",11,501,1.42301680346985e-07,0,0,0,0,0
"X","feb","weekday",12,501,1.22950441748111e-07,0,0,0,0,0
"X","feb","weekday",13,501,1.84399044598072e-07,0,0,0,0,0
"X","feb","weekday",14,501,2.7121707290909e-07,0,0,0,0,0
"X","feb","weekday",15,501,3.94757397749643e-07,0,0,0,7.42989282113261e-08,0
"X","feb","weekday",16,501,1.72943110278952e-06,4.52841259722682e-08,1.08004228435978e-06,0,4.55616433660261e-06,0
"X","feb","weekday",17,501,8.577100704976e-06,2.24442325900291e-06,1.24763209280118e-05,1.93421652739371e-07,2.67362567046779e-05,0
"X","feb","weekday",18,501,2.42523293758422e-05,1.37061913312059e-05,3.67404889256114e-05,2.2640125258672e-06,6.45302191021757e-05,1.17479771817636e-07
"X","feb","weekday",19,501,4.47993523499703e-05,3.72829755771012e-05,6.87490332729556e-05,9.90022728116974e-06,0.000102556369620926,1.03761956087602e-06
"X","feb","weekday",20,501,6.79156486172095e-05,6.42938722521162e-05,0.00010392887891463,2.395144683315e-05,0.000137128508533347,5.38892200238485e-06
"X","feb","weekday",21,501,9.19194117680096e-05,9.34689854163777e-05,0.000131571281055228,4.73957376395917e-05,0.000170313930091281,1.03367565276874e-05
"X","feb","weekday",22,501,0.000108983275478889,0.00011234074872952,0.000149429883202874,6.38533235127551e-05,0.000191388481185975,2.20202127918077e-05
"X","feb","weekday",23,501,0.000121529343625906,0.000123876855387001,0.000161806021746394,7.93983615792129e-05,0.000202494464738895,3.00440620393355e-05
"X","feb","weekday",24,501,0.000127546220074206,0.000130621332277024,0.00016690803266878,9.1808691411651e-05,0.000193390061015387,4.36199107011912e-05
"X","feb","weekday",25,501,0.000127295046162488,0.000130551086139977,0.00016238132756111,9.52394337259334e-05,0.000198471419262763,4.78834690735589e-05
"X","feb","weekday",26,501,0.000124439772402381,0.000125793275329489,0.000158964794117081,8.95498829555691e-05,0.000193894493768297,4.92345693799548e-05
"X","feb","weekday",27,501,0.000117007394553023,0.000117177916541623,0.000149909901013402,7.99234098688723e-05,0.000187914244750962,4.57070486875368e-05
"X","feb","weekday",28,501,0.000106658602434648,0.000107984236045775,0.000141133624785501,7.226476769278e-05,0.000174630306453301,3.5245293380913e-05
"X","feb","weekday",29,501,9.10924123295539e-05,9.23582766164523e-05,0.000126936019218814,5.63875282608118e-05,0.000153127161363092,1.81244727452565e-05
"X","feb","weekday",30,501,7.05242015697943e-05,6.81803659601149e-05,0.000102549654712639,3.73044006509823e-05,0.000126529934061037,8.78281259877167e-06
"X","feb","weekday",31,501,4.93950763827257e-05,4.2119796414666e-05,7.45812900179068e-05,1.78336508145211e-05,0.000106339506964741,2.79569479105537e-06
"X","feb","weekday",32,501,2.95340471592836e-05,2.32361932159707e-05,4.55140731983954e-05,5.55219107725852e-06,6.94934493771956e-05,4.19286970054269e-07
"X","feb","weekday",33,501,1.33782615894398e-05,5.99285477218475e-06,1.84311716000431e-05,6.01585266974899e-07,3.55653014686991e-05,0
"X","feb","weekday",34,501,4.48931893886e-06,3.3120971285028e-07,3.18006292225968e-06,0,1.01985082751912e-05,0
"X","feb","weekday",35,501,1.22771451607139e-06,0,3.52210422850667e-08,0,5.51951678032537e-07,0
"X","feb","weekday",36,501,8.46790819134596e-07,0,0,0,0,0
"X","feb","weekday",37,501,8.10332132008718e-07,0,0,0,0,0
"X","feb","weekday",38,501,6.51709446778775e-07,0,0,0,0,0
"X","feb","weekday",39,501,7.34557723874253e-07,0,0,0,0,0
"X","feb","weekday",40,501,6.64073480127406e-07,0,0,0,0,0
"X","feb","weekday",41,501,6.76563587699107e-07,0,0,0,0,0
"X","feb","weekday",42,501,7.30871982571915e-07,0,0,0,0,0
"X","feb","weekday",43,501,5.5836495678569e-07,0,0,0,0,0
"X","feb","weekday",44,501,4.72345826748213e-07,0,0,0,0,0
"X","feb","weekday",45,501,4.49599310017315e-07,0,0,0,0,0
"X","feb","weekday",46,501,3.64254980789639e-07,0,0,0,0,0
"X","feb","weekday",47,501,3.0703671494247e-07,0,0,0,0,0
"X","feb","weekday",48,501,2.72866271024605e-07,0,0,0,0,0
"X","feb","weekend",1,501,2.90873992355455e-07,0,0,0,0,0
"X","feb","weekend",2,501,3.04731485677585e-07,0,0,0,0,0
"X","feb","weekend",3,501,1.57985018830673e-07,0,0,0,0,0
"X","feb","weekend",4,501,6.42494444097353e-08,0,0,0,0,0
"X","feb","weekend",5,501,1.37093729187937e-07,0,0,0,0,0
"X","feb","weekend",6,501,1.59806088293621e-07,0,0,0,0,0
"X","feb","weekend",7,501,2.61131379714131e-07,0,0,0,0,0
"X","feb","weekend",8,501,1.06782320637388e-07,0,0,0,0,0
"X","feb","weekend",9,501,9.75352653903056e-08,0,0,0,0,0
"X","feb","weekend",10,501,6.5138740870928e-08,0,0,0,0,0
"X","feb","weekend",11,501,1.3111441104508e-07,0,0,0,0,0
"X","feb","weekend",12,501,2.57496803096293e-07,0,0,0,0,0
"X","feb","weekend",13,501,2.18913062092249e-07,0,0,0,0,0
"X","feb","weekend",14,501,2.99622528895479e-07,0,0,0,0,0
"X","feb","weekend",15,501,6.97444191669985e-07,0,0,0,7.97929872296403e-07,0
"X","feb","weekend",16,501,4.95935749714668e-06,2.62659582683384e-07,5.4506220913558e-06,0,1.71793122704219e-05,0
"X","feb","weekend",17,501,1.57720276902198e-05,4.66867466745835e-06,2.41627861918216e-05,9.7480558679091e-08,4.58306459620474e-05,0
"X","feb","weekend",18,501,2.9231785520274e-05,1.90766456722038e-05,4.46124148228491e-05,2.32246780856878e-06,7.73878592161797e-05,0
"X","feb","weekend",19,501,4.5373875406458e-05,3.7959692307786e-05,7.6107310413633e-05,7.22782506585479e-06,0.000101347560319034,3.95613837140462e-07
"X","feb","weekend",20,501,6.17867048446151e-05,5.81921255539873e-05,9.4870754470167e-05,2.02667624939256e-05,0.00012550841281103,2.57662964581425e-06
"X","feb","weekend",21,501,7.97064720845116e-05,7.9836185052777e-05,0.00011595876716011,3.48772294376475e-05,0.000148171341268261,5.2017951851339e-06
"X","feb","weekend",22,501,9.50112185346348e-05,9.72716267881998e-05,0.000134291142492659,5.33624472506915e-05,0.000166533599287203,8.56416289006482e-06
"X","feb","weekend",23,501,0.000108611323048583,0.000108220526717045,0.00014859777357336,6.68933199100263e-05,0.000186228046262583,2.18763710163078e-05
"X","feb","weekend",24,501,0.000119146296457604,0.000117237498024271,0.000158504229042378,7.80478686437847e-05,0.000197442410974417,3.60348814288139e-05
"X","feb","weekend",25,501,0.000121331112352929,0.000118725942965928,0.000160216251822766,7.96956014924482e-05,0.000196977155626229,3.46652995131319e-05
"X","feb","weekend",26,501,0.000121597208856297,0.000119989834257043,0.000161796748231337,8.05207677697263e-05,0.000201508192502494,3.84054311758475e-05
"X","feb","weekend",27,501,0.000114971234762616,0.000109964435212669,0.000147778225300707,7.38022837245797e-05,0.000191915786492132,3.76598599328309e-05
"X","feb","weekend",28,501,0.000105135807794963,0.000101798928574465,0.000139563207192255,6.77338035401115e-05,0.00017813866048678,2.89004139850525e-05
"X","feb","weekend",29,501,9.02317485863519e-05,8.95842533134738e-05,0.0001214778614181,5.4152373591746e-05,0.000155364553781224,1.8096478704981e-05
"X","feb","weekend",30,501,7.27851407746459e-05,7.09727984675744e-05,0.000102842501382483,3.24639044788139e-05,0.000131901044726606,6.77697616739932e-06
"X","feb","weekend",31,501,5.40635786363215e-05,4.99891740769351e-05,8.04592738464729e-05,1.71196053798774e-05,0.00010857592320368,1.82992139982574e-06
"X","feb","weekend",32,501,3.49026463622853e-05,2.68066095114778e-05,5.62202133813946e-05,4.94469785970792e-06,8.24779531759262e-05,0
"X","feb","weekend",33,501,1.85642118488593e-05,7.12822345692035e-06,2.836047624377e-05,6.44437355634744e-07,4.7073127437541e-05,0
"X","feb","weekend",34,501,7.23697729310205e-06,6.07673961009208e-07,7.80178089940218e-06,0,2.05076135550348e-05,0
"X","feb","weekend",35,501,1.31843408044163e-06,0,1.98360038859616e-07,0,1.83054566102923e-06,0
"X","feb","weekend",36,501,7.88497121686556e-07,0,0,0,0,0
"X","feb","weekend",37,501,7.47966325045397e-07,0,0,0,0,0
"X","feb","weekend",38,501,7.91962562891782e-07,0,0,0,0,0
"X","feb","weekend",39,501,7.44827435115984e-07,0,0,0,0,0
"X","feb","weekend",40,501,7.48105305264736e-07,0,0,0,0,0
"X","feb","weekend",41,501,6.5739909887965e-07,0,0,0,0,0
"X","feb","weekend",42,501,6.47775178480639e-07,0,0,0,0,0
"X","feb","weekend",43,501,5.83365441597897e-07,0,0,0,0,0
"X","feb","weekend",44,501,4.16241217844269e-07,0,0,0,0,0
"X","feb","weekend",45,501,1.77544369747454e-07,0,0,0,0,0
"X","feb","weekend",46,501,2.08762728889216e-07,0,0,0,0,0
"X","feb","weekend",47,501,2.40864285042936e-07,0,0,0,0,0
"X","feb","weekend",48,501,2.26924552182028e-07,0,0,0,0,0
"X","jan","weekday",1,501,1.18276637796294e-07,0,0,0,0,0
"X","jan","weekday",2,501,2.47167089471489e-07,0,0,0,0,0
"X","jan","weekday",3,501,1.32246423883896e-07,0,0,0,0,0
"X","jan","weekday",4,501,1.34029362300301e-07,0,0,0,0,0
"X","jan","weekday",5,501,1.28320202190895e-07,0,0,0,0,0
"X","jan","weekday",6,501,1.48332954872003e-07,0,0,0,0,0
"X","jan","weekday",7,501,1.795343880051e-07,0,0,0,0,0
"X","jan","weekday",8,501,1.0682892108668e-07,0,0,0,0,0
"X","jan","weekday",9,501,1.39906203466641e-07,0,0,0,0,0
"X","jan","weekday",10,501,2.13760301932929e-07,0,0,0,0,0
"X","jan","weekday",11,501,1.64954121141529e-07,0,0,0,0,0
"X","jan","weekday",12,501,1.3773672833293e-07,0,0,0,0,0
"X","jan","weekday",13,501,2.29551761073349e-07,0,0,0,0,0
"X","jan","weekday",14,501,1.220673422746e-07,0,0,0,0,0
"X","jan","weekday",15,501,2.2949284396981e-07,0,0,0,0,0
"X","jan","weekday",16,501,1.75636981571518e-07,0,0,0,0,0
"X","jan","weekday",17,501,3.83540632992691e-07,0,2.49042050419028e-08,0,5.52748465383938e-07,0
"X","jan","weekday",18,501,4.04092517153212e-06,2.8657485647812e-07,3.5760544735268e-06,0,1.37497835771118e-05,0
"X","jan","weekday",19,501,1.54024274048206e-05,4.59733278804007e-06,2.42347075371378e-05,2.90209648424336e-07,4.96028283130664e-05,0
"X","jan","weekday",20,501,3.29643061157737e-05,2.27846247471436e-05,5.44098437190164e-05,3.03238362758051e-06,8.48239735344282e-05,9.56317503372717e-08
"X","jan","weekday",21,501,5.13739589648585e-05,4.18331407422e-05,8.36045244995948e-05,9.30982481440674e-06,0.000115905867087809,6.56609847630028e-07
"X","jan","weekday",22,501,6.85062768613994e-05,6.41370778667965e-05,0.000105520187834646,2.11241019962473e-05,0.000137521056899291,2.42519772987506e-06
"X","jan","weekday",23,501,8.17508622393169e-05,8.01223168465762e-05,0.000120764793360712,3.09713817826367e-05,0.00015777710201979,4.59087340225671e-06
"X","jan","weekday",24,501,9.24592802634619e-05,9.34095438250279e-05,0.000132780000883491,4.05545489057274e-05,0.000166969993852838,8.03992375554757e-06
"X","jan","weekday",25,501,9.43248433437855e-05,9.53944968401469e-05,0.000137203535371497,4.27962829843862e-05,0.000170233430483566,8.92331322908726e-06
"X","jan","weekday",26,501,9.02491335274808e-05,9.12155906446454e-05,0.000133244741444063,3.87019336383182e-05,0.000165974946556057,8.01590374131898e-06
"X","jan","weekday",27,501,8.3047839693094e-05,7.83776223723297e-05,0.000124983022559305,3.25283086173484e-05,0.000162941555084555,5.48852958140611e-06
"X","jan","weekday",28,501,7.18493690765795e-05,7.08342747838239e-05,0.000107598312783057,2.37639379638449e-05,0.000141358799314263,3.51147894687122e-06
"X","jan","weekday",29,501,5.64995340838149e-05,4.783565479221e-05,9.10062285257998e-05,1.58043784510871e-05,0.000120222573775226,9.34467223003318e-07
"X","jan","weekday",30,501,3.78983707156371e-05,2.84494427599501e-05,6.34296145115888e-05,6.96283356157965e-06,8.99589483093806e-05,1.78982479150617e-07
"X","jan","weekday",31,501,1.85795462881838e-05,8.6922858205078e-06,2.85804686874773e-05,9.69558774276399e-07,5.46296067183231e-05,0
"X","jan","weekday",32,501,5.37416562453944e-06,1.01434626016777e-06,6.35829060240989e-06,0,1.65644508717918e-05,0
"X","jan","weekday",33,501,1.82302212728333e-06,0,1.52470025687574e-07,0,1.4826745415989e-06,0
"X","jan","weekday",34,501,1.39351299802221e-06,0,0,0,0,0
"X","jan","weekday",35,501,6.27111609975909e-07,0,0,0,0,0
"X","jan","weekday",36,501,4.03886233122156e-07,0,0,0,0,0
"X","jan","weekday",37,501,4.50945532348577e-07,0,0,0,0,0
"X","jan","weekday",38,501,4.91101208054515e-07,0,0,0,0,0
"X","jan","weekday",39,501,6.26754925727601e-07,0,0,0,0,0
"X","jan","weekday",40,501,5.06764049472951e-07,0,0,0,0,0
"X","jan","weekday",41,501,4.97066365048784e-07,0,0,0,0,0
"X","jan","weekday",42,501,5.25189863922544e-07,0,0,0,0,0
"X","jan","weekday",43,501,4.59235250861794e-07,0,0,0,0,0
"X","jan","weekday",44,501,3.46990610912784e-07,0,0,0,0,0
"X","jan","weekday",45,501,3.31423225817713e-07,0,0,0,0,0
"X","jan","weekday",46,501,3.45482797182137e-07,0,0,0,0,0
"X","jan","weekday",47,501,2.69712641924016e-07,0,0,0,0,0
"X","jan","weekday",48,501,2.00588827195691e-07,0,0,0,0,0
"X","jan","weekend",1,501,1.95786939798028e-07,0,0,0,0,0
"X","jan","weekend",2,501,2.26382986726279e-07,0,0,0,0,0
"X","jan","weekend",3,501,1.26538684957793e-07,0,0,0,0,0
"X","jan","weekend",4,501,1.72503081650897e-07,0,0,0,0,0
"X","jan","weekend",5,501,1.05480905208126e-07,0,0,0,0,0
"X","jan","weekend",6,501,1.39662503470674e-07,0,0,0,0,0
"X","jan","weekend",7,501,1.81473631028523e-07,0,0,0,0,0
"X","jan","weekend",8,501,1.01456527231008e-07,0,0,0,0,0
"X","jan","weekend",9,501,1.57018901004575e-07,0,0,0,0,0
"X","jan","weekend",10,501,1.51681117775905e-07,0,0,0,0,0
"X","jan","weekend",11,501,3.02226729890659e-07,0,0,0,0,0
"X","jan","weekend",12,501,1.41959029139245e-07,0,0,0,0,0
"X","jan","weekend",13,501,1.81869168643496e-07,0,0,0,0,0
"X","jan","weekend",14,501,9.84873025128898e-08,0,0,0,0,0
"X","jan","weekend",15,501,2.6279509246454e-07,0,0,0,0,0
"X","jan","weekend",16,501,2.57548146916194e-07,0,0,0,0,0
"X","jan","weekend",17,501,6.42564776345463e-07,0,4.77073399025242e-08,0,1.14828852174313e-06,0
"X","jan","weekend",18,501,4.45743633917778e-06,3.40592470677767e-07,5.00717419264379e-06,0,1.33513375094211e-05,0
"X","jan","weekend",19,501,1.37775361827046e-05,4.91171216245426e-06,2.19019649352298e-05,1.70052086282724e-07,3.85676822293996e-05,0
"X","jan","weekend",20,501,2.76176280321365e-05,1.70275266962717e-05,4.43888616834238e-05,2.27509176953696e-06,6.90286704990001e-05,0
"X","jan","weekend",21,501,4.16628488167632e-05,3.52320634601508e-05,6.48289793869599e-05,7.87996140091273e-06,9.57994538405727e-05,3.40012963200994e-07
"X","jan","weekend",22,501,5.24765302829629e-05,4.59143667980638e-05,7.90152058262765e-05,1.59954955621001e-05,0.000107638086714983,2.03777746813996e-06
"X","jan","weekend",23,501,6.13431523862941e-05,5.82662903755017e-05,8.81566508562359e-05,2.06150505276043e-05,0.000122731384773002,4.19420784794313e-06
"X","jan","weekend",24,501,6.69379847397964e-05,6.05598604409844e-05,9.63306639135703e-05,2.76915465831521e-05,0.000132756334651333,6.48826391243606e-06
"X","jan","weekend",25,501,6.51322071130399e-05,6.17191701319365e-05,9.39595192930971e-05,2.98996368993253e-05,0.000121778071466786,7.52603069560788e-06
"X","jan","weekend",26,501,6.03661031097929e-05,5.75643553713526e-05,8.47179904347756e-05,2.56513140506274e-05,0.000115693558372894,6.54667273146971e-06
"X","jan","weekend",27,501,4.93364049507823e-05,4.56909701619336e-05,6.9042147844858e-05,1.78935146326601e-05,9.87858769017754e-05,3.39389241935658e-06
"X","jan","weekend",28,501,3.95245126125488e-05,3.31666789094148e-05,5.80896293152245e-05,1.16720392245035e-05,8.40196213706137e-05,2.09536067064191e-06
"X","jan","weekend",29,501,2.79868711576914e-05,2.2496501732271e-05,3.91626986117883e-05,7.57031522623681e-06,6.29139186370739e-05,5.26469833996487e-07
"X","jan","weekend",30,501,1.75299338005558e-05,1.1421414392963e-05,2.46712757276649e-05,2.91690311546959e-06,4.40559208743806e-05,0
"X","jan","weekend",31,501,9.0201438922186e-06,4.16531970043881e-06,1.17738383071232e-05,1.85859513210312e-07,2.60275321037474e-05,0
"X","jan","weekend",32,501,3.31245180996047e-06,4.52200247740348e-07,3.59117903170886e-06,0,9.79186817907437e-06,0
"X","jan","weekend",33,501,1.68304374646511e-06,0,8.12261218521959e-08,0,1.04230405747133e-06,0
"X","jan","weekend",34,501,1.27981912104351e-06,0,0,0,0,0
"X","jan","weekend",35,501,6.05641574659862e-07,0,0,0,0,0
"X","jan","weekend",36,501,3.60344473628229e-07,0,0,0,0,0
"X","jan","weekend",37,501,3.37896476772412e-07,0,0,0,0,0
"X","jan","weekend",38,501,3.24948839058463e-07,0,0,0,0,0
"X","jan","weekend",39,501,3.94400410544085e-07,0,0,0,0,0
"X","jan","weekend",40,501,4.3993931669242e-07,0,0,0,0,0
"X","jan","weekend",41,501,3.32198128336777e-07,0,0,0,0,0
"X","jan","weekend",42,501,2.58878886828657e-07,0,0,0,0,0
"X","jan","weekend",43,501,3.00891995393375e-07,0,0,0,0,0
"X","jan","weekend",44,501,1.05963386972719e-07,0,0,0,0,0
"X","jan","weekend",45,501,2.0484213518724e-07,0,0,0,0,0
"X","jan","weekend",46,501,1.39632666547166e-07,0,0,0,0,0
"X","jan","weekend",47,501,2.21803720161908e-07,0,0,0,0,0
"X","jan","weekend",48,501,2.29089564606757e-07,0,0,0,0,0
"X","jul","weekday",1,501,1.38926204594538e-06,0,0,0,0,0
"X","jul","weekday",2,501,1.05336446570845e-06,0,0,0,0,0
"X","jul","weekday",3,501,7.78263422239591e-07,0,0,0,0,0
"X","jul","weekday",4,501,7.25982976277658e-07,0,0,0,0,0
"X","jul","weekday",5,501,6.50224219815957e-07,0,0,0,0,0
"X","jul","weekday",6,501,3.73832475907679e-07,0,0,0,0,0
"X","jul","weekday",7,501,3.36450734320334e-07,0,0,0,0,0
"X","jul","weekday",8,501,2.23499769400315e-07,0,0,0,0,0
"X","jul","weekday",9,501,2.31045241227403e-07,0,0,0,0,0
"X","jul","weekday",10,501,2.27472456202376e-07,0,0,0,0,0
"X","jul","weekday",11,501,2.97348741007107e-07,0,0,0,8.64937228184709e-08,0
"X","jul","weekday",12,501,1.03980078517483e-06,3.71692036208555e-08,6.23396796705112e-07,0,2.00803434445495e-06,0
"X","jul","weekday",13,501,5.33044015724992e-06,1.28823427984508e-06,4.94256364040372e-06,9.21125058147319e-08,1.66290175741971e-05,0
"X","jul","weekday",14,501,1.55693211157528e-05,6.41054519265913e-06,2.06799051762942e-05,1.11876948142589e-06,4.39470541318869e-05,1.00556774688528e-08
"X","jul","weekday",15,501,3.13751389002933e-05,1.76660059944062e-05,4.52740290977188e-05,5.2225035966037e-06,7.54176576802964e-05,7.50808537342878e-07
"X","jul","weekday",16,501,5.3105282049004e-05,3.52964341080939e-05,7.85636142753514e-05,1.29963584403848e-05,0.000119575645973393,3.31446314655069e-06
"X","jul","weekday",17,501,8.10453105254371e-05,6.42236289172632e-05,0.00011686880931111,2.96884711585059e-05,0.000162687902749685,9.53885912819361e-06
"X","jul","weekday",18,501,0.000111679884318393,9.63539846263857e-05,0.000156366792129942,5.1545469397911e-05,0.00020455480141546,2.22502683915367e-05
"X","jul","weekday",19,501,0.000146215033825684,0.000138266244454694,0.000195234584707146,8.41237710859717e-05,0.000247204543672282,4.26091375233574e-05
"X","jul","weekday",20,501,0.000182665823566048,0.000177951194998758,0.000231955114300908,0.000122690522954568,0.000288244027934424,7.38476812590126e-05
"X","jul","weekday",21,501,0.000221443884676219,0.000217569279684418,0.000270470698879459,0.000160824295325698,0.000332102529614662,0.000111231419513599
"X","jul","weekday",22,501,0.000258634509635872,0.000248597866736362,0.000303650438607518,0.000203640036519144,0.000370102003884965,0.000150077494064208
"X","jul","weekday",23,501,0.000289435132314002,0.00027699114241077,0.000327441432499983,0.000236697926457656,0.000388246488154359,0.000189050910313264
"X","jul","weekday",24,501,0.000311505336897926,0.000293599881429989,0.000346777016016365,0.000256134125580713,0.000406396179816639,0.000221179376954998
"X","jul","weekday",25,501,0.00032064777398389,0.000304231385678578,0.000355854487394418,0.000265690650492205,0.000424386452506639,0.000226446429892329
"X","jul","weekday",26,501,0.000330386400066758,0.000310626680274165,0.000364915074354521,0.000271600565632609,0.000424803064767792,0.000241672495607195
"X","jul","weekday",27,501,0.000338536794608241,0.000318513864846554,0.000370756588177392,0.000276413773875097,0.000441518825519076,0.000247878484579688
"X","jul","weekday",28,501,0.000340636256383488,0.000318920848973395,0.000372443819098175,0.000278733687331566,0.000447952589693333,0.000239273404699624
"X","jul","weekday",29,501,0.000336944130943045,0.000309850500996674,0.000369992188221489,0.000268690905579207,0.000446276676818823,0.000231067055524538
"X","jul","weekday",30,501,0.000316781275619151,0.000293819313367493,0.000351393287198559,0.000249781939094824,0.000427844506562489,0.000211232666615422
"X","jul","weekday",31,501,0.000291728313006288,0.000275959814409785,0.000328634699399203,0.000225820943955326,0.000414925426055692,0.000178382645239161
"X","jul","weekday",32,501,0.000263319371877599,0.000248719599392546,0.00030226372218585,0.00019676088816117,0.000387062480312864,0.000148135744006598
"X","jul","weekday",33,501,0.000223948336165402,0.000215245472121355,0.000266842624508835,0.000155453927075873,0.000339906968617885,0.000108392902994746
"X","jul","weekday",34,501,0.000183582419523945,0.000171907292474601,0.000227517553245969,0.000119131801543128,0.000307127421566364,7.13081333265222e-05
"X","jul","weekday",35,501,0.000140787966320718,0.000135433289271808,0.00018194727232002,7.74277804575339e-05,0.000254282454648079,3.5884448075719e-05
"X","jul","weekday",36,501,0.000102091904832431,9.03474469673282e-05,0.000144045197870672,4.26176156765252e-05,0.000197219586922892,1.50317815164357e-05
"X","jul","weekday",37,501,6.90657619687371e-05,5.2774088063747e-05,0.000102322645288577,1.8745094361961e-05,0.000158547228481998,5.38484980857662e-06
"X","jul","weekday",38,501,4.42423633037349e-05,2.32611094228479e-05,6.74221890945759e-05,5.92378167022956e-06,0.000111312133028598,7.54207584714506e-07
"X","jul","weekday",39,501,2.53504738195454e-05,7.50190170145724e-06,3.49855858460986e-05,1.46728451374439e-06,7.0175080140696e-05,0
"X","jul","weekday",40,501,1.26247260598194e-05,1.50132155926758e-06,1.21944709918624e-05,1.06575369751739e-07,3.940319621048e-05,0
"X","jul","weekday",41,501,5.49004675844423e-06,1.09325637304938e-07,1.69729817538046e-06,0,9.66520056275498e-06,0
"X","jul","weekday",42,501,2.72246048150325e-06,0,7.18100632583542e-08,0,9.22938247394837e-07,0
"X","jul","weekday",43,501,2.24511949124775e-06,0,0,0,0,0
"X","jul","weekday",44,501,1.80961493433692e-06,0,0,0,0,0
"X","jul","weekday",45,501,1.74940888555872e-06,0,0,0,0,0
"X","jul","weekday",46,501,1.75715765513884e-06,0,0,0,0,0
"X","jul","weekday",47,501,1.66469765021814e-06,0,0,0,0,0
"X","jul","weekday",48,501,1.31457520872747e-06,0,0,0,0,0
"X","jul","weekend",1,501,1.35868318939772e-06,0,0,0,0,0
"X","jul","weekend",2,501,1.16198866334967e-06,0,0,0,0,0
"X","jul","weekend",3,501,8.65464911445602e-07,0,0,0,0,0
"X","jul","weekend",4,501,5.10322831809629e-07,0,0,0,0,0
"X","jul","weekend",5,501,4.33827322577499e-07,0,0,0,0,0
"X","jul","weekend",6,501,3.73160117087444e-07,0,0,0,0,0
"X","jul","weekend",7,501,3.78472097285873e-07,0,0,0,0,0
"X","jul","weekend",8,501,1.71899086986438e-07,0,0,0,0,0
"X","jul","weekend",9,501,2.99291709216844e-07,0,0,0,0,0
"X","jul","weekend",10,501,2.24540782348701e-07,0,0,0,0,0
"X","jul","weekend",11,501,2.76014933033054e-07,0,0,0,5.61716549561386e-08,0
"X","jul","weekend",12,501,1.03555718468958e-06,0,4.04054666522628e-07,0,2.57845435166485e-06,0
"X","jul","weekend",13,501,4.97862468313544e-06,8.48344562690691e-07,4.4157717821591e-06,0,1.47290864940322e-05,0
"X","jul","weekend",14,501,1.35202221866972e-05,4.79149838473162e-06,1.57493256402883e-05,7.68582239110673e-07,3.7818689454805e-05,0
"X","jul","weekend",15,501,2.59169058923131e-05,1.37741502537302e-05,3.64278944075506e-05,3.88622283980377e-06,6.52355212300299e-05,1.30827512859945e-07
"X","jul","weekend",16,501,4.30958992631871e-05,2.89733158927346e-05,6.48394980567309e-05,1.10586428091785e-05,9.74938820879709e-05,2.11623030245706e-06
"X","jul","weekend",17,501,6.42778678823732e-05,5.0396362464074e-05,9.0570575891366e-05,2.26860206649058e-05,0.000132142057206442,3.90426812089222e-06
"X","jul","weekend",18,501,8.84935836810521e-05,7.66977957872821e-05,0.000121748911669081,4.13538865710457e-05,0.000167581685185446,1.15648246527056e-05
"X","jul","weekend",19,501,0.00011454236441791,0.000108554103675096,0.000152930584585767,6.39295627393135e-05,0.000193719600172985,3.39298007226844e-05
"X","jul","weekend",20,501,0.000140492988854406,0.000138640273828592,0.000182339791149224,9.23263786342331e-05,0.000225125323050177,4.56914831645737e-05
"X","jul","weekend",21,501,0.000168380644398466,0.000165270116446147,0.000201690266552449,0.000119028225269148,0.000257632345972479,7.0516159526481e-05
"X","jul","weekend",22,501,0.00019718519429404,0.000194390626209758,0.000232579698242778,0.000151927927564956,0.000278975865709808,9.70619692910633e-05
"X","jul","weekend",23,501,0.000221409999777319,0.000213065534470307,0.000256842398708464,0.000172993800662797,0.000314563757320052,0.000127006173022847
"X","jul","weekend",24,501,0.000240871330932462,0.000231643215364946,0.000274488993558028,0.000191277677691666,0.000324056141007249,0.000140381135453984
"X","jul","weekend",25,501,0.000252554221058076,0.000243399903703403,0.00028880072346897,0.000201325077001162,0.000343887275760909,0.000155486579270494
"X","jul","weekend",26,501,0.000263290990745431,0.000252029410390734,0.000300721761732827,0.000205357961342932,0.000357611747977484,0.000168812976154969
"X","jul","weekend",27,501,0.000269206805766261,0.000253707698431611,0.000304041069398322,0.00021333970139881,0.000360701934594195,0.000176398682413613
"X","jul","weekend",28,501,0.000277241102562718,0.000259133625229618,0.00030840852528877,0.000222035169434505,0.000370657158950352,0.000185031694668002
"X","jul","weekend",29,501,0.000275136159023147,0.000259192740443814,0.000313166762494976,0.000219133608210677,0.000383569755088495,0.000169744472500496
"X","jul","weekend",30,501,0.000262237393741488,0.000246028683126665,0.000301417444867478,0.000205811832007057,0.000366671710962546,0.000157529411968425
"X","jul","weekend",31,501,0.00023658510994929,0.000218549380185484,0.000282422078709485,0.000179432539300245,0.000334855492706004,0.000139403950783936
"X","jul","weekend",32,501,0.000214797582616465,0.000204003436666484,0.000259150090910733,0.000157717933586027,0.000323464637705419,0.00011766577933331
"X","jul","weekend",33,501,0.00018765447041338,0.000174796725787148,0.00023170045891618,0.000128554991307641,0.000301376510938025,9.18664991463682e-05
"X","jul","weekend",34,501,0.000157213874367061,0.00015118828433251,0.000203227131929109,9.80857539999802e-05,0.000259617682219779,5.37726317678792e-05
"X","jul","weekend",35,501,0.000124057901198831,0.000111904240318765,0.000165786320772241,6.45739940135574e-05,0.000227981314832167,3.07970895110802e-05
"X","jul","weekend",36,501,9.03051861558796e-05,7.97257570856536e-05,0.000127985497410069,3.66485132251566e-05,0.000174713451931293,1.39551649272921e-05
"X","jul","weekend",37,501,6.12870242549517e-05,4.66330588372897e-05,9.22616284862842e-05,1.62535236648241e-05,0.000131112402091504,4.66614319832317e-06
"X","jul","weekend",38,501,3.80598523309051e-05,2.13959078233985e-05,5.78779183639299e-05,5.66314875389969e-06,9.96768507423766e-05,5.89728750028781e-07
"X","jul","weekend",39,501,2.25236662186817e-05,7.09997055064968e-06,3.14541679783533e-05,1.53710051274773e-06,6.54201881729073e-05,0
"X","jul","weekend",40,501,1.09020412588583e-05,1.42686562590014e-06,1.1051660329482e-05,0,3.3236260728324e-05,0
"X","jul","weekend",41,501,4.34069307846525e-06,0,2.01680346900651e-06,0,7.84933434282832e-06,0
"X","jul","weekend",42,501,2.01423358977497e-06,0,0,0,9.71724783600086e-07,0
"X","jul","weekend",43,501,1.65057758053481e-06,0,0,0,0,0
"X","jul","weekend",44,501,1.36673108219025e-06,0,0,0,0,0
"X","jul","weekend",45,501,1.22406425129688e-06,0,0,0,0,0
"X","jul","weekend",46,501,1.15033010847934e-06,0,0,0,0,0
"X","jul","weekend",47,501,1.2165224062098e-06,0,0,0,0,0
"X","jul","weekend",48,501,9.93506607179313e-07,0,0,0,0,0
"X","jun","weekday",1,501,1.14988553263848e-06,0,0,0,0,0
"X","jun","weekday",2,501,1.08363902544614e-06,0,0,0,0,0
"X","jun","weekday",3,501,1.12168593314033e-06,0,0,0,0,0
"X","jun","weekday",4,501,9.50081961652528e-07,0,0,0,0,0
"X","jun","weekday",5,501,9.31414511206491e-07,0,0,0,0,0
"X","jun","weekday",6,501,9.3560523923476e-07,0,0,0,0,0
"X","jun","weekday",7,501,8.31383605064043e-07,0,0,0,0,0
"X","jun","weekday",8,501,7.92699550472901e-07,0,0,0,0,0
"X","jun","weekday",9,501,7.51377654078942e-07,0,0,0,0,0
"X","jun","weekday",10,501,8.01183336511667e-07,0,0,0,0,0
"X","jun","weekday",11,501,1.24661590789749e-06,0,1.28905034715274e-07,0,9.72649314997082e-07,0
"X","jun","weekday",12,501,4.73527748745106e-06,5.27546992058433e-07,2.83791494678637e-06,0,9.89176298361908e-06,0
"X","jun","weekday",13,501,1.42714451179335e-05,3.28581105510739e-06,1.43207545646967e-05,4.86829509280061e-07,4.76717070341279e-05,0
"X","jun","weekday",14,501,2.96545318487184e-05,9.89889403412989e-06,3.87436609766076e-05,2.35417322178048e-06,9.12629039303357e-05,2.82427784882431e-07
"X","jun","weekday",15,501,5.03563294336135e-05,2.33248371240104e-05,7.50703051876196e-05,7.37648501611905e-06,0.000136640769399406,1.83551523413489e-06
"X","jun","weekday",16,501,7.84246668206333e-05,4.58903658076155e-05,0.000117091811422501,1.84579190100701e-05,0.000185705326421012,5.29760899061352e-06
"X","jun","weekday",17,501,0.000110732684952138,9.02278423899027e-05,0.000165702690796627,3.63527649002952e-05,0.000235498137405742,1.14833338700486e-05
"X","jun","weekday",18,501,0.000146781881621726,0.00013815257687867,0.000205730197606649,6.16979947370158e-05,0.000285068997391043,2.23491277658637e-05
"X","jun","weekday",19,501,0.00018018488928929,0.000175461762135499,0.000242485605435123,9.82074995387262e-05,0.00032030331112217,4.15687047151229e-05
"X","jun","weekday",20,501,0.000217273538260874,0.000217604989987895,0.000275133646086249,0.000145449463442758,0.000343617356725974,7.6679972243834e-05
"X","jun","weekday",21,501,0.000251635712653923,0.000249225501779557,0.000311169552534829,0.000191416645677366,0.000362759653493858,0.000122934261838988
"X","jun","weekday",22,501,0.000279450091087373,0.000277946822131705,0.000334549609601307,0.000229233418086411,0.000390735493285816,0.000161068847243492
"X","jun","weekday",23,501,0.000304156544596135,0.000300702935716587,0.000346973763243809,0.000256806501443973,0.000412798291162371,0.000197521126091375
"X","jun","weekday",24,501,0.000327570837522271,0.000316739850510503,0.000368028067666473,0.000277738822148262,0.000448429188667437,0.000236155816405986
"X","jun","weekday",25,501,0.000341143392432293,0.000324772829227929,0.000379001102883486,0.000292095605793514,0.000451351483362305,0.00025278389673485
"X","jun","weekday",26,501,0.000351511911473741,0.000332223890309532,0.000382793104491399,0.000297865360447329,0.000455813541926623,0.000270245465718107
"X","jun","weekday",27,501,0.000354509187822986,0.000334520028658503,0.000387462290146492,0.000298746817620868,0.000470591710293623,0.000268513434524024
"X","jun","weekday",28,501,0.000352133271148742,0.000332685722132681,0.000387054128472621,0.000293611645912166,0.000462420175743607,0.000257798425347762
"X","jun","weekday",29,501,0.000342333187202843,0.000319397837618729,0.000374207468555358,0.000280265952157778,0.000465062944830027,0.000240476366676697
"X","jun","weekday",30,501,0.000327208983854631,0.000305726161977443,0.000363652521448052,0.000263819370648164,0.00045930652680194,0.000223957530427951
"X","jun","weekday",31,501,0.000305429998243754,0.000283162916881276,0.000342398853728524,0.000239799292191832,0.000433740363760101,0.000197425913646386
"X","jun","weekday",32,501,0.000273472314720807,0.000255284571511407,0.000316698529725478,0.000208929482865657,0.000394884485929728,0.00016387557292364
"X","jun","weekday",33,501,0.000233281899127247,0.000223132954756214,0.000281225650385517,0.000167443050394502,0.000355412782580565,0.000111663227058872
"X","jun","weekday",34,501,0.000193197421800999,0.000184766329270524,0.000245786346828363,0.000127424802760541,0.000307832153912218,7.13430896331244e-05
"X","jun","weekday",35,501,0.000151108030153606,0.000138727563519194,0.000198045278327316,8.25430038654997e-05,0.000264994217087484,3.84592161263367e-05
"X","jun","weekday",36,501,0.000111900094587777,9.71140093712173e-05,0.00015621266937054,4.65201665476122e-05,0.000216621765824713,1.58909115700246e-05
"X","jun","weekday",37,501,7.85968073716199e-05,6.0188349467358e-05,0.00011710273832829,2.23485205072801e-05,0.00017065506965541,5.26373690580147e-06
"X","jun","weekday",38,501,5.02338731606613e-05,2.98791523054749e-05,7.85837262999657e-05,8.59134973178131e-06,0.000122228118819102,1.36411173466686e-06
"X","jun","weekday",39,501,3.10716717851523e-05,1.0719926197335e-05,4.83979022303284e-05,2.34993220050832e-06,8.72270035777931e-05,7.3973944177233e-08
"X","jun","weekday",40,501,1.65028103510448e-05,3.1402189800937e-06,1.95654823067581e-05,3.7027860386965e-07,4.93873996469562e-05,0
"X","jun","weekday",41,501,6.77552019836466e-06,3.83712289237389e-07,3.80088066349259e-06,0,2.16229685632346e-05,0
"X","jun","weekday",42,501,2.59993294843658e-06,0,2.28842124154798e-07,0,3.12101816226361e-06,0
"X","jun","weekday",43,501,1.67833348582575e-06,0,0,0,1.18171781639138e-07,0
"X","jun","weekday",44,501,1.48213537819651e-06,0,0,0,0,0
"X","jun","weekday",45,501,1.37953381804028e-06,0,0,0,0,0
"X","jun","weekday",46,501,1.27785181973496e-06,0,0,0,0,0
"X","jun","weekday",47,501,1.16976785394246e-06,0,0,0,0,0
"X","jun","weekday",48,501,1.0977123685179e-06,0,0,0,0,0
"X","jun","weekend",1,501,1.03815675951256e-06,0,0,0,0,0
"X","jun","weekend",2,501,1.13728992779528e-06,0,0,0,0,0
"X","jun","weekend",3,501,1.14606291551997e-06,0,0,0,0,0
"X","jun","weekend",4,501,1.00309088708793e-06,0,0,0,0,0
"X","jun","weekend",5,501,8.35054586954655e-07,0,0,0,0,0
"X","jun","weekend",6,501,5.70812776825905e-07,0,0,0,0,0
"X","jun","weekend",7,501,6.40939159336253e-07,0,0,0,0,0
"X","jun","weekend",8,501,6.01691269150518e-07,0,0,0,0,0
"X","jun","weekend",9,501,6.10518410218325e-07,0,0,0,0,0
"X","jun","weekend",10,501,8.0656680680867e-07,0,0,0,0,0
"X","jun","weekend",11,501,1.25967875165556e-06,0,8.5809888171894e-08,0,7.20905493692352e-07,0
"X","jun","weekend",12,501,5.07299868921707e-06,3.86207818327614e-07,2.79345443631187e-06,0,8.73318303719483e-06,0
"X","jun","weekend",13,501,1.41350063338124e-05,3.34712069141684e-06,1.13957350649332e-05,4.63383784073464e-07,4.04226320517144e-05,0
"X","jun","weekend",14,501,2.9659505158197e-05,9.54089894675853e-06,3.82041193742995e-05,2.63642314951698e-06,8.46149267917164e-05,1.55208050110918e-07
"X","jun","weekend",15,501,5.02939339158027e-05,2.41768279880071e-05,7.25603798204112e-05,8.51920669628777e-06,0.000135688940934943,1.1810259312406e-06
"X","jun","weekend",16,501,7.30920514177062e-05,4.36044896518938e-05,0.000108239331645867,1.9033988023569e-05,0.000167190311333702,4.01139920355679e-06
"X","jun","weekend",17,501,0.000101798700447138,8.18473424116678e-05,0.000146105774994382,3.49478010839967e-05,0.00020426046883016,1.09826816159656e-05
"X","jun","weekend",18,501,0.000132048209304653,0.00011775557541209,0.000186614419456097,6.19670885237716e-05,0.000259748295576986,2.3562014404372e-05
"X","jun","weekend",19,501,0.000157237392534408,0.0001459796851421,0.000214582714601492,8.32133074378636e-05,0.000271691976579001,4.19099693971604e-05
"X","jun","weekend",20,501,0.00018131801903571,0.000176873565439372,0.000234631510835754,0.000120436044936558,0.000293634233540602,7.3846191342699e-05
"X","jun","weekend",21,501,0.0002055462387819,0.000200338592774688,0.000255268770589492,0.000143685183378631,0.000318384441134163,9.77544931846395e-05
"X","jun","weekend",22,501,0.000227540667467807,0.000222492215750773,0.000277258506818284,0.000166254581682006,0.000331125137453098,0.000117280137762343
"X","jun","weekend",23,501,0.000243887454794877,0.000236114847121691,0.000292098005690961,0.000191357849651603,0.000348134004163548,0.00014761349656214
"X","jun","weekend",24,501,0.000255787124059956,0.000247725580533752,0.000299879641263361,0.0002034315541142,0.000360161804887325,0.000156912273966151
"X","jun","weekend",25,501,0.000264536647481384,0.000249996281431595,0.000308445610120946,0.000205225981122527,0.000379157750051305,0.000163262814139618
"X","jun","weekend",26,501,0.000274955649305049,0.000258412508269254,0.000316505158466393,0.000216571011901223,0.000388992757192402,0.00017416346771984
"X","jun","weekend",27,501,0.00027949269944417,0.000264095688144934,0.000327783913530023,0.000220111370779265,0.000394472747580182,0.000172668819286871
"X","jun","weekend",28,501,0.000281884895610912,0.000265944999662112,0.000330195072743679,0.00021933389312611,0.000400669415908078,0.000176512681578294
"X","jun","weekend",29,501,0.00027658650825652,0.000258346842089803,0.000326251972606376,0.000210909567903452,0.000407961985557219,0.000176905128631322
"X","jun","weekend",30,501,0.000271823354904479,0.000255472041821284,0.000321894364187752,0.000206259516381335,0.000402319189055935,0.000163093010763459
"X","jun","weekend",31,501,0.00025059553953316,0.00023667729174192,0.000301188171652394,0.000184339776904023,0.000376679449467167,0.000143380471398916
"X","jun","weekend",32,501,0.000224373524771909,0.000209674462875711,0.000278696798388547,0.000161936978673191,0.000350752260852947,0.0001210997147426
"X","jun","weekend",33,501,0.000193239121017918,0.000184301398897501,0.000242275037790467,0.000125931646326887,0.000312312354126522,8.07932603463314e-05
"X","jun","weekend",34,501,0.000163237570337295,0.000150799775997793,0.000207185318042486,9.93784451966576e-05,0.000279752703779003,5.50743671788755e-05
"X","jun","weekend",35,501,0.000128489531488066,0.000115795409919461,0.00016913163491311,6.79432661116368e-05,0.000232636927256554,3.49263663217239e-05
"X","jun","weekend",36,501,9.8645275272074e-05,7.95916582150656e-05,0.000135569370871561,3.87588161843708e-05,0.000192849386766569,1.64326677573532e-05
"X","jun","weekend",37,501,7.12513025509949e-05,4.87591008654625e-05,9.84455108193367e-05,1.878372596465e-05,0.000166182000591651,5.03702112441457e-06
"X","jun","weekend",38,501,4.6509446307447e-05,2.46709872774144e-05,6.54939466577827e-05,7.16857241677953e-06,0.000119369737364846,7.26102755779039e-07
"X","jun","weekend",39,501,2.83586790786192e-05,1.05654971704363e-05,3.95181881245986e-05,1.83300846136367e-06,7.75882710691147e-05,0
"X","jun","weekend",40,501,1.47502981888012e-05,2.98304639646972e-06,1.82866257398321e-05,1.96919949401566e-07,4.37086717301158e-05,0
"X","jun","weekend",41,501,6.2469046113588e-06,3.48894501064337e-07,4.17854268904527e-06,0,1.73218152245298e-05,0
"X","jun","weekend",42,501,2.39579465145428e-06,0,3.88454884867821e-07,0,3.6521502057704e-06,0
"X","jun","weekend",43,501,1.47333054642325e-06,0,0,0,1.48228787285038e-07,0
"X","jun","weekend",44,501,1.30320917595763e-06,0,0,0,0,0
"X","jun","weekend",45,501,1.26424825481032e-06,0,0,0,0,0
"X","jun","weekend",46,501,1.23748637490231e-06,0,0,0,0,0
"X","jun","weekend",47,501,1.1158034830811e-06,0,0,0,0,0
"X","jun","weekend",48,501,8.8337258124037e-07,0,0,0,0,0
"X","mar","weekday",1,501,6.16453132307534e-07,0,0,0,0,0
"X","mar","weekday",2,501,5.32215739584081e-07,0,0,0,0,0
"X","mar","weekday",3,501,3.84617895243784e-07,0,0,0,0,0
"X","mar","weekday",4,501,2.89531902402684e-07,0,0,0,0,0
"X","mar","weekday",5,501,2.12165506411307e-07,0,0,0,0,0
"X","mar","weekday",6,501,1.72048273367484e-07,0,0,0,0,0
"X","mar","weekday",7,501,1.21936402430022e-07,0,0,0,0,0
"X","mar","weekday",8,501,9.07408782048954e-08,0,0,0,0,0
"X","mar","weekday",9,501,1.09470836149584e-07,0,0,0,0,0
"X","mar","weekday",10,501,1.10038368701354e-07,0,0,0,0,0
"X","mar","weekday",11,501,1.65017433465951e-07,0,0,0,0,0
"X","mar","weekday",12,501,2.20961061866268e-07,0,0,0,0,0
"X","mar","weekday",13,501,4.39069929883395e-07,0,0,0,8.77717496553703e-08,0
"X","mar","weekday",14,501,2.32207347887991e-06,1.39054258422853e-07,1.69620163675349e-06,0,6.08908396949014e-06,0
"X","mar","weekday",15,501,1.0795722606813e-05,2.51263422932278e-06,1.41638408232654e-05,8.73019570142628e-08,3.33187571898784e-05,0
"X","mar","weekday",16,501,2.70585980375014e-05,1.21491565583778e-05,4.2391483410183e-05,2.26464468096415e-06,7.12896671083622e-05,1.32577082843815e-07
"X","mar","weekday",17,501,5.0733358427209e-05,3.62224168714052e-05,8.06337382966334e-05,9.32333289089067e-06,0.000116477719050451,1.33291574552551e-06
"X","mar","weekday",18,501,8.01272498414312e-05,7.10881191129544e-05,0.000120808407010754,2.92463208690453e-05,0.000166066973407697,5.08139414324618e-06
"X","mar","weekday",19,501,0.000113128294528168,0.000110170226887284,0.000159486572360736,5.39038961327211e-05,0.00021220239771135,1.21733669402828e-05
"X","mar","weekday",20,501,0.000145578483509893,0.000152371817679403,0.000196457577996846,9.7443666971542e-05,0.000238744638583873,3.11101148805919e-05
"X","mar","weekday",21,501,0.000176525435541086,0.000182955280973272,0.00022880111214255,0.000129710016286721,0.000266191136066416,5.8556722090472e-05
"X","mar","weekday",22,501,0.000204787137065974,0.000214058947994354,0.000259545354656202,0.000160756488609816,0.000297095869375741,8.6171678766215e-05
"X","mar","weekday",23,501,0.000227477825222805,0.00022896034448903,0.000274946827219226,0.000184954719751012,0.000318541027184274,0.000132275620110277
"X","mar","weekday",24,501,0.000242197417490556,0.000245795135587958,0.000278676916045931,0.00020775031020478,0.000328634110074509,0.00014651631322224
"X","mar","weekday",25,501,0.000245380832377559,0.00024684671204871,0.0002793939925758,0.000213377397005904,0.000335237833117212,0.000160969925837997
"X","mar","weekday",26,501,0.000239602828492387,0.000239462267937624,0.00027338400105676,0.000208018967620293,0.000325519967382265,0.000157819681293595
"X","mar","weekday",27,501,0.000230436923966629,0.000230415321089276,0.000267857310256917,0.000196430918687935,0.000306563771598908,0.000145636841303362
"X","mar","weekday",28,501,0.000217380834813026,0.000217774835655297,0.000254794826588607,0.000181094952846152,0.000302345756838298,0.000136822715879898
"X","mar","weekday",29,501,0.000194523596086542,0.000196840224650163,0.000237662368222503,0.000154034387637858,0.000274377641070455,0.000102302305932095
"X","mar","weekday",30,501,0.000166285944411107,0.000165873901939587,0.000211689341571924,0.000120894592828714,0.000244319948537296,6.4088815408186e-05
"X","mar","weekday",31,501,0.000133374479529601,0.000134722633437408,0.000179345725486166,8.76480125673962e-05,0.000211816543736234,3.01566239890139e-05
"X","mar","weekday",32,501,0.000100731498599818,9.74440441834932e-05,0.000142355834697776,5.17006176221432e-05,0.000176227268847382,2.01435486735937e-05
"X","mar","weekday",33,501,6.87716744849088e-05,5.79964003511415e-05,0.000102061286463388,2.53793145877174e-05,0.000135601875228544,7.21290850677226e-06
"X","mar","weekday",34,501,4.02977169891667e-05,2.7280826976379e-05,5.8123646669896e-05,1.00798288028417e-05,9.01947448533754e-05,2.81236616544072e-06
"X","mar","weekday",35,501,1.91796942617905e-05,1.13642003186595e-05,2.51417200937199e-05,3.08060431733493e-06,4.47717756894524e-05,3.22300923134149e-07
"X","mar","weekday",36,501,8.31373246602948e-06,3.65747160993949e-06,9.25451039786656e-06,8.23431206368717e-07,1.866854225414e-05,0
"X","mar","weekday",37,501,4.26036795154995e-06,7.25042907155573e-07,3.80455198006172e-06,0,9.91716485893905e-06,0
"X","mar","weekday",38,501,2.30034321407304e-06,1.9215910471498e-08,6.1749548233239e-07,0,2.8031204938456e-06,0
"X","mar","weekday",39,501,1.44130948623887e-06,0,0,0,2.58777512696378e-07,0
"X","mar","weekday",40,501,1.11228457999733e-06,0,0,0,0,0
"X","mar","weekday",41,501,1.00205486343164e-06,0,0,0,0,0
"X","mar","weekday",42,501,9.09488318362666e-07,0,0,0,0,0
"X","mar","weekday",43,501,9.53861380659758e-07,0,0,0,0,0
"X","mar","weekday",44,501,8.6264521256071e-07,0,0,0,0,0
"X","mar","weekday",45,501,6.43369019734232e-07,0,0,0,0,0
"X","mar","weekday",46,501,6.44201232097558e-07,0,0,0,0,0
"X","mar","weekday",47,501,5.42446641637907e-07,0,0,0,0,0
"X","mar","weekday",48,501,5.32958671738417e-07,0,0,0,0,0
"X","mar","weekend",1,501,7.55076133920366e-07,0,0,0,0,0
"X","mar","weekend",2,501,5.44938166758183e-07,0,0,0,0,0
"X","mar","weekend",3,501,3.77013233902573e-07,0,0,0,0,0
"X","mar","weekend",4,501,3.44568098142983e-07,0,0,0,0,0
"X","mar","weekend",5,501,3.40170641292511e-07,0,0,0,0,0
"X","mar","weekend",6,501,2.96054729571375e-07,0,0,0,0,0
"X","mar","weekend",7,501,1.88370488032135e-07,0,0,0,0,0
"X","mar","weekend",8,501,1.737699211257e-07,0,0,0,0,0
"X","mar","weekend",9,501,1.06074355468228e-07,0,0,0,0,0
"X","mar","weekend",10,501,9.69702621116627e-08,0,0,0,0,0
"X","mar","weekend",11,501,1.17591572634928e-07,0,0,0,0,0
"X","mar","weekend",12,501,2.23321203875057e-07,0,0,0,0,0
"X","mar","weekend",13,501,7.35785829832779e-07,0,0,0,2.68222417625885e-07,0
"X","mar","weekend",14,501,4.14419961428054e-06,1.70574838587304e-07,2.49187347139904e-06,0,1.25379117939265e-05,0
"X","mar","weekend",15,501,1.617539612465e-05,3.26442149910132e-06,2.06970826086731e-05,9.86689641973893e-08,4.68774018576458e-05,0
"X","mar","weekend",16,501,3.75040350236295e-05,1.64743747399866e-05,5.82901905254832e-05,2.35399122178967e-06,9.8616315994226e-05,0
"X","mar","weekend",17,501,6.76676882331716e-05,5.16471127699904e-05,0.000106352771158879,1.01259477186399e-05,0.000152740933367719,7.46440739831051e-07
"X","mar","weekend",18,501,0.000102088747528689,9.1115532784667e-05,0.000149076481136966,3.1186315392111e-05,0.000204920425590462,4.36039437507785e-06
"X","mar","weekend",19,501,0.000137121657640582,0.000132412086530326,0.0001952179566865,6.88266202548253e-05,0.000253853642846022,1.26611773834248e-05
"X","mar","weekend",20,501,0.000175245435492164,0.000174978471136615,0.00023671026765287,0.000112841100220955,0.000288104834120682,3.16740630548676e-05
"X","mar","weekend",21,501,0.000209218101453336,0.000211689613709657,0.000271830163697277,0.000146181227441867,0.000332133611135615,6.00642508902281e-05
"X","mar","weekend",22,501,0.000237221298321471,0.000241352713235634,0.000298257365422272,0.000174462623359667,0.000357718059301209,0.000101070725896793
"X","mar","weekend",23,501,0.000261332970541413,0.000261768687845613,0.000317212803278801,0.000201775358818046,0.000389207604212809,0.000131213663259884
"X","mar","weekend",24,501,0.000280149664455818,0.000274706755184498,0.000338709539164234,0.000220054811359836,0.000400698246117805,0.00015533844581452
"X","mar","weekend",25,501,0.000282793536626246,0.000283552881591666,0.000339260838176842,0.00022155231634651,0.000399515188636768,0.000162271346557277
"X","mar","weekend",26,501,0.000281385106672883,0.000278325255912579,0.000337301006639929,0.000220165535543473,0.000407247392475905,0.000154335256290934
"X","mar","weekend",27,501,0.000282463628923083,0.000278852446574246,0.000341132167456115,0.000221337189162654,0.000403120981306521,0.000156193126025532
"X","mar","weekend",28,501,0.00026478673434069,0.000263617291321244,0.000326681679914058,0.000204310090353599,0.000380391513614834,0.000134467372533603
"X","mar","weekend",29,501,0.000244080705482572,0.000247426227869805,0.000310019701298203,0.000178372491796534,0.000364905090554179,0.000107338897350975
"X","mar","weekend",30,501,0.000214780109541941,0.000218700967001666,0.000282613868756464,0.000144483743128796,0.000344861371182359,6.82327389926853e-05
"X","mar","weekend",31,501,0.00017459161600199,0.000175994371540184,0.000244531394095508,9.68139657524576e-05,0.000299559258902362,3.46120724732449e-05
"X","mar","weekend",32,501,0.0001347624079128,0.00012783600755711,0.000189004385551103,5.93086586774191e-05,0.000261115362107458,1.32319004798252e-05
"X","mar","weekend",33,501,9.25485789032352e-05,7.94824735558002e-05,0.000140670694019594,2.6669966429279e-05,0.00020121427228858,5.16300736177267e-06
"X","mar","weekend",34,501,5.40923728935215e-05,3.55577309763019e-05,8.1983458433463e-05,8.73882064675347e-06,0.000133406731641533,1.05298447853118e-06
"X","mar","weekend",35,501,2.59921398285384e-05,1.3286386720296e-05,3.78924551822467e-05,1.7766192649073e-06,6.788858765245e-05,0
"X","mar","weekend",36,501,1.10039896727417e-05,2.78827568403599e-06,1.42809578114209e-05,5.99550843483649e-08,2.66588513036668e-05,0
"X","mar","weekend",37,501,5.33628379901227e-06,7.96767204897757e-08,3.85852534713956e-06,0,1.40540273237097e-05,0
"X","mar","weekend",38,501,2.73536228540585e-06,0,2.3372695989394e-07,0,2.73404319619281e-06,0
"X","mar","weekend",39,501,1.88575675966423e-06,0,0,0,1.33719819387052e-07,0
"X","mar","weekend",40,501,1.72845348889144e-06,0,0,0,0,0
"X","mar","weekend",41,501,1.50182532311583e-06,0,0,0,0,0
"X","mar","weekend",42,501,1.27759491026884e-06,0,0,0,0,0
"X","mar","weekend",43,501,1.18873025204941e-06,0,0,0,0,0
"X","mar","weekend",44,501,1.03100096828584e-06,0,0,0,0,0
"X","mar","weekend",45,501,9.00842437392805e-07,0,0,0,0,0
"X","mar","weekend",46,501,8.1150015429572e-07,0,0,0,0,0
"X","mar","weekend",47,501,7.17764333390788e-07,0,0,0,0,0
"X","mar","weekend",48,501,5.91652516232629e-07,0,0,0,0,0
"X","may","weekday",1,501,1.27522755881708e-06,0,0,0,0,0
"X","may","weekday",2,501,1.26010384045927e-06,0,0,0,0,0
"X","may","weekday",3,501,1.13026295693906e-06,0,0,0,0,0
"X","may","weekday",4,501,1.0360329193856e-06,0,0,0,0,0
"X","may","weekday",5,501,9.69004199852944e-07,0,0,0,0,0
"X","may","weekday",6,501,8.19844001233038e-07,0,0,0,0,0
"X","may","weekday",7,501,7.6569201990339e-07,0,0,0,0,0
"X","may","weekday",8,501,5.69423501036447e-07,0,0,0,0,0
"X","may","weekday",9,501,4.92480173911086e-07,0,0,0,0,0
"X","may","weekday",10,501,3.27518939480659e-07,0,0,0,0,0
"X","may","weekday",11,501,4.0133279585114e-07,0,0,0,1.72173638029809e-07,0
"X","may","weekday",12,501,1.47199023345054e-06,7.53880176924659e-08,7.75761008353891e-07,0,3.19711866145025e-06,0
"X","may","weekday",13,501,6.12479958307674e-06,1.59512909916217e-06,6.44142652750719e-06,1.70836441623789e-07,1.67748729230678e-05,0
"X","may","weekday",14,501,1.64727440924734e-05,7.21354669412056e-06,2.01810455652764e-05,1.66461367371924e-06,4.87198931552566e-05,1.39122219590612e-07
"X","may","weekday",15,501,3.0898296579155e-05,1.79037271691993e-05,4.52801917138896e-05,6.70785061165909e-06,7.4847946660542e-05,1.18704544246255e-06
"X","may","weekday",16,501,5.15125312645769e-05,3.73776484654755e-05,7.18169977142041e-05,1.53855480739461e-05,0.000112789559724462,4.44223232854442e-06
"X","may","weekday",17,501,7.66868696268195e-05,6.25088186169016e-05,0.000106798470854399,3.19132292184106e-05,0.000154410843637432,1.12012989848647e-05
"X","may","weekday",18,501,0.000105006914755299,9.80248030408499e-05,0.000144930624827667,5.76261598221424e-05,0.000197168963489195,1.84022415001107e-05
"X","may","weekday",19,501,0.000133723143048442,0.000133169104690872,0.000178107654075964,8.69956627004584e-05,0.000216545086573354,3.66019073231749e-05
"X","may","weekday",20,501,0.000163624669974169,0.000164974852433385,0.000207044218853992,0.00011717852709202,0.000243997938633806,7.19803265991592e-05
"X","may","weekday",21,501,0.000194738053065477,0.000196126451611092,0.000232320001975585,0.00015512883841287,0.000277698739007891,0.00010660682211
"X","may","weekday",22,501,0.000225571197248694,0.000225990581596766,0.000261876419911361,0.000188984400513623,0.000305853116395485,0.000136800922748983
"X","may","weekday",23,501,0.000246935278212078,0.00024498058934499,0.000283171892814626,0.000210158543416202,0.000335544408905074,0.000152362053698022
"X","may","weekday",24,501,0.00026868348665225,0.00026464060208178,0.000304914205159627,0.000231963328781568,0.000350127479254269,0.000180662953370887
"X","may","weekday",25,501,0.000281896422404098,0.000276079117302846,0.00031782146213328,0.000241583209633773,0.000371236551164326,0.000201275234719436
"X","may","weekday",26,501,0.000292564057552035,0.000286681170661404,0.000329153675104415,0.000248721997606127,0.000385083508523666,0.000213691958812484
"X","may","weekday",27,501,0.000299036406869645,0.000289747002297813,0.000333632438591591,0.000258193844573744,0.000404300343249483,0.000220089548061172
"X","may","weekday",28,501,0.00030109210268036,0.000292540633781159,0.000336880661747324,0.000255380997267084,0.000402868778518149,0.00021937323271997
"X","may","weekday",29,501,0.000296494016485719,0.000286608276991496,0.0003387234738883,0.000248115564726019,0.000393384414619988,0.000213081889490878
"X","may","weekday",30,501,0.000283677112681563,0.000272800576047881,0.000326408209887075,0.000230251082580203,0.000390456806688278,0.000196323201549519
"X","may","weekday",31,501,0.000262831923582091,0.000258792997040543,0.000307100167839809,0.000211391529066085,0.000375518044799093,0.000171053439923732
"X","may","weekday",32,501,0.000233422011313345,0.000228585799871332,0.000278773052543462,0.000181530270015528,0.000353715578790039,0.000136766912483069
"X","may","weekday",33,501,0.000197171226328767,0.000192218932685466,0.000243248016017824,0.000139828249620876,0.000306225453071952,9.85671116510369e-05
"X","may","weekday",34,501,0.000158904672521694,0.000152735099143232,0.000203214946683355,0.000105536119670342,0.000252875879822558,5.89480255561498e-05
"X","may","weekday",35,501,0.000120513939743827,0.000110412163750559,0.000162876375682233,6.63603817154368e-05,0.000217780361349719,2.89209590882185e-05
"X","may","weekday",36,501,8.75195319374123e-05,7.63840359058893e-05,0.000125130861639338,3.43150173915993e-05,0.000173173620070697,1.20913222210257e-05
"X","may","weekday",37,501,5.74379607049563e-05,4.14442692427195e-05,8.9079232428492e-05,1.52069623551268e-05,0.000130354174240964,2.8763009448353e-06
"X","may","weekday",38,501,3.54930301572792e-05,1.93906911317167e-05,5.33366251098056e-05,5.22205383228654e-06,9.70335382575789e-05,3.60037151588191e-07
"X","may","weekday",39,501,2.02263760308269e-05,5.70806063520994e-06,2.76115785384843e-05,8.40343458218917e-07,5.84304525972516e-05,0
"X","may","weekday",40,501,8.95069427915065e-06,1.22520314565389e-06,7.606280247169e-06,2.89270862595519e-08,2.58280146864443e-05,0
"X","may","weekday",41,501,3.69716017997668e-06,2.08099779557347e-08,9.36680083793105e-07,0,5.11957086796391e-06,0
"X","may","weekday",42,501,2.37467536425037e-06,0,0,0,3.91579708059556e-07,0
"X","may","weekday",43,501,1.98156740074079e-06,0,0,0,0,0
"X","may","weekday",44,501,1.8691422794075e-06,0,0,0,0,0
"X","may","weekday",45,501,1.69183032746429e-06,0,0,0,0,0
"X","may","weekday",46,501,1.56439396207776e-06,0,0,0,0,0
"X","may","weekday",47,501,1.38320668124686e-06,0,0,0,0,0
"X","may","weekday",48,501,1.35158264506779e-06,0,0,0,0,0
"X","may","weekend",1,501,1.57824352903452e-06,0,0,0,0,0
"X","may","weekend",2,501,1.76970732979833e-06,0,0,0,0,0
"X","may","weekend",3,501,1.49294975484145e-06,0,0,0,0,0
"X","may","weekend",4,501,1.47972626466445e-06,0,0,0,0,0
"X","may","weekend",5,501,1.26257044764082e-06,0,0,0,0,0
"X","may","weekend",6,501,1.18749546332651e-06,0,0,0,0,0
"X","may","weekend",7,501,1.02304663211085e-06,0,0,0,0,0
"X","may","weekend",8,501,7.46331367028988e-07,0,0,0,0,0
"X","may","weekend",9,501,5.06266615958318e-07,0,0,0,0,0
"X","may","weekend",10,501,4.25328230277599e-07,0,0,0,0,0
"X","may","weekend",11,501,5.69891620546361e-07,0,0,0,2.246921231475e-07,0
"X","may","weekend",12,501,2.21389909896393e-06,6.07353288587692e-08,1.01450620164289e-06,0,5.99060987424212e-06,0
"X","may","weekend",13,501,7.62702546380911e-06,2.06204170779361e-06,7.1132859378975e-06,1.78750238453926e-07,2.19331284677776e-05,0
"X","may","weekend",14,501,2.02422025532771e-05,8.53897697888079e-06,2.52142639981546e-05,1.86032134074292e-06,5.96538996182531e-05,0
"X","may","weekend",15,501,3.86012582233108e-05,2.3009330599881e-05,5.48434276403471e-05,7.29027256993679e-06,9.8491206816294e-05,8.27490503742283e-07
"X","may","weekend",16,501,6.35127275830947e-05,4.35698144325773e-05,9.40207034366875e-05,1.90003259145507e-05,0.000144948411768995,4.91649144298366e-06
"X","may","weekend",17,501,9.4028144416916e-05,7.63908643721374e-05,0.000136344254883171,3.67350855532073e-05,0.000184992037286354,1.04960082985288e-05
"X","may","weekend",18,501,0.000127986096902567,0.000118808487131964,0.000178718081971304,6.13215875862996e-05,0.000240912205253095,1.8514196363946e-05
"X","may","weekend",19,501,0.000159853920484664,0.000150740765678397,0.000208331075950378,9.32627173156862e-05,0.000273546890954437,3.73485320500697e-05
"X","may","weekend",20,501,0.000190945939053294,0.000182815875170004,0.000236637546852842,0.000124679189804034,0.00031793902318642,6.6855832355264e-05
"X","may","weekend",21,501,0.00022238973534729,0.000217235816076261,0.000275891778561162,0.000166782564937175,0.000336526032660969,0.000108763175567767
"X","may","weekend",22,501,0.00025341036883216,0.000253134310394833,0.000299324411162205,0.000201762720063089,0.000370258802573385,0.000143930262039708
"X","may","weekend",23,501,0.000277816332896878,0.000273492573506061,0.000324427115219887,0.000225885403145985,0.000387705125037826,0.000163387907796817
"X","may","weekend",24,501,0.000300128065425771,0.000291881536242051,0.000343523244319518,0.000251852325927376,0.000399788180140369,0.000199391046218163
"X","may","weekend",25,501,0.00031232650917722,0.00030550180508408,0.000358830973709031,0.000261349447949705,0.000417805438996272,0.000218286189719575
"X","may","weekend",26,501,0.000319883121171139,0.000311233977602848,0.00036005926595031,0.00027089853905371,0.000430710850370985,0.000223222394579831
"X","may","weekend",27,501,0.000319145874584401,0.000307365844862964,0.000359641123331304,0.000269781255326708,0.000425395808828396,0.000229050358519707
"X","may","weekend",28,501,0.000320224436348039,0.000304509575116804,0.000368094314738651,0.000264254337729415,0.000431558473381264,0.000233497415619858
"X","may","weekend",29,501,0.000311882527336747,0.000297174597877702,0.000354620945373435,0.000256960594548339,0.000413907188580297,0.000219717489900313
"X","may","weekend",30,501,0.000296573031967305,0.000279501846464007,0.000340426560229044,0.000236519310355919,0.000414251889846776,0.000194739817469609
"X","may","weekend",31,501,0.00027034039651992,0.000257457386696732,0.000320049460631223,0.000203166859448768,0.000384562664968954,0.000166750763618411
"X","may","weekend",32,501,0.000241784077437342,0.000228001685660087,0.000290407803509104,0.00018280093533926,0.000361742246932928,0.00012598716159091
"X","may","weekend",33,501,0.000203781084410756,0.00019498483403373,0.000248881946696754,0.000142936125379406,0.000316095141835053,9.62559224082648e-05
"X","may","weekend",34,501,0.000164707602326388,0.000154651687319015,0.000207942497615495,0.000101923993880754,0.000273654150294599,6.1075267654846e-05
"X","may","weekend",35,501,0.000124891195180443,0.000114737906937124,0.000165897295706924,6.17569491800492e-05,0.000231343927862737,2.92077280444913e-05
"X","may","weekend",36,501,8.75906759439304e-05,7.3020361379179e-05,0.000123379563800769,3.08046668041914e-05,0.000178396301880682,1.26875054162145e-05
"X","may","weekend",37,501,5.93118551312868e-05,4.11884096497701e-05,8.76681313922882e-05,1.43548907676203e-05,0.000141280732007049,2.73275195209796e-06
"X","may","weekend",38,501,3.79209713538177e-05,1.88787206343889e-05,5.59659995306038e-05,5.02953028597776e-06,0.000101362139640354,3.85729207373152e-09
"X","may","weekend",39,501,2.20239271059442e-05,5.42148878158465e-06,2.89257559197738e-05,1.02143359118063e-06,6.3596530601042e-05,0
"X","may","weekend",40,501,9.29501857103625e-06,8.42082696674662e-07,6.97068750250083e-06,0,2.55435063443036e-05,0
"X","may","weekend",41,501,3.8932267992936e-06,0,8.11391241747729e-07,0,5.65316913802347e-06,0
"X","may","weekend",42,501,2.55952470348614e-06,0,0,0,5.02274564305569e-07,0
"X","may","weekend",43,501,2.32849602329319e-06,0,0,0,0,0
"X","may","weekend",44,501,2.31018632296909e-06,0,0,0,0,0
"X","may","weekend",45,501,2.05488142119436e-06,0,0,0,0,0
"X","may","weekend",46,501,2.01423215837728e-06,0,0,0,0,0
"X","may","weekend",47,501,1.67970043332146e-06,0,0,0,0,0
"X","may","weekend",48,501,1.57190964223933e-06,0,0,0,0,0
"X","nov","weekday",1,501,2.13676997452682e-07,0,0,0,0,0
"X","nov","weekday",2,501,3.15480601241711e-07,0,0,0,0,0
"X","nov","weekday",3,501,2.30480865085849e-07,0,0,0,0,0
"X","nov","weekday",4,501,1.64651302601451e-07,0,0,0,0,0
"X","nov","weekday",5,501,3.12460674242948e-07,0,0,0,0,0
"X","nov","weekday",6,501,1.73789852515919e-07,0,0,0,0,0
"X","nov","weekday",7,501,2.38942771382286e-07,0,0,0,0,0
"X","nov","weekday",8,501,1.85524938671784e-07,0,0,0,0,0
"X","nov","weekday",9,501,2.31291247325979e-07,0,0,0,0,0
"X","nov","weekday",10,501,1.98169498758071e-07,0,0,0,0,0
"X","nov","weekday",11,501,2.7749916582885e-07,0,0,0,0,0
"X","nov","weekday",12,501,2.1637229108486e-07,0,0,0,0,0
"X","nov","weekday",13,501,3.11762648777452e-07,0,0,0,0,0
"X","nov","weekday",14,501,2.75474418395978e-07,0,0,0,0,0
"X","nov","weekday",15,501,3.88467335137393e-07,0,0,0,5.36746911935759e-08,0
"X","nov","weekday",16,501,1.8008525645903e-06,2.03271064844202e-08,1.15049908772945e-06,0,5.08390999803785e-06,0
"X","nov","weekday",17,501,7.43431523195427e-06,1.65510921631303e-06,9.93308282047429e-06,7.16879825969255e-08,2.32630024208729e-05,0
"X","nov","weekday",18,501,1.97780070162372e-05,1.11585881420313e-05,3.0403492728935e-05,1.50224071645195e-06,5.26299636073603e-05,1.15436129139551e-08
"X","nov","weekday",19,501,3.69147515201619e-05,2.77518612498322e-05,5.88919171802484e-05,7.1409084378599e-06,8.42176880352497e-05,9.42711627397182e-07
"X","nov","weekday",20,501,5.64398377192895e-05,4.97933748342454e-05,8.79142023590599e-05,2.03823929548603e-05,0.000116171822521114,3.93412222157944e-06
"X","nov","weekday",21,501,7.42629172227174e-05,7.12683716241294e-05,0.000108759416697562,3.51471898752523e-05,0.000137559619659341,9.41992561422168e-06
"X","nov","weekday",22,501,8.88184916003771e-05,8.96016006219133e-05,0.000120256588349611,5.12338731667258e-05,0.000158946198594015,1.58137769691612e-05
"X","nov","weekday",23,501,9.85356146957377e-05,9.9383812681492e-05,0.000133801741151815,6.16023571487665e-05,0.000164229456397299,2.47504056833523e-05
"X","nov","weekday",24,501,9.99752780138766e-05,0.000102606653271862,0.000134383481049778,6.40026442115246e-05,0.000163101544942834,2.73145351405151e-05
"X","nov","weekday",25,501,9.30272962163581e-05,9.38425776258188e-05,0.000127543238985975,6.11198535438127e-05,0.000154647729288211,2.60660598339573e-05
"X","nov","weekday",26,501,8.24886701834422e-05,8.31900895584712e-05,0.000115416047527301,4.91775563343644e-05,0.000137922225675025,1.74104481094763e-05
"X","nov","weekday",27,501,6.82702989071677e-05,6.9744372310212e-05,9.61862980123016e-05,3.77296786124537e-05,0.000116849761196215,1.11799714304537e-05
"X","nov","weekday",28,501,5.40683371243634e-05,5.40500867255513e-05,7.52550330295363e-05,2.61341946193958e-05,0.000100650952971971,5.78304695585928e-06
"X","nov","weekday",29,501,3.78205254299072e-05,3.46914672851309e-05,5.49756125553536e-05,1.30026260287679e-05,7.62435577718657e-05,2.02534826079068e-06
"X","nov","weekday",30,501,2.21104909767567e-05,1.61569841419079e-05,3.39438307122531e-05,4.58753438236904e-06,5.43674828922208e-05,2.36112213823759e-07
"X","nov","weekday",31,501,9.45316359270961e-06,3.64972606488e-06,1.35241957979096e-05,5.66003880472623e-07,2.42612157208433e-05,0
"X","nov","weekday",32,501,2.9187262174523e-06,2.20621993358391e-07,2.12725200106693e-06,0,7.10469639588447e-06,0
"X","nov","weekday",33,501,1.83657307986381e-06,0,1.99909247253621e-08,0,4.36789784695472e-07,0
"X","nov","weekday",34,501,1.66664805436265e-06,0,0,0,0,0
"X","nov","weekday",35,501,9.38660259134916e-07,0,0,0,0,0
"X","nov","weekday",36,501,6.03429012861091e-07,0,0,0,0,0
"X","nov","weekday",37,501,5.95724549731616e-07,0,0,0,0,0
"X","nov","weekday",38,501,6.56255442909495e-07,0,0,0,0,0
"X","nov","weekday",39,501,6.634777906963e-07,0,0,0,0,0
"X","nov","weekday",40,501,5.12831588102731e-07,0,0,0,0,0
"X","nov","weekday",41,501,5.71024601224283e-07,0,0,0,0,0
"X","nov","weekday",42,501,5.09141702729757e-07,0,0,0,0,0
"X","nov","weekday",43,501,5.045173219472e-07,0,0,0,0,0
"X","nov","weekday",44,501,4.40741763006974e-07,0,0,0,0,0
"X","nov","weekday",45,501,4.33938298023498e-07,0,0,0,0,0
"X","nov","weekday",46,501,4.52999390877871e-07,0,0,0,0,0
"X","nov","weekday",47,501,3.45166113324121e-07,0,0,0,0,0
"X","nov","weekday",48,501,1.64797079737771e-07,0,0,0,0,0
"X","nov","weekend",1,501,2.54595670240132e-07,0,0,0,0,0
"X","nov","weekend",2,501,2.97447384397985e-07,0,0,0,0,0
"X","nov","weekend",3,501,2.35761298486273e-07,0,0,0,0,0
"X","nov","weekend",4,501,1.45190528861212e-07,0,0,0,0,0
"X","nov","weekend",5,501,2.77533745485398e-07,0,0,0,0,0
"X","nov","weekend",6,501,2.56394176222981e-07,0,0,0,0,0
"X","nov","weekend",7,501,2.69080853888996e-07,0,0,0,0,0
"X","nov","weekend",8,501,1.91970361362022e-07,0,0,0,0,0
"X","nov","weekend",9,501,3.30788272634778e-07,0,0,0,0,0
"X","nov","weekend",10,501,2.89924353437578e-07,0,0,0,0,0
"X","nov","weekend",11,501,2.13223745211261e-07,0,0,0,0,0
"X","nov","weekend",12,501,2.15332412061076e-07,0,0,0,0,0
"X","nov","weekend",13,501,2.59167544464643e-07,0,0,0,0,0
"X","nov","weekend",14,501,2.24027044604911e-07,0,0,0,0,0
"X","nov","weekend",15,501,1.84457059493915e-07,0,0,0,0,0
"X","nov","weekend",16,501,4.62801647513986e-07,0,0,0,4.34418524135468e-07,0
"X","nov","weekend",17,501,3.03177015359658e-06,4.03855620338059e-07,2.79443495194809e-06,0,8.59233321808011e-06,0
"X","nov","weekend",18,501,1.17912887514266e-05,4.58436795524507e-06,1.64395539725388e-05,3.78816396398417e-07,3.49262557672413e-05,0
"X","nov","weekend",19,501,2.48597333973401e-05,1.68387586276259e-05,3.73349188311159e-05,3.63593248715078e-06,6.33411063806938e-05,1.96360294696019e-07
"X","nov","weekend",20,501,4.21404497685645e-05,3.64312623270734e-05,6.44994321667805e-05,1.07393107579656e-05,9.27055435302476e-05,1.70439446515812e-06
"X","nov","weekend",21,501,5.64988512974133e-05,5.05031635283593e-05,8.45895496933965e-05,2.22186922214278e-05,0.000111926400936692,2.90408676346646e-06
"X","nov","weekend",22,501,6.93141975533068e-05,6.50207573903382e-05,9.92950690312926e-05,3.16550858249989e-05,0.000131465857012957,7.96116282287232e-06
"X","nov","weekend",23,501,7.78549970430861e-05,7.61220788469204e-05,0.00010815854484715,4.4164462554949e-05,0.000144257964953217,1.46059266991494e-05
"X","nov","weekend",24,501,8.19903314075945e-05,8.03352650703758e-05,0.000114094809228607,4.34282821326334e-05,0.000148952242015582,1.23887413888349e-05
"X","nov","weekend",25,501,7.47797742891911e-05,7.0274932881581e-05,0.000104069541538444,3.98513117483886e-05,0.000135229819370075,7.88090745229931e-06
"X","nov","weekend",26,501,6.66619896932356e-05,5.9937205265645e-05,9.33036709621488e-05,3.17766337788642e-05,0.000127521752692428,9.55740096876335e-06
"X","nov","weekend",27,501,5.59041541407582e-05,4.67864990362806e-05,8.08068305752139e-05,2.29372478105361e-05,0.000114239642863342,5.57287328061344e-06
"X","nov","weekend",28,501,4.4346416777603e-05,3.53653595393806e-05,6.42975298790725e-05,1.51891933583678e-05,0.000103571907151332,2.47436893766683e-06
"X","nov","weekend",29,501,3.00391359145839e-05,2.33792718069123e-05,4.27605207088741e-05,6.17050326285382e-06,7.074921015675e-05,4.76511724568574e-07
"X","nov","weekend",30,501,1.66475010995935e-05,8.43537075271664e-06,2.29517295257962e-05,1.38679836541316e-06,4.3927894580443e-05,0
"X","nov","weekend",31,501,5.98176121924257e-06,1.16901578393625e-06,5.89115386551759e-06,0,1.56444554439353e-05,0
"X","nov","weekend",32,501,1.77841303150132e-06,0,3.4621835701065e-07,0,1.97458143080149e-06,0
"X","nov","weekend",33,501,1.70979752711481e-06,0,0,0,0,0
"X","nov","weekend",34,501,1.64293017779998e-06,0,0,0,0,0
"X","nov","weekend",35,501,8.51984497678097e-07,0,0,0,0,0
"X","nov","weekend",36,501,4.6946749118296e-07,0,0,0,0,0
"X","nov","weekend",37,501,5.09447472768318e-07,0,0,0,0,0
"X","nov","weekend",38,501,6.07052981364832e-07,0,0,0,0,0
"X","nov","weekend",39,501,6.55536398737371e-07,0,0,0,0,0
"X","nov","weekend",40,501,6.19438694730747e-07,0,0,0,0,0
"X","nov","weekend",41,501,6.33622057274687e-07,0,0,0,0,0
"X","nov","weekend",42,501,5.86198991317789e-07,0,0,0,0,0
"X","nov","weekend",43,501,4.40402736658454e-07,0,0,0,0,0
"X","nov","weekend",44,501,4.21477961661732e-07,0,0,0,0,0
"X","nov","weekend",45,501,4.51269700219225e-07,0,0,0,0,0
"X","nov","weekend",46,501,4.15936003147147e-07,0,0,0,0,0
"X","nov","weekend",47,501,3.65619671591747e-07,0,0,0,0,0
"X","nov","weekend",48,501,2.4840901278276e-07,0,0,0,0,0
"X","oct","weekday",1,501,3.95280398106872e-07,0,0,0,0,0
"X","oct","weekday",2,501,3.42664010941058e-07,0,0,0,0,0
"X","oct","weekday",3,501,2.56607383237253e-07,0,0,0,0,0
"X","oct","weekday",4,501,2.74498032441829e-07,0,0,0,0,0
"X","oct","weekday",5,501,1.41496178989305e-07,0,0,0,0,0
"X","oct","weekday",6,501,1.27164905775461e-07,0,0,0,0,0
"X","oct","weekday",7,501,1.81223105071711e-07,0,0,0,0,0
"X","oct","weekday",8,501,1.38140443627617e-07,0,0,0,0,0
"X","oct","weekday",9,501,1.09162710874262e-07,0,0,0,0,0
"X","oct","weekday",10,501,1.18533222980208e-07,0,0,0,0,0
"X","oct","weekday",11,501,1.69907484975676e-07,0,0,0,0,0
"X","oct","weekday",12,501,1.4278233365431e-07,0,0,0,0,0
"X","oct","weekday",13,501,1.55015155170806e-07,0,0,0,0,0
"X","oct","weekday",14,501,1.52421498227546e-07,0,0,0,0,0
"X","oct","weekday",15,501,2.91264463285805e-07,0,0,0,0,0
"X","oct","weekday",16,501,7.00795239195081e-07,0,2.10812959133567e-07,0,1.32612152545254e-06,0
"X","oct","weekday",17,501,4.62082082000524e-06,9.22743786908013e-07,5.66536231392096e-06,0,1.40096435032716e-05,0
"X","oct","weekday",18,501,1.48058747210599e-05,6.46300205099067e-06,2.36561845008016e-05,1.03561069734437e-06,4.14653279081271e-05,7.55463173490753e-09
"X","oct","weekday",19,501,3.20878453599751e-05,2.45802433898428e-05,5.05492488921329e-05,6.24533531854042e-06,7.67780506441974e-05,7.8748468622161e-07
"X","oct","weekday",20,501,5.36317043989872e-05,4.85488597473657e-05,7.93386548838225e-05,1.85317333451791e-05,0.000109302190355144,2.98001868255743e-06
"X","oct","weekday",21,501,7.90455297757601e-05,7.98571030297556e-05,0.00011392378633722,3.90519788572513e-05,0.00014393279303488,1.02829152837931e-05
"X","oct","weekday",22,501,0.000103971415792995,0.000106356975643019,0.000142214676541292,6.22240048569751e-05,0.000171695541126139,2.27145520682637e-05
"X","oct","weekday",23,501,0.000125632930073132,0.000127296934912061,0.000166437543677123,8.74305335203879e-05,0.000191691887826205,4.18840888488208e-05
"X","oct","weekday",24,501,0.000139486588230998,0.000142323341115948,0.00017410470069178,0.000109787891376669,0.000204148366388153,5.0595684421422e-05
"X","oct","weekday",25,501,0.000143960092872423,0.000147247843533835,0.00017848972595182,0.000113823966433995,0.00020721921593162,6.40072055723995e-05
"X","oct","weekday",26,501,0.000149494681570176,0.000153427141985112,0.000179647279180285,0.000120366032668572,0.000207380486127329,8.10780438505424e-05
"X","oct","weekday",27,501,0.000149540035167296,0.000151828246354844,0.000176126783335179,0.000121167277745026,0.000204181671283325,8.25069370066312e-05
"X","oct","weekday",28,501,0.000142434662160451,0.000144112825555799,0.000168534949769027,0.00011353798279803,0.000203600399759383,7.7521790618287e-05
"X","oct","weekday",29,501,0.000129925892993257,0.000131252280276929,0.000162513537668327,9.93128147180081e-05,0.000189079974038426,5.80435532132035e-05
"X","oct","weekday",30,501,0.000113547845610675,0.000115296695955009,0.000146943398794016,7.99706086539657e-05,0.000174449858807855,4.31254151999814e-05
"X","oct","weekday",31,501,9.36167369834553e-05,9.6043835528723e-05,0.000126524966590301,5.85585161222e-05,0.000157048995585904,2.37184582573072e-05
"X","oct","weekday",32,501,6.88276713700476e-05,6.90093776767102e-05,9.81650037169315e-05,3.42458839148353e-05,0.000124985598615237,1.17065336839357e-05
"X","oct","weekday",33,501,4.40303739764204e-05,3.95609102682554e-05,6.55711766556636e-05,1.26167688632514e-05,9.11588387723878e-05,3.15950431280181e-06
"X","oct","weekday",34,501,2.34393396641618e-05,1.64851711179716e-05,3.70021780856201e-05,4.22709703901612e-06,5.64485307871889e-05,5.47886057066827e-07
"X","oct","weekday",35,501,1.01247552965623e-05,3.48463290257798e-06,1.22261335634975e-05,3.29086472444871e-07,2.31302561958289e-05,0
"X","oct","weekday",36,501,3.80455628957507e-06,1.57868256121286e-07,2.18723385271094e-06,0,6.66076173720545e-06,0
"X","oct","weekday",37,501,1.70489310479954e-06,0,3.47117562505687e-08,0,6.62327927897896e-07,0
"X","oct","weekday",38,501,1.24386657586097e-06,0,0,0,0,0
"X","oct","weekday",39,501,1.07635434874657e-06,0,0,0,0,0
"X","oct","weekday",40,501,1.03385750202369e-06,0,0,0,0,0
"X","oct","weekday",41,501,9.64847311790726e-07,0,0,0,0,0
"X","oct","weekday",42,501,8.48473319967352e-07,0,0,0,0,0
"X","oct","weekday",43,501,7.6917610172909e-07,0,0,0,0,0
"X","oct","weekday",44,501,5.73379739787682e-07,0,0,0,0,0
"X","oct","weekday",45,501,6.43551672181441e-07,0,0,0,0,0
"X","oct","weekday",46,501,5.53360550647635e-07,0,0,0,0,0
"X","oct","weekday",47,501,6.21184790844098e-07,0,0,0,0,0
"X","oct","weekday",48,501,4.46879695927306e-07,0,0,0,0,0
"X","oct","weekend",1,501,2.95337378263402e-07,0,0,0,0,0
"X","oct","weekend",2,501,2.16936615913396e-07,0,0,0,0,0
"X","oct","weekend",3,501,1.46563114190865e-07,0,0,0,0,0
"X","oct","weekend",4,501,2.22093454911759e-07,0,0,0,0,0
"X","oct","weekend",5,501,1.67033347743601e-07,0,0,0,0,0
"X","oct","weekend",6,501,8.95657100703253e-08,0,0,0,0,0
"X","oct","weekend",7,501,2.20316733923196e-07,0,0,0,0,0
"X","oct","weekend",8,501,1.03449424179855e-07,0,0,0,0,0
"X","oct","weekend",9,501,1.54715740584287e-07,0,0,0,0,0
"X","oct","weekend",10,501,1.02433142290965e-07,0,0,0,0,0
"X","oct","weekend",11,501,2.41370736596446e-07,0,0,0,0,0
"X","oct","weekend",12,501,1.66425715540604e-07,0,0,0,0,0
"X","oct","weekend",13,501,9.70019416588852e-08,0,0,0,0,0
"X","oct","weekend",14,501,1.76326985583814e-07,0,0,0,0,0
"X","oct","weekend",15,501,2.21891447490742e-07,0,0,0,0,0
"X","oct","weekend",16,501,5.72601801244371e-07,0,1.19046842332293e-07,0,8.37921182738598e-07,0
"X","oct","weekend",17,501,3.46402589204737e-06,5.80092333071998e-07,3.28676868028608e-06,0,1.01478915034024e-05,0
"X","oct","weekend",18,501,1.0271450695997e-05,4.28322448564767e-06,1.35818405457021e-05,6.04255600470564e-07,2.57466707488826e-05,0
"X","oct","weekend",19,501,2.17199628392454e-05,1.4048878782481e-05,3.13911467771621e-05,4.07803391594766e-06,5.27721570183415e-05,5.38379551470935e-07
"X","oct","weekend",20,501,3.82554429259292e-05,3.12171309157016e-05,5.77320217513914e-05,1.16345945364536e-05,8.50859157412854e-05,3.61249704482493e-06
"X","oct","weekend",21,501,5.90381031502148e-05,5.29601931205798e-05,8.68378016711698e-05,2.49319147162991e-05,0.000117089893022637,6.68734610190703e-06
"X","oct","weekend",22,501,8.11546641477705e-05,7.67934128080886e-05,0.000115646338722083,4.03539887988551e-05,0.000153107089609299,1.40214048454706e-05
"X","oct","weekend",23,501,0.000107125845515357,0.000105140780496545,0.000146241107038361,6.14895965716396e-05,0.000182511207039668,2.46816614735825e-05
"X","oct","weekend",24,501,0.000126132745676395,0.000127206833360051,0.000169717296897753,7.88701042797466e-05,0.000200321341631063,3.52285026398427e-05
"X","oct","weekend",25,501,0.000136696393517188,0.000135953436035282,0.00017361585026667,9.48107507361867e-05,0.000209195400849498,5.35533521254792e-05
"X","oct","weekend",26,501,0.000136693789613562,0.000136503095639689,0.000176971804398898,9.44766323453694e-05,0.000206235600317375,5.67318308915603e-05
"X","oct","weekend",27,501,0.000138459289700357,0.000135945378612533,0.000175902530149194,9.91863346611361e-05,0.000214478338502414,5.46247802047109e-05
"X","oct","weekend",28,501,0.000128245122982819,0.000126863707949308,0.000160327167946627,9.06356654921475e-05,0.000198898241348236,5.29548302679398e-05
"X","oct","weekend",29,501,0.00011744040024743,0.000113945829156439,0.000153517894527642,7.96883938840057e-05,0.000188321735113128,4.38510469707375e-05
"X","oct","weekend",30,501,0.000103679728098053,9.98037156094395e-05,0.000136728820533944,6.64311783382198e-05,0.000173626457852946,3.53938374928539e-05
"X","oct","weekend",31,501,8.39253724209314e-05,8.0157189853509e-05,0.000116445365588925,4.52508900527068e-05,0.000145424168726814,1.76959786398428e-05
"X","oct","weekend",32,501,6.20940650356011e-05,5.52069331892453e-05,9.0426468603892e-05,2.63790173212698e-05,0.000118189252581084,7.77675023773525e-06
"X","oct","weekend",33,501,4.02369821754901e-05,3.40149306713498e-05,5.61975649574047e-05,1.13986285475741e-05,8.93880467733143e-05,2.20892226053492e-06
"X","oct","weekend",34,501,2.18164559341522e-05,1.24291219820833e-05,3.30269662240061e-05,2.6516436247978e-06,5.70556191900084e-05,1.58667318567407e-07
"X","oct","weekend",35,501,9.72840862538989e-06,2.13201298931591e-06,1.17529757553046e-05,7.52612456719457e-08,2.57065471899638e-05,0
"X","oct","weekend",36,501,3.38674353928128e-06,8.49263868312005e-08,1.80298081293879e-06,0,6.06741631827849e-06,0
"X","oct","weekend",37,501,1.26296640558227e-06,0,0,0,5.51774804609342e-07,0
"X","oct","weekend",38,501,8.35468894373091e-07,0,0,0,0,0
"X","oct","weekend",39,501,8.15338710086846e-07,0,0,0,0,0
"X","oct","weekend",40,501,7.58699975401926e-07,0,0,0,0,0
"X","oct","weekend",41,501,8.41467757283221e-07,0,0,0,0,0
"X","oct","weekend",42,501,5.89141651596841e-07,0,0,0,0,0
"X","oct","weekend",43,501,5.78223345571164e-07,0,0,0,0,0
"X","oct","weekend",44,501,3.90314829431262e-07,0,0,0,0,0
"X","oct","weekend",45,501,3.92556517259142e-07,0,0,0,0,0
"X","oct","weekend",46,501,3.94725113884953e-07,0,0,0,0,0
"X","oct","weekend",47,501,4.75717942919178e-07,0,0,0,0,0
"X","oct","weekend",48,501,4.32065412898407e-07,0,0,0,0,0
"X","sep","weekday",1,501,7.5628329660169e-07,0,0,0,0,0
"X","sep","weekday",2,501,4.87086211661481e-07,0,0,0,0,0
"X","sep","weekday",3,501,4.47183457172743e-07,0,0,0,0,0
"X","sep","weekday",4,501,4.19092191524044e-07,0,0,0,0,0
"X","sep","weekday",5,501,3.33790736437078e-07,0,0,0,0,0
"X","sep","weekday",6,501,2.78187954053892e-07,0,0,0,0,0
"X","sep","weekday",7,501,1.48106698489172e-07,0,0,0,0,0
"X","sep","weekday",8,501,1.23950311490455e-07,0,0,0,0,0
"X","sep","weekday",9,501,1.522032906023e-07,0,0,0,0,0
"X","sep","weekday",10,501,1.11139603979523e-07,0,0,0,0,0
"X","sep","weekday",11,501,1.46567572005203e-07,0,0,0,0,0
"X","sep","weekday",12,501,1.58142760825756e-07,0,0,0,0,0
"X","sep","weekday",13,501,2.01568148587779e-07,0,0,0,0,0
"X","sep","weekday",14,501,2.14283837183151e-07,0,0,0,6.32489687309926e-08,0
"X","sep","weekday",15,501,1.58629292099619e-06,8.39499894830348e-08,9.55362211836869e-07,0,3.34443096066804e-06,0
"X","sep","weekday",16,501,8.16512231813079e-06,2.49763526426857e-06,1.10209195195602e-05,1.92997792999616e-07,2.51827667684406e-05,0
"X","sep","weekday",17,501,2.22659623472658e-05,1.21716402415131e-05,3.41605790905286e-05,2.32438599856996e-06,5.600276827393e-05,2.36445233815528e-07
"X","sep","weekday",18,501,4.30187567229224e-05,3.29665272095207e-05,6.79916697643974e-05,1.12231386590585e-05,9.3560959326344e-05,1.77159959589277e-06
"X","sep","weekday",19,501,6.92844414369041e-05,6.51830336944905e-05,0.00010343840652465,2.50918600593675e-05,0.000137355031762144,7.75998797261267e-06
"X","sep","weekday",20,501,0.000100352972093275,9.67793960786463e-05,0.000143741400821011,4.89626222014081e-05,0.000185029996985966,1.51332122783598e-05
"X","sep","weekday",21,501,0.000132660878987434,0.000138589022753564,0.000181353365720695,8.33025006921858e-05,0.000223438975573316,3.42248799051331e-05
"X","sep","weekday",22,501,0.000163137160297239,0.000171597593767862,0.000211177097585676,0.000115532031394732,0.00025045847264225,5.60069272608204e-05
"X","sep","weekday",23,501,0.000190581122427876,0.000196885323893786,0.000235695749344969,0.000153385580565491,0.000272284367449997,8.70812162898574e-05
"X","sep","weekday",24,501,0.000210021705687991,0.000217138208749082,0.000248993058210878,0.000175273979962541,0.000285570820800655,0.000119125662022373
"X","sep","weekday",25,501,0.000221262012335296,0.000223574970385535,0.000255717044682437,0.000193929807825861,0.000285658520436208,0.000145359266720349
"X","sep","weekday",26,501,0.000228962800002604,0.000231026142453718,0.000258149315340725,0.000204720342492417,0.000294141397088677,0.000160274477496127
"X","sep","weekday",27,501,0.000231231875027948,0.000232375751980417,0.000258167122401234,0.000206426056774704,0.000286233291995956,0.0001721033107627
"X","sep","weekday",28,501,0.000233062024051486,0.000234677154155991,0.000263632833111196,0.000206590787592584,0.000301139965949048,0.000164924193195412
"X","sep","weekday",29,501,0.000224351129492318,0.000225764256876118,0.000258450200023901,0.000190397150691254,0.000295050912143089,0.00015122248914402
"X","sep","weekday",30,501,0.000206878147202905,0.000205980997874905,0.000243046208581658,0.000169984995993848,0.000285321777404273,0.000119685470351479
"X","sep","weekday",31,501,0.000182623231626465,0.000185786252528829,0.000223641929883073,0.000144101312506355,0.000267741509747672,8.35493123778213e-05
"X","sep","weekday",32,501,0.000153807174851514,0.000157673148457638,0.000198553751743478,0.000112327256395962,0.000233176632811496,5.13288638255538e-05
"X","sep","weekday",33,501,0.000120326078811283,0.000123860481343504,0.000163039479264566,6.66968782090772e-05,0.000201228457412278,2.65854710005183e-05
"X","sep","weekday",34,501,8.6178695629012e-05,7.98483115513123e-05,0.000125007843154828,3.15125436731028e-05,0.000167136384401225,8.24748518893103e-06
"X","sep","weekday",35,501,5.49238326013488e-05,4.02695976404889e-05,8.16212824201753e-05,1.05137986094734e-05,0.000125447720306279,2.56741773205251e-06
"X","sep","weekday",36,501,2.85143023538579e-05,1.44767855337394e-05,4.19131389401147e-05,2.55733133361542e-06,7.44740562170146e-05,1.08271942825291e-07
"X","sep","weekday",37,501,1.12993238793199e-05,2.37373349144955e-06,1.3594207216452e-05,1.21525513360042e-07,3.08205190463456e-05,0
"X","sep","weekday",38,501,3.68518462613165e-06,6.70241654120775e-08,1.91582272044799e-06,0,7.0949558044777e-06,0
"X","sep","weekday",39,501,1.96186872880492e-06,0,1.99299627164228e-08,0,4.51400752086729e-07,0
"X","sep","weekday",40,501,1.75088391821261e-06,0,0,0,0,0
"X","sep","weekday",41,501,1.64201232652114e-06,0,0,0,0,0
"X","sep","weekday",42,501,1.37920794500127e-06,0,0,0,0,0
"X","sep","weekday",43,501,1.26469152602814e-06,0,0,0,0,0
"X","sep","weekday",44,501,9.93649842687577e-07,0,0,0,0,0
"X","sep","weekday",45,501,8.94261252898411e-07,0,0,0,0,0
"X","sep","weekday",46,501,8.27304029219324e-07,0,0,0,0,0
"X","sep","weekday",47,501,9.89317841892053e-07,0,0,0,0,0
"X","sep","weekday",48,501,7.53389192161809e-07,0,0,0,0,0
"X","sep","weekend",1,501,6.55819098791495e-07,0,0,0,0,0
"X","sep","weekend",2,501,5.58079372467919e-07,0,0,0,0,0
"X","sep","weekend",3,501,4.3522324742337e-07,0,0,0,0,0
"X","sep","weekend",4,501,4.72542583805077e-07,0,0,0,0,0
"X","sep","weekend",5,501,2.71236250542165e-07,0,0,0,0,0
"X","sep","weekend",6,501,1.44989833095646e-07,0,0,0,0,0
"X","sep","weekend",7,501,2.52823556227949e-07,0,0,0,0,0
"X","sep","weekend",8,501,2.72281273881528e-07,0,0,0,0,0
"X","sep","weekend",9,501,1.79948850309661e-07,0,0,0,0,0
"X","sep","weekend",10,501,1.60671454156167e-07,0,0,0,0,0
"X","sep","weekend",11,501,1.5522940093276e-07,0,0,0,0,0
"X","sep","weekend",12,501,2.05852006648275e-07,0,0,0,0,0
"X","sep","weekend",13,501,1.85625198386242e-07,0,0,0,0,0
"X","sep","weekend",14,501,2.06450099324763e-07,0,0,0,7.24743739184536e-08,0
"X","sep","weekend",15,501,1.5019754413356e-06,5.61810340398785e-08,1.21154446455268e-06,0,3.49330712585367e-06,0
"X","sep","weekend",16,501,6.88047969882707e-06,2.81677434593519e-06,8.54255869634954e-06,2.34969657563864e-07,1.87600166216055e-05,0
"X","sep","weekend",17,501,1.92113757466295e-05,1.25045232877862e-05,2.69457044304668e-05,2.93499299696549e-06,4.79683322911003e-05,2.03255929859457e-07
"X","sep","weekend",18,501,3.73835402711824e-05,2.9278997845241e-05,5.38319289453871e-05,1.07893253854095e-05,8.51522037310691e-05,1.11185208970433e-06
"X","sep","weekend",19,501,5.95080150108681e-05,5.08530922397893e-05,8.54651323655858e-05,2.42821256062474e-05,0.000122193638347035,5.60728106492233e-06
"X","sep","weekend",20,501,8.68837302915346e-05,8.68176412389859e-05,0.000116889940629869,4.61496958519813e-05,0.000161063356709339,1.43480002298111e-05
"X","sep","weekend",21,501,0.000120404159305052,0.00012258793677055,0.000156040838748444,7.29733923749683e-05,0.000204061399591022,3.12323792410047e-05
"X","sep","weekend",22,501,0.000152690329907384,0.000152361939957844,0.000203927954441597,0.00010298973356156,0.000255961481360256,3.93074527859356e-05
"X","sep","weekend",23,501,0.000179773860957496,0.000179055931566772,0.000228870876717862,0.000128437903245549,0.00028684071684227,7.41286867450022e-05
"X","sep","weekend",24,501,0.000196553204498017,0.000195419850563123,0.000245852414736433,0.000147959311770966,0.00028822184001715,9.19853391632263e-05
"X","sep","weekend",25,501,0.000206844952202188,0.000206572897626586,0.000256544581734259,0.000159051772193888,0.000305634425638583,0.000103084285959172
"X","sep","weekend",26,501,0.000207067077260858,0.000207887076606616,0.000251574314160118,0.000165585636977938,0.000291985016948178,0.000120102714514996
"X","sep","weekend",27,501,0.000210601690988683,0.00021177114526747,0.000251591990598957,0.00016936064807566,0.000299094162583322,0.000132499166714072
"X","sep","weekend",28,501,0.000207858595654422,0.000210823213741209,0.000249161063631037,0.000168761175309422,0.000293393279365442,0.000123264580524391
"X","sep","weekend",29,501,0.000198259842304468,0.000199055620961588,0.000236438072644648,0.000160731986622922,0.000274073072020134,0.000121763724749672
"X","sep","weekend",30,501,0.000183046904635337,0.00018230365331885,0.000220094047175372,0.000142296338055692,0.000270402413831326,0.000101513270416618
"X","sep","weekend",31,501,0.00015858997808429,0.000158306302740304,0.000200870076004318,0.000114064783904059,0.000245147747805903,6.72573658236233e-05
"X","sep","weekend",32,501,0.000131757554638248,0.000128444558028718,0.000171532847063167,9.20188313385489e-05,0.000212234343650441,4.83219373936798e-05
"X","sep","weekend",33,501,0.000101699812188024,9.84207974353997e-05,0.00013799748876402,5.92339443664871e-05,0.000177716104933069,2.43342853320931e-05
"X","sep","weekend",34,501,7.50677025091481e-05,6.62280130147155e-05,0.000106424445478909,2.93796274378599e-05,0.000152895210075731,1.05555379163627e-05
"X","sep","weekend",35,501,4.72569662149186e-05,3.58310018519867e-05,6.71882047901074e-05,1.04910441492239e-05,0.000106303441964894,1.95844605497093e-06
"X","sep","weekend",36,501,2.56818730032717e-05,1.28673317215044e-05,3.69275022889686e-05,2.66815408925828e-06,6.3018610199481e-05,0
"X","sep","weekend",37,501,9.90222613089721e-06,2.07678501357699e-06,1.07054883638922e-05,0,2.42827124808837e-05,0
"X","sep","weekend",38,501,3.77890082371414e-06,0,1.38639407803295e-06,0,5.05246644663621e-06,0
"X","sep","weekend",39,501,2.35326945536104e-06,0,0,0,3.83228330553502e-07,0
"X","sep","weekend",40,501,1.93905407306382e-06,0,0,0,0,0
"X","sep","weekend",41,501,1.62078999081964e-06,0,0,0,0,0
"X","sep","weekend",42,501,1.40214946483208e-06,0,0,0,0,0
"X","sep","weekend",43,501,1.31870730290697e-06,0,0,0,0,0
"X","sep","weekend",44,501,1.1237481176239e-06,0,0,0,0,0
"X","sep","weekend",45,501,9.1901665993477e-07,0,0,0,0,0
"X","sep","weekend",46,501,9.65864206698534e-07,0,0,0,0,0
"X","sep","weekend",47,501,1.101312698117e-06,0,0,0,0,0
"X","sep","weekend",48,501,8.01690171475958e-07,0,0,0,0,0
